_id,length_3d,user,start_time,max_elevation,bounds,uphill,moving_time,end_time,max_speed,gpx,difficulty,min_elevation,url,downhill,name,length_2d
5afb229e8f80884aaad9c6f8,15515.559314306403,Felix,,1649.6,"{'min': {'type': 'Point', 'coordinates': [9.35704452735106, 47.32133486158322]}, 'max': {'type': 'Point', 'coordinates': [9.280971527968351, 47.28248841282953]}}",917.8110893750192,0.0,,0.0,"<?xml version=""1.0"" encoding=""UTF-8""?>
<gpx xmlns:xsi=""http://www.w3.org/2001/XMLSchema-instance"" xmlns=""http://www.topografix.com/GPX/1/1"" xsi:schemaLocation=""http://www.topografix.com/GPX/1/1 http://www.topografix.com/GPX/1/1/gpx.xsd"" version=""1.1"" creator=""MySchweizMobil - http://map.schweizmobil.ch/"">
<metadata>
<name>kronberg</name>
<author>
<link ></link></author>
<copyright ></copyright>
<link ></link>
<bounds minlat=""47.28248841282953"" maxlat=""47.32133486158322"" minlon=""9.280971527968351"" maxlon=""9.35704452735106""></bounds></metadata>
<trk>
<name>kronberg</name>
<link ></link>
<trkseg>
<trkpt lat=""47.313947666363944"" lon=""9.281284291621562"">
<ele>823.7</ele>
<link ></link></trkpt>
<trkpt lat=""47.313990512831815"" lon=""9.280971527968351"">
<ele>823.3000019678724</ele>
<link ></link></trkpt>
<trkpt lat=""47.314608512821"" lon=""9.283492527957439"">
<ele>824.4</ele>
<link ></link></trkpt>
<trkpt lat=""47.31546151281464"" lon=""9.285202527954139"">
<ele>824.0000025045706</ele>
<link ></link></trkpt>
<trkpt lat=""47.31537451281108"" lon=""9.285888527948751"">
<ele>825.9000138038401</ele>
<link ></link></trkpt>
<trkpt lat=""47.314919512807634"" lon=""9.286401527941043"">
<ele>832.6000414504344</ele>
<link ></link></trkpt>
<trkpt lat=""47.314802512804356"" lon=""9.287015527935853"">
<ele>841.1999028729267</ele>
<link ></link></trkpt>
<trkpt lat=""47.31457651280422"" lon=""9.286948527934161"">
<ele>851.8999165012079</ele>
<link ></link></trkpt>
<trkpt lat=""47.31479451279833"" lon=""9.28825752792752"">
<ele>867.2</ele>
<link ></link></trkpt>
<trkpt lat=""47.31414451279995"" lon=""9.287627527925565"">
<ele>880.3172754871339</ele>
<link ></link></trkpt>
<trkpt lat=""47.313539512800006"" lon=""9.287331527921816"">
<ele>885.8</ele>
<link ></link></trkpt>
<trkpt lat=""47.31276251279205"" lon=""9.288622527905895"">
<ele>904.300027581176</ele>
<link ></link></trkpt>
<trkpt lat=""47.311927512789666"" lon=""9.28872652789731"">
<ele>913.1000287339149</ele>
<link ></link></trkpt>
<trkpt lat=""47.31045051278082"" lon=""9.28986952787576"">
<ele>921.6</ele>
<link ></link></trkpt>
<trkpt lat=""47.31004451278198"" lon=""9.289450527874706"">
<ele>926.7642336948063</ele>
<link ></link></trkpt>
<trkpt lat=""47.30947251278576"" lon=""9.288401527876275"">
<ele>937.1000397079154</ele>
<link ></link></trkpt>
<trkpt lat=""47.30917651278471"" lon=""9.288484527872926"">
<ele>944.6000339388509</ele>
<link ></link></trkpt>
<trkpt lat=""47.30933051277882"" lon=""9.289767527865857"">
<ele>952.7999820755681</ele>
<link ></link></trkpt>
<trkpt lat=""47.309277512766094"" lon=""9.29237252784804"">
<ele>975.6000160952365</ele>
<link ></link></trkpt>
<trkpt lat=""47.30902451276212"" lon=""9.29307652784097"">
<ele>982.9000027498125</ele>
<link ></link></trkpt>
<trkpt lat=""47.309323512759796"" lon=""9.29369352783969"">
<ele>989.5999999034176</ele>
<link ></link></trkpt>
<trkpt lat=""47.30949451275197"" lon=""9.295392527830016"">
<ele>1002.5000257302523</ele>
<link ></link></trkpt>
<trkpt lat=""47.30924051274201"" lon=""9.297332527814712"">
<ele>1015.3000167057852</ele>
<link ></link></trkpt>
<trkpt lat=""47.309061512739895"" lon=""9.297689527810647"">
<ele>1017.5647731038264</ele>
<link ></link></trkpt>
<trkpt lat=""47.30825351273468"" lon=""9.298381527798416"">
<ele>1026.2999767189146</ele>
<link ></link></trkpt>
<trkpt lat=""47.30758551272425"" lon=""9.300233527779794"">
<ele>1046.5999704198575</ele>
<link ></link></trkpt>
<trkpt lat=""47.30712151272079"" lon=""9.300741527772033"">
<ele>1058.5580620559338</ele>
<link ></link></trkpt>
<trkpt lat=""47.30703451271895"" lon=""9.301079527768962"">
<ele>1063.2999702833845</ele>
<link ></link></trkpt>
<trkpt lat=""47.30676151271719"" lon=""9.301315527764814"">
<ele>1073.4014077915967</ele>
<link ></link></trkpt>
<trkpt lat=""47.30651851271691"" lon=""9.301258527762899"">
<ele>1081.0000666442581</ele>
<link ></link></trkpt>
<trkpt lat=""47.30610251271202"" lon=""9.302077527753525"">
<ele>1095.500139738599</ele>
<link ></link></trkpt>
<trkpt lat=""47.30581451271141"" lon=""9.302069527750858"">
<ele>1105.6998726100335</ele>
<link ></link></trkpt>
<trkpt lat=""47.30552151270853"" lon=""9.302536527744982"">
<ele>1116.3000888833246</ele>
<link ></link></trkpt>
<trkpt lat=""47.30458151269426"" lon=""9.305052527719377"">
<ele>1165.4999389322106</ele>
<link ></link></trkpt>
<trkpt lat=""47.304360512685065"" lon=""9.306843527705377"">
<ele>1196.300052710341</ele>
<link ></link></trkpt>
<trkpt lat=""47.30405551267973"" lon=""9.307809527696074"">
<ele>1206.0</ele>
<link ></link></trkpt>
<trkpt lat=""47.30240451268322"" lon=""9.306334527690298"">
<ele>1199.7999954428733</ele>
<link ></link></trkpt>
<trkpt lat=""47.3012545126831"" lon=""9.305829527682807"">
<ele>1198.5999972965856</ele>
<link ></link></trkpt>
<trkpt lat=""47.30027951268087"" lon=""9.305836527673554"">
<ele>1204.5999851144566</ele>
<link ></link></trkpt>
<trkpt lat=""47.29992551267588"" lon=""9.306709527664403"">
<ele>1211.9000270362656</ele>
<link ></link></trkpt>
<trkpt lat=""47.29919051267232"" lon=""9.30711152765479"">
<ele>1217.4000017674948</ele>
<link ></link></trkpt>
<trkpt lat=""47.298755512671754"" lon=""9.307018527651303"">
<ele>1217.787683436927</ele>
<link ></link></trkpt>
<trkpt lat=""47.29816751267291"" lon=""9.306508527649143"">
<ele>1215.0</ele>
<link ></link></trkpt>
<trkpt lat=""47.296739512669504"" lon=""9.306559527635326"">
<ele>1216.9999908652585</ele>
<link ></link></trkpt>
<trkpt lat=""47.29639751266684"" lon=""9.306950527629498"">
<ele>1217.7000028504</ele>
<link ></link></trkpt>
<trkpt lat=""47.29666451266912"" lon=""9.306602527634334"">
<ele>1219.5000306918978</ele>
<link ></link></trkpt>
<trkpt lat=""47.29561351266648"" lon=""9.306656527624053"">
<ele>1232.7541801746434</ele>
<link ></link></trkpt>
<trkpt lat=""47.29497551266669"" lon=""9.30632352762025"">
<ele>1245.9689876450861</ele>
<link ></link></trkpt>
<trkpt lat=""47.29396551266407"" lon=""9.306399527610212"">
<ele>1272.4998951628554</ele>
<link ></link></trkpt>
<trkpt lat=""47.29295951266559"" lon=""9.305617527605918"">
<ele>1303.3918165109822</ele>
<link ></link></trkpt>
<trkpt lat=""47.291964512668784"" lon=""9.304506527603913"">
<ele>1336.3999721359064</ele>
<link ></link></trkpt>
<trkpt lat=""47.29088651267759"" lon=""9.302184527609173"">
<ele>1370.879301386641</ele>
<link ></link></trkpt>
<trkpt lat=""47.29025651268509"" lon=""9.300342527615474"">
<ele>1394.1999752911408</ele>
<link ></link></trkpt>
<trkpt lat=""47.290171512685326"" lon=""9.30026152761521"">
<ele>1395.4967100526653</ele>
<link ></link></trkpt>
<trkpt lat=""47.29006851268348"" lon=""9.300596527612017"">
<ele>1407.3000568687971</ele>
<link ></link></trkpt>
<trkpt lat=""47.28953851268428"" lon=""9.300186527609739"">
<ele>1423.6</ele>
<link ></link></trkpt>
<trkpt lat=""47.28937451268241"" lon=""9.300498527606115"">
<ele>1432.1054312399906</ele>
<link ></link></trkpt>
<trkpt lat=""47.28882851267977"" lon=""9.300789527599026"">
<ele>1451.7001126104194</ele>
<link ></link></trkpt>
<trkpt lat=""47.289444512676155"" lon=""9.301822527597974"">
<ele>1487.9000324032734</ele>
<link ></link></trkpt>
<trkpt lat=""47.289654512671646"" lon=""9.302854527593096"">
<ele>1518.099082917863</ele>
<link ></link></trkpt>
<trkpt lat=""47.28966451266685"" lon=""9.303845527586603"">
<ele>1538.399935310747</ele>
<link ></link></trkpt>
<trkpt lat=""47.28936713110431"" lon=""9.30427680214852"">
<ele>1549.8</ele>
<link ></link></trkpt>
<trkpt lat=""47.28842151266369"" lon=""9.303925527574345"">
<ele>1551.100004151459</ele>
<link ></link></trkpt>
<trkpt lat=""47.288110512662485"" lon=""9.304033527570697"">
<ele>1551.4000014621333</ele>
<link ></link></trkpt>
<trkpt lat=""47.28761751265405"" lon=""9.305553527555938"">
<ele>1552.2000045291452</ele>
<link ></link></trkpt>
<trkpt lat=""47.28693851265032"" lon=""9.30599752754658"">
<ele>1557.5999893489698</ele>
<link ></link></trkpt>
<trkpt lat=""47.286255512648395"" lon=""9.30608752753954"">
<ele>1564.4999907383979</ele>
<link ></link></trkpt>
<trkpt lat=""47.286157512645666"" lon=""9.306615527535108"">
<ele>1566.3999965331927</ele>
<link ></link></trkpt>
<trkpt lat=""47.28644551264163"" lon=""9.307571527531469"">
<ele>1565.8000118966124</ele>
<link ></link></trkpt>
<trkpt lat=""47.286445512633456"" lon=""9.309262527520232"">
<ele>1571.9999999686834</ele>
<link ></link></trkpt>
<trkpt lat=""47.286293512623516"" lon=""9.311247527505598"">
<ele>1556.3000120961076</ele>
<link ></link></trkpt>
<trkpt lat=""47.2860785126212"" lon=""9.311629527501031"">
<ele>1548.1415385181083</ele>
<link ></link></trkpt>
<trkpt lat=""47.28593551261691"" lon=""9.312457527494182"">
<ele>1533.7000083910743</ele>
<link ></link></trkpt>
<trkpt lat=""47.28601751261505"" lon=""9.31287452749218"">
<ele>1515.9000995273511</ele>
<link ></link></trkpt>
<trkpt lat=""47.285466512613326"" lon=""9.312980527486284"">
<ele>1500.9999825852976</ele>
<link ></link></trkpt>
<trkpt lat=""47.28489451260779"" lon=""9.313859527475042"">
<ele>1489.3000331865683</ele>
<link ></link></trkpt>
<trkpt lat=""47.28435351259954"" lon=""9.31531552746026"">
<ele>1479.4000328208433</ele>
<link ></link></trkpt>
<trkpt lat=""47.28326051259056"" lon=""9.316661527440992"">
<ele>1492.5999937689983</ele>
<link ></link></trkpt>
<trkpt lat=""47.282944512590404"" lon=""9.316564527438661"">
<ele>1505.5002317969163</ele>
<link ></link></trkpt>
<trkpt lat=""47.2829535125885"" lon=""9.316944527436217"">
<ele>1520.5</ele>
<link ></link></trkpt>
<trkpt lat=""47.28248841282953"" lon=""9.317323926857583"">
<ele>1534.5</ele>
<link ></link></trkpt>
<trkpt lat=""47.28277051255814"" lon=""9.323143527393272"">
<ele>1500.0000333608368</ele>
<link ></link></trkpt>
<trkpt lat=""47.2829685125558"" lon=""9.323713527391348"">
<ele>1502.7000131205311</ele>
<link ></link></trkpt>
<trkpt lat=""47.28340751255503"" lon=""9.324077527393067"">
<ele>1512.2925286062807</ele>
<link ></link></trkpt>
<trkpt lat=""47.28376851255276"" lon=""9.324717527392211"">
<ele>1527.2</ele>
<link ></link></trkpt>
<trkpt lat=""47.28414451254584"" lon=""9.326304527385204"">
<ele>1549.6999754286092</ele>
<link ></link></trkpt>
<trkpt lat=""47.28495751254296"" lon=""9.327283527386353"">
<ele>1556.5000090496023</ele>
<link ></link></trkpt>
<trkpt lat=""47.285488512543985"" lon=""9.327321527391108"">
<ele>1558.1999886710853</ele>
<link ></link></trkpt>
<trkpt lat=""47.28752151254359"" lon=""9.328334527403541"">
<ele>1577.3390378771383</ele>
<link ></link></trkpt>
<trkpt lat=""47.287621512542785"" lon=""9.328554527403023"">
<ele>1579.6999548914969</ele>
<link ></link></trkpt>
<trkpt lat=""47.2879645125469"" lon=""9.327858527410886"">
<ele>1591.2</ele>
<link ></link></trkpt>
<trkpt lat=""47.28816151254755"" lon=""9.327816527413024"">
<ele>1598.8000263159786</ele>
<link ></link></trkpt>
<trkpt lat=""47.288411512546006"" lon=""9.328241527412555"">
<ele>1603.599997714484</ele>
<link ></link></trkpt>
<trkpt lat=""47.2901475125474"" lon=""9.328765527425443"">
<ele>1608.9999642324917</ele>
<link ></link></trkpt>
<trkpt lat=""47.29082251254535"" lon=""9.329483527427026"">
<ele>1621.3028822188467</ele>
<link ></link></trkpt>
<trkpt lat=""47.29089151254422"" lon=""9.329754527425875"">
<ele>1623.9</ele>
<link ></link></trkpt>
<trkpt lat=""47.29096151254728"" lon=""9.329150527430553"">
<ele>1637.900079551201</ele>
<link ></link></trkpt>
<trkpt lat=""47.29131307041642"" lon=""9.328970618507814"">
<ele>1649.6</ele>
<link ></link></trkpt>
<trkpt lat=""47.29286951252876"" lon=""9.333860527417208"">
<ele>1627.700039748445</ele>
<link ></link></trkpt>
<trkpt lat=""47.29347551251623"" lon=""9.336728527403835"">
<ele>1593.1000121581221</ele>
<link ></link></trkpt>
<trkpt lat=""47.294314512507036"" lon=""9.339016527396518"">
<ele>1572.1999602778526</ele>
<link ></link></trkpt>
<trkpt lat=""47.29483651250386"" lon=""9.339906527395517"">
<ele>1561.599988451703</ele>
<link ></link></trkpt>
<trkpt lat=""47.29540651249549"" lon=""9.341901527387611"">
<ele>1527.1998387690646</ele>
<link ></link></trkpt>
<trkpt lat=""47.29569751249475"" lon=""9.342188527388439"">
<ele>1517.623321775093</ele>
<link ></link></trkpt>
<trkpt lat=""47.29584851249219"" lon=""9.342781527385918"">
<ele>1506.0494052241913</ele>
<link ></link></trkpt>
<trkpt lat=""47.2959615124916"" lon=""9.342968527385741"">
<ele>1499.929083941702</ele>
<link ></link></trkpt>
<trkpt lat=""47.296027512492536"" lon=""9.342802527387466"">
<ele>1501.3773581971484</ele>
<link ></link></trkpt>
<trkpt lat=""47.296400512489114"" lon=""9.34367952738515"">
<ele>1476.5586023411445</ele>
<link ></link></trkpt>
<trkpt lat=""47.29651851248998"" lon=""9.343548527387131"">
<ele>1476.1325016673331</ele>
<link ></link></trkpt>
<trkpt lat=""47.2968355124884"" lon=""9.344019527386987"">
<ele>1460.3225967172827</ele>
<link ></link></trkpt>
<trkpt lat=""47.29691251248643"" lon=""9.344463527384752"">
<ele>1452.9707741893194</ele>
<link ></link></trkpt>
<trkpt lat=""47.297295512484666"" lon=""9.345010527384725"">
<ele>1441.4</ele>
<link ></link></trkpt>
<trkpt lat=""47.29753151247772"" lon=""9.346552527376687"">
<ele>1417.4000552186562</ele>
<link ></link></trkpt>
<trkpt lat=""47.2973725124742"" lon=""9.347204527370845"">
<ele>1407.048783900789</ele>
<link ></link></trkpt>
<trkpt lat=""47.29749451247264"" lon=""9.347579527369499"">
<ele>1401.8122009322767</ele>
<link ></link></trkpt>
<trkpt lat=""47.29740751247166"" lon=""9.34775352736752"">
<ele>1398.9000332954238</ele>
<link ></link></trkpt>
<trkpt lat=""47.29852151245218"" lon=""9.352285527347844"">
<ele>1369.800016956797</ele>
<link ></link></trkpt>
<trkpt lat=""47.2996228015932"" lon=""9.353719592749854"">
<ele>1354.9661089938686</ele>
<link ></link></trkpt>
<trkpt lat=""47.29987751244456"" lon=""9.354483527345993"">
<ele>1351.2976700491831</ele>
<link ></link></trkpt>
<trkpt lat=""47.30031451244427"" lon=""9.354744527348377"">
<ele>1345.9787409206506</ele>
<link ></link></trkpt>
<trkpt lat=""47.300825512440525"" lon=""9.355745527346526"">
<ele>1324.3999182874104</ele>
<link ></link></trkpt>
<trkpt lat=""47.30222451243735"" lon=""9.35704452735106"">
<ele>1282.8999720720897</ele>
<link ></link></trkpt>
<trkpt lat=""47.30192551244109"" lon=""9.356137527354285"">
<ele>1269.4000297299879</ele>
<link ></link></trkpt>
<trkpt lat=""47.30192851244411"" lon=""9.355507527358512"">
<ele>1255.9000522815325</ele>
<link ></link></trkpt>
<trkpt lat=""47.30223451244605"" lon=""9.355253527363093"">
<ele>1238.9000928958199</ele>
<link ></link></trkpt>
<trkpt lat=""47.302281512448474"" lon=""9.354770527366751"">
<ele>1232.3322600557694</ele>
<link ></link></trkpt>
<trkpt lat=""47.30258051245183"" lon=""9.354211527373296"">
<ele>1222.4999645614894</ele>
<link ></link></trkpt>
<trkpt lat=""47.30243451245568"" lon=""9.35335752737761"">
<ele>1206.6000503707198</ele>
<link ></link></trkpt>
<trkpt lat=""47.30318851245571"" lon=""9.35369452738248"">
<ele>1189.7000705199932</ele>
<link ></link></trkpt>
<trkpt lat=""47.303332512456734"" lon=""9.353542527384851"">
<ele>1174.6000670315993</ele>
<link ></link></trkpt>
<trkpt lat=""47.304672512471875"" lon=""9.351036527414179"">
<ele>1133.2999803322593</ele>
<link ></link></trkpt>
<trkpt lat=""47.30473551247278"" lon=""9.35088352741579"">
<ele>1131.1</ele>
<link ></link></trkpt>
<trkpt lat=""47.30451251247298"" lon=""9.350741527414634"">
<ele>1130.0999962752442</ele>
<link ></link></trkpt>
<trkpt lat=""47.30510751248067"" lon=""9.349416527429076"">
<ele>1122.1000303523103</ele>
<link ></link></trkpt>
<trkpt lat=""47.30556451248392"" lon=""9.348966527436387"">
<ele>1114.2000179651575</ele>
<link ></link></trkpt>
<trkpt lat=""47.306528512495696"" lon=""9.346972527458762"">
<ele>1095.2999604236036</ele>
<link ></link></trkpt>
<trkpt lat=""47.308963512518616"" lon=""9.343353527505846"">
<ele>1048.7</ele>
<link ></link></trkpt>
<trkpt lat=""47.30907151252498"" lon=""9.342090527515273"">
<ele>1038.1999231719362</ele>
<link ></link></trkpt>
<trkpt lat=""47.309478512533545"" lon=""9.340510527529634"">
<ele>1018.5999743303881</ele>
<link ></link></trkpt>
<trkpt lat=""47.3107245125481"" lon=""9.338075527557613"">
<ele>987.9000373989588</ele>
<link ></link></trkpt>
<trkpt lat=""47.3112445125577"" lon=""9.336329527574145"">
<ele>963.7614719165846</ele>
<link ></link></trkpt>
<trkpt lat=""47.311605512561904"" lon=""9.335626527582242"">
<ele>958.2999932967344</ele>
<link ></link></trkpt>
<trkpt lat=""47.31246351256985"" lon=""9.334378527598645"">
<ele>937.400061243497</ele>
<link ></link></trkpt>
<trkpt lat=""47.313200512574"" lon=""9.333864527609027"">
<ele>913.3999992090894</ele>
<link ></link></trkpt>
<trkpt lat=""47.3136825125791"" lon=""9.333026527619163"">
<ele>900.0000288391672</ele>
<link ></link></trkpt>
<trkpt lat=""47.3145365125813"" lon=""9.332969527627602"">
<ele>895.7668705104963</ele>
<link ></link></trkpt>
<trkpt lat=""47.31507151258385"" lon=""9.332683527634558"">
<ele>893.7</ele>
<link ></link></trkpt>
<trkpt lat=""47.315819512584866"" lon=""9.332813527640754"">
<ele>891.9000014643491</ele>
<link ></link></trkpt>
<trkpt lat=""47.315852512586545"" lon=""9.33248452764325"">
<ele>890.8999929295182</ele>
<link ></link></trkpt>
<trkpt lat=""47.316381512587725"" lon=""9.332480527648276"">
<ele>889.7531000966815</ele>
<link ></link></trkpt>
<trkpt lat=""47.317098512591045"" lon=""9.332129527657386"">
<ele>887.8000067061494</ele>
<link ></link></trkpt>
<trkpt lat=""47.317792512597485"" lon=""9.33112152767065"">
<ele>886.1101674079395</ele>
<link ></link></trkpt>
<trkpt lat=""47.318671512603515"" lon=""9.33027952768456"">
<ele>882.1999621375487</ele>
<link ></link></trkpt>
<trkpt lat=""47.31893993887817"" lon=""9.330254083261282"">
<ele>879.0</ele>
<link ></link></trkpt>
<trkpt lat=""47.319353008993254"" lon=""9.330850883592467"">
<ele>875.1</ele>
<link ></link></trkpt>
<trkpt lat=""47.320136712818886"" lon=""9.330243606260954"">
<ele>872.4</ele>
<link ></link></trkpt>
<trkpt lat=""47.3209727310696"" lon=""9.33028648907859"">
<ele>872.3</ele>
<link ></link></trkpt>
<trkpt lat=""47.32133486158322"" lon=""9.33179445629908"">
<ele>873.0</ele>
<link ></link></trkpt>
<trkpt lat=""47.32095474752101"" lon=""9.330285851227183"">
<ele>872.2</ele>
<link ></link></trkpt>
<trkpt lat=""47.320716512608165"" lon=""9.330261527703993"">
<ele>871.9000035730379</ele>
<link ></link></trkpt>
<trkpt lat=""47.31982251261379"" lon=""9.328683527706055"">
<ele>875.1</ele>
<link ></link></trkpt>
<trkpt lat=""47.3195755126113"" lon=""9.329086527701037"">
<ele>876.5000018915131</ele>
<link ></link></trkpt>
<trkpt lat=""47.31951206666727"" lon=""9.328832226721"">
<ele>876.6</ele>
<link ></link></trkpt>
<trkpt lat=""47.31958887513156"" lon=""9.329086332791592"">
<ele>876.2</ele>
<link ></link></trkpt>
<trkpt lat=""47.320085482580716"" lon=""9.328429161602903"">
<ele>873.5</ele>
<link ></link></trkpt>
<trkpt lat=""47.32010964130142"" lon=""9.328602018823336"">
<ele>873.1</ele>
<link ></link></trkpt></trkseg></trk></gpx>",T3 - Difficult Mountain hike,823.3000019678724,http://www.hikr.org/tour/post130808.html,868.4110893750192," Wanderland Appenzell, April 2018, 4|4: Kronberg",15515.559314306403
5afb22a28f80884aaad9c721,14010.842208132286,Felix,,1495.2,"{'min': {'type': 'Point', 'coordinates': [9.533365526032787, 47.32110351194615]}, 'max': {'type': 'Point', 'coordinates': [9.430014527040031, 47.28716651155268]}}",1120.5215314200796,0.0,,0.0,"<?xml version=""1.0"" encoding=""UTF-8""?>
<gpx xmlns:xsi=""http://www.w3.org/2001/XMLSchema-instance"" xmlns=""http://www.topografix.com/GPX/1/1"" xsi:schemaLocation=""http://www.topografix.com/GPX/1/1 http://www.topografix.com/GPX/1/1/gpx.xsd"" version=""1.1"" creator=""MySchweizMobil - http://map.schweizmobil.ch/"">
<metadata>
<name>fähnerenspitz</name>
<author>
<link ></link></author>
<copyright ></copyright>
<link ></link>
<bounds minlat=""47.28716651155268"" maxlat=""47.32117751194799"" minlon=""9.430014527040031"" maxlon=""9.533365526032787""></bounds></metadata>
<trk>
<name>fähnerenspitz</name>
<link ></link>
<trkseg>
<trkpt lat=""47.28716651155268"" lon=""9.533104526032872"">
<ele>425.7</ele>
<link ></link></trkpt>
<trkpt lat=""47.28734351155183"" lon=""9.533365526032787"">
<ele>429.19994904361823</ele>
<link ></link></trkpt>
<trkpt lat=""47.28761651155574"" lon=""9.532680526039941"">
<ele>436.69998505201784</ele>
<link ></link></trkpt>
<trkpt lat=""47.28731451155779"" lon=""9.532114526040898"">
<ele>443.4</ele>
<link ></link></trkpt>
<trkpt lat=""47.28776151155992"" lon=""9.531877526046683"">
<ele>448.80004066280554</ele>
<link ></link></trkpt>
<trkpt lat=""47.287618511561874"" lon=""9.53140752604849"">
<ele>453.8</ele>
<link ></link></trkpt>
<trkpt lat=""47.28889151156109"" lon=""9.532146526055497"">
<ele>465.3999595989582</ele>
<link ></link></trkpt>
<trkpt lat=""47.289023511563286"" lon=""9.53175652605935"">
<ele>471.1847661142185</ele>
<link ></link></trkpt>
<trkpt lat=""47.28960551156761"" lon=""9.531126526069036"">
<ele>488.1</ele>
<link ></link></trkpt>
<trkpt lat=""47.29023551156627"" lon=""9.531692526071161"">
<ele>496.5000196638716</ele>
<link ></link></trkpt>
<trkpt lat=""47.289868511572166"" lon=""9.530311526076973"">
<ele>508.8</ele>
<link ></link></trkpt>
<trkpt lat=""47.29073651157233"" lon=""9.530678526082667"">
<ele>517.499970772764</ele>
<link ></link></trkpt>
<trkpt lat=""47.29126451157517"" lon=""9.530331526089949"">
<ele>524.0999598356402</ele>
<link ></link></trkpt>
<trkpt lat=""47.2916985115829"" lon=""9.528924526103461"">
<ele>524.6999648093661</ele>
<link ></link></trkpt>
<trkpt lat=""47.291697511586385"" lon=""9.528208526108246"">
<ele>520.8000164011947</ele>
<link ></link></trkpt>
<trkpt lat=""47.292013511584756"" lon=""9.52867952610806"">
<ele>516.9999988899935</ele>
<link ></link></trkpt>
<trkpt lat=""47.29289951158946"" lon=""9.528126526120094"">
<ele>521.2000093631308</ele>
<link ></link></trkpt>
<trkpt lat=""47.29386051159108"" lon=""9.528225526128463"">
<ele>536.7000016294655</ele>
<link ></link></trkpt>
<trkpt lat=""47.294742511591195"" lon=""9.528595526134263"">
<ele>549.6415602213207</ele>
<link ></link></trkpt>
<trkpt lat=""47.29543851158984"" lon=""9.529198526136764"">
<ele>569.7000028325208</ele>
<link ></link></trkpt>
<trkpt lat=""47.29608351159082"" lon=""9.529287526142227"">
<ele>585.4000583541047</ele>
<link ></link></trkpt>
<trkpt lat=""47.294984511595636"" lon=""9.527791526141929"">
<ele>615.0999607397323</ele>
<link ></link></trkpt>
<trkpt lat=""47.2942485116033"" lon=""9.525861526147947"">
<ele>645.4999837799152</ele>
<link ></link></trkpt>
<trkpt lat=""47.295757511599305"" lon=""9.527384526151918"">
<ele>683.2000270185838</ele>
<link ></link></trkpt>
<trkpt lat=""47.29651451160086"" lon=""9.527408526158865"">
<ele>695.2999557548932</ele>
<link ></link></trkpt>
<trkpt lat=""47.297250511604304"" lon=""9.527031526168306"">
<ele>711.8000384595239</ele>
<link ></link></trkpt>
<trkpt lat=""47.29636551160441"" lon=""9.52660252616287"">
<ele>728.0999822359707</ele>
<link ></link></trkpt>
<trkpt lat=""47.29549251160728"" lon=""9.525608526161326"">
<ele>754.0999636307579</ele>
<link ></link></trkpt>
<trkpt lat=""47.29473251162702"" lon=""9.52118752618381"">
<ele>815.4</ele>
<link ></link></trkpt>
<trkpt lat=""47.295887511620265"" lon=""9.523112526181766"">
<ele>852.1999740471638</ele>
<link ></link></trkpt>
<trkpt lat=""47.29662251162311"" lon=""9.522846526190454"">
<ele>867.0000371684879</ele>
<link ></link></trkpt>
<trkpt lat=""47.29726151162196"" lon=""9.523384526192855"">
<ele>882.9</ele>
<link ></link></trkpt>
<trkpt lat=""47.29690351162654"" lon=""9.52227352619694"">
<ele>898.4999518932398</ele>
<link ></link></trkpt>
<trkpt lat=""47.296420511627765"" lon=""9.521797526195583"">
<ele>909.8</ele>
<link ></link></trkpt>
<trkpt lat=""47.29652451162876"" lon=""9.52163952619762"">
<ele>917.4</ele>
<link ></link></trkpt>
<trkpt lat=""47.297101511628824"" lon=""9.521887526201382"">
<ele>925.7000569812004</ele>
<link ></link></trkpt>
<trkpt lat=""47.29740851162719"" lon=""9.52236752620105"">
<ele>935.0</ele>
<link ></link></trkpt>
<trkpt lat=""47.29718451163127"" lon=""9.521424526205264"">
<ele>944.3000800620541</ele>
<link ></link></trkpt>
<trkpt lat=""47.296900511632415"" lon=""9.521061526205028"">
<ele>953.600002664148</ele>
<link ></link></trkpt>
<trkpt lat=""47.297650511631446"" lon=""9.521588526208545"">
<ele>963.9999600121722</ele>
<link ></link></trkpt>
<trkpt lat=""47.29683051163697"" lon=""9.520079526210958"">
<ele>989.5999524505338</ele>
<link ></link></trkpt>
<trkpt lat=""47.29687951164144"" lon=""9.519175526217477"">
<ele>1002.70007854236</ele>
<link ></link></trkpt>
<trkpt lat=""47.29641851164246"" lon=""9.518751526215983"">
<ele>1013.4000831121555</ele>
<link ></link></trkpt>
<trkpt lat=""47.296359511646685"" lon=""9.517850526221467"">
<ele>1026.3</ele>
<link ></link></trkpt>
<trkpt lat=""47.29746151164254"" lon=""9.519215526222677"">
<ele>1053.799977198772</ele>
<link ></link></trkpt>
<trkpt lat=""47.29819451164604"" lon=""9.518819526232221"">
<ele>1065.6002028899777</ele>
<link ></link></trkpt>
<trkpt lat=""47.2982335116477"" lon=""9.518492526234777"">
<ele>1075.5</ele>
<link ></link></trkpt>
<trkpt lat=""47.29767651164659"" lon=""9.518473526229672"">
<ele>1084.4000073636582</ele>
<link ></link></trkpt>
<trkpt lat=""47.297318511648044"" lon=""9.518014526229384"">
<ele>1094.7999652537585</ele>
<link ></link></trkpt>
<trkpt lat=""47.29745051166111"" lon=""9.515367526248355"">
<ele>1126.0</ele>
<link ></link></trkpt>
<trkpt lat=""47.29760608508971"" lon=""9.515424256889645"">
<ele>1132.4</ele>
<link ></link></trkpt>
<trkpt lat=""47.29761370332684"" lon=""9.515001319052859"">
<ele>1136.7</ele>
<link ></link></trkpt>
<trkpt lat=""47.29800951165962"" lon=""9.515932526249824"">
<ele>1146.899965498821</ele>
<link ></link></trkpt>
<trkpt lat=""47.29871951165723"" lon=""9.516751526251008"">
<ele>1161.8</ele>
<link ></link></trkpt>
<trkpt lat=""47.29846451166139"" lon=""9.515773526255169"">
<ele>1175.500025132942</ele>
<link ></link></trkpt>
<trkpt lat=""47.29869151167286"" lon=""9.513499526272538"">
<ele>1202.9000235476378</ele>
<link ></link></trkpt>
<trkpt lat=""47.299146511682075"" lon=""9.51180952628814"">
<ele>1224.86992172612</ele>
<link ></link></trkpt>
<trkpt lat=""47.29933251168932"" lon=""9.510392526299379"">
<ele>1244.4881557494168</ele>
<link ></link></trkpt>
<trkpt lat=""47.29990751169919"" lon=""9.508614526316693"">
<ele>1266.6973920855341</ele>
<link ></link></trkpt>
<trkpt lat=""47.3000535117046"" lon=""9.507563526325107"">
<ele>1282.7000480850465</ele>
<link ></link></trkpt>
<trkpt lat=""47.30030251170657"" lon=""9.507267526329434"">
<ele>1289.2552145251404</ele>
<link ></link></trkpt>
<trkpt lat=""47.30247951171693"" lon=""9.506120526357586"">
<ele>1322.5999920145662</ele>
<link ></link></trkpt>
<trkpt lat=""47.30276351172249"" lon=""9.50510052636709"">
<ele>1318.1000145361518</ele>
<link ></link></trkpt>
<trkpt lat=""47.30356051172942"" lon=""9.504031526381745"">
<ele>1306.8999931435224</ele>
<link ></link></trkpt>
<trkpt lat=""47.30419251173781"" lon=""9.502583526397391"">
<ele>1297.7999983567975</ele>
<link ></link></trkpt>
<trkpt lat=""47.30487351174312"" lon=""9.501797526409058"">
<ele>1295.3000160366046</ele>
<link ></link></trkpt>
<trkpt lat=""47.30550351174421"" lon=""9.50186052641456"">
<ele>1293.4</ele>
<link ></link></trkpt>
<trkpt lat=""47.30533251174557"" lon=""9.501509526415303"">
<ele>1291.1000128313979</ele>
<link ></link></trkpt>
<trkpt lat=""47.30569351175118"" lon=""9.500510526425392"">
<ele>1287.9000170700285</ele>
<link ></link></trkpt>
<trkpt lat=""47.30576751176177"" lon=""9.498346526440578"">
<ele>1285.000000525242</ele>
<link ></link></trkpt>
<trkpt lat=""47.306012511766866"" lon=""9.49740852644916"">
<ele>1285.9999945097966</ele>
<link ></link></trkpt>
<trkpt lat=""47.30550351177085"" lon=""9.496355526451424"">
<ele>1286.1000041786697</ele>
<link ></link></trkpt>
<trkpt lat=""47.30595151177198"" lon=""9.496326526455833"">
<ele>1286.6000014493707</ele>
<link ></link></trkpt>
<trkpt lat=""47.30631151177469"" lon=""9.495934526461847"">
<ele>1290.4000061925442</ele>
<link ></link></trkpt>
<trkpt lat=""47.30729951178674"" lon=""9.493890526484833"">
<ele>1315.0999610062029</ele>
<link ></link></trkpt>
<trkpt lat=""47.30694451180487"" lon=""9.489974526507712"">
<ele>1343.5000113910564</ele>
<link ></link></trkpt>
<trkpt lat=""47.307218511809296"" lon=""9.489179526515617"">
<ele>1348.899972934054</ele>
<link ></link></trkpt>
<trkpt lat=""47.30768051181279"" lon=""9.488675526523343"">
<ele>1339.9108115552547</ele>
<link ></link></trkpt>
<trkpt lat=""47.30799151181709"" lon=""9.487925526531285"">
<ele>1325.0259613527214</ele>
<link ></link></trkpt>
<trkpt lat=""47.30837451181866"" lon=""9.487780526535861"">
<ele>1322.4136134344376</ele>
<link ></link></trkpt>
<trkpt lat=""47.308426511820066"" lon=""9.487512526538143"">
<ele>1321.5337942123604</ele>
<link ></link></trkpt>
<trkpt lat=""47.310670511839966"" lon=""9.484424526579934"">
<ele>1361.4000764247503</ele>
<link ></link></trkpt>
<trkpt lat=""47.31174551184616"" lon=""9.4836255265954"">
<ele>1385.7000253622973</ele>
<link ></link></trkpt>
<trkpt lat=""47.3121655118472"" lon=""9.48361152659945"">
<ele>1400.400070561667</ele>
<link ></link></trkpt>
<trkpt lat=""47.31244251185013"" lon=""9.483132526605266"">
<ele>1416.772391182522</ele>
<link ></link></trkpt>
<trkpt lat=""47.31245851185184"" lon=""9.482788526607717"">
<ele>1425.2000933611978</ele>
<link ></link></trkpt>
<trkpt lat=""47.31319851185555"" lon=""9.4823525266176"">
<ele>1452.7999072692846</ele>
<link ></link></trkpt>
<trkpt lat=""47.31383251186347"" lon=""9.481005526632593"">
<ele>1489.3</ele>
<link ></link></trkpt>
<trkpt lat=""47.314280511865356"" lon=""9.48082652663801"">
<ele>1495.2</ele>
<link ></link></trkpt>
<trkpt lat=""47.31445968946334"" lon=""9.479578443192853"">
<ele>1478.6723409088954</ele>
<link ></link></trkpt>
<trkpt lat=""47.31459404005168"" lon=""9.47605114196929"">
<ele>1415.3</ele>
<link ></link></trkpt>
<trkpt lat=""47.31469154271712"" lon=""9.475115526905444"">
<ele>1390.1</ele>
<link ></link></trkpt>
<trkpt lat=""47.31501721231735"" lon=""9.474506141591482"">
<ele>1367.1</ele>
<link ></link></trkpt>
<trkpt lat=""47.314945511899914"" lon=""9.473980526690088"">
<ele>1352.5001368781984</ele>
<link ></link></trkpt>
<trkpt lat=""47.316082511903254"" lon=""9.473819526701872"">
<ele>1334.937787082646</ele>
<link ></link></trkpt>
<trkpt lat=""47.316537511903505"" lon=""9.473970526705147"">
<ele>1327.400046195241</ele>
<link ></link></trkpt>
<trkpt lat=""47.31692951190615"" lon=""9.473604526711288"">
<ele>1319.6000238401784</ele>
<link ></link></trkpt>
<trkpt lat=""47.31824451191001"" lon=""9.473408526724986"">
<ele>1283.2999347632417</ele>
<link ></link></trkpt>
<trkpt lat=""47.318555511913345"" lon=""9.472855526731617"">
<ele>1261.2000264916114</ele>
<link ></link></trkpt>
<trkpt lat=""47.319137511909865"" lon=""9.473843526730489"">
<ele>1245.998597256806</ele>
<link ></link></trkpt>
<trkpt lat=""47.31950551190915"" lon=""9.474156526731857"">
<ele>1240.7000561452069</ele>
<link ></link></trkpt>
<trkpt lat=""47.31958151191118"" lon=""9.473777526735105"">
<ele>1237.6223430083908</ele>
<link ></link></trkpt>
<trkpt lat=""47.31937851191878"" lon=""9.472112526744342"">
<ele>1223.3999571279962</ele>
<link ></link></trkpt>
<trkpt lat=""47.31884451192571"" lon=""9.470432526750553"">
<ele>1203.1000373733048</ele>
<link ></link></trkpt>
<trkpt lat=""47.3198955119318"" lon=""9.469649526765687"">
<ele>1182.89996546873</ele>
<link ></link></trkpt>
<trkpt lat=""47.31990551193704"" lon=""9.468576526772969"">
<ele>1173.8</ele>
<link ></link></trkpt>
<trkpt lat=""47.32110351194615"" lon=""9.467241526793188"">
<ele>1172.9000245219745</ele>
<link ></link></trkpt>
<trkpt lat=""47.32105551195347"" lon=""9.465705526803015"">
<ele>1178.1999810003886</ele>
<link ></link></trkpt>
<trkpt lat=""47.32086151195264"" lon=""9.465797526800575"">
<ele>1177.9999860968574</ele>
<link ></link></trkpt>
<trkpt lat=""47.320574511957275"" lon=""9.464699526805216"">
<ele>1170.7999332556421</ele>
<link ></link></trkpt>
<trkpt lat=""47.32007551195964"" lon=""9.46398252680531"">
<ele>1158.4000894308272</ele>
<link ></link></trkpt>
<trkpt lat=""47.31974751196512"" lon=""9.462693526810845"">
<ele>1135.3999883637043</ele>
<link ></link></trkpt>
<trkpt lat=""47.318726511971335"" lon=""9.460950526812892"">
<ele>1113.999987181325</ele>
<link ></link></trkpt>
<trkpt lat=""47.31885951197688"" lon=""9.45986052682143"">
<ele>1107.7</ele>
<link ></link></trkpt>
<trkpt lat=""47.318536511977584"" lon=""9.459571526820323"">
<ele>1099.8999401421381</ele>
<link ></link></trkpt>
<trkpt lat=""47.31788551199015"" lon=""9.456671526833592"">
<ele>1058.4999758822228</ele>
<link ></link></trkpt>
<trkpt lat=""47.317120511991995"" lon=""9.455944526831251"">
<ele>1043.999985451969</ele>
<link ></link></trkpt>
<trkpt lat=""47.317534512002844"" lon=""9.453880526848955"">
<ele>1031.1000064083714</ele>
<link ></link></trkpt>
<trkpt lat=""47.317539512007336"" lon=""9.452958526855166"">
<ele>1026.4999767864292</ele>
<link ></link></trkpt>
<trkpt lat=""47.3170155120044"" lon=""9.453322526847796"">
<ele>1018.6</ele>
<link ></link></trkpt>
<trkpt lat=""47.31634151200365"" lon=""9.453170526842465"">
<ele>1009.7000117171034</ele>
<link ></link></trkpt>
<trkpt lat=""47.31606951200465"" lon=""9.452836526842136"">
<ele>1004.4999906866701</ele>
<link ></link></trkpt>
<trkpt lat=""47.31633851201243"" lon=""9.451358526854557"">
<ele>997.0736345207235</ele>
<link ></link></trkpt>
<trkpt lat=""47.31656951201555"" lon=""9.450816526860358"">
<ele>992.9999971913909</ele>
<link ></link></trkpt>
<trkpt lat=""47.316477512032776"" lon=""9.447220526883537"">
<ele>959.6000288612826</ele>
<link ></link></trkpt>
<trkpt lat=""47.316844512036184"" lon=""9.446687526890562"">
<ele>954.8</ele>
<link ></link></trkpt>
<trkpt lat=""47.31653551203694"" lon=""9.446393526889617"">
<ele>950.4999967830815</ele>
<link ></link></trkpt>
<trkpt lat=""47.31652151203878"" lon=""9.44599752689213"">
<ele>946.3</ele>
<link ></link></trkpt>
<trkpt lat=""47.31676551204105"" lon=""9.445643526896799"">
<ele>941.1000327610831</ele>
<link ></link></trkpt>
<trkpt lat=""47.317882512044875"" lon=""9.445357526909236"">
<ele>925.00003928601</ele>
<link ></link></trkpt>
<trkpt lat=""47.31788951205088"" lon=""9.444125526917537"">
<ele>912.2000362699731</ele>
<link ></link></trkpt>
<trkpt lat=""47.317778512054694"" lon=""9.443283526922123"">
<ele>904.7000202742697</ele>
<link ></link></trkpt>
<trkpt lat=""47.31748751205662"" lon=""9.44275252692293"">
<ele>902.8000076450538</ele>
<link ></link></trkpt>
<trkpt lat=""47.31726751206906"" lon=""9.440079526938723"">
<ele>887.5000431663917</ele>
<link ></link></trkpt>
<trkpt lat=""47.31777051208458"" lon=""9.437096526963407"">
<ele>847.3000005869941</ele>
<link ></link></trkpt>
<trkpt lat=""47.31898651210337"" lon=""9.433770526997103"">
<ele>819.7000104275614</ele>
<link ></link></trkpt>
<trkpt lat=""47.32035551211399"" lon=""9.432204527020472"">
<ele>807.7</ele>
<link ></link></trkpt>
<trkpt lat=""47.32093251212371"" lon=""9.430459527037575"">
<ele>800.4000018753347</ele>
<link ></link></trkpt>
<trkpt lat=""47.32087751212575"" lon=""9.430014527040031"">
<ele>799.3000112373124</ele>
<link ></link></trkpt>
<trkpt lat=""47.32047256127134"" lon=""9.43027981410349"">
<ele>799.4</ele>
<link ></link></trkpt></trkseg></trk></gpx>",T2 - Mountain hike,425.7,http://www.hikr.org/tour/post130830.html,746.8215314200797,"Wanderland Appenzell, April 2018, 3|4: Fähnerenspitz",14010.842208132286
5afb22a48f80884aaad9c726,11385.31776399864,Felix,,1303.6999991238542,"{'min': {'type': 'Point', 'coordinates': [9.372812418038123, 47.344171512608874]}, 'max': {'type': 'Point', 'coordinates': [9.280555527972611, 47.31388720492952]}}",549.4192464125539,0.0,,0.0,"<?xml version=""1.0"" encoding=""UTF-8""?>
<gpx xmlns:xsi=""http://www.w3.org/2001/XMLSchema-instance"" xmlns=""http://www.topografix.com/GPX/1/1"" xsi:schemaLocation=""http://www.topografix.com/GPX/1/1 http://www.topografix.com/GPX/1/1/gpx.xsd"" version=""1.1"" creator=""MySchweizMobil - http://map.schweizmobil.ch/"">
<metadata>
<name>Hundwiler Höhi</name>
<author>
<link ></link></author>
<copyright ></copyright>
<link ></link>
<bounds minlat=""47.31388720492952"" maxlat=""47.344171512608874"" minlon=""9.280555527972611"" maxlon=""9.372812418038123""></bounds></metadata>
<trk>
<name>Hundwiler Höhi</name>
<link ></link>
<trkseg>
<trkpt lat=""47.313947824799484"" lon=""9.281274375236386"">
<ele>823.3</ele>
<link ></link></trkpt>
<trkpt lat=""47.31388720492952"" lon=""9.281126760747027"">
<ele>823.0620898544876</ele>
<link ></link></trkpt>
<trkpt lat=""47.31414851283417"" lon=""9.280555527972611"">
<ele>821.4999981992797</ele>
<link ></link></trkpt>
<trkpt lat=""47.315315512833386"" lon=""9.281263527978933"">
<ele>819.100003136688</ele>
<link ></link></trkpt>
<trkpt lat=""47.316030512830395"" lon=""9.282199527979472"">
<ele>823.2000070156812</ele>
<link ></link></trkpt>
<trkpt lat=""47.31690951283066"" lon=""9.28256052798538"">
<ele>832.6</ele>
<link ></link></trkpt>
<trkpt lat=""47.31697981529328"" lon=""9.282397821552983"">
<ele>834.5</ele>
<link ></link></trkpt>
<trkpt lat=""47.316753633967444"" lon=""9.281913728705662"">
<ele>834.0</ele>
<link ></link></trkpt>
<trkpt lat=""47.316618121227464"" lon=""9.28194873507167"">
<ele>833.3</ele>
<link ></link></trkpt>
<trkpt lat=""47.31687251283257"" lon=""9.282140527987826"">
<ele>835.0</ele>
<link ></link></trkpt>
<trkpt lat=""47.31724151282793"" lon=""9.283276527983762"">
<ele>832.9999974216404</ele>
<link ></link></trkpt>
<trkpt lat=""47.31740751282682"" lon=""9.283570527983379"">
<ele>832.7</ele>
<link ></link></trkpt>
<trkpt lat=""47.317538382805566"" lon=""9.283475533322374"">
<ele>831.9</ele>
<link ></link></trkpt>
<trkpt lat=""47.31731451282317"" lon=""9.284291527977704"">
<ele>828.2352421221958</ele>
<link ></link></trkpt>
<trkpt lat=""47.317308512819984"" lon=""9.28494252797332"">
<ele>824.6000031609931</ele>
<link ></link></trkpt>
<trkpt lat=""47.317542512808544"" lon=""9.287411527959113"">
<ele>814.4999909364541</ele>
<link ></link></trkpt>
<trkpt lat=""47.31785151280304"" lon=""9.28869252795352"">
<ele>815.2000135491984</ele>
<link ></link></trkpt>
<trkpt lat=""47.318647512799956"" lon=""9.289702527954327"">
<ele>818.4000070992047</ele>
<link ></link></trkpt>
<trkpt lat=""47.319798512799785"" lon=""9.290255527961525"">
<ele>821.1999969036997</ele>
<link ></link></trkpt>
<trkpt lat=""47.32033051279713"" lon=""9.291060527961207"">
<ele>823.1999969753468</ele>
<link ></link></trkpt>
<trkpt lat=""47.321054512796586"" lon=""9.291502527965111"">
<ele>825.5</ele>
<link ></link></trkpt>
<trkpt lat=""47.321474512792804"" lon=""9.29248152796257"">
<ele>826.9999991660694</ele>
<link ></link></trkpt>
<trkpt lat=""47.3215775127887"" lon=""9.293371527957623"">
<ele>826.800000948824</ele>
<link ></link></trkpt>
<trkpt lat=""47.321859512787526"" lon=""9.29374152795783"">
<ele>825.8000093431979</ele>
<link ></link></trkpt>
<trkpt lat=""47.32253151278564"" lon=""9.294439527959538"">
<ele>824.599997693864</ele>
<link ></link></trkpt>
<trkpt lat=""47.322992512787515"" lon=""9.294262527965074"">
<ele>823.7999839104452</ele>
<link ></link></trkpt>
<trkpt lat=""47.32343151278674"" lon=""9.294630527966778"">
<ele>821.5999995288486</ele>
<link ></link></trkpt>
<trkpt lat=""47.323684512782656"" lon=""9.295592527962768"">
<ele>815.0</ele>
<link ></link></trkpt>
<trkpt lat=""47.32439251278333"" lon=""9.295778527968226"">
<ele>808.5000201043566</ele>
<link ></link></trkpt>
<trkpt lat=""47.32444751278198"" lon=""9.296069527966807"">
<ele>809.7153317407782</ele>
<link ></link></trkpt>
<trkpt lat=""47.32466351278202"" lon=""9.296173527968161"">
<ele>811.1000379503639</ele>
<link ></link></trkpt>
<trkpt lat=""47.32413251277972"" lon=""9.296400527961632"">
<ele>819.3</ele>
<link ></link></trkpt>
<trkpt lat=""47.32462651277391"" lon=""9.297834527956763"">
<ele>834.8</ele>
<link ></link></trkpt>
<trkpt lat=""47.32489151276338"" lon=""9.300126527944022"">
<ele>863.5000829726692</ele>
<link ></link></trkpt>
<trkpt lat=""47.324663512763266"" lon=""9.300052527942354"">
<ele>868.0773806211348</ele>
<link ></link></trkpt>
<trkpt lat=""47.32434951276139"" lon=""9.300292527937792"">
<ele>875.3999316364401</ele>
<link ></link></trkpt>
<trkpt lat=""47.32436951275939"" lon=""9.300704527935238"">
<ele>881.6783957184716</ele>
<link ></link></trkpt>
<trkpt lat=""47.32409251275694"" lon=""9.301096527930008"">
<ele>890.0610948200962</ele>
<link ></link></trkpt>
<trkpt lat=""47.32401951275362"" lon=""9.301744527925013"">
<ele>901.500091250369</ele>
<link ></link></trkpt>
<trkpt lat=""47.32375651275154"" lon=""9.302054527920463"">
<ele>915.1000863813489</ele>
<link ></link></trkpt>
<trkpt lat=""47.324803512740935"" lon=""9.304721527912612"">
<ele>962.200058828686</ele>
<link ></link></trkpt>
<trkpt lat=""47.32524351274031"" lon=""9.305053527914565"">
<ele>967.1545953882205</ele>
<link ></link></trkpt>
<trkpt lat=""47.326348512735414"" lon=""9.306570527914912"">
<ele>997.600070583609</ele>
<link ></link></trkpt>
<trkpt lat=""47.32712751272981"" lon=""9.30808752791218"">
<ele>1018.0999877944067</ele>
<link ></link></trkpt>
<trkpt lat=""47.32749051272167"" lon=""9.309934527903318"">
<ele>1016.1000054360294</ele>
<link ></link></trkpt>
<trkpt lat=""47.32743551271414"" lon=""9.311464527892612"">
<ele>1011.9999996781803</ele>
<link ></link></trkpt>
<trkpt lat=""47.32760751270861"" lon=""9.312684527886114"">
<ele>1012.0999981073361</ele>
<link ></link></trkpt>
<trkpt lat=""47.32753351270049"" lon=""9.314328527874475"">
<ele>1016.8999736627343</ele>
<link ></link></trkpt>
<trkpt lat=""47.32713575161933"" lon=""9.315962498918504"">
<ele>1035.5</ele>
<link ></link></trkpt>
<trkpt lat=""47.327435512683024"" lon=""9.317895527849808"">
<ele>1054.7000224108792</ele>
<link ></link></trkpt>
<trkpt lat=""47.32832451267382"" lon=""9.320201527842862"">
<ele>1071.5999857562451</ele>
<link ></link></trkpt>
<trkpt lat=""47.32982551264657"" lon=""9.32650952781504"">
<ele>1082.800028502365</ele>
<link ></link></trkpt>
<trkpt lat=""47.330798467836885"" lon=""9.329126438080225"">
<ele>1111.3</ele>
<link ></link></trkpt>
<trkpt lat=""47.33133374894157"" lon=""9.328854275597832"">
<ele>1110.9</ele>
<link ></link></trkpt>
<trkpt lat=""47.33153340719493"" lon=""9.329298065327"">
<ele>1109.5</ele>
<link ></link></trkpt>
<trkpt lat=""47.33213951263651"" lon=""9.329663527815896"">
<ele>1105.7999645720065</ele>
<link ></link></trkpt>
<trkpt lat=""47.3332475126422"" lon=""9.328989527830862"">
<ele>1099.400009534122</ele>
<link ></link></trkpt>
<trkpt lat=""47.3338855126415"" lon=""9.329428527833965"">
<ele>1103.9387951314932</ele>
<link ></link></trkpt>
<trkpt lat=""47.334483512642436"" lon=""9.32951952783901"">
<ele>1108.3000271538172</ele>
<link ></link></trkpt>
<trkpt lat=""47.335994512646685"" lon=""9.32933152785454"">
<ele>1133.600035547453</ele>
<link ></link></trkpt>
<trkpt lat=""47.336653512644986"" lon=""9.329984527856416"">
<ele>1158.599965481252</ele>
<link ></link></trkpt>
<trkpt lat=""47.3366945126475"" lon=""9.329493527860077"">
<ele>1171.700247149039</ele>
<link ></link></trkpt>
<trkpt lat=""47.33701751264738"" lon=""9.329649527862088"">
<ele>1187.699839385417</ele>
<link ></link></trkpt>
<trkpt lat=""47.337055512649115"" lon=""9.329319527864648"">
<ele>1195.9598010922548</ele>
<link ></link></trkpt>
<trkpt lat=""47.33719151264905"" lon=""9.32938752786548"">
<ele>1197.5706937419757</ele>
<link ></link></trkpt>
<trkpt lat=""47.33727151265061"" lon=""9.329115527868048"">
<ele>1205.4999901379329</ele>
<link ></link></trkpt>
<trkpt lat=""47.33790551264854"" lon=""9.329828527869296"">
<ele>1229.3999014272479</ele>
<link ></link></trkpt>
<trkpt lat=""47.339486512647255"" lon=""9.3308255278776"">
<ele>1260.9999422698388</ele>
<link ></link></trkpt>
<trkpt lat=""47.340580512643285"" lon=""9.332144527879157"">
<ele>1291.800026386487</ele>
<link ></link></trkpt>
<trkpt lat=""47.34081288819823"" lon=""9.333465591707553"">
<ele>1300.9</ele>
<link ></link></trkpt>
<trkpt lat=""47.34081497324601"" lon=""9.332790628820433"">
<ele>1298.6</ele>
<link ></link></trkpt>
<trkpt lat=""47.340795339229636"" lon=""9.33343849595437"">
<ele>1300.4</ele>
<link ></link></trkpt>
<trkpt lat=""47.341603512632254"" lon=""9.334902527870453"">
<ele>1291.09999020319</ele>
<link ></link></trkpt>
<trkpt lat=""47.342047512626635"" lon=""9.336258527865612"">
<ele>1303.6999991238542</ele>
<link ></link></trkpt>
<trkpt lat=""47.34259551262317"" lon=""9.33722652786434"">
<ele>1298.3000657533803</ele>
<link ></link></trkpt>
<trkpt lat=""47.342651512620655"" lon=""9.33776952786125"">
<ele>1287.4000289103435</ele>
<link ></link></trkpt>
<trkpt lat=""47.34309551262084"" lon=""9.337939527864311"">
<ele>1272.499973363971</ele>
<link ></link></trkpt>
<trkpt lat=""47.343272512618455"" lon=""9.338510527862178"">
<ele>1258.7</ele>
<link ></link></trkpt>
<trkpt lat=""47.343618512621305"" lon=""9.338086527868278"">
<ele>1247.2143667442353</ele>
<link ></link></trkpt>
<trkpt lat=""47.34369951262095"" lon=""9.338198527868297"">
<ele>1246.2000959771779</ele>
<link ></link></trkpt>
<trkpt lat=""47.344171512608874"" lon=""9.340898527854758"">
<ele>1207.5</ele>
<link ></link></trkpt>
<trkpt lat=""47.34400951260765"" lon=""9.34107752785203"">
<ele>1200.7001415453751</ele>
<link ></link></trkpt>
<trkpt lat=""47.343667512608235"" lon=""9.340794527850683"">
<ele>1193.0996289324319</ele>
<link ></link></trkpt>
<trkpt lat=""47.34336151260679"" lon=""9.340953527846729"">
<ele>1187.041883722797</ele>
<link ></link></trkpt>
<trkpt lat=""47.34314051260716"" lon=""9.340777527845814"">
<ele>1181.499955964368</ele>
<link ></link></trkpt>
<trkpt lat=""47.34279551260237"" lon=""9.341614527836978"">
<ele>1170.9999732346487</ele>
<link ></link></trkpt>
<trkpt lat=""47.342938512598295"" lon=""9.342519527832305"">
<ele>1159.6072238682666</ele>
<link ></link></trkpt>
<trkpt lat=""47.342922512586654"" lon=""9.344913527816194"">
<ele>1130.099927603585</ele>
<link ></link></trkpt>
<trkpt lat=""47.34281851258479"" lon=""9.345252527812951"">
<ele>1125.8015404478992</ele>
<link ></link></trkpt>
<trkpt lat=""47.342215512580225"" lon=""9.345920527802797"">
<ele>1114.300014053663</ele>
<link ></link></trkpt>
<trkpt lat=""47.34211751257602"" lon=""9.346742527796389"">
<ele>1112.2162749960894</ele>
<link ></link></trkpt>
<trkpt lat=""47.34131519274816"" lon=""9.349380093773807"">
<ele>1119.9</ele>
<link ></link></trkpt>
<trkpt lat=""47.34156127585959"" lon=""9.350818431224406"">
<ele>1110.6</ele>
<link ></link></trkpt>
<trkpt lat=""47.34154251254673"" lon=""9.352515527752457"">
<ele>1096.999964982415</ele>
<link ></link></trkpt>
<trkpt lat=""47.341011512540646"" lon=""9.353534527740642"">
<ele>1091.8000110544037</ele>
<link ></link></trkpt>
<trkpt lat=""47.34096551253181"" lon=""9.355339527728171"">
<ele>1090.400004131085</ele>
<link ></link></trkpt>
<trkpt lat=""47.34069751252302"" lon=""9.357032527714352"">
<ele>1099.000052406901</ele>
<link ></link></trkpt>
<trkpt lat=""47.341193512506244"" lon=""9.360728527694384"">
<ele>1089.7000046199314</ele>
<link ></link></trkpt>
<trkpt lat=""47.34233351249008"" lon=""9.364595527679363"">
<ele>1102.6999982840778</ele>
<link ></link></trkpt>
<trkpt lat=""47.342550512483534"" lon=""9.366043527671755"">
<ele>1082.4998983248338</ele>
<link ></link></trkpt>
<trkpt lat=""47.34252851247757"" lon=""9.367257527663448"">
<ele>1065.3999968204741</ele>
<link ></link></trkpt>
<trkpt lat=""47.34269651247478"" lon=""9.367920527660608"">
<ele>1061.0999767599747</ele>
<link ></link></trkpt>
<trkpt lat=""47.342559845387356"" lon=""9.368657423769807"">
<ele>1057.1</ele>
<link ></link></trkpt>
<trkpt lat=""47.3421279453335"" lon=""9.369197720232064"">
<ele>1054.5</ele>
<link ></link></trkpt>
<trkpt lat=""47.342255512464725"" lon=""9.369786527643988"">
<ele>1054.5</ele>
<link ></link></trkpt>
<trkpt lat=""47.34188551245567"" lon=""9.371485527629153"">
<ele>1054.7</ele>
<link ></link></trkpt>
<trkpt lat=""47.3414115124517"" lon=""9.372088527620647"">
<ele>1062.636031105261</ele>
<link ></link></trkpt>
<trkpt lat=""47.3408775700161"" lon=""9.372408543465442"">
<ele>1077.86546219679</ele>
<link ></link></trkpt>
<trkpt lat=""47.34069985629609"" lon=""9.372812418038123"">
<ele>1085.3</ele>
<link ></link></trkpt>
<trkpt lat=""47.33939870538453"" lon=""9.371534281120308"">
<ele>1035.6</ele>
<link ></link></trkpt>
<trkpt lat=""47.33921041712079"" lon=""9.37095831626726"">
<ele>1015.6968467304214</ele>
<link ></link></trkpt>
<trkpt lat=""47.338901026929015"" lon=""9.370629445897489"">
<ele>999.4</ele>
<link ></link></trkpt>
<trkpt lat=""47.33841003179241"" lon=""9.37039988415069"">
<ele>983.5</ele>
<link ></link></trkpt>
<trkpt lat=""47.336929512444144"" lon=""9.371591527581632"">
<ele>961.199997619689</ele>
<link ></link></trkpt>
<trkpt lat=""47.337241512454376"" lon=""9.369623527597716"">
<ele>947.2999962452541</ele>
<link ></link></trkpt>
<trkpt lat=""47.336337512448225"" lon=""9.370477527583473"">
<ele>940.6999724014971</ele>
<link ></link></trkpt>
<trkpt lat=""47.33499251244413"" lon=""9.37070652756924"">
<ele>925.0999770965329</ele>
<link ></link></trkpt>
<trkpt lat=""47.33358151244178"" lon=""9.370538527557036"">
<ele>893.2999620153777</ele>
<link ></link></trkpt>
<trkpt lat=""47.33319451243804"" lon=""9.3711355275494"">
<ele>889.4999967234778</ele>
<link ></link></trkpt>
<trkpt lat=""47.33214451243301"" lon=""9.371690527535781"">
<ele>884.2</ele>
<link ></link></trkpt>
<trkpt lat=""47.332175512431654"" lon=""9.3719865275341"">
<ele>882.5000301226241</ele>
<link ></link></trkpt></trkseg></trk></gpx>",T2 - Mountain hike,808.5000201043566,http://www.hikr.org/tour/post130679.html,490.2192162899297,"Wanderland Appenzell, April 2018, 2|4: Hundwiler Höhi",11385.31776399864
5afb22a48f80884aaad9c73b,11810.17582263256,Felix,,1261.500048771477,"{'min': {'type': 'Point', 'coordinates': [9.281274996476816, 47.31919651298548]}, 'max': {'type': 'Point', 'coordinates': [9.17362978493621, 47.30202351319184]}}",579.8074162775911,0.0,,0.0,"<?xml version=""1.0"" encoding=""UTF-8""?>
<gpx xmlns:xsi=""http://www.w3.org/2001/XMLSchema-instance"" xmlns=""http://www.topografix.com/GPX/1/1"" xsi:schemaLocation=""http://www.topografix.com/GPX/1/1 http://www.topografix.com/GPX/1/1/gpx.xsd"" version=""1.1"" creator=""MySchweizMobil - http://map.schweizmobil.ch/"">
<metadata>
<name>hochhamm</name>
<author>
<link ></link></author>
<copyright ></copyright>
<link ></link>
<bounds minlat=""47.30202351319184"" maxlat=""47.31919651298548"" minlon=""9.17362978493621"" maxlon=""9.281274996476816""></bounds></metadata>
<trk>
<name>hochhamm</name>
<link ></link>
<trkseg>
<trkpt lat=""47.31861051336197"" lon=""9.173658528723934"">
<ele>699.3000096194847</ele>
<link ></link></trkpt>
<trkpt lat=""47.31799247879884"" lon=""9.17362978493621"">
<ele>701.0004727563839</ele>
<link ></link></trkpt>
<trkpt lat=""47.31771751335906"" lon=""9.17384652871423"">
<ele>702.3000100657193</ele>
<link ></link></trkpt>
<trkpt lat=""47.317641513354836"" lon=""9.174682528707976"">
<ele>705.7000374278864</ele>
<link ></link></trkpt>
<trkpt lat=""47.31678051334441"" lon=""9.176434528688219"">
<ele>717.7999880654761</ele>
<link ></link></trkpt>
<trkpt lat=""47.31688351334262"" lon=""9.176859528686382"">
<ele>719.5984038688777</ele>
<link ></link></trkpt>
<trkpt lat=""47.317221513341444"" lon=""9.177254528686968"">
<ele>722.1999850288499</ele>
<link ></link></trkpt>
<trkpt lat=""47.317131513340144"" lon=""9.177484528684595"">
<ele>724.599988951025</ele>
<link ></link></trkpt>
<trkpt lat=""47.31468251331964"" lon=""9.180580528640897"">
<ele>736.1999686483847</ele>
<link ></link></trkpt>
<trkpt lat=""47.31389651330816"" lon=""9.182591528620138"">
<ele>733.8999352545876</ele>
<link ></link></trkpt>
<trkpt lat=""47.31381351330537"" lon=""9.18312252861583"">
<ele>744.1999219017373</ele>
<link ></link></trkpt>
<trkpt lat=""47.31410151329748"" lon=""9.184887528606868"">
<ele>756.0999829463453</ele>
<link ></link></trkpt>
<trkpt lat=""47.313632513284674"" lon=""9.187313528586364"">
<ele>766.8</ele>
<link ></link></trkpt>
<trkpt lat=""47.313213513284424"" lon=""9.187167528583364"">
<ele>765.3266028075487</ele>
<link ></link></trkpt>
<trkpt lat=""47.312836513282875"" lon=""9.187321528578776"">
<ele>762.1000306824509</ele>
<link ></link></trkpt>
<trkpt lat=""47.31229551328591"" lon=""9.186434528579527"">
<ele>762.9</ele>
<link ></link></trkpt>
<trkpt lat=""47.311242513271615"" lon=""9.188896528553249"">
<ele>803.400061571975</ele>
<link ></link></trkpt>
<trkpt lat=""47.3113775132678"" lon=""9.189750528548872"">
<ele>816.2999805239856</ele>
<link ></link></trkpt>
<trkpt lat=""47.311040513262554"" lon=""9.19067652853955"">
<ele>824.1999540340508</ele>
<link ></link></trkpt>
<trkpt lat=""47.30955651325031"" lon=""9.192521528513284"">
<ele>828.6000244966789</ele>
<link ></link></trkpt>
<trkpt lat=""47.30862451325004"" lon=""9.19214152850698"">
<ele>834.599975716817</ele>
<link ></link></trkpt>
<trkpt lat=""47.30858451324163"" lon=""9.193865528495177"">
<ele>830.9000169304385</ele>
<link ></link></trkpt>
<trkpt lat=""47.307508513231404"" lon=""9.195481528474293"">
<ele>841.8000048641484</ele>
<link ></link></trkpt>
<trkpt lat=""47.30548451322899"" lon=""9.195042528458046"">
<ele>854.6</ele>
<link ></link></trkpt>
<trkpt lat=""47.306207513223484"" lon=""9.19650952845517"">
<ele>867.3</ele>
<link ></link></trkpt>
<trkpt lat=""47.30549051322156"" lon=""9.196579528447925"">
<ele>880.3000369537549</ele>
<link ></link></trkpt>
<trkpt lat=""47.30524551320809"" lon=""9.199251528427899"">
<ele>917.3999528449059</ele>
<link ></link></trkpt>
<trkpt lat=""47.3042295131953"" lon=""9.201422528403908"">
<ele>939.2999597215951</ele>
<link ></link></trkpt>
<trkpt lat=""47.304151513189886"" lon=""9.202497528396044"">
<ele>947.0000423516902</ele>
<link ></link></trkpt>
<trkpt lat=""47.303547513189336"" lon=""9.20233352839142"">
<ele>953.8999882330509</ele>
<link ></link></trkpt>
<trkpt lat=""47.30235451319417"" lon=""9.200778528390432"">
<ele>971.0000711929924</ele>
<link ></link></trkpt>
<trkpt lat=""47.30214451319373"" lon=""9.200782528388421"">
<ele>974.2999395348043</ele>
<link ></link></trkpt>
<trkpt lat=""47.30202351319184"" lon=""9.201113528385084"">
<ele>977.8999862271687</ele>
<link ></link></trkpt>
<trkpt lat=""47.302054513183485"" lon=""9.202845528373901"">
<ele>990.0999927689716</ele>
<link ></link></trkpt>
<trkpt lat=""47.30240351318008"" lon=""9.203710528371474"">
<ele>997.8</ele>
<link ></link></trkpt>
<trkpt lat=""47.30223951317463"" lon=""9.204766528362928"">
<ele>1007.9000186259619</ele>
<link ></link></trkpt>
<trkpt lat=""47.3031015131685"" lon=""9.206422528360108"">
<ele>1031.300040361096</ele>
<link ></link></trkpt>
<trkpt lat=""47.30317251316526"" lon=""9.207124528356129"">
<ele>1039.1000153897733</ele>
<link ></link></trkpt>
<trkpt lat=""47.30399151316179"" lon=""9.20822452835659"">
<ele>1045.0328441727065</ele>
<link ></link></trkpt>
<trkpt lat=""47.30484151315575"" lon=""9.20986652835375"">
<ele>1054.9999927447973</ele>
<link ></link></trkpt>
<trkpt lat=""47.30585851314253"" lon=""9.213058528342208"">
<ele>1025.423807689921</ele>
<link ></link></trkpt>
<trkpt lat=""47.305990513138774"" lon=""9.213905528337849"">
<ele>1022.4</ele>
<link ></link></trkpt>
<trkpt lat=""47.30732851313309"" lon=""9.21568552833871"">
<ele>1043.299972213095</ele>
<link ></link></trkpt>
<trkpt lat=""47.3076685131331"" lon=""9.215845528340862"">
<ele>1051.2</ele>
<link ></link></trkpt>
<trkpt lat=""47.307654513128696"" lon=""9.216742528334779"">
<ele>1060.4000386283074</ele>
<link ></link></trkpt>
<trkpt lat=""47.30812051312072"" lon=""9.218610528326801"">
<ele>1080.8000242270211</ele>
<link ></link></trkpt>
<trkpt lat=""47.308984513111625"" lon=""9.220891528319846"">
<ele>1089.599997355915</ele>
<link ></link></trkpt>
<trkpt lat=""47.3090385131064"" lon=""9.221987528313093"">
<ele>1092.099988612542</ele>
<link ></link></trkpt>
<trkpt lat=""47.30953551310005"" lon=""9.223523528307604"">
<ele>1107.6000826432864</ele>
<link ></link></trkpt>
<trkpt lat=""47.30973951308791"" lon=""9.226132528292238"">
<ele>1124.241661069411</ele>
<link ></link></trkpt>
<trkpt lat=""47.30968651308318"" lon=""9.227085528285414"">
<ele>1125.4999917264868</ele>
<link ></link></trkpt>
<trkpt lat=""47.30989751307961"" lon=""9.2279165282819"">
<ele>1124.3999888734372</ele>
<link ></link></trkpt>
<trkpt lat=""47.3107935130701"" lon=""9.230297528274585"">
<ele>1137.834112969479</ele>
<link ></link></trkpt>
<trkpt lat=""47.31186151306173"" lon=""9.232514528269977"">
<ele>1148.3999934789006</ele>
<link ></link></trkpt>
<trkpt lat=""47.312864513045255"" lon=""9.236379528253828"">
<ele>1158.3000069883794</ele>
<link ></link></trkpt>
<trkpt lat=""47.314142513036195"" lon=""9.238846528249542"">
<ele>1188.7000436812984</ele>
<link ></link></trkpt>
<trkpt lat=""47.314856513033675"" lon=""9.239698528250646"">
<ele>1203.300032530974</ele>
<link ></link></trkpt>
<trkpt lat=""47.315001173763584"" lon=""9.239651621034968"">
<ele>1207.8182458155477</ele>
<link ></link></trkpt>
<trkpt lat=""47.31495910407075"" lon=""9.23946499133239"">
<ele>1207.1</ele>
<link ></link></trkpt>
<trkpt lat=""47.31550651302414"" lon=""9.241966528241742"">
<ele>1219.5999868860315</ele>
<link ></link></trkpt>
<trkpt lat=""47.31603251302146"" lon=""9.242758528241456"">
<ele>1224.5380994263744</ele>
<link ></link></trkpt>
<trkpt lat=""47.316680513015754"" lon=""9.244230528237816"">
<ele>1251.2999101531482</ele>
<link ></link></trkpt>
<trkpt lat=""47.31666951301384"" lon=""9.244617528235146"">
<ele>1261.500048771477</ele>
<link ></link></trkpt>
<trkpt lat=""47.317388513005874"" lon=""9.246603528228759"">
<ele>1259.7999130595447</ele>
<link ></link></trkpt>
<trkpt lat=""47.31748351300643"" lon=""9.246524528230182"">
<ele>1258.8626089691868</ele>
<link ></link></trkpt>
<trkpt lat=""47.31820051300232"" lon=""9.247708528229108"">
<ele>1230.8999975858912</ele>
<link ></link></trkpt>
<trkpt lat=""47.3191185129919"" lon=""9.250280528220715"">
<ele>1233.0999808708639</ele>
<link ></link></trkpt>
<trkpt lat=""47.31919651298548"" lon=""9.251649528212363"">
<ele>1213.6000571128063</ele>
<link ></link></trkpt>
<trkpt lat=""47.318417512979316"" lon=""9.252560528198943"">
<ele>1178.3000288169424</ele>
<link ></link></trkpt>
<trkpt lat=""47.31728151298092"" lon=""9.251703528193891"">
<ele>1144.500129799215</ele>
<link ></link></trkpt>
<trkpt lat=""47.316977512979065"" lon=""9.251943528189424"">
<ele>1130.3998902156284</ele>
<link ></link></trkpt>
<trkpt lat=""47.31698651297559"" lon=""9.25267052818468"">
<ele>1117.299972498131</ele>
<link ></link></trkpt>
<trkpt lat=""47.31676251297374"" lon=""9.25294352818075"">
<ele>1103.9999114650914</ele>
<link ></link></trkpt>
<trkpt lat=""47.31524151297292"" lon=""9.252413528169889"">
<ele>1064.20003283583</ele>
<link ></link></trkpt>
<trkpt lat=""47.314456512974594"" lon=""9.25170952816714"">
<ele>1039.2999250318683</ele>
<link ></link></trkpt>
<trkpt lat=""47.31202551296501"" lon=""9.25256252813848"">
<ele>1010.6999733194353</ele>
<link ></link></trkpt>
<trkpt lat=""47.31117851296028"" lon=""9.25314752812659"">
<ele>1003.9000196313326</ele>
<link ></link></trkpt>
<trkpt lat=""47.31057251294768"" lon=""9.25547052810544"">
<ele>1003.0</ele>
<link ></link></trkpt>
<trkpt lat=""47.310659512939225"" lon=""9.257263528094352"">
<ele>1002.4000010481902</ele>
<link ></link></trkpt>
<trkpt lat=""47.31101351293377"" lon=""9.258556528089118"">
<ele>1001.4999984187666</ele>
<link ></link></trkpt>
<trkpt lat=""47.31088051292363"" lon=""9.260575528074453"">
<ele>1001.3</ele>
<link ></link></trkpt>
<trkpt lat=""47.31127551291504"" lon=""9.262548528065087"">
<ele>1000.4000030714157</ele>
<link ></link></trkpt>
<trkpt lat=""47.311594512912166"" lon=""9.263276528063267"">
<ele>998.5000046056227</ele>
<link ></link></trkpt>
<trkpt lat=""47.31244551291133"" lon=""9.263845528067531"">
<ele>989.299985766629</ele>
<link ></link></trkpt>
<trkpt lat=""47.31266251290883"" lon=""9.26445552806553"">
<ele>984.1999767513367</ele>
<link ></link></trkpt>
<trkpt lat=""47.31216951289975"" lon=""9.266102528049931"">
<ele>971.6000324790134</ele>
<link ></link></trkpt>
<trkpt lat=""47.3117405128969"" lon=""9.266494528043273"">
<ele>961.9999265823656</ele>
<link ></link></trkpt>
<trkpt lat=""47.311773512891925"" lon=""9.267533528036685"">
<ele>947.9</ele>
<link ></link></trkpt>
<trkpt lat=""47.3121915128887"" lon=""9.268393528034924"">
<ele>933.4999810000685</ele>
<link ></link></trkpt>
<trkpt lat=""47.31250651288187"" lon=""9.269944528027603"">
<ele>909.3999650849261</ele>
<link ></link></trkpt>
<trkpt lat=""47.3125985128726"" lon=""9.271909528015412"">
<ele>883.799969138923</ele>
<link ></link></trkpt>
<trkpt lat=""47.312322653605314"" lon=""9.2742996121001"">
<ele>866.0</ele>
<link ></link></trkpt>
<trkpt lat=""47.31247524753583"" lon=""9.274886928362294"">
<ele>858.6217942288328</ele>
<link ></link></trkpt>
<trkpt lat=""47.31237684210165"" lon=""9.275981525634233"">
<ele>845.7764861744745</ele>
<link ></link></trkpt>
<trkpt lat=""47.31246851285215"" lon=""9.276072527986523"">
<ele>844.4999827596373</ele>
<link ></link></trkpt>
<trkpt lat=""47.31216851284897"" lon=""9.276590527980243"">
<ele>838.3</ele>
<link ></link></trkpt>
<trkpt lat=""47.312376512841375"" lon=""9.278250527971183"">
<ele>829.1000350387386</ele>
<link ></link></trkpt>
<trkpt lat=""47.31213051283954"" lon=""9.278517527967084"">
<ele>827.6334657472005</ele>
<link ></link></trkpt>
<trkpt lat=""47.31196851283646"" lon=""9.279078527961829"">
<ele>825.6000182030244</ele>
<link ></link></trkpt>
<trkpt lat=""47.314148512834166"" lon=""9.280555527972615"">
<ele>822.0</ele>
<link ></link></trkpt>
<trkpt lat=""47.313846512830594"" lon=""9.28115752796576"">
<ele>823.2</ele>
<link ></link></trkpt>
<trkpt lat=""47.3139658086538"" lon=""9.281274996476816"">
<ele>824.0</ele>
<link ></link></trkpt></trkseg></trk></gpx>",T2 - Mountain hike,699.3000096194847,http://www.hikr.org/tour/post131302.html,455.1074258970758,"Wanderland Appenzell, April 2018, 1|4: Hochhamm",11810.17582263256
5afb22a68f80884aaad9c754,4739.264201566263,Felix,,1376.6001741434604,"{'min': {'type': 'Point', 'coordinates': [8.592178529514886, 47.01358251549885]}, 'max': {'type': 'Point', 'coordinates': [8.572851529711444, 47.00096851545782]}}",930.0900422741536,0.0,,0.0,"<?xml version=""1.0"" encoding=""UTF-8""?>
<gpx xmlns:xsi=""http://www.w3.org/2001/XMLSchema-instance"" xmlns=""http://www.topografix.com/GPX/1/1"" xsi:schemaLocation=""http://www.topografix.com/GPX/1/1 http://www.topografix.com/GPX/1/1/gpx.xsd"" version=""1.1"" creator=""MySchweizMobil - http://map.schweizmobil.ch/"">
<metadata>
<name>gottertli 2018-03</name>
<author>
<link ></link></author>
<copyright ></copyright>
<link ></link>
<bounds minlat=""47.00096851545782"" maxlat=""47.01358251549885"" minlon=""8.572851529711444"" maxlon=""8.592178529514886""></bounds></metadata>
<trk>
<name>gottertli 2018-03</name>
<link ></link>
<trkseg>
<trkpt lat=""47.00096851545782"" lon=""8.592178529514886"">
<ele>437.4</ele>
<link ></link></trkpt>
<trkpt lat=""47.00141051546007"" lon=""8.591911529520766"">
<ele>439.3999856651063</ele>
<link ></link></trkpt>
<trkpt lat=""47.00174951547155"" lon=""8.589705529538135"">
<ele>464.1999229357155</ele>
<link ></link></trkpt>
<trkpt lat=""47.00213951547451"" lon=""8.589288529544493"">
<ele>479.0999110959082</ele>
<link ></link></trkpt>
<trkpt lat=""47.00272651547598"" lon=""8.589251529550264"">
<ele>510.5740824982823</ele>
<link ></link></trkpt>
<trkpt lat=""47.00268351547457"" lon=""8.589522529548121"">
<ele>509.02927862144406</ele>
<link ></link></trkpt>
<trkpt lat=""47.003296515476265"" lon=""8.589464529554272"">
<ele>538.2</ele>
<link ></link></trkpt>
<trkpt lat=""47.00315951547367"" lon=""8.589932529549975"">
<ele>549.4999577291021</ele>
<link ></link></trkpt>
<trkpt lat=""47.00351551547325"" lon=""8.590193529551653"">
<ele>554.7214073768222</ele>
<link ></link></trkpt>
<trkpt lat=""47.003827515471166"" lon=""8.590771529550883"">
<ele>569.6999749226607</ele>
<link ></link></trkpt>
<trkpt lat=""47.00393051547124"" lon=""8.590804529551644"">
<ele>569.9557117817975</ele>
<link ></link></trkpt>
<trkpt lat=""47.00399751547517"" lon=""8.59002652955728"">
<ele>579.700038827597</ele>
<link ></link></trkpt>
<trkpt lat=""47.00426951547359"" lon=""8.590475529556958"">
<ele>592.8</ele>
<link ></link></trkpt>
<trkpt lat=""47.004487515475375"" lon=""8.590209529560726"">
<ele>599.5000971077948</ele>
<link ></link></trkpt>
<trkpt lat=""47.004516515478585"" lon=""8.589569529565109"">
<ele>610.3999264443352</ele>
<link ></link></trkpt>
<trkpt lat=""47.004794515480825"" lon=""8.589226529569935"">
<ele>623.6000214680271</ele>
<link ></link></trkpt>
<trkpt lat=""47.00460651548197"" lon=""8.588898529570269"">
<ele>632.8998227965031</ele>
<link ></link></trkpt>
<trkpt lat=""47.004911515487834"" lon=""8.587833529579981"">
<ele>652.7999219265442</ele>
<link ></link></trkpt>
<trkpt lat=""47.00487851549379"" lon=""8.586590529587655"">
<ele>668.1521118705778</ele>
<link ></link></trkpt>
<trkpt lat=""47.00511251550653"" lon=""8.584060529606115"">
<ele>712.8999434532875</ele>
<link ></link></trkpt>
<trkpt lat=""47.004885515510864"" lon=""8.58305552961043"">
<ele>719.8999934847567</ele>
<link ></link></trkpt>
<trkpt lat=""47.0049435155146"" lon=""8.582317529615725"">
<ele>724.7340563172894</ele>
<link ></link></trkpt>
<trkpt lat=""47.00487151551934"" lon=""8.581304529621548"">
<ele>736.6493288164438</ele>
<link ></link></trkpt>
<trkpt lat=""47.00469851552095"" lon=""8.580883529622623"">
<ele>747.8702934009364</ele>
<link ></link></trkpt>
<trkpt lat=""47.004733515525416"" lon=""8.579980529628747"">
<ele>762.7000412525525</ele>
<link ></link></trkpt>
<trkpt lat=""47.00431351552929"" lon=""8.578975529631245"">
<ele>774.6999995138465</ele>
<link ></link></trkpt>
<trkpt lat=""47.00421451553591"" lon=""8.577566529639359"">
<ele>803.5999660258179</ele>
<link ></link></trkpt>
<trkpt lat=""47.00470851554306"" lon=""8.576311529652077"">
<ele>848.8998553744841</ele>
<link ></link></trkpt>
<trkpt lat=""47.00479651554792"" lon=""8.575352529659067"">
<ele>870.2999949126216</ele>
<link ></link></trkpt>
<trkpt lat=""47.00624651555654"" lon=""8.574261529679747"">
<ele>914.0001145427286</ele>
<link ></link></trkpt>
<trkpt lat=""47.006487515559556"" lon=""8.573749529685312"">
<ele>934.9898790063938</ele>
<link ></link></trkpt>
<trkpt lat=""47.00698051556304"" lon=""8.573260529693101"">
<ele>958.0998869136927</ele>
<link ></link></trkpt>
<trkpt lat=""47.00774751556617"" lon=""8.572984529702113"">
<ele>995.3002116572903</ele>
<link ></link></trkpt>
<trkpt lat=""47.008646515568834"" lon=""8.572851529711444"">
<ele>1043.5</ele>
<link ></link></trkpt>
<trkpt lat=""47.008666515566716"" lon=""8.57330252970874"">
<ele>1050.8001079207272</ele>
<link ></link></trkpt>
<trkpt lat=""47.008925515567746"" lon=""8.573223529711694"">
<ele>1060.2728846249213</ele>
<link ></link></trkpt>
<trkpt lat=""47.009724515568045"" lon=""8.573526529717284"">
<ele>1105.6000998743848</ele>
<link ></link></trkpt>
<trkpt lat=""47.01009351557143"" lon=""8.573006529724104"">
<ele>1133.6999433206227</ele>
<link ></link></trkpt>
<trkpt lat=""47.010703515564764"" lon=""8.574670529719175"">
<ele>1189.8</ele>
<link ></link></trkpt>
<trkpt lat=""47.01090751556561"" lon=""8.574588529721629"">
<ele>1198.8</ele>
<link ></link></trkpt>
<trkpt lat=""47.01105551556929"" lon=""8.573901529727436"">
<ele>1221.1056208287357</ele>
<link ></link></trkpt>
<trkpt lat=""47.01128251557096"" lon=""8.573661529731119"">
<ele>1231.8</ele>
<link ></link></trkpt>
<trkpt lat=""47.01159751556914"" lon=""8.57419352973067"">
<ele>1244.1948823040984</ele>
<link ></link></trkpt>
<trkpt lat=""47.01167351556703"" lon=""8.574665529728357"">
<ele>1256.6072538610538</ele>
<link ></link></trkpt>
<trkpt lat=""47.011851515567656"" lon=""8.574611529730383"">
<ele>1259.8670857723198</ele>
<link ></link></trkpt>
<trkpt lat=""47.01197351556559"" lon=""8.57509652972842"">
<ele>1275.199854349075</ele>
<link ></link></trkpt>
<trkpt lat=""47.012320515567176"" lon=""8.574936529732723"">
<ele>1287.8000333888588</ele>
<link ></link></trkpt>
<trkpt lat=""47.01218151556166"" lon=""8.576017529724467"">
<ele>1310.2925811368073</ele>
<link ></link></trkpt>
<trkpt lat=""47.012286515560795"" lon=""8.576238529724039"">
<ele>1316.862384626651</ele>
<link ></link></trkpt>
<trkpt lat=""47.01223751555903"" lon=""8.57658052972138"">
<ele>1328.9257517207702</ele>
<link ></link></trkpt>
<trkpt lat=""47.01211151555868"" lon=""8.576603529720046"">
<ele>1330.4058545615146</ele>
<link ></link></trkpt>
<trkpt lat=""47.01217751555698"" lon=""8.576975529718277"">
<ele>1342.2</ele>
<link ></link></trkpt>
<trkpt lat=""47.01202651555695"" lon=""8.576909529717275"">
<ele>1350.4999464740858</ele>
<link ></link></trkpt>
<trkpt lat=""47.01161651555257"" lon=""8.577627529708796"">
<ele>1373.4000152222243</ele>
<link ></link></trkpt>
<trkpt lat=""47.0114335155454"" lon=""8.579027529698074"">
<ele>1376.6001741434604</ele>
<link ></link></trkpt>
<trkpt lat=""47.01198051553781"" lon=""8.580850529691523"">
<ele>1341.7999726647276</ele>
<link ></link></trkpt>
<trkpt lat=""47.012379360901406"" lon=""8.58368418091142"">
<ele>1278.1999765603111</ele>
<link ></link></trkpt>
<trkpt lat=""47.01223151551926"" lon=""8.5848025296685"">
<ele>1270.6000651541203</ele>
<link ></link></trkpt>
<trkpt lat=""47.01269351550694"" lon=""8.587562529655123"">
<ele>1236.8999291065184</ele>
<link ></link></trkpt>
<trkpt lat=""47.01358251549885"" lon=""8.589662529650017"">
<ele>1207.1000169742981</ele>
<link ></link></trkpt>
<trkpt lat=""47.01348351549674"" lon=""8.590052529646579"">
<ele>1196.9934783160888</ele>
<link ></link></trkpt>
<trkpt lat=""47.013296515495846"" lon=""8.590149529644192"">
<ele>1189.699864983555</ele>
<link ></link></trkpt>
<trkpt lat=""47.01251451549703"" lon=""8.589529529640794"">
<ele>1166.3999340513399</ele>
<link ></link></trkpt>
<trkpt lat=""47.01248751549611"" lon=""8.589699529639448"">
<ele>1162.1</ele>
<link ></link></trkpt>
<trkpt lat=""47.01236751549671"" lon=""8.58952652963943"">
<ele>1157.7</ele>
<link ></link></trkpt>
<trkpt lat=""47.0123845154955"" lon=""8.589784529637932"">
<ele>1150.4998275567677</ele>
<link ></link></trkpt>
<trkpt lat=""47.012061515495716"" lon=""8.589590529636135"">
<ele>1135.5</ele>
<link ></link></trkpt>
<trkpt lat=""47.0122995173718"" lon=""8.58986416389872"">
<ele>1141.4</ele>
<link ></link></trkpt></trkseg></trk></gpx>",T2 - Mountain hike,437.4,http://www.hikr.org/tour/post130535.html,226.0900422741533,erstmals durchs Tal aufs Gottertli,4739.264201566263
5afb22a28f80884aaad9c718,22046.33922779262,Bertrand,2018-04-17 23:43:16,2650.0,"{'min': {'type': 'Point', 'coordinates': [100.17324940301478, 27.2745369002223]}, 'max': {'type': 'Point', 'coordinates': [100.0884348526597, 27.185383960604668]}}",844.2197998046877,24865.0,2018-04-18 09:42:24,1.7795487245941382,"<?xml version=""1.0"" encoding=""UTF-8""?>
<gpx xmlns:xsi=""http://www.w3.org/2001/XMLSchema-instance"" xmlns=""http://www.topografix.com/GPX/1/1"" xsi:schemaLocation=""http://www.topografix.com/GPX/1/1 http://www.topografix.com/GPX/1/1/gpx.xsd"" version=""1.1"" creator=""Garmin Connect"">
<metadata>
<author>
<link ></link></author>
<copyright ></copyright>
<link href=""connect.garmin.com"">
<text>Garmin Connect</text></link>
<time>2018-04-17T23:43:16Z</time></metadata>
<trk>
<name>Gorges du Tigre</name>
<desc>Somptueuse rando au départ du Naxi family lodge (dépose taxi) jusqu'au Woody's lodge (reprise en taxi).</desc>
<link ></link>
<type>hiking</type>
<trkseg>
<trkpt lat=""27.185383960604668"" lon=""100.0884348526597"">
<ele>2234.0</ele>
<time>2018-04-17T23:43:16Z</time>
<link ></link>
<extensions>
<TrackPointExtension/></extensions></trkpt>
<trkpt lat=""27.185524944216013"" lon=""100.08907212875783"">
<ele>2230.39990234375</ele>
<time>2018-04-17T23:45:25Z</time>
<link ></link>
<extensions>
<TrackPointExtension/></extensions></trkpt>
<trkpt lat=""27.185494182631373"" lon=""100.09006806649268"">
<ele>2238.0</ele>
<time>2018-04-17T23:47:02Z</time>
<link ></link>
<extensions>
<TrackPointExtension/></extensions></trkpt>
<trkpt lat=""27.186517445370555"" lon=""100.09085747413337"">
<ele>2247.199951171875</ele>
<time>2018-04-17T23:49:10Z</time>
<link ></link>
<extensions>
<TrackPointExtension/></extensions></trkpt>
<trkpt lat=""27.18705858103931"" lon=""100.09184167720377"">
<ele>2237.39990234375</ele>
<time>2018-04-17T23:50:49Z</time>
<link ></link>
<extensions>
<TrackPointExtension/></extensions></trkpt>
<trkpt lat=""27.187076853588223"" lon=""100.09218106046319"">
<ele>2236.60009765625</ele>
<time>2018-04-17T23:51:22Z</time>
<link ></link>
<extensions>
<TrackPointExtension/></extensions></trkpt>
<trkpt lat=""27.186364559456706"" lon=""100.09297809563577"">
<ele>2244.39990234375</ele>
<time>2018-04-17T23:53:49Z</time>
<link ></link>
<extensions>
<TrackPointExtension/></extensions></trkpt>
<trkpt lat=""27.18663588166237"" lon=""100.09323944337666"">
<ele>2248.60009765625</ele>
<time>2018-04-17T23:54:32Z</time>
<link ></link>
<extensions>
<TrackPointExtension/></extensions></trkpt>
<trkpt lat=""27.187395617365837"" lon=""100.09465623646975"">
<ele>2267.39990234375</ele>
<time>2018-04-17T23:57:23Z</time>
<link ></link>
<extensions>
<TrackPointExtension/></extensions></trkpt>
<trkpt lat=""27.18744657933712"" lon=""100.09591209702194"">
<ele>2285.0</ele>
<time>2018-04-18T00:00:16Z</time>
<link ></link>
<extensions>
<TrackPointExtension/></extensions></trkpt>
<trkpt lat=""27.18788092955947"" lon=""100.09629607200623"">
<ele>2298.199951171875</ele>
<time>2018-04-18T00:04:41Z</time>
<link ></link>
<extensions>
<TrackPointExtension/></extensions></trkpt>
<trkpt lat=""27.188328774645925"" lon=""100.09729435667396"">
<ele>2326.800048828125</ele>
<time>2018-04-18T00:07:51Z</time>
<link ></link>
<extensions>
<TrackPointExtension/></extensions></trkpt>
<trkpt lat=""27.188135739415884"" lon=""100.09781495667994"">
<ele>2341.39990234375</ele>
<time>2018-04-18T00:09:44Z</time>
<link ></link>
<extensions>
<TrackPointExtension/></extensions></trkpt>
<trkpt lat=""27.188298432156444"" lon=""100.09778436273336"">
<ele>2346.199951171875</ele>
<time>2018-04-18T00:10:21Z</time>
<link ></link>
<extensions>
<TrackPointExtension/></extensions></trkpt>
<trkpt lat=""27.18821184709668"" lon=""100.09807454422116"">
<ele>2356.60009765625</ele>
<time>2018-04-18T00:11:24Z</time>
<link ></link>
<extensions>
<TrackPointExtension/></extensions></trkpt>
<trkpt lat=""27.187760397791862"" lon=""100.09876479394734"">
<ele>2383.199951171875</ele>
<time>2018-04-18T00:14:24Z</time>
<link ></link>
<extensions>
<TrackPointExtension/></extensions></trkpt>
<trkpt lat=""27.18723502010107"" lon=""100.09887870401144"">
<ele>2396.39990234375</ele>
<time>2018-04-18T00:16:02Z</time>
<link ></link>
<extensions>
<TrackPointExtension/></extensions></trkpt>
<trkpt lat=""27.187532829120755"" lon=""100.09902496822178"">
<ele>2405.199951171875</ele>
<time>2018-04-18T00:20:50Z</time>
<link ></link>
<extensions>
<TrackPointExtension/></extensions></trkpt>
<trkpt lat=""27.187110548838973"" lon=""100.09945219382644"">
<ele>2423.60009765625</ele>
<time>2018-04-18T00:22:58Z</time>
<link ></link>
<extensions>
<TrackPointExtension/></extensions></trkpt>
<trkpt lat=""27.18696084804833"" lon=""100.09989668615162"">
<ele>2433.39990234375</ele>
<time>2018-04-18T00:24:13Z</time>
<link ></link>
<extensions>
<TrackPointExtension/></extensions></trkpt>
<trkpt lat=""27.187473317608237"" lon=""100.10109546594322"">
<ele>2455.39990234375</ele>
<time>2018-04-18T00:27:30Z</time>
<link ></link>
<extensions>
<TrackPointExtension/></extensions></trkpt>
<trkpt lat=""27.187741957604885"" lon=""100.10106654837728"">
<ele>2475.39990234375</ele>
<time>2018-04-18T00:29:53Z</time>
<link ></link>
<extensions>
<TrackPointExtension/></extensions></trkpt>
<trkpt lat=""27.187692252919078"" lon=""100.10139394551516"">
<ele>2488.39990234375</ele>
<time>2018-04-18T00:31:24Z</time>
<link ></link>
<extensions>
<TrackPointExtension/></extensions></trkpt>
<trkpt lat=""27.187847653403878"" lon=""100.10149058885872"">
<ele>2501.39990234375</ele>
<time>2018-04-18T00:33:05Z</time>
<link ></link>
<extensions>
<TrackPointExtension/></extensions></trkpt>
<trkpt lat=""27.188304215669632"" lon=""100.10114181786776"">
<ele>2525.199951171875</ele>
<time>2018-04-18T00:36:04Z</time>
<link ></link>
<extensions>
<TrackPointExtension/></extensions></trkpt>
<trkpt lat=""27.188397170975804"" lon=""100.10139419697225"">
<ele>2533.199951171875</ele>
<time>2018-04-18T00:37:06Z</time>
<link ></link>
<extensions>
<TrackPointExtension/></extensions></trkpt>
<trkpt lat=""27.188471937552094"" lon=""100.1012346893549"">
<ele>2538.60009765625</ele>
<time>2018-04-18T00:37:50Z</time>
<link ></link>
<extensions>
<TrackPointExtension/></extensions></trkpt>
<trkpt lat=""27.18867603689432"" lon=""100.10143895633519"">
<ele>2550.199951171875</ele>
<time>2018-04-18T00:39:11Z</time>
<link ></link>
<extensions>
<TrackPointExtension/></extensions></trkpt>
<trkpt lat=""27.188754407688975"" lon=""100.10178496129811"">
<ele>2563.0</ele>
<time>2018-04-18T00:40:50Z</time>
<link ></link>
<extensions>
<TrackPointExtension/></extensions></trkpt>
<trkpt lat=""27.18896965496242"" lon=""100.10131993331015"">
<ele>2583.60009765625</ele>
<time>2018-04-18T00:43:13Z</time>
<link ></link>
<extensions>
<TrackPointExtension/></extensions></trkpt>
<trkpt lat=""27.1891469322145"" lon=""100.10149855166674"">
<ele>2593.199951171875</ele>
<time>2018-04-18T00:44:30Z</time>
<link ></link>
<extensions>
<TrackPointExtension/></extensions></trkpt>
<trkpt lat=""27.189324544742703"" lon=""100.10134784504771"">
<ele>2609.60009765625</ele>
<time>2018-04-18T00:46:23Z</time>
<link ></link>
<extensions>
<TrackPointExtension/></extensions></trkpt>
<trkpt lat=""27.1894059330225"" lon=""100.10153342038393"">
<ele>2618.0</ele>
<time>2018-04-18T00:47:27Z</time>
<link ></link>
<extensions>
<TrackPointExtension/></extensions></trkpt>
<trkpt lat=""27.189490171149373"" lon=""100.10135966353118"">
<ele>2625.60009765625</ele>
<time>2018-04-18T00:48:20Z</time>
<link ></link>
<extensions>
<TrackPointExtension/></extensions></trkpt>
<trkpt lat=""27.18956141732633"" lon=""100.10191714391112"">
<ele>2636.800048828125</ele>
<time>2018-04-18T00:50:01Z</time>
<link ></link>
<extensions>
<TrackPointExtension/></extensions></trkpt>
<trkpt lat=""27.189223542809486"" lon=""100.1022775657475"">
<ele>2633.199951171875</ele>
<time>2018-04-18T00:56:09Z</time>
<link ></link>
<extensions>
<TrackPointExtension/></extensions></trkpt>
<trkpt lat=""27.18949679285288"" lon=""100.10213381610811"">
<ele>2645.60009765625</ele>
<time>2018-04-18T00:59:23Z</time>
<link ></link>
<extensions>
<TrackPointExtension/></extensions></trkpt>
<trkpt lat=""27.190330121666193"" lon=""100.10284636169672"">
<ele>2650.0</ele>
<time>2018-04-18T01:03:17Z</time>
<link ></link>
<extensions>
<TrackPointExtension/></extensions></trkpt>
<trkpt lat=""27.19063052907586"" lon=""100.10282213799655"">
<ele>2642.199951171875</ele>
<time>2018-04-18T01:03:55Z</time>
<link ></link>
<extensions>
<TrackPointExtension/></extensions></trkpt>
<trkpt lat=""27.191218938678503"" lon=""100.10319722816348"">
<ele>2603.199951171875</ele>
<time>2018-04-18T01:07:08Z</time>
<link ></link>
<extensions>
<TrackPointExtension/></extensions></trkpt>
<trkpt lat=""27.191546754911542"" lon=""100.1032361201942"">
<ele>2593.199951171875</ele>
<time>2018-04-18T01:07:58Z</time>
<link ></link>
<extensions>
<TrackPointExtension/></extensions></trkpt>
<trkpt lat=""27.191616911441088"" lon=""100.10356117039919"">
<ele>2583.39990234375</ele>
<time>2018-04-18T01:09:30Z</time>
<link ></link>
<extensions>
<TrackPointExtension/></extensions></trkpt>
<trkpt lat=""27.192096021026373"" lon=""100.10417212732136"">
<ele>2577.199951171875</ele>
<time>2018-04-18T01:12:05Z</time>
<link ></link>
<extensions>
<TrackPointExtension/></extensions></trkpt>
<trkpt lat=""27.193144094198942"" lon=""100.10451545007527"">
<ele>2553.39990234375</ele>
<time>2018-04-18T01:14:45Z</time>
<link ></link>
<extensions>
<TrackPointExtension/></extensions></trkpt>
<trkpt lat=""27.19375681132078"" lon=""100.10497930459678"">
<ele>2533.800048828125</ele>
<time>2018-04-18T01:16:30Z</time>
<link ></link>
<extensions>
<TrackPointExtension/></extensions></trkpt>
<trkpt lat=""27.193902153521776"" lon=""100.10521106421947"">
<ele>2526.0</ele>
<time>2018-04-18T01:17:10Z</time>
<link ></link>
<extensions>
<TrackPointExtension/></extensions></trkpt>
<trkpt lat=""27.193793607875705"" lon=""100.10551239363849"">
<ele>2521.60009765625</ele>
<time>2018-04-18T01:17:48Z</time>
<link ></link>
<extensions>
<TrackPointExtension/></extensions></trkpt>
<trkpt lat=""27.19424773938954"" lon=""100.10626215487719"">
<ele>2506.39990234375</ele>
<time>2018-04-18T01:19:32Z</time>
<link ></link>
<extensions>
<TrackPointExtension/></extensions></trkpt>
<trkpt lat=""27.19518986530602"" lon=""100.10665694251657"">
<ele>2504.800048828125</ele>
<time>2018-04-18T01:21:51Z</time>
<link ></link>
<extensions>
<TrackPointExtension/></extensions></trkpt>
<trkpt lat=""27.195504354313016"" lon=""100.10663012042642"">
<ele>2502.800048828125</ele>
<time>2018-04-18T01:22:46Z</time>
<link ></link>
<extensions>
<TrackPointExtension/></extensions></trkpt>
<trkpt lat=""27.195808365941048"" lon=""100.10686296969652"">
<ele>2504.0</ele>
<time>2018-04-18T01:24:04Z</time>
<link ></link>
<extensions>
<TrackPointExtension/></extensions></trkpt>
<trkpt lat=""27.196314968168736"" lon=""100.10687076486647"">
<ele>2501.60009765625</ele>
<time>2018-04-18T01:25:12Z</time>
<link ></link>
<extensions>
<TrackPointExtension/></extensions></trkpt>
<trkpt lat=""27.196497190743685"" lon=""100.10725130327046"">
<ele>2497.39990234375</ele>
<time>2018-04-18T01:26:09Z</time>
<link ></link>
<extensions>
<TrackPointExtension/></extensions></trkpt>
<trkpt lat=""27.196776140481234"" lon=""100.10717913508415"">
<ele>2490.60009765625</ele>
<time>2018-04-18T01:26:46Z</time>
<link ></link>
<extensions>
<TrackPointExtension/></extensions></trkpt>
<trkpt lat=""27.19705986790359"" lon=""100.10734635405242"">
<ele>2481.0</ele>
<time>2018-04-18T01:27:44Z</time>
<link ></link>
<extensions>
<TrackPointExtension/></extensions></trkpt>
<trkpt lat=""27.19675644300878"" lon=""100.1074649579823"">
<ele>2461.60009765625</ele>
<time>2018-04-18T01:29:27Z</time>
<link ></link>
<extensions>
<TrackPointExtension/></extensions></trkpt>
<trkpt lat=""27.1969592012465"" lon=""100.10764894075692"">
<ele>2453.60009765625</ele>
<time>2018-04-18T01:30:12Z</time>
<link ></link>
<extensions>
<TrackPointExtension/></extensions></trkpt>
<trkpt lat=""27.196969259530306"" lon=""100.10829526931047"">
<ele>2435.60009765625</ele>
<time>2018-04-18T01:31:47Z</time>
<link ></link>
<extensions>
<TrackPointExtension/></extensions></trkpt>
<trkpt lat=""27.1970696747303"" lon=""100.1083114463836"">
<ele>2435.199951171875</ele>
<time>2018-04-18T01:34:49Z</time>
<link ></link>
<extensions>
<TrackPointExtension/></extensions></trkpt>
<trkpt lat=""27.196996165439487"" lon=""100.10867153294384"">
<ele>2431.39990234375</ele>
<time>2018-04-18T01:36:20Z</time>
<link ></link>
<extensions>
<TrackPointExtension/></extensions></trkpt>
<trkpt lat=""27.196745462715626"" lon=""100.10892173275352"">
<ele>2430.39990234375</ele>
<time>2018-04-18T01:36:58Z</time>
<link ></link>
<extensions>
<TrackPointExtension/></extensions></trkpt>
<trkpt lat=""27.196728782728314"" lon=""100.10930445045233"">
<ele>2425.0</ele>
<time>2018-04-18T01:37:45Z</time>
<link ></link>
<extensions>
<TrackPointExtension/></extensions></trkpt>
<trkpt lat=""27.19694604165852"" lon=""100.10967694222927"">
<ele>2422.39990234375</ele>
<time>2018-04-18T01:38:35Z</time>
<link ></link>
<extensions>
<TrackPointExtension/></extensions></trkpt>
<trkpt lat=""27.197207640856504"" lon=""100.11079424992204"">
<ele>2413.60009765625</ele>
<time>2018-04-18T01:40:24Z</time>
<link ></link>
<extensions>
<TrackPointExtension/></extensions></trkpt>
<trkpt lat=""27.19906657934189"" lon=""100.11050465516746"">
<ele>2404.60009765625</ele>
<time>2018-04-18T01:43:33Z</time>
<link ></link>
<extensions>
<TrackPointExtension/></extensions></trkpt>
<trkpt lat=""27.200915375724435"" lon=""100.10978498496115"">
<ele>2394.0</ele>
<time>2018-04-18T01:46:41Z</time>
<link ></link>
<extensions>
<TrackPointExtension/></extensions></trkpt>
<trkpt lat=""27.202911442145705"" lon=""100.11009092442691"">
<ele>2390.199951171875</ele>
<time>2018-04-18T01:51:59Z</time>
<link ></link>
<extensions>
<TrackPointExtension/></extensions></trkpt>
<trkpt lat=""27.204443234950304"" lon=""100.1097150798887"">
<ele>2378.60009765625</ele>
<time>2018-04-18T01:54:44Z</time>
<link ></link>
<extensions>
<TrackPointExtension/></extensions></trkpt>
<trkpt lat=""27.204826455563307"" lon=""100.10989394970238"">
<ele>2375.0</ele>
<time>2018-04-18T01:56:36Z</time>
<link ></link>
<extensions>
<TrackPointExtension/></extensions></trkpt>
<trkpt lat=""27.205178327858448"" lon=""100.10972270742059"">
<ele>2366.0</ele>
<time>2018-04-18T01:57:25Z</time>
<link ></link>
<extensions>
<TrackPointExtension/></extensions></trkpt>
<trkpt lat=""27.20584678463638"" lon=""100.10887873359025"">
<ele>2350.39990234375</ele>
<time>2018-04-18T01:59:15Z</time>
<link ></link>
<extensions>
<TrackPointExtension/></extensions></trkpt>
<trkpt lat=""27.207575971260667"" lon=""100.10972840711474"">
<ele>2331.800048828125</ele>
<time>2018-04-18T02:02:41Z</time>
<link ></link>
<extensions>
<TrackPointExtension/></extensions></trkpt>
<trkpt lat=""27.208133284002542"" lon=""100.10923421010375"">
<ele>2329.39990234375</ele>
<time>2018-04-18T02:03:59Z</time>
<link ></link>
<extensions>
<TrackPointExtension/></extensions></trkpt>
<trkpt lat=""27.20827736891806"" lon=""100.10927167721093"">
<ele>2329.60009765625</ele>
<time>2018-04-18T02:04:23Z</time>
<link ></link>
<extensions>
<TrackPointExtension/></extensions></trkpt>
<trkpt lat=""27.20860367640853"" lon=""100.10984374210238"">
<ele>2329.60009765625</ele>
<time>2018-04-18T02:05:28Z</time>
<link ></link>
<extensions>
<TrackPointExtension/></extensions></trkpt>
<trkpt lat=""27.209120420739055"" lon=""100.10996838100255"">
<ele>2330.60009765625</ele>
<time>2018-04-18T02:06:25Z</time>
<link ></link>
<extensions>
<TrackPointExtension/></extensions></trkpt>
<trkpt lat=""27.209599865600467"" lon=""100.11050222441554"">
<ele>2330.199951171875</ele>
<time>2018-04-18T02:08:11Z</time>
<link ></link>
<extensions>
<TrackPointExtension/></extensions></trkpt>
<trkpt lat=""27.209609420970082"" lon=""100.11121585965157"">
<ele>2332.800048828125</ele>
<time>2018-04-18T02:09:50Z</time>
<link ></link>
<extensions>
<TrackPointExtension/></extensions></trkpt>
<trkpt lat=""27.209753841161728"" lon=""100.11117185465991"">
<ele>2336.800048828125</ele>
<time>2018-04-18T02:34:30Z</time>
<link ></link>
<extensions>
<TrackPointExtension/></extensions></trkpt>
<trkpt lat=""27.21021031960845"" lon=""100.11162523180246"">
<ele>2341.39990234375</ele>
<time>2018-04-18T02:36:06Z</time>
<link ></link>
<extensions>
<TrackPointExtension/></extensions></trkpt>
<trkpt lat=""27.21065246500075"" lon=""100.1116731762886"">
<ele>2349.0</ele>
<time>2018-04-18T02:36:58Z</time>
<link ></link>
<extensions>
<TrackPointExtension/></extensions></trkpt>
<trkpt lat=""27.21088908612728"" lon=""100.11204709298909"">
<ele>2348.199951171875</ele>
<time>2018-04-18T02:37:32Z</time>
<link ></link>
<extensions>
<TrackPointExtension/></extensions></trkpt>
<trkpt lat=""27.211382696405053"" lon=""100.11179848574102"">
<ele>2345.39990234375</ele>
<time>2018-04-18T02:38:17Z</time>
<link ></link>
<extensions>
<TrackPointExtension/></extensions></trkpt>
<trkpt lat=""27.212203284725547"" lon=""100.11238044127822"">
<ele>2337.0</ele>
<time>2018-04-18T02:39:40Z</time>
<link ></link>
<extensions>
<TrackPointExtension/></extensions></trkpt>
<trkpt lat=""27.212773086503148"" lon=""100.11378650553524"">
<ele>2317.0</ele>
<time>2018-04-18T02:41:44Z</time>
<link ></link>
<extensions>
<TrackPointExtension/></extensions></trkpt>
<trkpt lat=""27.213396951556206"" lon=""100.11469887569547"">
<ele>2323.199951171875</ele>
<time>2018-04-18T02:43:19Z</time>
<link ></link>
<extensions>
<TrackPointExtension/></extensions></trkpt>
<trkpt lat=""27.214076220989227"" lon=""100.11536540463567"">
<ele>2327.0</ele>
<time>2018-04-18T02:44:34Z</time>
<link ></link>
<extensions>
<TrackPointExtension/></extensions></trkpt>
<trkpt lat=""27.214484503492713"" lon=""100.11533858254552"">
<ele>2329.800048828125</ele>
<time>2018-04-18T02:45:50Z</time>
<link ></link>
<extensions>
<TrackPointExtension/></extensions></trkpt>
<trkpt lat=""27.216104390099645"" lon=""100.1177879422903"">
<ele>2329.39990234375</ele>
<time>2018-04-18T02:49:36Z</time>
<link ></link>
<extensions>
<TrackPointExtension/></extensions></trkpt>
<trkpt lat=""27.218490885570645"" lon=""100.11884883977473"">
<ele>2329.199951171875</ele>
<time>2018-04-18T02:54:23Z</time>
<link ></link>
<extensions>
<TrackPointExtension/></extensions></trkpt>
<trkpt lat=""27.219216926023364"" lon=""100.1200264133513"">
<ele>2331.800048828125</ele>
<time>2018-04-18T02:56:29Z</time>
<link ></link>
<extensions>
<TrackPointExtension/></extensions></trkpt>
<trkpt lat=""27.219756301492453"" lon=""100.12130700051785"">
<ele>2330.60009765625</ele>
<time>2018-04-18T02:59:19Z</time>
<link ></link>
<extensions>
<TrackPointExtension/></extensions></trkpt>
<trkpt lat=""27.22146537154913"" lon=""100.1227958779782"">
<ele>2334.800048828125</ele>
<time>2018-04-18T03:03:15Z</time>
<link ></link>
<extensions>
<TrackPointExtension/></extensions></trkpt>
<trkpt lat=""27.221731999889016"" lon=""100.12350817210972"">
<ele>2338.60009765625</ele>
<time>2018-04-18T03:04:20Z</time>
<link ></link>
<extensions>
<TrackPointExtension/></extensions></trkpt>
<trkpt lat=""27.22261168062687"" lon=""100.12314858846366"">
<ele>2337.800048828125</ele>
<time>2018-04-18T03:06:06Z</time>
<link ></link>
<extensions>
<TrackPointExtension/></extensions></trkpt>
<trkpt lat=""27.224116818979383"" lon=""100.1230434793979"">
<ele>2338.800048828125</ele>
<time>2018-04-18T03:08:22Z</time>
<link ></link>
<extensions>
<TrackPointExtension/></extensions></trkpt>
<trkpt lat=""27.225386844947934"" lon=""100.12370179407299"">
<ele>2335.800048828125</ele>
<time>2018-04-18T03:10:43Z</time>
<link ></link>
<extensions>
<TrackPointExtension/></extensions></trkpt>
<trkpt lat=""27.225943822413683"" lon=""100.12374236248434"">
<ele>2338.800048828125</ele>
<time>2018-04-18T03:11:42Z</time>
<link ></link>
<extensions>
<TrackPointExtension/></extensions></trkpt>
<trkpt lat=""27.22649241797626"" lon=""100.12399189174175"">
<ele>2340.0</ele>
<time>2018-04-18T03:12:36Z</time>
<link ></link>
<extensions>
<TrackPointExtension/></extensions></trkpt>
<trkpt lat=""27.22712022252381"" lon=""100.12507148087025"">
<ele>2339.60009765625</ele>
<time>2018-04-18T03:15:33Z</time>
<link ></link>
<extensions>
<TrackPointExtension/></extensions></trkpt>
<trkpt lat=""27.22795581445098"" lon=""100.12539745308459"">
<ele>2341.199951171875</ele>
<time>2018-04-18T03:18:22Z</time>
<link ></link>
<extensions>
<TrackPointExtension/></extensions></trkpt>
<trkpt lat=""27.228517401963472"" lon=""100.12715010903776"">
<ele>2346.60009765625</ele>
<time>2018-04-18T03:21:08Z</time>
<link ></link>
<extensions>
<TrackPointExtension/></extensions></trkpt>
<trkpt lat=""27.229006150737405"" lon=""100.12739502824843"">
<ele>2348.199951171875</ele>
<time>2018-04-18T03:22:04Z</time>
<link ></link>
<extensions>
<TrackPointExtension/></extensions></trkpt>
<trkpt lat=""27.229948360472918"" lon=""100.12717089615762"">
<ele>2348.800048828125</ele>
<time>2018-04-18T03:24:03Z</time>
<link ></link>
<extensions>
<TrackPointExtension/></extensions></trkpt>
<trkpt lat=""27.230254132300615"" lon=""100.12725622393191"">
<ele>2349.800048828125</ele>
<time>2018-04-18T03:24:32Z</time>
<link ></link>
<extensions>
<TrackPointExtension/></extensions></trkpt>
<trkpt lat=""27.23004139959812"" lon=""100.12704307213426"">
<ele>2350.0</ele>
<time>2018-04-18T03:25:38Z</time>
<link ></link>
<extensions>
<TrackPointExtension/></extensions></trkpt>
<trkpt lat=""27.229769742116332"" lon=""100.12734867632389"">
<ele>2350.800048828125</ele>
<time>2018-04-18T03:26:16Z</time>
<link ></link>
<extensions>
<TrackPointExtension/></extensions></trkpt>
<trkpt lat=""27.22923598252237"" lon=""100.12728991918266"">
<ele>2350.60009765625</ele>
<time>2018-04-18T03:26:59Z</time>
<link ></link>
<extensions>
<TrackPointExtension/></extensions></trkpt>
<trkpt lat=""27.22913690842688"" lon=""100.12759041041136"">
<ele>2350.0</ele>
<time>2018-04-18T03:27:25Z</time>
<link ></link>
<extensions>
<TrackPointExtension/></extensions></trkpt>
<trkpt lat=""27.22941585816443"" lon=""100.12792610563338"">
<ele>2351.39990234375</ele>
<time>2018-04-18T03:27:47Z</time>
<link ></link>
<extensions>
<TrackPointExtension/></extensions></trkpt>
<trkpt lat=""27.22939088009298"" lon=""100.12820413336158"">
<ele>2352.0</ele>
<time>2018-04-18T03:28:51Z</time>
<link ></link>
<extensions>
<TrackPointExtension/></extensions></trkpt>
<trkpt lat=""27.230589827522635"" lon=""100.12870956212282"">
<ele>2353.0</ele>
<time>2018-04-18T03:30:26Z</time>
<link ></link>
<extensions>
<TrackPointExtension/></extensions></trkpt>
<trkpt lat=""27.230620589107275"" lon=""100.12902312912047"">
<ele>2352.60009765625</ele>
<time>2018-04-18T03:30:55Z</time>
<link ></link>
<extensions>
<TrackPointExtension/></extensions></trkpt>
<trkpt lat=""27.230945387855172"" lon=""100.12952352873981"">
<ele>2353.0</ele>
<time>2018-04-18T03:31:42Z</time>
<link ></link>
<extensions>
<TrackPointExtension/></extensions></trkpt>
<trkpt lat=""27.231146469712257"" lon=""100.13083697296679"">
<ele>2358.199951171875</ele>
<time>2018-04-18T03:33:27Z</time>
<link ></link>
<extensions>
<TrackPointExtension/></extensions></trkpt>
<trkpt lat=""27.232665019109845"" lon=""100.13100167736411"">
<ele>2362.0</ele>
<time>2018-04-18T03:35:35Z</time>
<link ></link>
<extensions>
<TrackPointExtension/></extensions></trkpt>
<trkpt lat=""27.233893806114793"" lon=""100.13145974837244"">
<ele>2365.800048828125</ele>
<time>2018-04-18T03:37:34Z</time>
<link ></link>
<extensions>
<TrackPointExtension/></extensions></trkpt>
<trkpt lat=""27.235623747110367"" lon=""100.13088935986161"">
<ele>2379.0</ele>
<time>2018-04-18T03:40:35Z</time>
<link ></link>
<extensions>
<TrackPointExtension/></extensions></trkpt>
<trkpt lat=""27.235996909439564"" lon=""100.13094803318381"">
<ele>2380.199951171875</ele>
<time>2018-04-18T03:41:10Z</time>
<link ></link>
<extensions>
<TrackPointExtension/></extensions></trkpt>
<trkpt lat=""27.23836169578135"" lon=""100.13264033943415"">
<ele>2403.39990234375</ele>
<time>2018-04-18T03:45:28Z</time>
<link ></link>
<extensions>
<TrackPointExtension/></extensions></trkpt>
<trkpt lat=""27.23945528268814"" lon=""100.13295642100275"">
<ele>2401.199951171875</ele>
<time>2018-04-18T03:47:03Z</time>
<link ></link>
<extensions>
<TrackPointExtension/></extensions></trkpt>
<trkpt lat=""27.240172773599625"" lon=""100.1333646196872"">
<ele>2401.800048828125</ele>
<time>2018-04-18T03:48:11Z</time>
<link ></link>
<extensions>
<TrackPointExtension/></extensions></trkpt>
<trkpt lat=""27.240595975890756"" lon=""100.13468191958964"">
<ele>2422.800048828125</ele>
<time>2018-04-18T04:58:30Z</time>
<link ></link>
<extensions>
<TrackPointExtension/></extensions></trkpt>
<trkpt lat=""27.24092756398022"" lon=""100.13502457179129"">
<ele>2425.39990234375</ele>
<time>2018-04-18T04:59:39Z</time>
<link ></link>
<extensions>
<TrackPointExtension/></extensions></trkpt>
<trkpt lat=""27.241080198436975"" lon=""100.13552086427808"">
<ele>2428.39990234375</ele>
<time>2018-04-18T05:00:29Z</time>
<link ></link>
<extensions>
<TrackPointExtension/></extensions></trkpt>
<trkpt lat=""27.240640902891755"" lon=""100.13660900294781"">
<ele>2431.60009765625</ele>
<time>2018-04-18T05:02:10Z</time>
<link ></link>
<extensions>
<TrackPointExtension/></extensions></trkpt>
<trkpt lat=""27.240866208449006"" lon=""100.13722230680287"">
<ele>2433.0</ele>
<time>2018-04-18T05:03:04Z</time>
<link ></link>
<extensions>
<TrackPointExtension/></extensions></trkpt>
<trkpt lat=""27.241551848128438"" lon=""100.13778858818114"">
<ele>2433.39990234375</ele>
<time>2018-04-18T05:04:25Z</time>
<link ></link>
<extensions>
<TrackPointExtension/></extensions></trkpt>
<trkpt lat=""27.242669742554426"" lon=""100.13781549409032"">
<ele>2433.0</ele>
<time>2018-04-18T05:06:10Z</time>
<link ></link>
<extensions>
<TrackPointExtension/></extensions></trkpt>
<trkpt lat=""27.24382795393467"" lon=""100.13754777610302"">
<ele>2433.60009765625</ele>
<time>2018-04-18T05:08:07Z</time>
<link ></link>
<extensions>
<TrackPointExtension/></extensions></trkpt>
<trkpt lat=""27.244207318872213"" lon=""100.13710537925363"">
<ele>2433.800048828125</ele>
<time>2018-04-18T05:09:03Z</time>
<link ></link>
<extensions>
<TrackPointExtension/></extensions></trkpt>
<trkpt lat=""27.24407765083015"" lon=""100.137410312891"">
<ele>2434.39990234375</ele>
<time>2018-04-18T05:09:45Z</time>
<link ></link>
<extensions>
<TrackPointExtension/></extensions></trkpt>
<trkpt lat=""27.244253922253847"" lon=""100.13753830455244"">
<ele>2434.60009765625</ele>
<time>2018-04-18T05:10:08Z</time>
<link ></link>
<extensions>
<TrackPointExtension/></extensions></trkpt>
<trkpt lat=""27.24420329555869"" lon=""100.13786796480417"">
<ele>2434.39990234375</ele>
<time>2018-04-18T05:10:44Z</time>
<link ></link>
<extensions>
<TrackPointExtension/></extensions></trkpt>
<trkpt lat=""27.243933817371726"" lon=""100.1385483238846"">
<ele>2434.39990234375</ele>
<time>2018-04-18T05:12:09Z</time>
<link ></link>
<extensions>
<TrackPointExtension/></extensions></trkpt>
<trkpt lat=""27.244252497330308"" lon=""100.13883934356272"">
<ele>2431.60009765625</ele>
<time>2018-04-18T05:12:55Z</time>
<link ></link>
<extensions>
<TrackPointExtension/></extensions></trkpt>
<trkpt lat=""27.244693133980036"" lon=""100.1398890092969"">
<ele>2430.800048828125</ele>
<time>2018-04-18T05:14:27Z</time>
<link ></link>
<extensions>
<TrackPointExtension/></extensions></trkpt>
<trkpt lat=""27.24477343261242"" lon=""100.14073491096497"">
<ele>2432.199951171875</ele>
<time>2018-04-18T05:15:41Z</time>
<link ></link>
<extensions>
<TrackPointExtension/></extensions></trkpt>
<trkpt lat=""27.24563056603074"" lon=""100.14074119739234"">
<ele>2432.39990234375</ele>
<time>2018-04-18T05:17:04Z</time>
<link ></link>
<extensions>
<TrackPointExtension/></extensions></trkpt>
<trkpt lat=""27.246457189321518"" lon=""100.13995916582644"">
<ele>2432.39990234375</ele>
<time>2018-04-18T05:18:50Z</time>
<link ></link>
<extensions>
<TrackPointExtension/></extensions></trkpt>
<trkpt lat=""27.246812246739864"" lon=""100.14054371975362"">
<ele>2433.39990234375</ele>
<time>2018-04-18T05:19:56Z</time>
<link ></link>
<extensions>
<TrackPointExtension/></extensions></trkpt>
<trkpt lat=""27.24673429504037"" lon=""100.14143764972687"">
<ele>2434.0</ele>
<time>2018-04-18T05:21:21Z</time>
<link ></link>
<extensions>
<TrackPointExtension/></extensions></trkpt>
<trkpt lat=""27.246866477653384"" lon=""100.14201533049345"">
<ele>2432.199951171875</ele>
<time>2018-04-18T05:22:13Z</time>
<link ></link>
<extensions>
<TrackPointExtension/></extensions></trkpt>
<trkpt lat=""27.247161772102118"" lon=""100.14218238182366"">
<ele>2430.0</ele>
<time>2018-04-18T05:22:44Z</time>
<link ></link>
<extensions>
<TrackPointExtension/></extensions></trkpt>
<trkpt lat=""27.247346928343177"" lon=""100.1427623257041"">
<ele>2433.199951171875</ele>
<time>2018-04-18T05:23:43Z</time>
<link ></link>
<extensions>
<TrackPointExtension/></extensions></trkpt>
<trkpt lat=""27.247816398739815"" lon=""100.14249469153583"">
<ele>2432.800048828125</ele>
<time>2018-04-18T05:24:45Z</time>
<link ></link>
<extensions>
<TrackPointExtension/></extensions></trkpt>
<trkpt lat=""27.24817782640457"" lon=""100.14257348142564"">
<ele>2432.39990234375</ele>
<time>2018-04-18T05:25:32Z</time>
<link ></link>
<extensions>
<TrackPointExtension/></extensions></trkpt>
<trkpt lat=""27.248827842995524"" lon=""100.14209353365004"">
<ele>2431.60009765625</ele>
<time>2018-04-18T05:26:24Z</time>
<link ></link>
<extensions>
<TrackPointExtension/></extensions></trkpt>
<trkpt lat=""27.24881099537015"" lon=""100.14251573011279"">
<ele>2432.39990234375</ele>
<time>2018-04-18T05:27:04Z</time>
<link ></link>
<extensions>
<TrackPointExtension/></extensions></trkpt>
<trkpt lat=""27.248875368386507"" lon=""100.14226418919861"">
<ele>2432.60009765625</ele>
<time>2018-04-18T05:27:37Z</time>
<link ></link>
<extensions>
<TrackPointExtension/></extensions></trkpt>
<trkpt lat=""27.24938616156578"" lon=""100.14195355586708"">
<ele>2431.39990234375</ele>
<time>2018-04-18T05:29:47Z</time>
<link ></link>
<extensions>
<TrackPointExtension/></extensions></trkpt>
<trkpt lat=""27.249344754964113"" lon=""100.14420686289668"">
<ele>2431.199951171875</ele>
<time>2018-04-18T05:33:51Z</time>
<link ></link>
<extensions>
<TrackPointExtension/></extensions></trkpt>
<trkpt lat=""27.249499317258596"" lon=""100.1442058570683"">
<ele>2431.39990234375</ele>
<time>2018-04-18T05:34:00Z</time>
<link ></link>
<extensions>
<TrackPointExtension/></extensions></trkpt>
<trkpt lat=""27.249800143763423"" lon=""100.14467457309365"">
<ele>2432.0</ele>
<time>2018-04-18T05:34:51Z</time>
<link ></link>
<extensions>
<TrackPointExtension/></extensions></trkpt>
<trkpt lat=""27.250468265265226"" lon=""100.14483944512904"">
<ele>2432.39990234375</ele>
<time>2018-04-18T05:36:04Z</time>
<link ></link>
<extensions>
<TrackPointExtension/></extensions></trkpt>
<trkpt lat=""27.250563148409128"" lon=""100.14500155113637"">
<ele>2432.199951171875</ele>
<time>2018-04-18T05:36:28Z</time>
<link ></link>
<extensions>
<TrackPointExtension/></extensions></trkpt>
<trkpt lat=""27.25083975121379"" lon=""100.14468085952103"">
<ele>2441.0</ele>
<time>2018-04-18T05:42:43Z</time>
<link ></link>
<extensions>
<TrackPointExtension/></extensions></trkpt>
<trkpt lat=""27.250609919428825"" lon=""100.14509274624288"">
<ele>2433.800048828125</ele>
<time>2018-04-18T05:45:01Z</time>
<link ></link>
<extensions>
<TrackPointExtension/></extensions></trkpt>
<trkpt lat=""27.250628527253866"" lon=""100.14551871456206"">
<ele>2434.60009765625</ele>
<time>2018-04-18T05:45:51Z</time>
<link ></link>
<extensions>
<TrackPointExtension/></extensions></trkpt>
<trkpt lat=""27.251077881082892"" lon=""100.14555375091732"">
<ele>2448.39990234375</ele>
<time>2018-04-18T05:47:29Z</time>
<link ></link>
<extensions>
<TrackPointExtension/></extensions></trkpt>
<trkpt lat=""27.251050639897585"" lon=""100.14604618772864"">
<ele>2467.39990234375</ele>
<time>2018-04-18T05:51:18Z</time>
<link ></link>
<extensions>
<TrackPointExtension/></extensions></trkpt>
<trkpt lat=""27.25158791989088"" lon=""100.14637073501945"">
<ele>2457.39990234375</ele>
<time>2018-04-18T05:54:16Z</time>
<link ></link>
<extensions>
<TrackPointExtension/></extensions></trkpt>
<trkpt lat=""27.251849016174674"" lon=""100.14636780135334"">
<ele>2450.60009765625</ele>
<time>2018-04-18T05:54:52Z</time>
<link ></link>
<extensions>
<TrackPointExtension/></extensions></trkpt>
<trkpt lat=""27.25188883021474"" lon=""100.14653334394097"">
<ele>2438.0</ele>
<time>2018-04-18T05:56:10Z</time>
<link ></link>
<extensions>
<TrackPointExtension/></extensions></trkpt>
<trkpt lat=""27.251752708107233"" lon=""100.14660123735666"">
<ele>2432.60009765625</ele>
<time>2018-04-18T05:56:37Z</time>
<link ></link>
<extensions>
<TrackPointExtension/></extensions></trkpt>
<trkpt lat=""27.25184692069888"" lon=""100.14681966975331"">
<ele>2418.199951171875</ele>
<time>2018-04-18T05:57:54Z</time>
<link ></link>
<extensions>
<TrackPointExtension/></extensions></trkpt>
<trkpt lat=""27.252662731334567"" lon=""100.14771351590753"">
<ele>2398.0</ele>
<time>2018-04-18T06:00:08Z</time>
<link ></link>
<extensions>
<TrackPointExtension/></extensions></trkpt>
<trkpt lat=""27.252793656662107"" lon=""100.14834743924439"">
<ele>2391.800048828125</ele>
<time>2018-04-18T06:01:18Z</time>
<link ></link>
<extensions>
<TrackPointExtension/></extensions></trkpt>
<trkpt lat=""27.25435009226203"" lon=""100.14887558296323"">
<ele>2358.60009765625</ele>
<time>2018-04-18T06:04:44Z</time>
<link ></link>
<extensions>
<TrackPointExtension/></extensions></trkpt>
<trkpt lat=""27.254361743107438"" lon=""100.14902461320162"">
<ele>2348.60009765625</ele>
<time>2018-04-18T06:05:23Z</time>
<link ></link>
<extensions>
<TrackPointExtension/></extensions></trkpt>
<trkpt lat=""27.25478553213179"" lon=""100.1493002101779"">
<ele>2336.0</ele>
<time>2018-04-18T06:06:26Z</time>
<link ></link>
<extensions>
<TrackPointExtension/></extensions></trkpt>
<trkpt lat=""27.255239747464657"" lon=""100.14926165342331"">
<ele>2333.800048828125</ele>
<time>2018-04-18T06:07:18Z</time>
<link ></link>
<extensions>
<TrackPointExtension/></extensions></trkpt>
<trkpt lat=""27.2555691562593"" lon=""100.14903333038092"">
<ele>2327.199951171875</ele>
<time>2018-04-18T06:08:04Z</time>
<link ></link>
<extensions>
<TrackPointExtension/></extensions></trkpt>
<trkpt lat=""27.255941312760115"" lon=""100.14911287464201"">
<ele>2312.0</ele>
<time>2018-04-18T06:09:16Z</time>
<link ></link>
<extensions>
<TrackPointExtension/></extensions></trkpt>
<trkpt lat=""27.255951454862952"" lon=""100.1493073347956"">
<ele>2306.0</ele>
<time>2018-04-18T06:09:45Z</time>
<link ></link>
<extensions>
<TrackPointExtension/></extensions></trkpt>
<trkpt lat=""27.25575540214777"" lon=""100.1493742223829"">
<ele>2300.39990234375</ele>
<time>2018-04-18T06:10:17Z</time>
<link ></link>
<extensions>
<TrackPointExtension/></extensions></trkpt>
<trkpt lat=""27.255761018022895"" lon=""100.14974570833147"">
<ele>2292.199951171875</ele>
<time>2018-04-18T06:11:01Z</time>
<link ></link>
<extensions>
<TrackPointExtension/></extensions></trkpt>
<trkpt lat=""27.25641941651702"" lon=""100.15109569765627"">
<ele>2286.0</ele>
<time>2018-04-18T06:13:43Z</time>
<link ></link>
<extensions>
<TrackPointExtension/></extensions></trkpt>
<trkpt lat=""27.256386475637555"" lon=""100.15163431875408"">
<ele>2278.0</ele>
<time>2018-04-18T06:14:44Z</time>
<link ></link>
<extensions>
<TrackPointExtension/></extensions></trkpt>
<trkpt lat=""27.256585462018847"" lon=""100.15249581076205"">
<ele>2262.39990234375</ele>
<time>2018-04-18T06:20:58Z</time>
<link ></link>
<extensions>
<TrackPointExtension/></extensions></trkpt>
<trkpt lat=""27.256520753726363"" lon=""100.15395015478134"">
<ele>2239.60009765625</ele>
<time>2018-04-18T06:23:34Z</time>
<link ></link>
<extensions>
<TrackPointExtension/></extensions></trkpt>
<trkpt lat=""27.257069014012814"" lon=""100.15527818351984"">
<ele>2207.0</ele>
<time>2018-04-18T06:26:33Z</time>
<link ></link>
<extensions>
<TrackPointExtension/></extensions></trkpt>
<trkpt lat=""27.257390711456537"" lon=""100.15568378381431"">
<ele>2196.800048828125</ele>
<time>2018-04-18T06:27:37Z</time>
<link ></link>
<extensions>
<TrackPointExtension/></extensions></trkpt>
<trkpt lat=""27.257781140506268"" lon=""100.15687652863562"">
<ele>2170.800048828125</ele>
<time>2018-04-18T06:31:14Z</time>
<link ></link>
<extensions>
<TrackPointExtension/></extensions></trkpt>
<trkpt lat=""27.25721192546189"" lon=""100.15673328191042"">
<ele>2154.39990234375</ele>
<time>2018-04-18T06:33:38Z</time>
<link ></link>
<extensions>
<TrackPointExtension/></extensions></trkpt>
<trkpt lat=""27.25723983719945"" lon=""100.15686118975282"">
<ele>2151.39990234375</ele>
<time>2018-04-18T06:33:57Z</time>
<link ></link>
<extensions>
<TrackPointExtension/></extensions></trkpt>
<trkpt lat=""27.257081167772412"" lon=""100.15684417448938"">
<ele>2144.0</ele>
<time>2018-04-18T06:34:30Z</time>
<link ></link>
<extensions>
<TrackPointExtension/></extensions></trkpt>
<trkpt lat=""27.257339665666223"" lon=""100.15738279558718"">
<ele>2130.199951171875</ele>
<time>2018-04-18T06:36:07Z</time>
<link ></link>
<extensions>
<TrackPointExtension/></extensions></trkpt>
<trkpt lat=""27.2569936607033"" lon=""100.15739863738418"">
<ele>2128.800048828125</ele>
<time>2018-04-18T06:39:17Z</time>
<link ></link>
<extensions>
<TrackPointExtension/></extensions></trkpt>
<trkpt lat=""27.25621623918414"" lon=""100.15670754946768"">
<ele>2127.199951171875</ele>
<time>2018-04-18T06:40:54Z</time>
<link ></link>
<extensions>
<TrackPointExtension/></extensions></trkpt>
<trkpt lat=""27.257079323753715"" lon=""100.15762008726597"">
<ele>2119.199951171875</ele>
<time>2018-04-18T06:42:51Z</time>
<link ></link>
<extensions>
<TrackPointExtension/></extensions></trkpt>
<trkpt lat=""27.256976645439863"" lon=""100.15778764151037"">
<ele>2118.60009765625</ele>
<time>2018-04-18T06:43:17Z</time>
<link ></link>
<extensions>
<TrackPointExtension/></extensions></trkpt>
<trkpt lat=""27.256407430395484"" lon=""100.15726846642792"">
<ele>2114.0</ele>
<time>2018-04-18T06:44:23Z</time>
<link ></link>
<extensions>
<TrackPointExtension/></extensions></trkpt>
<trkpt lat=""27.255802005529404"" lon=""100.15697577036917"">
<ele>2111.39990234375</ele>
<time>2018-04-18T06:45:22Z</time>
<link ></link>
<extensions>
<TrackPointExtension/></extensions></trkpt>
<trkpt lat=""27.255844501778483"" lon=""100.15712589025497"">
<ele>2109.60009765625</ele>
<time>2018-04-18T06:45:54Z</time>
<link ></link>
<extensions>
<TrackPointExtension/></extensions></trkpt>
<trkpt lat=""27.25575255230069"" lon=""100.15697694383562"">
<ele>2108.800048828125</ele>
<time>2018-04-18T06:46:11Z</time>
<link ></link>
<extensions>
<TrackPointExtension/></extensions></trkpt>
<trkpt lat=""27.255574436858296"" lon=""100.1570210326463"">
<ele>2102.199951171875</ele>
<time>2018-04-18T06:47:22Z</time>
<link ></link>
<extensions>
<TrackPointExtension/></extensions></trkpt>
<trkpt lat=""27.255560690537095"" lon=""100.15726653859019"">
<ele>2095.39990234375</ele>
<time>2018-04-18T06:47:52Z</time>
<link ></link>
<extensions>
<TrackPointExtension/></extensions></trkpt>
<trkpt lat=""27.254970772191882"" lon=""100.15661149285734"">
<ele>2070.60009765625</ele>
<time>2018-04-18T06:52:15Z</time>
<link ></link>
<extensions>
<TrackPointExtension/></extensions></trkpt>
<trkpt lat=""27.25518710911274"" lon=""100.15761966817081"">
<ele>2066.39990234375</ele>
<time>2018-04-18T06:53:32Z</time>
<link ></link>
<extensions>
<TrackPointExtension/></extensions></trkpt>
<trkpt lat=""27.25495115853846"" lon=""100.1577015593648"">
<ele>2065.0</ele>
<time>2018-04-18T06:53:57Z</time>
<link ></link>
<extensions>
<TrackPointExtension/></extensions></trkpt>
<trkpt lat=""27.25444539450109"" lon=""100.15734893269837"">
<ele>2055.199951171875</ele>
<time>2018-04-18T07:15:24Z</time>
<link ></link>
<extensions>
<TrackPointExtension/></extensions></trkpt>
<trkpt lat=""27.254474814981222"" lon=""100.15766266733408"">
<ele>2048.39990234375</ele>
<time>2018-04-18T07:16:37Z</time>
<link ></link>
<extensions>
<TrackPointExtension/></extensions></trkpt>
<trkpt lat=""27.25421229377389"" lon=""100.15810187906027"">
<ele>2040.4000244140625</ele>
<time>2018-04-18T07:18:08Z</time>
<link ></link>
<extensions>
<TrackPointExtension/></extensions></trkpt>
<trkpt lat=""27.254375740885735"" lon=""100.15843505971134"">
<ele>2023.4000244140625</ele>
<time>2018-04-18T07:23:15Z</time>
<link ></link>
<extensions>
<TrackPointExtension/></extensions></trkpt>
<trkpt lat=""27.254201229661703"" lon=""100.15843531116843"">
<ele>2015.800048828125</ele>
<time>2018-04-18T07:24:00Z</time>
<link ></link>
<extensions>
<TrackPointExtension/></extensions></trkpt>
<trkpt lat=""27.255049142986536"" lon=""100.15899991616607"">
<ele>1993.800048828125</ele>
<time>2018-04-18T07:26:31Z</time>
<link ></link>
<extensions>
<TrackPointExtension/></extensions></trkpt>
<trkpt lat=""27.254967587068677"" lon=""100.15907476656139"">
<ele>1986.199951171875</ele>
<time>2018-04-18T07:27:09Z</time>
<link ></link>
<extensions>
<TrackPointExtension/></extensions></trkpt>
<trkpt lat=""27.25490673445165"" lon=""100.15892322175205"">
<ele>1981.5999755859375</ele>
<time>2018-04-18T07:27:32Z</time>
<link ></link>
<extensions>
<TrackPointExtension/></extensions></trkpt>
<trkpt lat=""27.254788214340806"" lon=""100.1592901814729"">
<ele>1964.800048828125</ele>
<time>2018-04-18T07:29:35Z</time>
<link ></link>
<extensions>
<TrackPointExtension/></extensions></trkpt>
<trkpt lat=""27.25446643307805"" lon=""100.15948765911162"">
<ele>1945.5999755859375</ele>
<time>2018-04-18T07:32:03Z</time>
<link ></link>
<extensions>
<TrackPointExtension/></extensions></trkpt>
<trkpt lat=""27.25443508476019"" lon=""100.15914081595838"">
<ele>1931.800048828125</ele>
<time>2018-04-18T07:33:05Z</time>
<link ></link>
<extensions>
<TrackPointExtension/></extensions></trkpt>
<trkpt lat=""27.254277421161532"" lon=""100.15940057113767"">
<ele>1922.800048828125</ele>
<time>2018-04-18T07:33:48Z</time>
<link ></link>
<extensions>
<TrackPointExtension/></extensions></trkpt>
<trkpt lat=""27.25423031486571"" lon=""100.1591606810689"">
<ele>1915.5999755859375</ele>
<time>2018-04-18T07:34:35Z</time>
<link ></link>
<extensions>
<TrackPointExtension/></extensions></trkpt>
<trkpt lat=""27.253843490034342"" lon=""100.1593123935163"">
<ele>1877.800048828125</ele>
<time>2018-04-18T07:37:30Z</time>
<link ></link>
<extensions>
<TrackPointExtension/></extensions></trkpt>
<trkpt lat=""27.25360292941332"" lon=""100.1590795442462"">
<ele>1863.4000244140625</ele>
<time>2018-04-18T07:38:39Z</time>
<link ></link>
<extensions>
<TrackPointExtension/></extensions></trkpt>
<trkpt lat=""27.253704518079758"" lon=""100.15963266603649"">
<ele>1860.5999755859375</ele>
<time>2018-04-18T07:43:38Z</time>
<link ></link>
<extensions>
<TrackPointExtension/></extensions></trkpt>
<trkpt lat=""27.25321107544005"" lon=""100.15982083976269"">
<ele>1860.5999755859375</ele>
<time>2018-04-18T07:44:34Z</time>
<link ></link>
<extensions>
<TrackPointExtension/></extensions></trkpt>
<trkpt lat=""27.252477072179317"" lon=""100.16047529876232"">
<ele>1859.0</ele>
<time>2018-04-18T07:46:03Z</time>
<link ></link>
<extensions>
<TrackPointExtension/></extensions></trkpt>
<trkpt lat=""27.25269709713757"" lon=""100.16070798039436"">
<ele>1856.800048828125</ele>
<time>2018-04-18T07:46:38Z</time>
<link ></link>
<extensions>
<TrackPointExtension/></extensions></trkpt>
<trkpt lat=""27.252603387460113"" lon=""100.16128549352288"">
<ele>1860.4000244140625</ele>
<time>2018-04-18T07:48:04Z</time>
<link ></link>
<extensions>
<TrackPointExtension/></extensions></trkpt>
<trkpt lat=""27.254119087010622"" lon=""100.163727812469"">
<ele>1860.5999755859375</ele>
<time>2018-04-18T07:50:36Z</time>
<link ></link>
<extensions>
<TrackPointExtension/></extensions></trkpt>
<trkpt lat=""27.254615714773536"" lon=""100.16378137283027"">
<ele>1860.199951171875</ele>
<time>2018-04-18T07:50:43Z</time>
<link ></link>
<extensions>
<TrackPointExtension/></extensions></trkpt>
<trkpt lat=""27.255219211801887"" lon=""100.16244881786406"">
<ele>1862.199951171875</ele>
<time>2018-04-18T07:51:27Z</time>
<link ></link>
<extensions>
<TrackPointExtension/></extensions></trkpt>
<trkpt lat=""27.255805442109704"" lon=""100.16216810792685"">
<ele>1844.199951171875</ele>
<time>2018-04-18T07:52:40Z</time>
<link ></link>
<extensions>
<TrackPointExtension/></extensions></trkpt>
<trkpt lat=""27.25568206049502"" lon=""100.162189649418"">
<ele>1837.0</ele>
<time>2018-04-18T07:53:31Z</time>
<link ></link>
<extensions>
<TrackPointExtension/></extensions></trkpt>
<trkpt lat=""27.25552909076214"" lon=""100.16152379103005"">
<ele>1825.5999755859375</ele>
<time>2018-04-18T07:54:38Z</time>
<link ></link>
<extensions>
<TrackPointExtension/></extensions></trkpt>
<trkpt lat=""27.254846803843975"" lon=""100.1607109978795"">
<ele>1813.5999755859375</ele>
<time>2018-04-18T07:56:10Z</time>
<link ></link>
<extensions>
<TrackPointExtension/></extensions></trkpt>
<trkpt lat=""27.254862478002906"" lon=""100.16096379607916"">
<ele>1798.5999755859375</ele>
<time>2018-04-18T07:57:25Z</time>
<link ></link>
<extensions>
<TrackPointExtension/></extensions></trkpt>
<trkpt lat=""27.254582103341818"" lon=""100.16133804805577"">
<ele>1789.800048828125</ele>
<time>2018-04-18T07:58:07Z</time>
<link ></link>
<extensions>
<TrackPointExtension/></extensions></trkpt>
<trkpt lat=""27.25479433313012"" lon=""100.16137056984007"">
<ele>1789.199951171875</ele>
<time>2018-04-18T07:58:25Z</time>
<link ></link>
<extensions>
<TrackPointExtension/></extensions></trkpt>
<trkpt lat=""27.25504486821592"" lon=""100.16198236495256"">
<ele>1795.0</ele>
<time>2018-04-18T08:00:08Z</time>
<link ></link>
<extensions>
<TrackPointExtension/></extensions></trkpt>
<trkpt lat=""27.255051406100392"" lon=""100.16180969774723"">
<ele>1795.4000244140625</ele>
<time>2018-04-18T08:01:06Z</time>
<link ></link>
<extensions>
<TrackPointExtension/></extensions></trkpt>
<trkpt lat=""27.255546860396862"" lon=""100.16177432611585"">
<ele>1795.5999755859375</ele>
<time>2018-04-18T08:01:37Z</time>
<link ></link>
<extensions>
<TrackPointExtension/></extensions></trkpt>
<trkpt lat=""27.255273526534438"" lon=""100.16170165501535"">
<ele>1794.800048828125</ele>
<time>2018-04-18T08:02:37Z</time>
<link ></link>
<extensions>
<TrackPointExtension/></extensions></trkpt>
<trkpt lat=""27.255202531814575"" lon=""100.16198487952352"">
<ele>1793.0</ele>
<time>2018-04-18T08:04:36Z</time>
<link ></link>
<extensions>
<TrackPointExtension/></extensions></trkpt>
<trkpt lat=""27.25512206554413"" lon=""100.16135598532856"">
<ele>1790.4000244140625</ele>
<time>2018-04-18T08:06:34Z</time>
<link ></link>
<extensions>
<TrackPointExtension/></extensions></trkpt>
<trkpt lat=""27.255340665578842"" lon=""100.16136176884174"">
<ele>1795.5999755859375</ele>
<time>2018-04-18T08:07:15Z</time>
<link ></link>
<extensions>
<TrackPointExtension/></extensions></trkpt>
<trkpt lat=""27.255468489602208"" lon=""100.16171892173588"">
<ele>1794.800048828125</ele>
<time>2018-04-18T08:08:01Z</time>
<link ></link>
<extensions>
<TrackPointExtension/></extensions></trkpt>
<trkpt lat=""27.255178978666663"" lon=""100.16166326589882"">
<ele>1794.0</ele>
<time>2018-04-18T08:08:21Z</time>
<link ></link>
<extensions>
<TrackPointExtension/></extensions></trkpt>
<trkpt lat=""27.25471269339323"" lon=""100.16199150122702"">
<ele>1791.199951171875</ele>
<time>2018-04-18T08:08:53Z</time>
<link ></link>
<extensions>
<TrackPointExtension/></extensions></trkpt>
<trkpt lat=""27.254670364782214"" lon=""100.16228880733252"">
<ele>1792.5999755859375</ele>
<time>2018-04-18T08:09:32Z</time>
<link ></link>
<extensions>
<TrackPointExtension/></extensions></trkpt>
<trkpt lat=""27.25526623427868"" lon=""100.16230892390013"">
<ele>1793.199951171875</ele>
<time>2018-04-18T08:09:56Z</time>
<link ></link>
<extensions>
<TrackPointExtension/></extensions></trkpt>
<trkpt lat=""27.254868345335126"" lon=""100.1621655933559"">
<ele>1793.4000244140625</ele>
<time>2018-04-18T08:10:40Z</time>
<link ></link>
<extensions>
<TrackPointExtension/></extensions></trkpt>
<trkpt lat=""27.25523983128369"" lon=""100.16240707598627"">
<ele>1796.800048828125</ele>
<time>2018-04-18T08:11:14Z</time>
<link ></link>
<extensions>
<TrackPointExtension/></extensions></trkpt>
<trkpt lat=""27.254712358117104"" lon=""100.16307603567839"">
<ele>1802.0</ele>
<time>2018-04-18T08:13:56Z</time>
<link ></link>
<extensions>
<TrackPointExtension/></extensions></trkpt>
<trkpt lat=""27.254478335380554"" lon=""100.16301644034684"">
<ele>1807.199951171875</ele>
<time>2018-04-18T08:14:25Z</time>
<link ></link>
<extensions>
<TrackPointExtension/></extensions></trkpt>
<trkpt lat=""27.254527872428298"" lon=""100.1631704159081"">
<ele>1809.800048828125</ele>
<time>2018-04-18T08:14:45Z</time>
<link ></link>
<extensions>
<TrackPointExtension/></extensions></trkpt>
<trkpt lat=""27.255338821560144"" lon=""100.16287025995553"">
<ele>1825.800048828125</ele>
<time>2018-04-18T08:16:26Z</time>
<link ></link>
<extensions>
<TrackPointExtension/></extensions></trkpt>
<trkpt lat=""27.255809465423226"" lon=""100.16314434818923"">
<ele>1839.0</ele>
<time>2018-04-18T08:17:59Z</time>
<link ></link>
<extensions>
<TrackPointExtension/></extensions></trkpt>
<trkpt lat=""27.256594765931368"" lon=""100.16310914419591"">
<ele>1839.4000244140625</ele>
<time>2018-04-18T08:19:22Z</time>
<link ></link>
<extensions>
<TrackPointExtension/></extensions></trkpt>
<trkpt lat=""27.25665737874806"" lon=""100.16322498209774"">
<ele>1839.0</ele>
<time>2018-04-18T08:20:20Z</time>
<link ></link>
<extensions>
<TrackPointExtension/></extensions></trkpt>
<trkpt lat=""27.256346493959427"" lon=""100.16291133128107"">
<ele>1839.5999755859375</ele>
<time>2018-04-18T08:21:46Z</time>
<link ></link>
<extensions>
<TrackPointExtension/></extensions></trkpt>
<trkpt lat=""27.25642243400216"" lon=""100.16280295327306"">
<ele>1838.5999755859375</ele>
<time>2018-04-18T08:22:02Z</time>
<link ></link>
<extensions>
<TrackPointExtension/></extensions></trkpt>
<trkpt lat=""27.25635747425258"" lon=""100.16294485889375"">
<ele>1836.0</ele>
<time>2018-04-18T08:22:27Z</time>
<link ></link>
<extensions>
<TrackPointExtension/></extensions></trkpt>
<trkpt lat=""27.25572606548667"" lon=""100.16292692162097"">
<ele>1845.5999755859375</ele>
<time>2018-04-18T08:23:16Z</time>
<link ></link>
<extensions>
<TrackPointExtension/></extensions></trkpt>
<trkpt lat=""27.255078479647636"" lon=""100.1624637376517"">
<ele>1845.800048828125</ele>
<time>2018-04-18T08:23:39Z</time>
<link ></link>
<extensions>
<TrackPointExtension/></extensions></trkpt>
<trkpt lat=""27.2549301199615"" lon=""100.16250221058726"">
<ele>1845.4000244140625</ele>
<time>2018-04-18T08:23:45Z</time>
<link ></link>
<extensions>
<TrackPointExtension/></extensions></trkpt>
<trkpt lat=""27.255103960633278"" lon=""100.1628683321178"">
<ele>1846.4000244140625</ele>
<time>2018-04-18T08:24:04Z</time>
<link ></link>
<extensions>
<TrackPointExtension/></extensions></trkpt>
<trkpt lat=""27.25453088991344"" lon=""100.16328508034348"">
<ele>1846.199951171875</ele>
<time>2018-04-18T08:24:27Z</time>
<link ></link>
<extensions>
<TrackPointExtension/></extensions></trkpt>
<trkpt lat=""27.253855392336845"" lon=""100.163249457255"">
<ele>1845.4000244140625</ele>
<time>2018-04-18T08:24:50Z</time>
<link ></link>
<extensions>
<TrackPointExtension/></extensions></trkpt>
<trkpt lat=""27.25417130626738"" lon=""100.16367249190807"">
<ele>1844.4000244140625</ele>
<time>2018-04-18T08:25:34Z</time>
<link ></link>
<extensions>
<TrackPointExtension/></extensions></trkpt>
<trkpt lat=""27.253878191113472"" lon=""100.1638147328049"">
<ele>1845.4000244140625</ele>
<time>2018-04-18T08:26:04Z</time>
<link ></link>
<extensions>
<TrackPointExtension/></extensions></trkpt>
<trkpt lat=""27.254150519147515"" lon=""100.16360032372177"">
<ele>1845.800048828125</ele>
<time>2018-04-18T08:26:28Z</time>
<link ></link>
<extensions>
<TrackPointExtension/></extensions></trkpt>
<trkpt lat=""27.254430390894413"" lon=""100.1637122221291"">
<ele>1845.800048828125</ele>
<time>2018-04-18T08:26:56Z</time>
<link ></link>
<extensions>
<TrackPointExtension/></extensions></trkpt>
<trkpt lat=""27.254673969000578"" lon=""100.16361465677619"">
<ele>1849.199951171875</ele>
<time>2018-04-18T08:27:20Z</time>
<link ></link>
<extensions>
<TrackPointExtension/></extensions></trkpt>
<trkpt lat=""27.254404155537486"" lon=""100.16448176465929"">
<ele>1851.800048828125</ele>
<time>2018-04-18T08:27:37Z</time>
<link ></link>
<extensions>
<TrackPointExtension/></extensions></trkpt>
<trkpt lat=""27.254984518513083"" lon=""100.16514318063855"">
<ele>1849.199951171875</ele>
<time>2018-04-18T08:28:37Z</time>
<link ></link>
<extensions>
<TrackPointExtension/></extensions></trkpt>
<trkpt lat=""27.255879286676645"" lon=""100.16566176898777"">
<ele>1851.800048828125</ele>
<time>2018-04-18T08:30:06Z</time>
<link ></link>
<extensions>
<TrackPointExtension/></extensions></trkpt>
<trkpt lat=""27.25596746429801"" lon=""100.16598916612566"">
<ele>1852.0</ele>
<time>2018-04-18T08:30:48Z</time>
<link ></link>
<extensions>
<TrackPointExtension/></extensions></trkpt>
<trkpt lat=""27.256332077085972"" lon=""100.16625026240945"">
<ele>1850.199951171875</ele>
<time>2018-04-18T08:31:33Z</time>
<link ></link>
<extensions>
<TrackPointExtension/></extensions></trkpt>
<trkpt lat=""27.256820239126682"" lon=""100.16637615859509"">
<ele>1861.0</ele>
<time>2018-04-18T08:33:14Z</time>
<link ></link>
<extensions>
<TrackPointExtension/></extensions></trkpt>
<trkpt lat=""27.257373863831162"" lon=""100.16620474867523"">
<ele>1863.0</ele>
<time>2018-04-18T08:33:47Z</time>
<link ></link>
<extensions>
<TrackPointExtension/></extensions></trkpt>
<trkpt lat=""27.257586596533656"" lon=""100.16639208421111"">
<ele>1863.800048828125</ele>
<time>2018-04-18T08:34:37Z</time>
<link ></link>
<extensions>
<TrackPointExtension/></extensions></trkpt>
<trkpt lat=""27.257342766970396"" lon=""100.16661965288222"">
<ele>1859.5999755859375</ele>
<time>2018-04-18T08:35:23Z</time>
<link ></link>
<extensions>
<TrackPointExtension/></extensions></trkpt>
<trkpt lat=""27.257950538769364"" lon=""100.16721443273127"">
<ele>1854.0</ele>
<time>2018-04-18T08:37:46Z</time>
<link ></link>
<extensions>
<TrackPointExtension/></extensions></trkpt>
<trkpt lat=""27.25762783549726"" lon=""100.16749355010688"">
<ele>1847.5999755859375</ele>
<time>2018-04-18T08:38:49Z</time>
<link ></link>
<extensions>
<TrackPointExtension/></extensions></trkpt>
<trkpt lat=""27.257817769423127"" lon=""100.16810626722872"">
<ele>1845.199951171875</ele>
<time>2018-04-18T08:40:58Z</time>
<link ></link>
<extensions>
<TrackPointExtension/></extensions></trkpt>
<trkpt lat=""27.257694639265537"" lon=""100.16821078956127"">
<ele>1844.800048828125</ele>
<time>2018-04-18T08:42:40Z</time>
<link ></link>
<extensions>
<TrackPointExtension/></extensions></trkpt>
<trkpt lat=""27.257887423038483"" lon=""100.1682005636394"">
<ele>1844.800048828125</ele>
<time>2018-04-18T08:43:06Z</time>
<link ></link>
<extensions>
<TrackPointExtension/></extensions></trkpt>
<trkpt lat=""27.25766454823315"" lon=""100.16820726916194"">
<ele>1845.199951171875</ele>
<time>2018-04-18T08:45:01Z</time>
<link ></link>
<extensions>
<TrackPointExtension/></extensions></trkpt>
<trkpt lat=""27.257776698097587"" lon=""100.1682042516768"">
<ele>1844.4000244140625</ele>
<time>2018-04-18T08:45:22Z</time>
<link ></link>
<extensions>
<TrackPointExtension/></extensions></trkpt>
<trkpt lat=""27.25784576497972"" lon=""100.16866098158062"">
<ele>1843.800048828125</ele>
<time>2018-04-18T08:46:36Z</time>
<link ></link>
<extensions>
<TrackPointExtension/></extensions></trkpt>
<trkpt lat=""27.259632954373956"" lon=""100.16981340944767"">
<ele>1868.800048828125</ele>
<time>2018-04-18T08:52:21Z</time>
<link ></link>
<extensions>
<TrackPointExtension/></extensions></trkpt>
<trkpt lat=""27.260317336767912"" lon=""100.16981969587505"">
<ele>1872.4000244140625</ele>
<time>2018-04-18T08:54:25Z</time>
<link ></link>
<extensions>
<TrackPointExtension/></extensions></trkpt>
<trkpt lat=""27.26076576858759"" lon=""100.17008054070175"">
<ele>1877.199951171875</ele>
<time>2018-04-18T08:55:42Z</time>
<link ></link>
<extensions>
<TrackPointExtension/></extensions></trkpt>
<trkpt lat=""27.260932149365544"" lon=""100.16991055570543"">
<ele>1885.4000244140625</ele>
<time>2018-04-18T08:57:23Z</time>
<link ></link>
<extensions>
<TrackPointExtension/></extensions></trkpt>
<trkpt lat=""27.26116851903498"" lon=""100.17048077657819"">
<ele>1897.199951171875</ele>
<time>2018-04-18T08:59:12Z</time>
<link ></link>
<extensions>
<TrackPointExtension/></extensions></trkpt>
<trkpt lat=""27.26142106577754"" lon=""100.17054942436516"">
<ele>1904.199951171875</ele>
<time>2018-04-18T09:00:04Z</time>
<link ></link>
<extensions>
<TrackPointExtension/></extensions></trkpt>
<trkpt lat=""27.26239546202123"" lon=""100.17154988832772"">
<ele>1921.5999755859375</ele>
<time>2018-04-18T09:03:35Z</time>
<link ></link>
<extensions>
<TrackPointExtension/></extensions></trkpt>
<trkpt lat=""27.26292746141553"" lon=""100.17150244675577"">
<ele>1921.800048828125</ele>
<time>2018-04-18T09:04:38Z</time>
<link ></link>
<extensions>
<TrackPointExtension/></extensions></trkpt>
<trkpt lat=""27.264170665293932"" lon=""100.17193864099681"">
<ele>1926.199951171875</ele>
<time>2018-04-18T09:07:34Z</time>
<link ></link>
<extensions>
<TrackPointExtension/></extensions></trkpt>
<trkpt lat=""27.26498857140541"" lon=""100.17198759131134"">
<ele>1923.800048828125</ele>
<time>2018-04-18T09:09:15Z</time>
<link ></link>
<extensions>
<TrackPointExtension/></extensions></trkpt>
<trkpt lat=""27.266796631738544"" lon=""100.17200418747962"">
<ele>1944.800048828125</ele>
<time>2018-04-18T09:15:16Z</time>
<link ></link>
<extensions>
<TrackPointExtension/></extensions></trkpt>
<trkpt lat=""27.26747950538993"" lon=""100.17174242064357"">
<ele>1945.199951171875</ele>
<time>2018-04-18T09:16:39Z</time>
<link ></link>
<extensions>
<TrackPointExtension/></extensions></trkpt>
<trkpt lat=""27.26864400319755"" lon=""100.17216788604856"">
<ele>1947.4000244140625</ele>
<time>2018-04-18T09:19:10Z</time>
<link ></link>
<extensions>
<TrackPointExtension/></extensions></trkpt>
<trkpt lat=""27.27001352235675"" lon=""100.17183587886393"">
<ele>1949.199951171875</ele>
<time>2018-04-18T09:22:53Z</time>
<link ></link>
<extensions>
<TrackPointExtension/></extensions></trkpt>
<trkpt lat=""27.27048165164888"" lon=""100.17224499955773"">
<ele>1944.4000244140625</ele>
<time>2018-04-18T09:23:49Z</time>
<link ></link>
<extensions>
<TrackPointExtension/></extensions></trkpt>
<trkpt lat=""27.271130327135324"" lon=""100.17221549525857"">
<ele>1944.5999755859375</ele>
<time>2018-04-18T09:24:51Z</time>
<link ></link>
<extensions>
<TrackPointExtension/></extensions></trkpt>
<trkpt lat=""27.27203942835331"" lon=""100.17324940301478"">
<ele>1946.800048828125</ele>
<time>2018-04-18T09:28:34Z</time>
<link ></link>
<extensions>
<TrackPointExtension/></extensions></trkpt>
<trkpt lat=""27.27230127900839"" lon=""100.17322073690593"">
<ele>1951.800048828125</ele>
<time>2018-04-18T09:29:14Z</time>
<link ></link>
<extensions>
<TrackPointExtension/></extensions></trkpt>
<trkpt lat=""27.272446285933256"" lon=""100.17280247993767"">
<ele>1959.5999755859375</ele>
<time>2018-04-18T09:30:20Z</time>
<link ></link>
<extensions>
<TrackPointExtension/></extensions></trkpt>
<trkpt lat=""27.2735992167145"" lon=""100.17295285128057"">
<ele>1975.199951171875</ele>
<time>2018-04-18T09:32:53Z</time>
<link ></link>
<extensions>
<TrackPointExtension/></extensions></trkpt>
<trkpt lat=""27.27375947870314"" lon=""100.17264481633902"">
<ele>1979.4000244140625</ele>
<time>2018-04-18T09:33:30Z</time>
<link ></link>
<extensions>
<TrackPointExtension/></extensions></trkpt>
<trkpt lat=""27.273510117083788"" lon=""100.17228816635907"">
<ele>1983.800048828125</ele>
<time>2018-04-18T09:34:22Z</time>
<link ></link>
<extensions>
<TrackPointExtension/></extensions></trkpt>
<trkpt lat=""27.27372075431049"" lon=""100.17209957353771"">
<ele>1988.199951171875</ele>
<time>2018-04-18T09:34:56Z</time>
<link ></link>
<extensions>
<TrackPointExtension/></extensions></trkpt>
<trkpt lat=""27.27414454333484"" lon=""100.17226955853403"">
<ele>1998.199951171875</ele>
<time>2018-04-18T09:36:16Z</time>
<link ></link>
<extensions>
<TrackPointExtension/></extensions></trkpt>
<trkpt lat=""27.274051420390606"" lon=""100.17194115556777"">
<ele>2002.5999755859375</ele>
<time>2018-04-18T09:37:05Z</time>
<link ></link>
<extensions>
<TrackPointExtension/></extensions></trkpt>
<trkpt lat=""27.27447126992047"" lon=""100.17228414304554"">
<ele>2015.0</ele>
<time>2018-04-18T09:38:27Z</time>
<link ></link>
<extensions>
<TrackPointExtension/></extensions></trkpt>
<trkpt lat=""27.2745369002223"" lon=""100.17211122438312"">
<ele>2017.199951171875</ele>
<time>2018-04-18T09:40:03Z</time>
<link ></link>
<extensions>
<TrackPointExtension/></extensions></trkpt>
<trkpt lat=""27.27418360300362"" lon=""100.17135224305093"">
<ele>2029.199951171875</ele>
<time>2018-04-18T09:42:24Z</time>
<link ></link>
<extensions>
<TrackPointExtension/></extensions></trkpt></trkseg></trk></gpx>",T2 - Mountain hike,1789.199951171875,http://www.hikr.org/tour/post131663.html,1049.019848632813,Gorges du Tigre / 虎跳 山峡 : en traversée du Naxi lodge au Walnut Garden,22046.33922779262
5afb22a28f80884aaad9c725,53094.8618556861,Bertrand,2018-04-13 02:48:49,4432.89,"{'min': {'type': 'Point', 'coordinates': [99.99922323971987, 27.789898216724396]}, 'max': {'type': 'Point', 'coordinates': [99.840575940907, 27.673675]}}",1815.90104882812,62177.0,2018-04-17 04:08:14,1.2676291365353518,"<?xml version=""1.0"" encoding=""UTF-8""?>
<gpx xmlns:xsi=""http://www.w3.org/2001/XMLSchema-instance"" xmlns=""http://www.topografix.com/GPX/1/1"" xsi:schemaLocation=""http://www.topografix.com/GPX/1/1 http://www.topografix.com/GPX/1/1/gpx.xsd"" version=""1.1"" creator=""MyGPSFiles"">
<metadata>
<author>
<link ></link></author>
<copyright ></copyright>
<link ></link></metadata>
<trk>
<name>Tian Bao Shan J1</name>
<desc>Total: 56.5km</desc>
<link ></link>
<trkseg>
<trkpt lat=""27.71073273383081"" lon=""99.99920739792287"">
<ele>3505.199951171875</ele>
<time>2018-04-13T02:48:49Z</time>
<link ></link></trkpt>
<trkpt lat=""27.71024750545621"" lon=""99.99922323971987"">
<ele>3507.39990234375</ele>
<time>2018-04-13T03:09:29Z</time>
<link ></link></trkpt>
<trkpt lat=""27.709882138296962"" lon=""99.99901880510151"">
<ele>3510.39990234375</ele>
<time>2018-04-13T03:10:10Z</time>
<link ></link></trkpt>
<trkpt lat=""27.709609307348728"" lon=""99.99920094385743"">
<ele>3516.199951171875</ele>
<time>2018-04-13T03:10:57Z</time>
<link ></link></trkpt>
<trkpt lat=""27.709179734811187"" lon=""99.99847624450922"">
<ele>3518.199951171875</ele>
<time>2018-04-13T03:12:40Z</time>
<link ></link></trkpt>
<trkpt lat=""27.709069261327386"" lon=""99.99775640666485"">
<ele>3523.39990234375</ele>
<time>2018-04-13T03:13:40Z</time>
<link ></link></trkpt>
<trkpt lat=""27.708376497030258"" lon=""99.99678368680179"">
<ele>3520.39990234375</ele>
<time>2018-04-13T03:15:09Z</time>
<link ></link></trkpt>
<trkpt lat=""27.708165189251304"" lon=""99.99578263610601"">
<ele>3522.199951171875</ele>
<time>2018-04-13T03:16:39Z</time>
<link ></link></trkpt>
<trkpt lat=""27.70764417015016"" lon=""99.99535063281655"">
<ele>3533.199951171875</ele>
<time>2018-04-13T03:18:06Z</time>
<link ></link></trkpt>
<trkpt lat=""27.707218201830983"" lon=""99.99527854844928"">
<ele>3544.0</ele>
<time>2018-04-13T03:19:17Z</time>
<link ></link></trkpt>
<trkpt lat=""27.707047294825315"" lon=""99.9950389098376"">
<ele>3550.800048828125</ele>
<time>2018-04-13T03:21:09Z</time>
<link ></link></trkpt>
<trkpt lat=""27.705597644671798"" lon=""99.99457513913512"">
<ele>3572.39990234375</ele>
<time>2018-04-13T03:24:00Z</time>
<link ></link></trkpt>
<trkpt lat=""27.705551711842418"" lon=""99.99433005228639"">
<ele>3575.0</ele>
<time>2018-04-13T03:24:27Z</time>
<link ></link></trkpt>
<trkpt lat=""27.704937402158976"" lon=""99.99393861740828"">
<ele>3590.800048828125</ele>
<time>2018-04-13T03:27:15Z</time>
<link ></link></trkpt>
<trkpt lat=""27.704770267009735"" lon=""99.99325163662434"">
<ele>3613.0</ele>
<time>2018-04-13T03:29:31Z</time>
<link ></link></trkpt>
<trkpt lat=""27.70406342111528"" lon=""99.99295768328011"">
<ele>3629.800048828125</ele>
<time>2018-04-13T03:48:54Z</time>
<link ></link></trkpt>
<trkpt lat=""27.704077418893576"" lon=""99.99264688231051"">
<ele>3637.39990234375</ele>
<time>2018-04-13T03:56:08Z</time>
<link ></link></trkpt>
<trkpt lat=""27.703817328438163"" lon=""99.99215352348983"">
<ele>3653.0</ele>
<time>2018-04-13T03:58:03Z</time>
<link ></link></trkpt>
<trkpt lat=""27.702881740406156"" lon=""99.99144734814763"">
<ele>3673.800048828125</ele>
<time>2018-04-13T04:01:11Z</time>
<link ></link></trkpt>
<trkpt lat=""27.70247588865459"" lon=""99.99152957461774"">
<ele>3685.199951171875</ele>
<time>2018-04-13T04:02:38Z</time>
<link ></link></trkpt>
<trkpt lat=""27.701854035258293"" lon=""99.99079154804349"">
<ele>3703.199951171875</ele>
<time>2018-04-13T04:04:50Z</time>
<link ></link></trkpt>
<trkpt lat=""27.701740209013224"" lon=""99.99040950089693"">
<ele>3710.39990234375</ele>
<time>2018-04-13T04:05:42Z</time>
<link ></link></trkpt>
<trkpt lat=""27.701331842690706"" lon=""99.99012719839811"">
<ele>3714.39990234375</ele>
<time>2018-04-13T04:08:06Z</time>
<link ></link></trkpt>
<trkpt lat=""27.701588748022914"" lon=""99.98999895527959"">
<ele>3716.0</ele>
<time>2018-04-13T04:10:33Z</time>
<link ></link></trkpt>
<trkpt lat=""27.701585981994867"" lon=""99.98956913128495"">
<ele>3723.39990234375</ele>
<time>2018-04-13T04:11:47Z</time>
<link ></link></trkpt>
<trkpt lat=""27.70087670534849"" lon=""99.9880036432296"">
<ele>3743.800048828125</ele>
<time>2018-04-13T04:15:11Z</time>
<link ></link></trkpt>
<trkpt lat=""27.700735218822956"" lon=""99.98720308765769"">
<ele>3748.800048828125</ele>
<time>2018-04-13T04:16:30Z</time>
<link ></link></trkpt>
<trkpt lat=""27.700437493622303"" lon=""99.98676605522633"">
<ele>3753.199951171875</ele>
<time>2018-04-13T04:17:21Z</time>
<link ></link></trkpt>
<trkpt lat=""27.70013683475554"" lon=""99.98579040169716"">
<ele>3755.800048828125</ele>
<time>2018-04-13T04:18:42Z</time>
<link ></link></trkpt>
<trkpt lat=""27.699650935828686"" lon=""99.98515128158033"">
<ele>3755.39990234375</ele>
<time>2018-04-13T04:20:00Z</time>
<link ></link></trkpt>
<trkpt lat=""27.699177358299494"" lon=""99.98487442731857"">
<ele>3754.0</ele>
<time>2018-04-13T04:20:52Z</time>
<link ></link></trkpt>
<trkpt lat=""27.698774775490165"" lon=""99.98400782234967"">
<ele>3762.800048828125</ele>
<time>2018-04-13T04:23:23Z</time>
<link ></link></trkpt>
<trkpt lat=""27.698269598186016"" lon=""99.9838194809854"">
<ele>3769.39990234375</ele>
<time>2018-04-13T04:24:46Z</time>
<link ></link></trkpt>
<trkpt lat=""27.697808258235455"" lon=""99.98322444967926"">
<ele>3781.60009765625</ele>
<time>2018-04-13T04:26:44Z</time>
<link ></link></trkpt>
<trkpt lat=""27.698189383372664"" lon=""99.98307801783085"">
<ele>3799.0</ele>
<time>2018-04-13T04:28:59Z</time>
<link ></link></trkpt>
<trkpt lat=""27.698104893788695"" lon=""99.98295438475907"">
<ele>3800.39990234375</ele>
<time>2018-04-13T04:29:12Z</time>
<link ></link></trkpt>
<trkpt lat=""27.698306310921907"" lon=""99.98285028152168"">
<ele>3802.800048828125</ele>
<time>2018-04-13T04:29:37Z</time>
<link ></link></trkpt>
<trkpt lat=""27.6981944963336"" lon=""99.98250905424356"">
<ele>3812.60009765625</ele>
<time>2018-04-13T04:34:02Z</time>
<link ></link></trkpt>
<trkpt lat=""27.698483085259795"" lon=""99.98197177425027"">
<ele>3821.0</ele>
<time>2018-04-13T04:36:32Z</time>
<link ></link></trkpt>
<trkpt lat=""27.69850722514093"" lon=""99.98112168163061"">
<ele>3836.199951171875</ele>
<time>2018-04-13T04:38:53Z</time>
<link ></link></trkpt>
<trkpt lat=""27.698766812682152"" lon=""99.98081808909774"">
<ele>3846.60009765625</ele>
<time>2018-04-13T04:40:29Z</time>
<link ></link></trkpt>
<trkpt lat=""27.698654243722558"" lon=""99.98056260868907"">
<ele>3854.199951171875</ele>
<time>2018-04-13T04:41:35Z</time>
<link ></link></trkpt>
<trkpt lat=""27.69885364919901"" lon=""99.98042430728674"">
<ele>3859.800048828125</ele>
<time>2018-04-13T04:42:19Z</time>
<link ></link></trkpt>
<trkpt lat=""27.69839440472424"" lon=""99.9792880564928"">
<ele>3894.60009765625</ele>
<time>2018-04-13T04:48:12Z</time>
<link ></link></trkpt>
<trkpt lat=""27.697933735325933"" lon=""99.97884532436728"">
<ele>3912.800048828125</ele>
<time>2018-04-13T04:50:47Z</time>
<link ></link></trkpt>
<trkpt lat=""27.698032641783357"" lon=""99.97746767476201"">
<ele>3939.0</ele>
<time>2018-04-13T04:56:14Z</time>
<link ></link></trkpt>
<trkpt lat=""27.697880007326603"" lon=""99.97722493484616"">
<ele>3946.60009765625</ele>
<time>2018-04-13T04:57:12Z</time>
<link ></link></trkpt>
<trkpt lat=""27.69761991687119"" lon=""99.97505133971572"">
<ele>3968.800048828125</ele>
<time>2018-04-13T05:03:32Z</time>
<link ></link></trkpt>
<trkpt lat=""27.69777380861342"" lon=""99.97430208139122"">
<ele>3970.0</ele>
<time>2018-04-13T05:04:56Z</time>
<link ></link></trkpt>
<trkpt lat=""27.698419215157628"" lon=""99.9729991145432"">
<ele>3972.199951171875</ele>
<time>2018-04-13T05:08:05Z</time>
<link ></link></trkpt>
<trkpt lat=""27.698465986177325"" lon=""99.97248781844974"">
<ele>3975.199951171875</ele>
<time>2018-04-13T05:08:52Z</time>
<link ></link></trkpt>
<trkpt lat=""27.698984406888485"" lon=""99.97120656073093"">
<ele>3969.800048828125</ele>
<time>2018-04-13T05:11:00Z</time>
<link ></link></trkpt>
<trkpt lat=""27.699070489034057"" lon=""99.97059551998973"">
<ele>3969.60009765625</ele>
<time>2018-04-13T05:12:07Z</time>
<link ></link></trkpt>
<trkpt lat=""27.69889773800969"" lon=""99.97001440264285"">
<ele>3959.800048828125</ele>
<time>2018-04-13T05:13:21Z</time>
<link ></link></trkpt>
<trkpt lat=""27.698996728286147"" lon=""99.9697304237634"">
<ele>3955.60009765625</ele>
<time>2018-04-13T05:14:46Z</time>
<link ></link></trkpt>
<trkpt lat=""27.699170568957925"" lon=""99.96978507377207"">
<ele>3950.800048828125</ele>
<time>2018-04-13T05:35:22Z</time>
<link ></link></trkpt>
<trkpt lat=""27.699454966932535"" lon=""99.96954057365656"">
<ele>3947.39990234375</ele>
<time>2018-04-13T05:36:02Z</time>
<link ></link></trkpt>
<trkpt lat=""27.699845731258392"" lon=""99.96882216073573"">
<ele>3945.199951171875</ele>
<time>2018-04-13T05:37:12Z</time>
<link ></link></trkpt>
<trkpt lat=""27.70015485584736"" lon=""99.96752070263028"">
<ele>3943.800048828125</ele>
<time>2018-04-13T05:39:07Z</time>
<link ></link></trkpt>
<trkpt lat=""27.699731653556228"" lon=""99.96576569974422"">
<ele>3950.0</ele>
<time>2018-04-13T05:42:17Z</time>
<link ></link></trkpt>
<trkpt lat=""27.699265284463763"" lon=""99.96480119414628"">
<ele>3941.199951171875</ele>
<time>2018-04-13T05:44:16Z</time>
<link ></link></trkpt>
<trkpt lat=""27.69818225875497"" lon=""99.96360677294433"">
<ele>3934.800048828125</ele>
<time>2018-04-13T05:47:03Z</time>
<link ></link></trkpt>
<trkpt lat=""27.697067549452186"" lon=""99.96189594268799"">
<ele>3928.0</ele>
<time>2018-04-13T05:50:32Z</time>
<link ></link></trkpt>
<trkpt lat=""27.696733446791768"" lon=""99.96060722507536"">
<ele>3915.800048828125</ele>
<time>2018-04-13T05:53:05Z</time>
<link ></link></trkpt>
<trkpt lat=""27.69599382765591"" lon=""99.95913058519363"">
<ele>3907.0</ele>
<time>2018-04-13T05:55:37Z</time>
<link ></link></trkpt>
<trkpt lat=""27.694873670116067"" lon=""99.95750164613128"">
<ele>3904.199951171875</ele>
<time>2018-04-13T05:58:26Z</time>
<link ></link></trkpt>
<trkpt lat=""27.69390589557588"" lon=""99.95564832352102"">
<ele>3902.800048828125</ele>
<time>2018-04-13T06:01:37Z</time>
<link ></link></trkpt>
<trkpt lat=""27.693002074956894"" lon=""99.95316820219159"">
<ele>3909.199951171875</ele>
<time>2018-04-13T06:05:44Z</time>
<link ></link></trkpt>
<trkpt lat=""27.692868718877435"" lon=""99.95153850875795"">
<ele>3918.39990234375</ele>
<time>2018-04-13T06:08:13Z</time>
<link ></link></trkpt>
<trkpt lat=""27.69311623647809"" lon=""99.95060635730624"">
<ele>3930.0</ele>
<time>2018-04-13T06:10:18Z</time>
<link ></link></trkpt>
<trkpt lat=""27.693533152341843"" lon=""99.94984653778374"">
<ele>3932.800048828125</ele>
<time>2018-04-13T06:11:55Z</time>
<link ></link></trkpt>
<trkpt lat=""27.694883476942778"" lon=""99.94892000220716"">
<ele>3935.199951171875</ele>
<time>2018-04-13T06:14:39Z</time>
<link ></link></trkpt>
<trkpt lat=""27.695724349468946"" lon=""99.94808281771839"">
<ele>3956.800048828125</ele>
<time>2018-04-13T06:17:43Z</time>
<link ></link></trkpt>
<trkpt lat=""27.69599139690399"" lon=""99.94743925519288"">
<ele>3969.39990234375</ele>
<time>2018-04-13T06:19:40Z</time>
<link ></link></trkpt>
<trkpt lat=""27.696627331897616"" lon=""99.9465555511415"">
<ele>3976.60009765625</ele>
<time>2018-04-13T06:23:58Z</time>
<link ></link></trkpt>
<trkpt lat=""27.69719730131328"" lon=""99.94622488506138"">
<ele>3976.0</ele>
<time>2018-04-13T06:25:49Z</time>
<link ></link></trkpt>
<trkpt lat=""27.698317039757967"" lon=""99.94469837285578"">
<ele>3957.0</ele>
<time>2018-04-13T06:29:04Z</time>
<link ></link></trkpt>
<trkpt lat=""27.70021788775921"" lon=""99.94294563308358"">
<ele>3931.0</ele>
<time>2018-04-13T06:37:19Z</time>
<link ></link></trkpt>
<trkpt lat=""27.699971962720156"" lon=""99.94246233254671"">
<ele>3924.39990234375</ele>
<time>2018-04-13T06:38:30Z</time>
<link ></link></trkpt>
<trkpt lat=""27.699117343872786"" lon=""99.9420621804893"">
<ele>3930.60009765625</ele>
<time>2018-04-13T06:40:21Z</time>
<link ></link></trkpt>
<trkpt lat=""27.69899882376194"" lon=""99.9419606756419"">
<ele>3932.39990234375</ele>
<time>2018-04-13T06:41:15Z</time>
<link ></link></trkpt>
<trkpt lat=""27.69906328059733"" lon=""99.94181617163122"">
<ele>3932.60009765625</ele>
<time>2018-04-13T06:45:07Z</time>
<link ></link></trkpt>
<trkpt lat=""27.69895926117897"" lon=""99.94183888658881"">
<ele>3936.800048828125</ele>
<time>2018-04-13T06:56:03Z</time>
<link ></link></trkpt>
<trkpt lat=""27.699069986119866"" lon=""99.94180200621486"">
<ele>3935.800048828125</ele>
<time>2018-04-13T07:01:30Z</time>
<link ></link></trkpt>
<trkpt lat=""27.69889673218131"" lon=""99.9420883320272"">
<ele>3937.800048828125</ele>
<time>2018-04-13T07:20:04Z</time>
<link ></link></trkpt>
<trkpt lat=""27.69896311685443"" lon=""99.94176085107028"">
<ele>3939.199951171875</ele>
<time>2018-04-13T07:21:40Z</time>
<link ></link></trkpt></trkseg></trk>
<trk>
<name>D2 到阿布基</name>
<link ></link>
<trkseg>
<trkpt lat=""27.699059"" lon=""99.941852"">
<ele>3956.14</ele>
<time>2018-04-14T01:38:00Z</time>
<link ></link></trkpt>
<trkpt lat=""27.699748"" lon=""99.941555"">
<ele>3952.99</ele>
<time>2018-04-14T01:40:10Z</time>
<link ></link></trkpt>
<trkpt lat=""27.700398"" lon=""99.940422"">
<ele>3968.73</ele>
<time>2018-04-14T01:44:09Z</time>
<link ></link></trkpt>
<trkpt lat=""27.700866"" lon=""99.939127"">
<ele>3985.12</ele>
<time>2018-04-14T01:55:29Z</time>
<link ></link></trkpt>
<trkpt lat=""27.701031"" lon=""99.937035"">
<ele>3987.56</ele>
<time>2018-04-14T01:58:44Z</time>
<link ></link></trkpt>
<trkpt lat=""27.700661"" lon=""99.935694"">
<ele>3996.96</ele>
<time>2018-04-14T02:01:13Z</time>
<link ></link></trkpt>
<trkpt lat=""27.700789"" lon=""99.934014"">
<ele>4002.8</ele>
<time>2018-04-14T02:03:54Z</time>
<link ></link></trkpt>
<trkpt lat=""27.700619"" lon=""99.932112"">
<ele>4017.3</ele>
<time>2018-04-14T02:06:48Z</time>
<link ></link></trkpt>
<trkpt lat=""27.700793"" lon=""99.930315"">
<ele>4025.16</ele>
<time>2018-04-14T02:09:30Z</time>
<link ></link></trkpt>
<trkpt lat=""27.700509"" lon=""99.929439"">
<ele>4026.36</ele>
<time>2018-04-14T02:10:48Z</time>
<link ></link></trkpt>
<trkpt lat=""27.700462"" lon=""99.928571"">
<ele>4029.13</ele>
<time>2018-04-14T02:12:05Z</time>
<link ></link></trkpt>
<trkpt lat=""27.700161"" lon=""99.927301"">
<ele>4033.55</ele>
<time>2018-04-14T02:14:04Z</time>
<link ></link></trkpt>
<trkpt lat=""27.699288"" lon=""99.925361"">
<ele>4045.86</ele>
<time>2018-04-14T02:17:20Z</time>
<link ></link></trkpt>
<trkpt lat=""27.699426"" lon=""99.924982"">
<ele>4046.31</ele>
<time>2018-04-14T02:18:01Z</time>
<link ></link></trkpt>
<trkpt lat=""27.697826"" lon=""99.923619"">
<ele>4060.96</ele>
<time>2018-04-14T02:35:45Z</time>
<link ></link></trkpt>
<trkpt lat=""27.697326"" lon=""99.923446"">
<ele>4069.95</ele>
<time>2018-04-14T02:37:19Z</time>
<link ></link></trkpt>
<trkpt lat=""27.696345"" lon=""99.924228"">
<ele>4088.56</ele>
<time>2018-04-14T02:40:20Z</time>
<link ></link></trkpt>
<trkpt lat=""27.695324"" lon=""99.923986"">
<ele>4107.18</ele>
<time>2018-04-14T02:43:01Z</time>
<link ></link></trkpt>
<trkpt lat=""27.694804"" lon=""99.923435"">
<ele>4115.28</ele>
<time>2018-04-14T02:44:36Z</time>
<link ></link></trkpt>
<trkpt lat=""27.692469"" lon=""99.922076"">
<ele>4148.01</ele>
<time>2018-04-14T02:50:20Z</time>
<link ></link></trkpt>
<trkpt lat=""27.691437"" lon=""99.92215"">
<ele>4147.11</ele>
<time>2018-04-14T02:52:37Z</time>
<link ></link></trkpt>
<trkpt lat=""27.691134"" lon=""99.921985"">
<ele>4151.62</ele>
<time>2018-04-14T02:53:28Z</time>
<link ></link></trkpt>
<trkpt lat=""27.690235"" lon=""99.92204"">
<ele>4158.7</ele>
<time>2018-04-14T02:55:21Z</time>
<link ></link></trkpt>
<trkpt lat=""27.688623"" lon=""99.921803"">
<ele>4190.4</ele>
<time>2018-04-14T03:12:24Z</time>
<link ></link></trkpt>
<trkpt lat=""27.688034"" lon=""99.921825"">
<ele>4191.5</ele>
<time>2018-04-14T03:13:40Z</time>
<link ></link></trkpt>
<trkpt lat=""27.687168"" lon=""99.922135"">
<ele>4196.34</ele>
<time>2018-04-14T03:15:35Z</time>
<link ></link></trkpt>
<trkpt lat=""27.685909"" lon=""99.921471"">
<ele>4219.19</ele>
<time>2018-04-14T03:21:13Z</time>
<link ></link></trkpt>
<trkpt lat=""27.685408"" lon=""99.921523"">
<ele>4222.13</ele>
<time>2018-04-14T03:22:31Z</time>
<link ></link></trkpt>
<trkpt lat=""27.685129"" lon=""99.921756"">
<ele>4222.8</ele>
<time>2018-04-14T03:23:11Z</time>
<link ></link></trkpt>
<trkpt lat=""27.684637"" lon=""99.921761"">
<ele>4226.33</ele>
<time>2018-04-14T03:24:44Z</time>
<link ></link></trkpt>
<trkpt lat=""27.684325"" lon=""99.921561"">
<ele>4231.26</ele>
<time>2018-04-14T03:25:35Z</time>
<link ></link></trkpt>
<trkpt lat=""27.684049"" lon=""99.921753"">
<ele>4229.59</ele>
<time>2018-04-14T03:26:41Z</time>
<link ></link></trkpt>
<trkpt lat=""27.682955"" lon=""99.921369"">
<ele>4264.23</ele>
<time>2018-04-14T03:31:01Z</time>
<link ></link></trkpt>
<trkpt lat=""27.682108"" lon=""99.921323"">
<ele>4276.82</ele>
<time>2018-04-14T03:35:53Z</time>
<link ></link></trkpt>
<trkpt lat=""27.681832"" lon=""99.921088"">
<ele>4289.86</ele>
<time>2018-04-14T03:44:01Z</time>
<link ></link></trkpt>
<trkpt lat=""27.679789"" lon=""99.921417"">
<ele>4290.87</ele>
<time>2018-04-14T03:54:34Z</time>
<link ></link></trkpt>
<trkpt lat=""27.679486"" lon=""99.921587"">
<ele>4279.31</ele>
<time>2018-04-14T03:55:34Z</time>
<link ></link></trkpt>
<trkpt lat=""27.679223"" lon=""99.923238"">
<ele>4324.42</ele>
<time>2018-04-14T04:01:00Z</time>
<link ></link></trkpt>
<trkpt lat=""27.677969"" lon=""99.921924"">
<ele>4327.87</ele>
<time>2018-04-14T04:06:48Z</time>
<link ></link></trkpt>
<trkpt lat=""27.676972"" lon=""99.92167"">
<ele>4328.32</ele>
<time>2018-04-14T04:10:44Z</time>
<link ></link></trkpt>
<trkpt lat=""27.676587"" lon=""99.921305"">
<ele>4322.26</ele>
<time>2018-04-14T04:12:52Z</time>
<link ></link></trkpt>
<trkpt lat=""27.675538"" lon=""99.918223"">
<ele>4362.5</ele>
<time>2018-04-14T04:27:21Z</time>
<link ></link></trkpt>
<trkpt lat=""27.675571"" lon=""99.917094"">
<ele>4392.36</ele>
<time>2018-04-14T04:31:26Z</time>
<link ></link></trkpt>
<trkpt lat=""27.675411"" lon=""99.91649"">
<ele>4406.46</ele>
<time>2018-04-14T04:37:27Z</time>
<link ></link></trkpt>
<trkpt lat=""27.675499"" lon=""99.915721"">
<ele>4423.93</ele>
<time>2018-04-14T04:40:31Z</time>
<link ></link></trkpt>
<trkpt lat=""27.675315"" lon=""99.915161"">
<ele>4428.23</ele>
<time>2018-04-14T04:41:37Z</time>
<link ></link></trkpt>
<trkpt lat=""27.675345"" lon=""99.91478"">
<ele>4432.89</ele>
<time>2018-04-14T04:42:38Z</time>
<link ></link></trkpt>
<trkpt lat=""27.674922"" lon=""99.913694"">
<ele>4428.21</ele>
<time>2018-04-14T04:46:52Z</time>
<link ></link></trkpt>
<trkpt lat=""27.674831"" lon=""99.912546"">
<ele>4415.77</ele>
<time>2018-04-14T04:48:29Z</time>
<link ></link></trkpt>
<trkpt lat=""27.675107"" lon=""99.910349"">
<ele>4393.98</ele>
<time>2018-04-14T04:52:54Z</time>
<link ></link></trkpt>
<trkpt lat=""27.675024"" lon=""99.90939"">
<ele>4398.76</ele>
<time>2018-04-14T04:55:11Z</time>
<link ></link></trkpt>
<trkpt lat=""27.674756"" lon=""99.908888"">
<ele>4400.7</ele>
<time>2018-04-14T04:56:17Z</time>
<link ></link></trkpt>
<trkpt lat=""27.674375"" lon=""99.908785"">
<ele>4398.77</ele>
<time>2018-04-14T04:58:53Z</time>
<link ></link></trkpt>
<trkpt lat=""27.673675"" lon=""99.908007"">
<ele>4384.01</ele>
<time>2018-04-14T05:01:47Z</time>
<link ></link></trkpt></trkseg></trk>
<trk>
<name>D2-回营地</name>
<link ></link>
<trkseg>
<trkpt lat=""27.674035"" lon=""99.908261"">
<ele>4389.14</ele>
<time>2018-04-14T05:17:13Z</time>
<link ></link></trkpt>
<trkpt lat=""27.674374"" lon=""99.908379"">
<ele>4385.26</ele>
<time>2018-04-14T05:18:44Z</time>
<link ></link></trkpt>
<trkpt lat=""27.674888"" lon=""99.908285"">
<ele>4401.13</ele>
<time>2018-04-14T05:20:51Z</time>
<link ></link></trkpt>
<trkpt lat=""27.675838"" lon=""99.907797"">
<ele>4402.58</ele>
<time>2018-04-14T05:23:42Z</time>
<link ></link></trkpt>
<trkpt lat=""27.675987"" lon=""99.907441"">
<ele>4410.1</ele>
<time>2018-04-14T05:24:32Z</time>
<link ></link></trkpt>
<trkpt lat=""27.676403"" lon=""99.907138"">
<ele>4380.91</ele>
<time>2018-04-14T05:26:48Z</time>
<link ></link></trkpt>
<trkpt lat=""27.677207"" lon=""99.906797"">
<ele>4346.71</ele>
<time>2018-04-14T05:28:55Z</time>
<link ></link></trkpt>
<trkpt lat=""27.677337"" lon=""99.906924"">
<ele>4331.67</ele>
<time>2018-04-14T05:29:38Z</time>
<link ></link></trkpt>
<trkpt lat=""27.677838"" lon=""99.906859"">
<ele>4314.78</ele>
<time>2018-04-14T05:31:31Z</time>
<link ></link></trkpt>
<trkpt lat=""27.67895"" lon=""99.908138"">
<ele>4308.06</ele>
<time>2018-04-14T05:41:18Z</time>
<link ></link></trkpt>
<trkpt lat=""27.679126"" lon=""99.90814"">
<ele>4297.66</ele>
<time>2018-04-14T05:41:46Z</time>
<link ></link></trkpt>
<trkpt lat=""27.679549"" lon=""99.907698"">
<ele>4281.49</ele>
<time>2018-04-14T05:42:48Z</time>
<link ></link></trkpt>
<trkpt lat=""27.679829"" lon=""99.907115"">
<ele>4270.41</ele>
<time>2018-04-14T05:44:00Z</time>
<link ></link></trkpt>
<trkpt lat=""27.680698"" lon=""99.906853"">
<ele>4253.9</ele>
<time>2018-04-14T05:45:38Z</time>
<link ></link></trkpt>
<trkpt lat=""27.68157"" lon=""99.906909"">
<ele>4265.28</ele>
<time>2018-04-14T05:47:58Z</time>
<link ></link></trkpt>
<trkpt lat=""27.682307"" lon=""99.907469"">
<ele>4275.12</ele>
<time>2018-04-14T05:49:52Z</time>
<link ></link></trkpt>
<trkpt lat=""27.682826"" lon=""99.908265"">
<ele>4255.46</ele>
<time>2018-04-14T05:51:57Z</time>
<link ></link></trkpt>
<trkpt lat=""27.683858"" lon=""99.908683"">
<ele>4249.75</ele>
<time>2018-04-14T05:53:55Z</time>
<link ></link></trkpt>
<trkpt lat=""27.684376"" lon=""99.909211"">
<ele>4249.72</ele>
<time>2018-04-14T05:55:12Z</time>
<link ></link></trkpt>
<trkpt lat=""27.684444"" lon=""99.909592"">
<ele>4242.99</ele>
<time>2018-04-14T05:55:53Z</time>
<link ></link></trkpt>
<trkpt lat=""27.685226"" lon=""99.910046"">
<ele>4224.61</ele>
<time>2018-04-14T05:57:42Z</time>
<link ></link></trkpt>
<trkpt lat=""27.68572"" lon=""99.911585"">
<ele>4206.41</ele>
<time>2018-04-14T06:00:29Z</time>
<link ></link></trkpt>
<trkpt lat=""27.68663"" lon=""99.912351"">
<ele>4200.47</ele>
<time>2018-04-14T06:02:30Z</time>
<link ></link></trkpt>
<trkpt lat=""27.688336"" lon=""99.91283"">
<ele>4180.14</ele>
<time>2018-04-14T06:06:40Z</time>
<link ></link></trkpt>
<trkpt lat=""27.689188"" lon=""99.912905"">
<ele>4165.22</ele>
<time>2018-04-14T06:09:47Z</time>
<link ></link></trkpt>
<trkpt lat=""27.689502"" lon=""99.912726"">
<ele>4162.21</ele>
<time>2018-04-14T06:10:31Z</time>
<link ></link></trkpt>
<trkpt lat=""27.689934"" lon=""99.913203"">
<ele>4159.11</ele>
<time>2018-04-14T06:11:29Z</time>
<link ></link></trkpt>
<trkpt lat=""27.690884"" lon=""99.913647"">
<ele>4162.12</ele>
<time>2018-04-14T06:13:08Z</time>
<link ></link></trkpt>
<trkpt lat=""27.691318"" lon=""99.914032"">
<ele>4153.65</ele>
<time>2018-04-14T06:14:27Z</time>
<link ></link></trkpt>
<trkpt lat=""27.69134"" lon=""99.91423"">
<ele>4149.66</ele>
<time>2018-04-14T06:14:51Z</time>
<link ></link></trkpt>
<trkpt lat=""27.692289"" lon=""99.915389"">
<ele>4140.59</ele>
<time>2018-04-14T06:22:42Z</time>
<link ></link></trkpt>
<trkpt lat=""27.69393"" lon=""99.916073"">
<ele>4154.73</ele>
<time>2018-04-14T06:26:34Z</time>
<link ></link></trkpt>
<trkpt lat=""27.694129"" lon=""99.916032"">
<ele>4155.54</ele>
<time>2018-04-14T06:26:54Z</time>
<link ></link></trkpt>
<trkpt lat=""27.695572"" lon=""99.917224"">
<ele>4171.3</ele>
<time>2018-04-14T06:31:11Z</time>
<link ></link></trkpt>
<trkpt lat=""27.698304"" lon=""99.917396"">
<ele>4154.42</ele>
<time>2018-04-14T06:35:49Z</time>
<link ></link></trkpt>
<trkpt lat=""27.698685"" lon=""99.91788"">
<ele>4149.02</ele>
<time>2018-04-14T06:36:47Z</time>
<link ></link></trkpt>
<trkpt lat=""27.699442"" lon=""99.920761"">
<ele>4108.02</ele>
<time>2018-04-14T06:42:36Z</time>
<link ></link></trkpt>
<trkpt lat=""27.699359"" lon=""99.922254"">
<ele>4080.76</ele>
<time>2018-04-14T06:44:58Z</time>
<link ></link></trkpt>
<trkpt lat=""27.698274"" lon=""99.924802"">
<ele>4067.96</ele>
<time>2018-04-14T06:50:47Z</time>
<link ></link></trkpt></trkseg></trk>
<trk>
<name>Tian Bao Shan J3</name>
<link ></link>
<trkseg>
<trkpt lat=""27.698227101936936"" lon=""99.92482521571219"">
<ele>4055.0</ele>
<time>2018-04-15T02:13:19Z</time>
<link ></link></trkpt>
<trkpt lat=""27.6997624989599"" lon=""99.92464031092823"">
<ele>4047.60009765625</ele>
<time>2018-04-15T02:37:21Z</time>
<link ></link></trkpt>
<trkpt lat=""27.700051926076412"" lon=""99.92489637807012"">
<ele>4046.60009765625</ele>
<time>2018-04-15T02:37:58Z</time>
<link ></link></trkpt>
<trkpt lat=""27.701329831033945"" lon=""99.92497785016894"">
<ele>4048.800048828125</ele>
<time>2018-04-15T02:40:23Z</time>
<link ></link></trkpt>
<trkpt lat=""27.702201465144753"" lon=""99.9243981577456"">
<ele>4051.800048828125</ele>
<time>2018-04-15T02:42:05Z</time>
<link ></link></trkpt>
<trkpt lat=""27.70377659238875"" lon=""99.92454718798399"">
<ele>4054.199951171875</ele>
<time>2018-04-15T02:44:37Z</time>
<link ></link></trkpt>
<trkpt lat=""27.706293426454067"" lon=""99.92373766377568"">
<ele>4042.0</ele>
<time>2018-04-15T02:49:33Z</time>
<link ></link></trkpt>
<trkpt lat=""27.710084645077586"" lon=""99.92480124346912"">
<ele>4049.0</ele>
<time>2018-04-15T02:57:58Z</time>
<link ></link></trkpt>
<trkpt lat=""27.71094244904816"" lon=""99.92519267834723"">
<ele>4036.39990234375</ele>
<time>2018-04-15T02:59:44Z</time>
<link ></link></trkpt>
<trkpt lat=""27.712084650993347"" lon=""99.9252235237509"">
<ele>4015.0</ele>
<time>2018-04-15T03:04:33Z</time>
<link ></link></trkpt>
<trkpt lat=""27.712509026750922"" lon=""99.92544430308044"">
<ele>4006.0</ele>
<time>2018-04-15T03:05:21Z</time>
<link ></link></trkpt>
<trkpt lat=""27.714473325759172"" lon=""99.9258488137275"">
<ele>3998.39990234375</ele>
<time>2018-04-15T03:12:28Z</time>
<link ></link></trkpt>
<trkpt lat=""27.71642379462719"" lon=""99.92493803612888"">
<ele>3979.800048828125</ele>
<time>2018-04-15T03:16:23Z</time>
<link ></link></trkpt>
<trkpt lat=""27.71812724880874"" lon=""99.9232878908515"">
<ele>3956.0</ele>
<time>2018-04-15T03:21:33Z</time>
<link ></link></trkpt>
<trkpt lat=""27.719295350834727"" lon=""99.92146130651236"">
<ele>3938.199951171875</ele>
<time>2018-04-15T03:25:00Z</time>
<link ></link></trkpt>
<trkpt lat=""27.719496097415686"" lon=""99.91917413659394"">
<ele>3927.0</ele>
<time>2018-04-15T03:27:55Z</time>
<link ></link></trkpt>
<trkpt lat=""27.71936592645943"" lon=""99.91630911827087"">
<ele>3913.0</ele>
<time>2018-04-15T03:31:23Z</time>
<link ></link></trkpt>
<trkpt lat=""27.720285337418318"" lon=""99.91346488706768"">
<ele>3907.199951171875</ele>
<time>2018-04-15T03:42:19Z</time>
<link ></link></trkpt>
<trkpt lat=""27.721010874956846"" lon=""99.91220190189779"">
<ele>3905.199951171875</ele>
<time>2018-04-15T03:44:00Z</time>
<link ></link></trkpt>
<trkpt lat=""27.72179290652275"" lon=""99.91121040657163"">
<ele>3890.60009765625</ele>
<time>2018-04-15T03:45:35Z</time>
<link ></link></trkpt>
<trkpt lat=""27.722956649959087"" lon=""99.91061797365546"">
<ele>3870.60009765625</ele>
<time>2018-04-15T03:47:28Z</time>
<link ></link></trkpt>
<trkpt lat=""27.72446329705417"" lon=""99.90923043340445"">
<ele>3854.39990234375</ele>
<time>2018-04-15T03:50:15Z</time>
<link ></link></trkpt>
<trkpt lat=""27.724862610921264"" lon=""99.90864026360214"">
<ele>3851.39990234375</ele>
<time>2018-04-15T03:51:10Z</time>
<link ></link></trkpt>
<trkpt lat=""27.725007450208068"" lon=""99.90785898640752"">
<ele>3844.39990234375</ele>
<time>2018-04-15T03:53:25Z</time>
<link ></link></trkpt>
<trkpt lat=""27.725071907043457"" lon=""99.90798505023122"">
<ele>3846.60009765625</ele>
<time>2018-04-15T04:43:30Z</time>
<link ></link></trkpt>
<trkpt lat=""27.72510962560773"" lon=""99.90785211324692"">
<ele>3846.800048828125</ele>
<time>2018-04-15T04:44:10Z</time>
<link ></link></trkpt>
<trkpt lat=""27.724931426346302"" lon=""99.90688517689705"">
<ele>3846.199951171875</ele>
<time>2018-04-15T04:45:57Z</time>
<link ></link></trkpt>
<trkpt lat=""27.724201530218124"" lon=""99.90611018612981"">
<ele>3854.39990234375</ele>
<time>2018-04-15T04:48:18Z</time>
<link ></link></trkpt>
<trkpt lat=""27.72393993102014"" lon=""99.90519848652184"">
<ele>3862.0</ele>
<time>2018-04-15T04:50:03Z</time>
<link ></link></trkpt>
<trkpt lat=""27.723450930789113"" lon=""99.90497091785073"">
<ele>3866.199951171875</ele>
<time>2018-04-15T04:51:14Z</time>
<link ></link></trkpt>
<trkpt lat=""27.72191888652742"" lon=""99.90304609760642"">
<ele>3889.0</ele>
<time>2018-04-15T04:56:33Z</time>
<link ></link></trkpt>
<trkpt lat=""27.721740268170834"" lon=""99.90258182398975"">
<ele>3896.39990234375</ele>
<time>2018-04-15T04:57:58Z</time>
<link ></link></trkpt>
<trkpt lat=""27.720832591876388"" lon=""99.90206306800246"">
<ele>3921.39990234375</ele>
<time>2018-04-15T05:01:19Z</time>
<link ></link></trkpt>
<trkpt lat=""27.72051994688809"" lon=""99.90166258066893"">
<ele>3935.39990234375</ele>
<time>2018-04-15T05:03:07Z</time>
<link ></link></trkpt>
<trkpt lat=""27.71992382593453"" lon=""99.90155931562185"">
<ele>3952.60009765625</ele>
<time>2018-04-15T05:05:20Z</time>
<link ></link></trkpt>
<trkpt lat=""27.71964579820633"" lon=""99.90124667063355"">
<ele>3961.199951171875</ele>
<time>2018-04-15T05:06:33Z</time>
<link ></link></trkpt>
<trkpt lat=""27.71885622292757"" lon=""99.90102790296078"">
<ele>3959.39990234375</ele>
<time>2018-04-15T05:08:13Z</time>
<link ></link></trkpt>
<trkpt lat=""27.716929726302624"" lon=""99.90151908248663"">
<ele>3960.60009765625</ele>
<time>2018-04-15T05:11:40Z</time>
<link ></link></trkpt>
<trkpt lat=""27.71555853076279"" lon=""99.90172200836241"">
<ele>3958.39990234375</ele>
<time>2018-04-15T05:13:58Z</time>
<link ></link></trkpt>
<trkpt lat=""27.714391937479377"" lon=""99.90169887430966"">
<ele>3966.39990234375</ele>
<time>2018-04-15T05:16:08Z</time>
<link ></link></trkpt>
<trkpt lat=""27.71291445940733"" lon=""99.90138723514974"">
<ele>3952.0</ele>
<time>2018-04-15T05:19:12Z</time>
<link ></link></trkpt>
<trkpt lat=""27.712052632123232"" lon=""99.9009833112359"">
<ele>3951.199951171875</ele>
<time>2018-04-15T05:21:00Z</time>
<link ></link></trkpt>
<trkpt lat=""27.71141686476767"" lon=""99.90026271902025"">
<ele>3956.199951171875</ele>
<time>2018-04-15T05:24:32Z</time>
<link ></link></trkpt>
<trkpt lat=""27.711394568905234"" lon=""99.90002039819956"">
<ele>3954.39990234375</ele>
<time>2018-04-15T05:24:57Z</time>
<link ></link></trkpt>
<trkpt lat=""27.711516777053475"" lon=""99.89911917597055"">
<ele>3967.800048828125</ele>
<time>2018-04-15T05:27:05Z</time>
<link ></link></trkpt>
<trkpt lat=""27.711718194186687"" lon=""99.89889831282198"">
<ele>3975.199951171875</ele>
<time>2018-04-15T05:28:08Z</time>
<link ></link></trkpt>
<trkpt lat=""27.711734874174"" lon=""99.89806146360934"">
<ele>3983.199951171875</ele>
<time>2018-04-15T05:30:05Z</time>
<link ></link></trkpt>
<trkpt lat=""27.712024971842766"" lon=""99.89762057550251"">
<ele>3995.199951171875</ele>
<time>2018-04-15T05:31:40Z</time>
<link ></link></trkpt>
<trkpt lat=""27.712370976805687"" lon=""99.89657786674798"">
<ele>4011.60009765625</ele>
<time>2018-04-15T05:34:35Z</time>
<link ></link></trkpt>
<trkpt lat=""27.7122753392905"" lon=""99.89604880101979"">
<ele>4013.39990234375</ele>
<time>2018-04-15T05:35:36Z</time>
<link ></link></trkpt>
<trkpt lat=""27.711650300770998"" lon=""99.89510407671332"">
<ele>4010.39990234375</ele>
<time>2018-04-15T05:37:39Z</time>
<link ></link></trkpt>
<trkpt lat=""27.71080800332129"" lon=""99.89426320418715"">
<ele>4008.199951171875</ele>
<time>2018-04-15T05:39:49Z</time>
<link ></link></trkpt>
<trkpt lat=""27.710513211786747"" lon=""99.89356423728168"">
<ele>4012.39990234375</ele>
<time>2018-04-15T05:41:10Z</time>
<link ></link></trkpt>
<trkpt lat=""27.7093914616853"" lon=""99.89322141744196"">
<ele>4020.60009765625</ele>
<time>2018-04-15T05:43:39Z</time>
<link ></link></trkpt>
<trkpt lat=""27.708667181432247"" lon=""99.89351620897651"">
<ele>4033.60009765625</ele>
<time>2018-04-15T05:45:57Z</time>
<link ></link></trkpt>
<trkpt lat=""27.70834816619754"" lon=""99.89323893561959"">
<ele>4037.199951171875</ele>
<time>2018-04-15T05:46:57Z</time>
<link ></link></trkpt>
<trkpt lat=""27.70774584263563"" lon=""99.89168819971383"">
<ele>4034.800048828125</ele>
<time>2018-04-15T05:51:54Z</time>
<link ></link></trkpt>
<trkpt lat=""27.70739732310176"" lon=""99.89133800379932"">
<ele>4030.800048828125</ele>
<time>2018-04-15T05:52:54Z</time>
<link ></link></trkpt>
<trkpt lat=""27.707315515726805"" lon=""99.89019446074963"">
<ele>4025.60009765625</ele>
<time>2018-04-15T05:55:00Z</time>
<link ></link></trkpt>
<trkpt lat=""27.706911005079746"" lon=""99.88939935341477"">
<ele>4029.800048828125</ele>
<time>2018-04-15T05:56:50Z</time>
<link ></link></trkpt>
<trkpt lat=""27.705567134544253"" lon=""99.8882309999317"">
<ele>4033.199951171875</ele>
<time>2018-04-15T05:59:56Z</time>
<link ></link></trkpt>
<trkpt lat=""27.705234540626407"" lon=""99.88766958005726"">
<ele>4035.800048828125</ele>
<time>2018-04-15T06:01:13Z</time>
<link ></link></trkpt>
<trkpt lat=""27.70430389791727"" lon=""99.88677866756916"">
<ele>4037.39990234375</ele>
<time>2018-04-15T06:03:54Z</time>
<link ></link></trkpt>
<trkpt lat=""27.702859863638878"" lon=""99.88596302457154"">
<ele>4040.39990234375</ele>
<time>2018-04-15T06:07:24Z</time>
<link ></link></trkpt>
<trkpt lat=""27.7018381934613"" lon=""99.88499784842134"">
<ele>4034.0</ele>
<time>2018-04-15T06:10:09Z</time>
<link ></link></trkpt>
<trkpt lat=""27.701367884874344"" lon=""99.88478804938495"">
<ele>4033.39990234375</ele>
<time>2018-04-15T06:11:02Z</time>
<link ></link></trkpt>
<trkpt lat=""27.70111709833145"" lon=""99.88430064171553"">
<ele>4034.60009765625</ele>
<time>2018-04-15T06:12:10Z</time>
<link ></link></trkpt>
<trkpt lat=""27.701123468577862"" lon=""99.88381566479802"">
<ele>4038.199951171875</ele>
<time>2018-04-15T06:13:02Z</time>
<link ></link></trkpt>
<trkpt lat=""27.700906796380877"" lon=""99.88313388079405"">
<ele>4045.0</ele>
<time>2018-04-15T06:14:30Z</time>
<link ></link></trkpt>
<trkpt lat=""27.69964825361967"" lon=""99.88188983872533"">
<ele>4047.800048828125</ele>
<time>2018-04-15T06:17:57Z</time>
<link ></link></trkpt>
<trkpt lat=""27.69939746707678"" lon=""99.88127075135708"">
<ele>4053.39990234375</ele>
<time>2018-04-15T06:19:57Z</time>
<link ></link></trkpt>
<trkpt lat=""27.699414063245058"" lon=""99.88052400760353"">
<ele>4051.0</ele>
<time>2018-04-15T06:21:29Z</time>
<link ></link></trkpt>
<trkpt lat=""27.69837378524244"" lon=""99.87906564027071"">
<ele>4061.60009765625</ele>
<time>2018-04-15T06:25:03Z</time>
<link ></link></trkpt>
<trkpt lat=""27.69835241138935"" lon=""99.87930075265467"">
<ele>4063.199951171875</ele>
<time>2018-04-15T06:55:24Z</time>
<link ></link></trkpt>
<trkpt lat=""27.69904626533389"" lon=""99.88009192049503"">
<ele>4059.39990234375</ele>
<time>2018-04-15T06:57:57Z</time>
<link ></link></trkpt>
<trkpt lat=""27.700166003778577"" lon=""99.88085241056979"">
<ele>4056.0</ele>
<time>2018-04-15T07:00:26Z</time>
<link ></link></trkpt>
<trkpt lat=""27.701557399705052"" lon=""99.88227121531963"">
<ele>4051.39990234375</ele>
<time>2018-04-15T07:03:35Z</time>
<link ></link></trkpt>
<trkpt lat=""27.70301534794271"" lon=""99.8830119241029"">
<ele>4038.60009765625</ele>
<time>2018-04-15T07:06:31Z</time>
<link ></link></trkpt>
<trkpt lat=""27.7038620878011"" lon=""99.88399486988783"">
<ele>4017.0</ele>
<time>2018-04-15T07:09:09Z</time>
<link ></link></trkpt>
<trkpt lat=""27.704313872382045"" lon=""99.88407441414893"">
<ele>4008.0</ele>
<time>2018-04-15T07:10:11Z</time>
<link ></link></trkpt>
<trkpt lat=""27.70522397942841"" lon=""99.88457104191184"">
<ele>3992.800048828125</ele>
<time>2018-04-15T07:12:17Z</time>
<link ></link></trkpt>
<trkpt lat=""27.70591297186911"" lon=""99.88463734276593"">
<ele>3983.39990234375</ele>
<time>2018-04-15T07:13:48Z</time>
<link ></link></trkpt>
<trkpt lat=""27.707675015553832"" lon=""99.88519943319261"">
<ele>3975.199951171875</ele>
<time>2018-04-15T07:16:57Z</time>
<link ></link></trkpt>
<trkpt lat=""27.707969723269343"" lon=""99.88566580228508"">
<ele>3968.0</ele>
<time>2018-04-15T07:18:04Z</time>
<link ></link></trkpt>
<trkpt lat=""27.709521297365427"" lon=""99.88654891960323"">
<ele>3970.800048828125</ele>
<time>2018-04-15T07:21:33Z</time>
<link ></link></trkpt>
<trkpt lat=""27.710314393043518"" lon=""99.88727143965662"">
<ele>3967.199951171875</ele>
<time>2018-04-15T07:23:27Z</time>
<link ></link></trkpt>
<trkpt lat=""27.71385272964835"" lon=""99.88840785808861"">
<ele>3961.199951171875</ele>
<time>2018-04-15T07:29:36Z</time>
<link ></link></trkpt>
<trkpt lat=""27.71441406570375"" lon=""99.88923364318907"">
<ele>3955.800048828125</ele>
<time>2018-04-15T07:31:11Z</time>
<link ></link></trkpt>
<trkpt lat=""27.714878171682358"" lon=""99.88946875557303"">
<ele>3953.0</ele>
<time>2018-04-15T07:32:13Z</time>
<link ></link></trkpt>
<trkpt lat=""27.715116385370493"" lon=""99.89010997116566"">
<ele>3943.0</ele>
<time>2018-04-15T07:33:30Z</time>
<link ></link></trkpt>
<trkpt lat=""27.7154803276062"" lon=""99.89055018872023"">
<ele>3936.0</ele>
<time>2018-04-15T07:34:35Z</time>
<link ></link></trkpt>
<trkpt lat=""27.717346725985408"" lon=""99.8915411811322"">
<ele>3909.39990234375</ele>
<time>2018-04-15T07:38:29Z</time>
<link ></link></trkpt>
<trkpt lat=""27.718039909377694"" lon=""99.89225707948208"">
<ele>3906.800048828125</ele>
<time>2018-04-15T07:39:57Z</time>
<link ></link></trkpt>
<trkpt lat=""27.721967166289687"" lon=""99.89265874028206"">
<ele>3897.60009765625</ele>
<time>2018-04-15T07:46:30Z</time>
<link ></link></trkpt>
<trkpt lat=""27.722546523436904"" lon=""99.89278664812446"">
<ele>3896.60009765625</ele>
<time>2018-04-15T07:47:25Z</time>
<link ></link></trkpt>
<trkpt lat=""27.723160246387124"" lon=""99.8931657616049"">
<ele>3887.199951171875</ele>
<time>2018-04-15T07:48:36Z</time>
<link ></link></trkpt>
<trkpt lat=""27.72472749464214"" lon=""99.89328696392477"">
<ele>3874.60009765625</ele>
<time>2018-04-15T07:51:07Z</time>
<link ></link></trkpt>
<trkpt lat=""27.72525773383677"" lon=""99.89342082291842"">
<ele>3870.60009765625</ele>
<time>2018-04-15T07:52:00Z</time>
<link ></link></trkpt>
<trkpt lat=""27.726074885576963"" lon=""99.89418424665928"">
<ele>3862.39990234375</ele>
<time>2018-04-15T07:53:46Z</time>
<link ></link></trkpt>
<trkpt lat=""27.726181419566274"" lon=""99.89494691602886"">
<ele>3849.39990234375</ele>
<time>2018-04-15T07:55:01Z</time>
<link ></link></trkpt>
<trkpt lat=""27.72684920579195"" lon=""99.89555544219911"">
<ele>3841.0</ele>
<time>2018-04-15T07:56:46Z</time>
<link ></link></trkpt>
<trkpt lat=""27.726994715631008"" lon=""99.89589323289692"">
<ele>3840.39990234375</ele>
<time>2018-04-15T07:58:03Z</time>
<link ></link></trkpt>
<trkpt lat=""27.726842584088445"" lon=""99.896448450163"">
<ele>3841.39990234375</ele>
<time>2018-04-15T07:59:22Z</time>
<link ></link></trkpt>
<trkpt lat=""27.72699228487909"" lon=""99.89718647673726"">
<ele>3846.0</ele>
<time>2018-04-15T08:01:06Z</time>
<link ></link></trkpt>
<trkpt lat=""27.727012988179922"" lon=""99.89862103946507"">
<ele>3848.0</ele>
<time>2018-04-15T08:03:27Z</time>
<link ></link></trkpt>
<trkpt lat=""27.726661702618003"" lon=""99.89937842823565"">
<ele>3854.0</ele>
<time>2018-04-15T08:04:58Z</time>
<link ></link></trkpt>
<trkpt lat=""27.72572100162506"" lon=""99.8999541811645"">
<ele>3863.39990234375</ele>
<time>2018-04-15T08:07:11Z</time>
<link ></link></trkpt>
<trkpt lat=""27.72541942074895"" lon=""99.90046857856214"">
<ele>3867.800048828125</ele>
<time>2018-04-15T08:08:13Z</time>
<link ></link></trkpt>
<trkpt lat=""27.725315149873495"" lon=""99.9025774654001"">
<ele>3868.60009765625</ele>
<time>2018-04-15T08:11:50Z</time>
<link ></link></trkpt>
<trkpt lat=""27.725854190066457"" lon=""99.90528297610581"">
<ele>3861.39990234375</ele>
<time>2018-04-15T08:19:44Z</time>
<link ></link></trkpt>
<trkpt lat=""27.725345911458135"" lon=""99.90650061517954"">
<ele>3860.60009765625</ele>
<time>2018-04-15T08:21:58Z</time>
<link ></link></trkpt>
<trkpt lat=""27.724921284243464"" lon=""99.90681602619588"">
<ele>3861.199951171875</ele>
<time>2018-04-15T08:22:56Z</time>
<link ></link></trkpt>
<trkpt lat=""27.725020442157984"" lon=""99.90794624201953"">
<ele>3864.199951171875</ele>
<time>2018-04-15T08:25:31Z</time>
<link ></link></trkpt></trkseg></trk>
<trk>
<name>Tian Bao Shan J4</name>
<link ></link>
<trkseg>
<trkpt lat=""27.72509990260005"" lon=""99.90799326449633"">
<ele>3847.800048828125</ele>
<time>2018-04-16T03:05:27Z</time>
<link ></link></trkpt>
<trkpt lat=""27.725003845989704"" lon=""99.90801631473005"">
<ele>3846.800048828125</ele>
<time>2018-04-16T03:05:40Z</time>
<link ></link></trkpt>
<trkpt lat=""27.725152876228094"" lon=""99.90790609270334"">
<ele>3845.800048828125</ele>
<time>2018-04-16T03:08:25Z</time>
<link ></link></trkpt>
<trkpt lat=""27.724951207637787"" lon=""99.90747744217515"">
<ele>3844.199951171875</ele>
<time>2018-04-16T03:09:27Z</time>
<link ></link></trkpt>
<trkpt lat=""27.724880632013083"" lon=""99.90675525739789"">
<ele>3843.800048828125</ele>
<time>2018-04-16T03:10:40Z</time>
<link ></link></trkpt>
<trkpt lat=""27.72543995641172"" lon=""99.90122093819082"">
<ele>3853.800048828125</ele>
<time>2018-04-16T03:19:19Z</time>
<link ></link></trkpt>
<trkpt lat=""27.72539846599102"" lon=""99.90048366598785"">
<ele>3850.0</ele>
<time>2018-04-16T03:20:23Z</time>
<link ></link></trkpt>
<trkpt lat=""27.72567850537598"" lon=""99.89999189972878"">
<ele>3848.0</ele>
<time>2018-04-16T03:21:13Z</time>
<link ></link></trkpt>
<trkpt lat=""27.726636976003647"" lon=""99.8993806913495"">
<ele>3838.60009765625</ele>
<time>2018-04-16T03:22:59Z</time>
<link ></link></trkpt>
<trkpt lat=""27.726975101977587"" lon=""99.89868247881532"">
<ele>3833.39990234375</ele>
<time>2018-04-16T03:24:07Z</time>
<link ></link></trkpt>
<trkpt lat=""27.726946771144867"" lon=""99.89769039675593"">
<ele>3829.39990234375</ele>
<time>2018-04-16T03:28:24Z</time>
<link ></link></trkpt>
<trkpt lat=""27.727120779454708"" lon=""99.89705412648618"">
<ele>3827.0</ele>
<time>2018-04-16T03:29:57Z</time>
<link ></link></trkpt>
<trkpt lat=""27.726984908804297"" lon=""99.89653394557536"">
<ele>3825.199951171875</ele>
<time>2018-04-16T03:30:48Z</time>
<link ></link></trkpt>
<trkpt lat=""27.72693964652717"" lon=""99.89664793945849"">
<ele>3825.0</ele>
<time>2018-04-16T03:31:07Z</time>
<link ></link></trkpt>
<trkpt lat=""27.72685607895255"" lon=""99.89651072770357"">
<ele>3824.800048828125</ele>
<time>2018-04-16T03:31:30Z</time>
<link ></link></trkpt>
<trkpt lat=""27.72696345113218"" lon=""99.89552141167223"">
<ele>3824.39990234375</ele>
<time>2018-04-16T03:33:57Z</time>
<link ></link></trkpt>
<trkpt lat=""27.727525793015957"" lon=""99.89472337067127"">
<ele>3820.199951171875</ele>
<time>2018-04-16T03:37:14Z</time>
<link ></link></trkpt>
<trkpt lat=""27.727753529325128"" lon=""99.89402725361288"">
<ele>3817.0</ele>
<time>2018-04-16T03:38:24Z</time>
<link ></link></trkpt>
<trkpt lat=""27.728502117097378"" lon=""99.89297649823129"">
<ele>3811.39990234375</ele>
<time>2018-04-16T03:40:37Z</time>
<link ></link></trkpt>
<trkpt lat=""27.729151798412204"" lon=""99.89267634227872"">
<ele>3808.60009765625</ele>
<time>2018-04-16T03:41:49Z</time>
<link ></link></trkpt>
<trkpt lat=""27.729482296854258"" lon=""99.89223159849644"">
<ele>3807.800048828125</ele>
<time>2018-04-16T03:42:40Z</time>
<link ></link></trkpt>
<trkpt lat=""27.729621771723032"" lon=""99.89145778119564"">
<ele>3803.60009765625</ele>
<time>2018-04-16T03:43:49Z</time>
<link ></link></trkpt>
<trkpt lat=""27.729475842788815"" lon=""99.89048212766647"">
<ele>3802.199951171875</ele>
<time>2018-04-16T03:45:14Z</time>
<link ></link></trkpt>
<trkpt lat=""27.729549938812852"" lon=""99.88984216935933"">
<ele>3801.60009765625</ele>
<time>2018-04-16T03:46:11Z</time>
<link ></link></trkpt>
<trkpt lat=""27.729837521910667"" lon=""99.88915703259408"">
<ele>3799.0</ele>
<time>2018-04-16T03:47:16Z</time>
<link ></link></trkpt>
<trkpt lat=""27.729876833036542"" lon=""99.88861723802984"">
<ele>3796.800048828125</ele>
<time>2018-04-16T03:48:01Z</time>
<link ></link></trkpt>
<trkpt lat=""27.730199871584773"" lon=""99.88821406848729"">
<ele>3796.0</ele>
<time>2018-04-16T03:48:55Z</time>
<link ></link></trkpt>
<trkpt lat=""27.7302934974432"" lon=""99.88773789256811"">
<ele>3797.199951171875</ele>
<time>2018-04-16T03:49:47Z</time>
<link ></link></trkpt>
<trkpt lat=""27.731255404651165"" lon=""99.88677380606532"">
<ele>3793.60009765625</ele>
<time>2018-04-16T03:51:50Z</time>
<link ></link></trkpt>
<trkpt lat=""27.73205512203276"" lon=""99.88570125773549"">
<ele>3790.39990234375</ele>
<time>2018-04-16T03:53:59Z</time>
<link ></link></trkpt>
<trkpt lat=""27.733244514092803"" lon=""99.88545985892415"">
<ele>3788.0</ele>
<time>2018-04-16T03:57:38Z</time>
<link ></link></trkpt>
<trkpt lat=""27.733140494674444"" lon=""99.88423962146044"">
<ele>3781.800048828125</ele>
<time>2018-04-16T04:16:23Z</time>
<link ></link></trkpt>
<trkpt lat=""27.73265702649951"" lon=""99.88315768539906"">
<ele>3781.800048828125</ele>
<time>2018-04-16T04:18:09Z</time>
<link ></link></trkpt>
<trkpt lat=""27.73203743621707"" lon=""99.87910277210176"">
<ele>3774.0</ele>
<time>2018-04-16T04:23:26Z</time>
<link ></link></trkpt>
<trkpt lat=""27.732167104259133"" lon=""99.87731139175594"">
<ele>3771.0</ele>
<time>2018-04-16T04:25:54Z</time>
<link ></link></trkpt>
<trkpt lat=""27.732353853061795"" lon=""99.87691945396364"">
<ele>3770.199951171875</ele>
<time>2018-04-16T04:26:31Z</time>
<link ></link></trkpt>
<trkpt lat=""27.733091292902827"" lon=""99.87614722922444"">
<ele>3768.39990234375</ele>
<time>2018-04-16T04:28:30Z</time>
<link ></link></trkpt>
<trkpt lat=""27.733225068077445"" lon=""99.87539160065353"">
<ele>3767.800048828125</ele>
<time>2018-04-16T04:29:39Z</time>
<link ></link></trkpt>
<trkpt lat=""27.733637876808643"" lon=""99.87465910613537"">
<ele>3768.0</ele>
<time>2018-04-16T04:30:57Z</time>
<link ></link></trkpt>
<trkpt lat=""27.73363770917058"" lon=""99.87312672659755"">
<ele>3762.60009765625</ele>
<time>2018-04-16T04:33:09Z</time>
<link ></link></trkpt>
<trkpt lat=""27.7331911213696"" lon=""99.87256572581828"">
<ele>3758.800048828125</ele>
<time>2018-04-16T04:34:18Z</time>
<link ></link></trkpt>
<trkpt lat=""27.73321853019297"" lon=""99.8721762187779"">
<ele>3758.39990234375</ele>
<time>2018-04-16T04:34:51Z</time>
<link ></link></trkpt>
<trkpt lat=""27.733542239293456"" lon=""99.87177606672049"">
<ele>3756.0</ele>
<time>2018-04-16T04:35:47Z</time>
<link ></link></trkpt>
<trkpt lat=""27.733466047793627"" lon=""99.87146878615022"">
<ele>3756.199951171875</ele>
<time>2018-04-16T04:36:16Z</time>
<link ></link></trkpt>
<trkpt lat=""27.73366746492684"" lon=""99.87111213617027"">
<ele>3754.800048828125</ele>
<time>2018-04-16T04:36:57Z</time>
<link ></link></trkpt>
<trkpt lat=""27.733510890975595"" lon=""99.87054593861103"">
<ele>3753.0</ele>
<time>2018-04-16T04:37:49Z</time>
<link ></link></trkpt>
<trkpt lat=""27.73369344882667"" lon=""99.86979089677334"">
<ele>3753.199951171875</ele>
<time>2018-04-16T04:39:08Z</time>
<link ></link></trkpt>
<trkpt lat=""27.73512901738286"" lon=""99.86736752092838"">
<ele>3749.39990234375</ele>
<time>2018-04-16T04:42:57Z</time>
<link ></link></trkpt>
<trkpt lat=""27.735427245497704"" lon=""99.86702051013708"">
<ele>3747.0</ele>
<time>2018-04-16T04:43:38Z</time>
<link ></link></trkpt>
<trkpt lat=""27.7356830611825"" lon=""99.86697751097381"">
<ele>3752.39990234375</ele>
<time>2018-04-16T05:08:49Z</time>
<link ></link></trkpt>
<trkpt lat=""27.735510896891356"" lon=""99.86469562165439"">
<ele>3743.60009765625</ele>
<time>2018-04-16T05:12:36Z</time>
<link ></link></trkpt>
<trkpt lat=""27.73498828522861"" lon=""99.86335217021406"">
<ele>3743.199951171875</ele>
<time>2018-04-16T05:15:16Z</time>
<link ></link></trkpt>
<trkpt lat=""27.735204370692372"" lon=""99.86069141887128"">
<ele>3739.0</ele>
<time>2018-04-16T05:18:52Z</time>
<link ></link></trkpt>
<trkpt lat=""27.7356846537441"" lon=""99.85943329520524"">
<ele>3737.39990234375</ele>
<time>2018-04-16T05:20:54Z</time>
<link ></link></trkpt>
<trkpt lat=""27.736490489915013"" lon=""99.85869225114584"">
<ele>3735.0</ele>
<time>2018-04-16T05:22:49Z</time>
<link ></link></trkpt>
<trkpt lat=""27.737001534551382"" lon=""99.85846166498959"">
<ele>3734.800048828125</ele>
<time>2018-04-16T05:24:14Z</time>
<link ></link></trkpt>
<trkpt lat=""27.73442493751645"" lon=""99.85817559063435"">
<ele>3756.60009765625</ele>
<time>2018-04-16T06:25:29Z</time>
<link ></link></trkpt>
<trkpt lat=""27.73363569751382"" lon=""99.85767116770148"">
<ele>3772.800048828125</ele>
<time>2018-04-16T06:28:06Z</time>
<link ></link></trkpt>
<trkpt lat=""27.733579957857728"" lon=""99.85688142478466"">
<ele>3783.199951171875</ele>
<time>2018-04-16T06:30:58Z</time>
<link ></link></trkpt>
<trkpt lat=""27.733233366161585"" lon=""99.85614767298102"">
<ele>3796.800048828125</ele>
<time>2018-04-16T06:33:22Z</time>
<link ></link></trkpt>
<trkpt lat=""27.733354987576604"" lon=""99.85568926669657"">
<ele>3805.199951171875</ele>
<time>2018-04-16T06:35:59Z</time>
<link ></link></trkpt>
<trkpt lat=""27.733616838231683"" lon=""99.85545063391328"">
<ele>3810.199951171875</ele>
<time>2018-04-16T06:37:46Z</time>
<link ></link></trkpt>
<trkpt lat=""27.733597392216325"" lon=""99.85505802556872"">
<ele>3816.0</ele>
<time>2018-04-16T06:39:23Z</time>
<link ></link></trkpt>
<trkpt lat=""27.73383124731481"" lon=""99.8544707056135"">
<ele>3825.0</ele>
<time>2018-04-16T06:41:19Z</time>
<link ></link></trkpt>
<trkpt lat=""27.733591105788946"" lon=""99.85401925630867"">
<ele>3821.39990234375</ele>
<time>2018-04-16T06:42:29Z</time>
<link ></link></trkpt>
<trkpt lat=""27.733698394149542"" lon=""99.8527864459902"">
<ele>3810.39990234375</ele>
<time>2018-04-16T06:44:44Z</time>
<link ></link></trkpt>
<trkpt lat=""27.733292039483786"" lon=""99.85120754688978"">
<ele>3822.0</ele>
<time>2018-04-16T06:48:21Z</time>
<link ></link></trkpt>
<trkpt lat=""27.733609462156892"" lon=""99.84969050623477"">
<ele>3832.39990234375</ele>
<time>2018-04-16T06:51:45Z</time>
<link ></link></trkpt>
<trkpt lat=""27.733505023643374"" lon=""99.84847228042781"">
<ele>3843.0</ele>
<time>2018-04-16T06:54:43Z</time>
<link ></link></trkpt>
<trkpt lat=""27.73258913308382"" lon=""99.84795335680246"">
<ele>3852.199951171875</ele>
<time>2018-04-16T06:57:01Z</time>
<link ></link></trkpt>
<trkpt lat=""27.73172420449555"" lon=""99.84804371371865"">
<ele>3862.800048828125</ele>
<time>2018-04-16T06:59:20Z</time>
<link ></link></trkpt>
<trkpt lat=""27.731301924213767"" lon=""99.84767507761717"">
<ele>3868.0</ele>
<time>2018-04-16T07:00:46Z</time>
<link ></link></trkpt>
<trkpt lat=""27.731004282832146"" lon=""99.84705498442054"">
<ele>3881.199951171875</ele>
<time>2018-04-16T07:02:40Z</time>
<link ></link></trkpt>
<trkpt lat=""27.730438085272908"" lon=""99.84675960615277"">
<ele>3890.39990234375</ele>
<time>2018-04-16T07:04:11Z</time>
<link ></link></trkpt>
<trkpt lat=""27.730075400322676"" lon=""99.84667704440653"">
<ele>3890.60009765625</ele>
<time>2018-04-16T07:04:52Z</time>
<link ></link></trkpt>
<trkpt lat=""27.729544155299664"" lon=""99.84686605632305"">
<ele>3891.39990234375</ele>
<time>2018-04-16T07:06:09Z</time>
<link ></link></trkpt>
<trkpt lat=""27.729586232453585"" lon=""99.846749631688"">
<ele>3890.60009765625</ele>
<time>2018-04-16T07:10:21Z</time>
<link ></link></trkpt>
<trkpt lat=""27.729227235540748"" lon=""99.84696663916111"">
<ele>3891.60009765625</ele>
<time>2018-04-16T07:14:18Z</time>
<link ></link></trkpt>
<trkpt lat=""27.72959084250033"" lon=""99.84678232111037"">
<ele>3892.0</ele>
<time>2018-04-16T07:17:25Z</time>
<link ></link></trkpt>
<trkpt lat=""27.729251878336072"" lon=""99.8457326553762"">
<ele>3900.39990234375</ele>
<time>2018-04-16T07:20:07Z</time>
<link ></link></trkpt>
<trkpt lat=""27.72924643009901"" lon=""99.84461492858827"">
<ele>3919.60009765625</ele>
<time>2018-04-16T07:23:06Z</time>
<link ></link></trkpt>
<trkpt lat=""27.729030763730407"" lon=""99.84425257891417"">
<ele>3928.199951171875</ele>
<time>2018-04-16T07:24:24Z</time>
<link ></link></trkpt>
<trkpt lat=""27.727738860994577"" lon=""99.84386399388313"">
<ele>3953.800048828125</ele>
<time>2018-04-16T07:28:40Z</time>
<link ></link></trkpt>
<trkpt lat=""27.727597458288074"" lon=""99.84368587844074"">
<ele>3953.39990234375</ele>
<time>2018-04-16T07:29:03Z</time>
<link ></link></trkpt>
<trkpt lat=""27.726564640179276"" lon=""99.84378579072654"">
<ele>3964.0</ele>
<time>2018-04-16T07:32:31Z</time>
<link ></link></trkpt>
<trkpt lat=""27.725585298612714"" lon=""99.84306595288217"">
<ele>3989.39990234375</ele>
<time>2018-04-16T07:36:34Z</time>
<link ></link></trkpt>
<trkpt lat=""27.725336272269487"" lon=""99.84264241531491"">
<ele>3997.800048828125</ele>
<time>2018-04-16T07:38:10Z</time>
<link ></link></trkpt>
<trkpt lat=""27.723358562216163"" lon=""99.84219792298973"">
<ele>3984.60009765625</ele>
<time>2018-04-16T07:45:14Z</time>
<link ></link></trkpt>
<trkpt lat=""27.72306435741484"" lon=""99.84191142953932"">
<ele>3982.0</ele>
<time>2018-04-16T07:46:20Z</time>
<link ></link></trkpt>
<trkpt lat=""27.722481563687325"" lon=""99.84182476066053"">
<ele>3995.199951171875</ele>
<time>2018-04-16T07:48:30Z</time>
<link ></link></trkpt>
<trkpt lat=""27.72215785458684"" lon=""99.84158042818308"">
<ele>3995.199951171875</ele>
<time>2018-04-16T07:49:24Z</time>
<link ></link></trkpt>
<trkpt lat=""27.721482357010245"" lon=""99.84158579260111"">
<ele>4009.39990234375</ele>
<time>2018-04-16T07:51:46Z</time>
<link ></link></trkpt>
<trkpt lat=""27.720657577738166"" lon=""99.84062941744924"">
<ele>4030.0</ele>
<time>2018-04-16T07:56:41Z</time>
<link ></link></trkpt>
<trkpt lat=""27.72080333903432"" lon=""99.840575940907"">
<ele>4031.39990234375</ele>
<time>2018-04-16T08:02:30Z</time>
<link ></link></trkpt>
<trkpt lat=""27.720436211675406"" lon=""99.84077434055507"">
<ele>4046.800048828125</ele>
<time>2018-04-16T08:06:15Z</time>
<link ></link></trkpt>
<trkpt lat=""27.720229513943195"" lon=""99.84118974767625"">
<ele>4053.199951171875</ele>
<time>2018-04-16T08:07:43Z</time>
<link ></link></trkpt>
<trkpt lat=""27.71976063027978"" lon=""99.8408920224756"">
<ele>4060.199951171875</ele>
<time>2018-04-16T08:10:17Z</time>
<link ></link></trkpt>
<trkpt lat=""27.719571450725198"" lon=""99.84098170883954"">
<ele>4061.800048828125</ele>
<time>2018-04-16T08:11:11Z</time>
<link ></link></trkpt>
<trkpt lat=""27.720044441521168"" lon=""99.8422271758318"">
<ele>4056.0</ele>
<time>2018-04-16T08:15:33Z</time>
<link ></link></trkpt>
<trkpt lat=""27.720891516655684"" lon=""99.84288691543043"">
<ele>4044.39990234375</ele>
<time>2018-04-16T08:22:12Z</time>
<link ></link></trkpt>
<trkpt lat=""27.72121824324131"" lon=""99.84336351044476"">
<ele>4039.0</ele>
<time>2018-04-16T08:23:13Z</time>
<link ></link></trkpt>
<trkpt lat=""27.721415553241968"" lon=""99.84437227249146"">
<ele>4025.199951171875</ele>
<time>2018-04-16T08:24:45Z</time>
<link ></link></trkpt>
<trkpt lat=""27.721045659855008"" lon=""99.84567264094949"">
<ele>4003.39990234375</ele>
<time>2018-04-16T08:26:52Z</time>
<link ></link></trkpt>
<trkpt lat=""27.719897674396634"" lon=""99.84649582765996"">
<ele>3980.39990234375</ele>
<time>2018-04-16T08:29:24Z</time>
<link ></link></trkpt>
<trkpt lat=""27.71913223899901"" lon=""99.84665893949568"">
<ele>3963.800048828125</ele>
<time>2018-04-16T08:31:22Z</time>
<link ></link></trkpt>
<trkpt lat=""27.71898270584643"" lon=""99.84680394642055"">
<ele>3962.199951171875</ele>
<time>2018-04-16T08:40:10Z</time>
<link ></link></trkpt>
<trkpt lat=""27.71906727924943"" lon=""99.84705112874508"">
<ele>3960.0</ele>
<time>2018-04-16T08:40:46Z</time>
<link ></link></trkpt>
<trkpt lat=""27.719411943107843"" lon=""99.84761749394238"">
<ele>3966.199951171875</ele>
<time>2018-04-16T08:42:22Z</time>
<link ></link></trkpt>
<trkpt lat=""27.72078087553382"" lon=""99.84819710254669"">
<ele>3982.0</ele>
<time>2018-04-16T08:45:28Z</time>
<link ></link></trkpt>
<trkpt lat=""27.721780417487025"" lon=""99.84898013994098"">
<ele>3993.39990234375</ele>
<time>2018-04-16T08:48:04Z</time>
<link ></link></trkpt>
<trkpt lat=""27.723382953554392"" lon=""99.84979745931923"">
<ele>3962.60009765625</ele>
<time>2018-04-16T08:51:44Z</time>
<link ></link></trkpt>
<trkpt lat=""27.723840605467558"" lon=""99.85021345317364"">
<ele>3952.0</ele>
<time>2018-04-16T08:52:58Z</time>
<link ></link></trkpt>
<trkpt lat=""27.72464786656201"" lon=""99.85038503073156"">
<ele>3942.800048828125</ele>
<time>2018-04-16T08:54:31Z</time>
<link ></link></trkpt>
<trkpt lat=""27.725756457075477"" lon=""99.85008856281638"">
<ele>3931.39990234375</ele>
<time>2018-04-16T08:56:43Z</time>
<link ></link></trkpt>
<trkpt lat=""27.726287534460425"" lon=""99.85016316175461"">
<ele>3923.800048828125</ele>
<time>2018-04-16T08:57:40Z</time>
<link ></link></trkpt>
<trkpt lat=""27.727104099467397"" lon=""99.84985730610788"">
<ele>3904.39990234375</ele>
<time>2018-04-16T08:59:20Z</time>
<link ></link></trkpt>
<trkpt lat=""27.727165706455708"" lon=""99.84929823316634"">
<ele>3896.0</ele>
<time>2018-04-16T09:00:26Z</time>
<link ></link></trkpt>
<trkpt lat=""27.727703908458352"" lon=""99.84887436032295"">
<ele>3900.0</ele>
<time>2018-04-16T09:01:38Z</time>
<link ></link></trkpt>
<trkpt lat=""27.73027011193335"" lon=""99.84876732341945"">
<ele>3890.60009765625</ele>
<time>2018-04-16T09:06:12Z</time>
<link ></link></trkpt>
<trkpt lat=""27.732012793421745"" lon=""99.84798378311098"">
<ele>3872.39990234375</ele>
<time>2018-04-16T09:09:22Z</time>
<link ></link></trkpt>
<trkpt lat=""27.733040414750576"" lon=""99.84824948944151"">
<ele>3861.39990234375</ele>
<time>2018-04-16T09:11:24Z</time>
<link ></link></trkpt>
<trkpt lat=""27.734195021912456"" lon=""99.84900880604982"">
<ele>3858.60009765625</ele>
<time>2018-04-16T09:13:34Z</time>
<link ></link></trkpt>
<trkpt lat=""27.7347419410944"" lon=""99.84914040192962"">
<ele>3860.0</ele>
<time>2018-04-16T09:14:28Z</time>
<link ></link></trkpt>
<trkpt lat=""27.735009910538793"" lon=""99.84944500029087"">
<ele>3854.800048828125</ele>
<time>2018-04-16T09:15:08Z</time>
<link ></link></trkpt>
<trkpt lat=""27.73562547750771"" lon=""99.84954499639571"">
<ele>3846.0</ele>
<time>2018-04-16T09:16:09Z</time>
<link ></link></trkpt>
<trkpt lat=""27.7361923456192"" lon=""99.84990089200437"">
<ele>3836.199951171875</ele>
<time>2018-04-16T09:17:11Z</time>
<link ></link></trkpt>
<trkpt lat=""27.736938167363405"" lon=""99.85009736381471"">
<ele>3823.60009765625</ele>
<time>2018-04-16T09:18:44Z</time>
<link ></link></trkpt>
<trkpt lat=""27.73787258192897"" lon=""99.84988178126514"">
<ele>3797.0</ele>
<time>2018-04-16T09:20:38Z</time>
<link ></link></trkpt>
<trkpt lat=""27.738636089488864"" lon=""99.84991371631622"">
<ele>3776.60009765625</ele>
<time>2018-04-16T09:22:25Z</time>
<link ></link></trkpt>
<trkpt lat=""27.73917680606246"" lon=""99.85031227581203"">
<ele>3765.199951171875</ele>
<time>2018-04-16T09:23:48Z</time>
<link ></link></trkpt>
<trkpt lat=""27.73942398838699"" lon=""99.85155824571848"">
<ele>3744.39990234375</ele>
<time>2018-04-16T09:27:21Z</time>
<link ></link></trkpt>
<trkpt lat=""27.73985255509615"" lon=""99.852289063856"">
<ele>3737.800048828125</ele>
<time>2018-04-16T09:28:42Z</time>
<link ></link></trkpt>
<trkpt lat=""27.739949449896812"" lon=""99.8535467684269"">
<ele>3738.0</ele>
<time>2018-04-16T09:31:15Z</time>
<link ></link></trkpt>
<trkpt lat=""27.7391592040658"" lon=""99.85468779690564"">
<ele>3740.199951171875</ele>
<time>2018-04-16T09:34:42Z</time>
<link ></link></trkpt>
<trkpt lat=""27.7385909948498"" lon=""99.85504084266722"">
<ele>3742.39990234375</ele>
<time>2018-04-16T09:35:55Z</time>
<link ></link></trkpt>
<trkpt lat=""27.73772648535669"" lon=""99.85598573461175"">
<ele>3745.0</ele>
<time>2018-04-16T09:38:22Z</time>
<link ></link></trkpt>
<trkpt lat=""27.7371006924659"" lon=""99.85737855546176"">
<ele>3750.60009765625</ele>
<time>2018-04-16T09:40:36Z</time>
<link ></link></trkpt>
<trkpt lat=""27.736953925341368"" lon=""99.8583261296153"">
<ele>3752.39990234375</ele>
<time>2018-04-16T09:42:12Z</time>
<link ></link></trkpt></trkseg></trk>
<trk>
<name>Tian Bao Shan J5</name>
<link ></link>
<trkseg>
<trkpt lat=""27.73699256591499"" lon=""99.85845386981964"">
<ele>3714.39990234375</ele>
<time>2018-04-17T00:57:06Z</time>
<link ></link></trkpt>
<trkpt lat=""27.73724528029561"" lon=""99.85779203474522"">
<ele>3712.199951171875</ele>
<time>2018-04-17T00:59:27Z</time>
<link ></link></trkpt>
<trkpt lat=""27.738370466977358"" lon=""99.85686164349318"">
<ele>3709.39990234375</ele>
<time>2018-04-17T01:02:01Z</time>
<link ></link></trkpt>
<trkpt lat=""27.738438108935952"" lon=""99.85604122281075"">
<ele>3708.39990234375</ele>
<time>2018-04-17T01:04:14Z</time>
<link ></link></trkpt>
<trkpt lat=""27.739009000360966"" lon=""99.8551385756582"">
<ele>3704.199951171875</ele>
<time>2018-04-17T01:11:37Z</time>
<link ></link></trkpt>
<trkpt lat=""27.739652143791318"" lon=""99.85454413108528"">
<ele>3703.60009765625</ele>
<time>2018-04-17T01:12:54Z</time>
<link ></link></trkpt>
<trkpt lat=""27.740298388525844"" lon=""99.85361139290035"">
<ele>3702.39990234375</ele>
<time>2018-04-17T01:14:36Z</time>
<link ></link></trkpt>
<trkpt lat=""27.741889357566833"" lon=""99.85268929973245"">
<ele>3699.60009765625</ele>
<time>2018-04-17T01:17:38Z</time>
<link ></link></trkpt>
<trkpt lat=""27.742464188486338"" lon=""99.85268024727702"">
<ele>3698.0</ele>
<time>2018-04-17T01:18:36Z</time>
<link ></link></trkpt>
<trkpt lat=""27.742943800985813"" lon=""99.8518783506006"">
<ele>3697.199951171875</ele>
<time>2018-04-17T01:20:02Z</time>
<link ></link></trkpt>
<trkpt lat=""27.74333355948329"" lon=""99.85153117217124"">
<ele>3695.0</ele>
<time>2018-04-17T01:20:49Z</time>
<link ></link></trkpt>
<trkpt lat=""27.74428985081613"" lon=""99.85129170119762"">
<ele>3693.39990234375</ele>
<time>2018-04-17T01:22:26Z</time>
<link ></link></trkpt>
<trkpt lat=""27.74540539830923"" lon=""99.85059742815793"">
<ele>3694.199951171875</ele>
<time>2018-04-17T01:24:16Z</time>
<link ></link></trkpt>
<trkpt lat=""27.745862379670143"" lon=""99.85054244287312"">
<ele>3698.60009765625</ele>
<time>2018-04-17T01:25:00Z</time>
<link ></link></trkpt>
<trkpt lat=""27.747301133349538"" lon=""99.85108952969313"">
<ele>3697.0</ele>
<time>2018-04-17T01:27:18Z</time>
<link ></link></trkpt>
<trkpt lat=""27.747287387028337"" lon=""99.85058242455125"">
<ele>3696.800048828125</ele>
<time>2018-04-17T01:32:15Z</time>
<link ></link></trkpt>
<trkpt lat=""27.74743122048676"" lon=""99.85024807043374"">
<ele>3701.199951171875</ele>
<time>2018-04-17T01:33:06Z</time>
<link ></link></trkpt>
<trkpt lat=""27.74820034392178"" lon=""99.85018067993224"">
<ele>3717.60009765625</ele>
<time>2018-04-17T01:35:16Z</time>
<link ></link></trkpt>
<trkpt lat=""27.75007755495608"" lon=""99.84901970252395"">
<ele>3766.199951171875</ele>
<time>2018-04-17T01:41:23Z</time>
<link ></link></trkpt>
<trkpt lat=""27.75096444413066"" lon=""99.84782905317843"">
<ele>3785.0</ele>
<time>2018-04-17T01:45:50Z</time>
<link ></link></trkpt>
<trkpt lat=""27.75086679495871"" lon=""99.84746896661818"">
<ele>3790.39990234375</ele>
<time>2018-04-17T01:47:39Z</time>
<link ></link></trkpt>
<trkpt lat=""27.751053208485246"" lon=""99.84731767326593"">
<ele>3785.39990234375</ele>
<time>2018-04-17T01:49:12Z</time>
<link ></link></trkpt>
<trkpt lat=""27.751044910401106"" lon=""99.84684526920319"">
<ele>3786.39990234375</ele>
<time>2018-04-17T01:49:55Z</time>
<link ></link></trkpt>
<trkpt lat=""27.751339534297585"" lon=""99.84611730091274"">
<ele>3793.199951171875</ele>
<time>2018-04-17T01:51:18Z</time>
<link ></link></trkpt>
<trkpt lat=""27.75241820141673"" lon=""99.84451090916991"">
<ele>3794.199951171875</ele>
<time>2018-04-17T01:54:13Z</time>
<link ></link></trkpt>
<trkpt lat=""27.753061428666115"" lon=""99.84383868053555"">
<ele>3794.0</ele>
<time>2018-04-17T01:55:34Z</time>
<link ></link></trkpt>
<trkpt lat=""27.753800796344876"" lon=""99.84362184070051"">
<ele>3793.199951171875</ele>
<time>2018-04-17T01:56:47Z</time>
<link ></link></trkpt>
<trkpt lat=""27.755547165870667"" lon=""99.84375603497028"">
<ele>3788.199951171875</ele>
<time>2018-04-17T01:59:38Z</time>
<link ></link></trkpt>
<trkpt lat=""27.756687104701996"" lon=""99.84270134009421"">
<ele>3790.39990234375</ele>
<time>2018-04-17T02:02:12Z</time>
<link ></link></trkpt>
<trkpt lat=""27.758108591660857"" lon=""99.84220010228455"">
<ele>3781.39990234375</ele>
<time>2018-04-17T02:04:30Z</time>
<link ></link></trkpt>
<trkpt lat=""27.758928006514907"" lon=""99.84212097711861"">
<ele>3775.60009765625</ele>
<time>2018-04-17T02:05:51Z</time>
<link ></link></trkpt>
<trkpt lat=""27.759422035887837"" lon=""99.84270075336099"">
<ele>3773.800048828125</ele>
<time>2018-04-17T02:21:17Z</time>
<link ></link></trkpt>
<trkpt lat=""27.760428451001644"" lon=""99.84343291260302"">
<ele>3779.39990234375</ele>
<time>2018-04-17T02:23:31Z</time>
<link ></link></trkpt>
<trkpt lat=""27.761569395661354"" lon=""99.84564950689673"">
<ele>3783.60009765625</ele>
<time>2018-04-17T02:27:19Z</time>
<link ></link></trkpt>
<trkpt lat=""27.763221552595496"" lon=""99.84704366885126"">
<ele>3783.800048828125</ele>
<time>2018-04-17T02:31:15Z</time>
<link ></link></trkpt>
<trkpt lat=""27.763540567830205"" lon=""99.84815360046923"">
<ele>3781.60009765625</ele>
<time>2018-04-17T02:32:49Z</time>
<link ></link></trkpt>
<trkpt lat=""27.764183962717652"" lon=""99.8489064630121"">
<ele>3771.60009765625</ele>
<time>2018-04-17T02:34:31Z</time>
<link ></link></trkpt>
<trkpt lat=""27.765448037534952"" lon=""99.8495922703296"">
<ele>3740.800048828125</ele>
<time>2018-04-17T02:37:07Z</time>
<link ></link></trkpt>
<trkpt lat=""27.766290418803692"" lon=""99.85041629523039"">
<ele>3737.39990234375</ele>
<time>2018-04-17T02:38:46Z</time>
<link ></link></trkpt>
<trkpt lat=""27.767132045701146"" lon=""99.85089490190148"">
<ele>3737.60009765625</ele>
<time>2018-04-17T02:40:10Z</time>
<link ></link></trkpt>
<trkpt lat=""27.76771475560963"" lon=""99.851038986817"">
<ele>3731.199951171875</ele>
<time>2018-04-17T02:41:07Z</time>
<link ></link></trkpt>
<trkpt lat=""27.768722847104073"" lon=""99.85086212866008"">
<ele>3727.0</ele>
<time>2018-04-17T02:43:14Z</time>
<link ></link></trkpt>
<trkpt lat=""27.76926565915346"" lon=""99.85124685801566"">
<ele>3726.800048828125</ele>
<time>2018-04-17T02:44:23Z</time>
<link ></link></trkpt>
<trkpt lat=""27.770750261843204"" lon=""99.85110394656658"">
<ele>3701.199951171875</ele>
<time>2018-04-17T02:47:08Z</time>
<link ></link></trkpt>
<trkpt lat=""27.772460002452135"" lon=""99.85005226917565"">
<ele>3684.199951171875</ele>
<time>2018-04-17T02:50:01Z</time>
<link ></link></trkpt>
<trkpt lat=""27.772712130099535"" lon=""99.85001547262073"">
<ele>3681.60009765625</ele>
<time>2018-04-17T02:50:31Z</time>
<link ></link></trkpt>
<trkpt lat=""27.773086884990335"" lon=""99.85027262941003"">
<ele>3675.39990234375</ele>
<time>2018-04-17T02:51:19Z</time>
<link ></link></trkpt>
<trkpt lat=""27.774164965376258"" lon=""99.84981782734394"">
<ele>3659.199951171875</ele>
<time>2018-04-17T02:53:04Z</time>
<link ></link></trkpt>
<trkpt lat=""27.775043891742826"" lon=""99.85019518062472"">
<ele>3643.199951171875</ele>
<time>2018-04-17T02:54:56Z</time>
<link ></link></trkpt>
<trkpt lat=""27.775762556120753"" lon=""99.85073145478964"">
<ele>3632.199951171875</ele>
<time>2018-04-17T02:56:29Z</time>
<link ></link></trkpt>
<trkpt lat=""27.776499828323722"" lon=""99.85190919600427"">
<ele>3605.800048828125</ele>
<time>2018-04-17T02:58:36Z</time>
<link ></link></trkpt>
<trkpt lat=""27.776774670928717"" lon=""99.85187717713416"">
<ele>3600.0</ele>
<time>2018-04-17T02:59:03Z</time>
<link ></link></trkpt>
<trkpt lat=""27.777735153213143"" lon=""99.85235553234816"">
<ele>3575.199951171875</ele>
<time>2018-04-17T03:01:40Z</time>
<link ></link></trkpt>
<trkpt lat=""27.778995791450143"" lon=""99.8533684015274"">
<ele>3524.39990234375</ele>
<time>2018-04-17T03:05:00Z</time>
<link ></link></trkpt>
<trkpt lat=""27.779359398409724"" lon=""99.8533689044416"">
<ele>3515.39990234375</ele>
<time>2018-04-17T03:05:51Z</time>
<link ></link></trkpt>
<trkpt lat=""27.780039338395"" lon=""99.85389151610434"">
<ele>3497.199951171875</ele>
<time>2018-04-17T03:07:16Z</time>
<link ></link></trkpt>
<trkpt lat=""27.780409147962928"" lon=""99.853835105896"">
<ele>3489.800048828125</ele>
<time>2018-04-17T03:07:53Z</time>
<link ></link></trkpt>
<trkpt lat=""27.781165782362223"" lon=""99.85420013777912"">
<ele>3473.0</ele>
<time>2018-04-17T03:09:21Z</time>
<link ></link></trkpt>
<trkpt lat=""27.7820788230747"" lon=""99.85425881110132"">
<ele>3456.0</ele>
<time>2018-04-17T03:10:58Z</time>
<link ></link></trkpt>
<trkpt lat=""27.78222014196217"" lon=""99.85461470670998"">
<ele>3450.800048828125</ele>
<time>2018-04-17T03:15:30Z</time>
<link ></link></trkpt>
<trkpt lat=""27.781970780342817"" lon=""99.85500915907323"">
<ele>3392.39990234375</ele>
<time>2018-04-17T03:21:41Z</time>
<link ></link></trkpt>
<trkpt lat=""27.782305888831615"" lon=""99.8550233244896"">
<ele>3431.199951171875</ele>
<time>2018-04-17T03:52:23Z</time>
<link ></link></trkpt>
<trkpt lat=""27.782503701746464"" lon=""99.8558553121984"">
<ele>3416.800048828125</ele>
<time>2018-04-17T03:53:58Z</time>
<link ></link></trkpt>
<trkpt lat=""27.783084232360125"" lon=""99.8563215136528"">
<ele>3404.0</ele>
<time>2018-04-17T03:55:25Z</time>
<link ></link></trkpt>
<trkpt lat=""27.783922590315342"" lon=""99.85661689192057"">
<ele>3391.800048828125</ele>
<time>2018-04-17T03:57:02Z</time>
<link ></link></trkpt>
<trkpt lat=""27.785040149465203"" lon=""99.85689240507782"">
<ele>3384.39990234375</ele>
<time>2018-04-17T03:59:14Z</time>
<link ></link></trkpt>
<trkpt lat=""27.785286577418447"" lon=""99.85679173842072"">
<ele>3384.199951171875</ele>
<time>2018-04-17T04:01:32Z</time>
<link ></link></trkpt>
<trkpt lat=""27.785345083102584"" lon=""99.85707714222372"">
<ele>3383.199951171875</ele>
<time>2018-04-17T04:03:19Z</time>
<link ></link></trkpt>
<trkpt lat=""27.785259503871202"" lon=""99.85670641064644"">
<ele>3385.39990234375</ele>
<time>2018-04-17T04:06:19Z</time>
<link ></link></trkpt>
<trkpt lat=""27.786737652495503"" lon=""99.85841958783567"">
<ele>3386.800048828125</ele>
<time>2018-04-17T04:07:42Z</time>
<link ></link></trkpt>
<trkpt lat=""27.789365211501718"" lon=""99.85825379379094"">
<ele>3391.800048828125</ele>
<time>2018-04-17T04:08:09Z</time>
<link ></link></trkpt>
<trkpt lat=""27.789898216724396"" lon=""99.85807416960597"">
<ele>3391.199951171875</ele>
<time>2018-04-17T04:08:14Z</time>
<link ></link></trkpt></trkseg></trk></gpx>",T2 - Mountain hike,3383.199951171875,http://www.hikr.org/tour/post131516.html,1884.6111953124944,Traversée du Massif du Tian Bao Shan / 天宝山 / montagne du trésor céleste,53094.8618556861
5afb22a48f80884aaad9c727,34392.87128600139,Bertrand,2018-05-01 09:00:13,1672.0,"{'min': {'type': 'Point', 'coordinates': [10.432078214362264, 46.86227532103658]}, 'max': {'type': 'Point', 'coordinates': [10.110728200525045, 46.76911214366555]}}",814.4200195312494,16151.0,2018-05-01 13:37:40,3.237053561773338,"<?xml version=""1.0"" encoding=""UTF-8""?>
<gpx xmlns:xsi=""http://www.w3.org/2001/XMLSchema-instance"" xmlns=""http://www.topografix.com/GPX/1/1"" xsi:schemaLocation=""http://www.topografix.com/GPX/1/1 http://www.topografix.com/GPX/1/1/gpx.xsd"" version=""1.1"" creator=""Garmin Connect"">
<metadata>
<author>
<link ></link></author>
<copyright ></copyright>
<link href=""connect.garmin.com"">
<text>Garmin Connect</text></link>
<time>2018-05-01T09:00:13Z</time></metadata>
<trk>
<name>Lavin - Strada</name>
<desc>Beau parcours roulant...mais jambes très lourdes &gt; 25km ! 1h08 pour les 9km entre Sur En (pont) et Strada, pourtant souvent descendants...A refaire en montée (pas forcéement tellement + long car le parcours alterne gradients fermes et longues sections peu pentues)</desc>
<link ></link>
<type>trail_running</type>
<trkseg>
<trkpt lat=""46.76911214366555"" lon=""10.110728200525045"">
<ele>1448.5999755859375</ele>
<time>2018-05-01T09:00:13Z</time>
<link ></link>
<extensions>
<TrackPointExtension/></extensions></trkpt>
<trkpt lat=""46.76993926987052"" lon=""10.11241371743381"">
<ele>1446.4000244140625</ele>
<time>2018-05-01T09:01:00Z</time>
<link ></link>
<extensions>
<TrackPointExtension/></extensions></trkpt>
<trkpt lat=""46.76978202536702"" lon=""10.11289014481008"">
<ele>1442.800048828125</ele>
<time>2018-05-01T09:01:17Z</time>
<link ></link>
<extensions>
<TrackPointExtension/></extensions></trkpt>
<trkpt lat=""46.77021059207618"" lon=""10.11417031288147"">
<ele>1447.800048828125</ele>
<time>2018-05-01T09:02:13Z</time>
<link ></link>
<extensions>
<TrackPointExtension/></extensions></trkpt>
<trkpt lat=""46.77009768784046"" lon=""10.115517787635326"">
<ele>1455.800048828125</ele>
<time>2018-05-01T09:03:15Z</time>
<link ></link>
<extensions>
<TrackPointExtension/></extensions></trkpt>
<trkpt lat=""46.77067989483476"" lon=""10.1170370914042"">
<ele>1465.4000244140625</ele>
<time>2018-05-01T09:04:27Z</time>
<link ></link>
<extensions>
<TrackPointExtension/></extensions></trkpt>
<trkpt lat=""46.77126847207546"" lon=""10.120753375813365"">
<ele>1475.5999755859375</ele>
<time>2018-05-01T09:07:00Z</time>
<link ></link>
<extensions>
<TrackPointExtension/></extensions></trkpt>
<trkpt lat=""46.771292109042406"" lon=""10.121505232527852"">
<ele>1475.800048828125</ele>
<time>2018-05-01T09:07:25Z</time>
<link ></link>
<extensions>
<TrackPointExtension/></extensions></trkpt>
<trkpt lat=""46.77099379710853"" lon=""10.122316936030984"">
<ele>1475.199951171875</ele>
<time>2018-05-01T09:07:53Z</time>
<link ></link>
<extensions>
<TrackPointExtension/></extensions></trkpt>
<trkpt lat=""46.77092280238867"" lon=""10.12417646124959"">
<ele>1474.4000244140625</ele>
<time>2018-05-01T09:08:51Z</time>
<link ></link>
<extensions>
<TrackPointExtension/></extensions></trkpt>
<trkpt lat=""46.77136939018965"" lon=""10.126891108229756"">
<ele>1473.5999755859375</ele>
<time>2018-05-01T09:10:13Z</time>
<link ></link>
<extensions>
<TrackPointExtension/></extensions></trkpt>
<trkpt lat=""46.77179720252752"" lon=""10.128139425069094"">
<ele>1472.0</ele>
<time>2018-05-01T09:10:53Z</time>
<link ></link>
<extensions>
<TrackPointExtension/></extensions></trkpt>
<trkpt lat=""46.77208788692951"" lon=""10.128546198830009"">
<ele>1472.0</ele>
<time>2018-05-01T09:11:10Z</time>
<link ></link>
<extensions>
<TrackPointExtension/></extensions></trkpt>
<trkpt lat=""46.77209082059562"" lon=""10.1291579939425"">
<ele>1475.199951171875</ele>
<time>2018-05-01T09:11:41Z</time>
<link ></link>
<extensions>
<TrackPointExtension/></extensions></trkpt>
<trkpt lat=""46.77255190908909"" lon=""10.129399811848998"">
<ele>1479.4000244140625</ele>
<time>2018-05-01T09:12:15Z</time>
<link ></link>
<extensions>
<TrackPointExtension/></extensions></trkpt>
<trkpt lat=""46.77283546887338"" lon=""10.130469426512718"">
<ele>1486.800048828125</ele>
<time>2018-05-01T09:13:08Z</time>
<link ></link>
<extensions>
<TrackPointExtension/></extensions></trkpt>
<trkpt lat=""46.77412494085729"" lon=""10.132288467139006"">
<ele>1507.0</ele>
<time>2018-05-01T09:15:06Z</time>
<link ></link>
<extensions>
<TrackPointExtension/></extensions></trkpt>
<trkpt lat=""46.774523416534066"" lon=""10.13346721418202"">
<ele>1517.5999755859375</ele>
<time>2018-05-01T09:16:07Z</time>
<link ></link>
<extensions>
<TrackPointExtension/></extensions></trkpt>
<trkpt lat=""46.774382181465626"" lon=""10.134613523259759"">
<ele>1526.5999755859375</ele>
<time>2018-05-01T09:17:03Z</time>
<link ></link>
<extensions>
<TrackPointExtension/></extensions></trkpt>
<trkpt lat=""46.77484846673906"" lon=""10.135894529521465"">
<ele>1537.5999755859375</ele>
<time>2018-05-01T09:18:10Z</time>
<link ></link>
<extensions>
<TrackPointExtension/></extensions></trkpt>
<trkpt lat=""46.77462324500084"" lon=""10.136559214442968"">
<ele>1543.5999755859375</ele>
<time>2018-05-01T09:18:40Z</time>
<link ></link>
<extensions>
<TrackPointExtension/></extensions></trkpt>
<trkpt lat=""46.77451964467764"" lon=""10.138196619227529"">
<ele>1555.5999755859375</ele>
<time>2018-05-01T09:19:56Z</time>
<link ></link>
<extensions>
<TrackPointExtension/></extensions></trkpt>
<trkpt lat=""46.774603966623545"" lon=""10.139269335195422"">
<ele>1564.199951171875</ele>
<time>2018-05-01T09:20:46Z</time>
<link ></link>
<extensions>
<TrackPointExtension/></extensions></trkpt>
<trkpt lat=""46.77494226023555"" lon=""10.14057925902307"">
<ele>1574.4000244140625</ele>
<time>2018-05-01T09:21:50Z</time>
<link ></link>
<extensions>
<TrackPointExtension/></extensions></trkpt>
<trkpt lat=""46.776928352192044"" lon=""10.141527839004993"">
<ele>1574.199951171875</ele>
<time>2018-05-01T09:23:37Z</time>
<link ></link>
<extensions>
<TrackPointExtension/></extensions></trkpt>
<trkpt lat=""46.778215477243066"" lon=""10.142912613227963"">
<ele>1576.199951171875</ele>
<time>2018-05-01T09:24:39Z</time>
<link ></link>
<extensions>
<TrackPointExtension/></extensions></trkpt>
<trkpt lat=""46.77806192077696"" lon=""10.143122244626284"">
<ele>1576.800048828125</ele>
<time>2018-05-01T09:24:49Z</time>
<link ></link>
<extensions>
<TrackPointExtension/></extensions></trkpt>
<trkpt lat=""46.77740637212992"" lon=""10.143071617931128"">
<ele>1581.5999755859375</ele>
<time>2018-05-01T09:25:43Z</time>
<link ></link>
<extensions>
<TrackPointExtension/></extensions></trkpt>
<trkpt lat=""46.776140788570046"" lon=""10.143489455804229"">
<ele>1592.0</ele>
<time>2018-05-01T09:26:51Z</time>
<link ></link>
<extensions>
<TrackPointExtension/></extensions></trkpt>
<trkpt lat=""46.775591019541025"" lon=""10.144498469308019"">
<ele>1596.4000244140625</ele>
<time>2018-05-01T09:27:45Z</time>
<link ></link>
<extensions>
<TrackPointExtension/></extensions></trkpt>
<trkpt lat=""46.77568514831364"" lon=""10.145461382344365"">
<ele>1602.5999755859375</ele>
<time>2018-05-01T09:28:27Z</time>
<link ></link>
<extensions>
<TrackPointExtension/></extensions></trkpt>
<trkpt lat=""46.77544794045389"" lon=""10.146332094445825"">
<ele>1611.4000244140625</ele>
<time>2018-05-01T09:29:16Z</time>
<link ></link>
<extensions>
<TrackPointExtension/></extensions></trkpt>
<trkpt lat=""46.775674503296614"" lon=""10.147940665483475"">
<ele>1622.5999755859375</ele>
<time>2018-05-01T09:30:36Z</time>
<link ></link>
<extensions>
<TrackPointExtension/></extensions></trkpt>
<trkpt lat=""46.77561725489795"" lon=""10.149068785831332"">
<ele>1628.199951171875</ele>
<time>2018-05-01T09:31:20Z</time>
<link ></link>
<extensions>
<TrackPointExtension/></extensions></trkpt>
<trkpt lat=""46.77486036904156"" lon=""10.151993734762073"">
<ele>1652.0</ele>
<time>2018-05-01T09:33:57Z</time>
<link ></link>
<extensions>
<TrackPointExtension/></extensions></trkpt>
<trkpt lat=""46.77540519274771"" lon=""10.153112467378378"">
<ele>1661.4000244140625</ele>
<time>2018-05-01T09:35:27Z</time>
<link ></link>
<extensions>
<TrackPointExtension/></extensions></trkpt>
<trkpt lat=""46.77537971176207"" lon=""10.153654692694545"">
<ele>1664.5999755859375</ele>
<time>2018-05-01T09:35:51Z</time>
<link ></link>
<extensions>
<TrackPointExtension/></extensions></trkpt>
<trkpt lat=""46.77590207196772"" lon=""10.154529763385653"">
<ele>1670.0</ele>
<time>2018-05-01T09:36:58Z</time>
<link ></link>
<extensions>
<TrackPointExtension/></extensions></trkpt>
<trkpt lat=""46.77597340196371"" lon=""10.154948523268104"">
<ele>1671.800048828125</ele>
<time>2018-05-01T09:37:15Z</time>
<link ></link>
<extensions>
<TrackPointExtension/></extensions></trkpt>
<trkpt lat=""46.775667294859886"" lon=""10.155215738341212"">
<ele>1672.0</ele>
<time>2018-05-01T09:37:35Z</time>
<link ></link>
<extensions>
<TrackPointExtension/></extensions></trkpt>
<trkpt lat=""46.77517536096275"" lon=""10.156770497560501"">
<ele>1657.5999755859375</ele>
<time>2018-05-01T09:38:25Z</time>
<link ></link>
<extensions>
<TrackPointExtension/></extensions></trkpt>
<trkpt lat=""46.77477520890534"" lon=""10.15713787637651"">
<ele>1652.5999755859375</ele>
<time>2018-05-01T09:38:46Z</time>
<link ></link>
<extensions>
<TrackPointExtension/></extensions></trkpt>
<trkpt lat=""46.77509271539748"" lon=""10.159348268061876"">
<ele>1621.4000244140625</ele>
<time>2018-05-01T09:40:00Z</time>
<link ></link>
<extensions>
<TrackPointExtension/></extensions></trkpt>
<trkpt lat=""46.77500210702419"" lon=""10.15969444066286"">
<ele>1612.4000244140625</ele>
<time>2018-05-01T09:40:18Z</time>
<link ></link>
<extensions>
<TrackPointExtension/></extensions></trkpt>
<trkpt lat=""46.7752746026963"" lon=""10.16032811254263"">
<ele>1603.800048828125</ele>
<time>2018-05-01T09:40:38Z</time>
<link ></link>
<extensions>
<TrackPointExtension/></extensions></trkpt>
<trkpt lat=""46.77528868429363"" lon=""10.160907218232751"">
<ele>1601.4000244140625</ele>
<time>2018-05-01T09:40:55Z</time>
<link ></link>
<extensions>
<TrackPointExtension/></extensions></trkpt>
<trkpt lat=""46.77504560910165"" lon=""10.161401918157935"">
<ele>1602.0</ele>
<time>2018-05-01T09:41:20Z</time>
<link ></link>
<extensions>
<TrackPointExtension/></extensions></trkpt>
<trkpt lat=""46.774732545018196"" lon=""10.163104869425297"">
<ele>1607.4000244140625</ele>
<time>2018-05-01T09:42:17Z</time>
<link ></link>
<extensions>
<TrackPointExtension/></extensions></trkpt>
<trkpt lat=""46.77507025189698"" lon=""10.164697263389826"">
<ele>1618.0</ele>
<time>2018-05-01T09:43:51Z</time>
<link ></link>
<extensions>
<TrackPointExtension/></extensions></trkpt>
<trkpt lat=""46.77488182671368"" lon=""10.165398074313998"">
<ele>1626.199951171875</ele>
<time>2018-05-01T09:44:34Z</time>
<link ></link>
<extensions>
<TrackPointExtension/></extensions></trkpt>
<trkpt lat=""46.7756512016058"" lon=""10.165854301303625"">
<ele>1633.5999755859375</ele>
<time>2018-05-01T09:45:28Z</time>
<link ></link>
<extensions>
<TrackPointExtension/></extensions></trkpt>
<trkpt lat=""46.77582671865821"" lon=""10.165470242500305"">
<ele>1640.199951171875</ele>
<time>2018-05-01T09:45:55Z</time>
<link ></link>
<extensions>
<TrackPointExtension/></extensions></trkpt>
<trkpt lat=""46.776197869330645"" lon=""10.165691524744034"">
<ele>1644.199951171875</ele>
<time>2018-05-01T09:46:30Z</time>
<link ></link>
<extensions>
<TrackPointExtension/></extensions></trkpt>
<trkpt lat=""46.776337595656514"" lon=""10.166449500247836"">
<ele>1650.199951171875</ele>
<time>2018-05-01T09:47:21Z</time>
<link ></link>
<extensions>
<TrackPointExtension/></extensions></trkpt>
<trkpt lat=""46.77705223672092"" lon=""10.168133927509189"">
<ele>1666.4000244140625</ele>
<time>2018-05-01T09:49:06Z</time>
<link ></link>
<extensions>
<TrackPointExtension/></extensions></trkpt>
<trkpt lat=""46.777241667732596"" lon=""10.169796561822295"">
<ele>1670.5999755859375</ele>
<time>2018-05-01T09:50:14Z</time>
<link ></link>
<extensions>
<TrackPointExtension/></extensions></trkpt>
<trkpt lat=""46.77705919370055"" lon=""10.171181838959455"">
<ele>1667.0</ele>
<time>2018-05-01T09:50:49Z</time>
<link ></link>
<extensions>
<TrackPointExtension/></extensions></trkpt>
<trkpt lat=""46.77717830054462"" lon=""10.172355389222503"">
<ele>1662.5999755859375</ele>
<time>2018-05-01T09:51:21Z</time>
<link ></link>
<extensions>
<TrackPointExtension/></extensions></trkpt>
<trkpt lat=""46.777400337159634"" lon=""10.17293181270361"">
<ele>1656.5999755859375</ele>
<time>2018-05-01T09:51:39Z</time>
<link ></link>
<extensions>
<TrackPointExtension/></extensions></trkpt>
<trkpt lat=""46.77727854810655"" lon=""10.173769081011415"">
<ele>1650.199951171875</ele>
<time>2018-05-01T09:52:01Z</time>
<link ></link>
<extensions>
<TrackPointExtension/></extensions></trkpt>
<trkpt lat=""46.7773191165179"" lon=""10.175959104672074"">
<ele>1631.0</ele>
<time>2018-05-01T09:52:57Z</time>
<link ></link>
<extensions>
<TrackPointExtension/></extensions></trkpt>
<trkpt lat=""46.77717377431691"" lon=""10.176854962483048"">
<ele>1623.199951171875</ele>
<time>2018-05-01T09:53:22Z</time>
<link ></link>
<extensions>
<TrackPointExtension/></extensions></trkpt>
<trkpt lat=""46.777337891981006"" lon=""10.177747216075659"">
<ele>1616.5999755859375</ele>
<time>2018-05-01T09:53:46Z</time>
<link ></link>
<extensions>
<TrackPointExtension/></extensions></trkpt>
<trkpt lat=""46.7771689966321"" lon=""10.179416639730334"">
<ele>1608.199951171875</ele>
<time>2018-05-01T09:54:29Z</time>
<link ></link>
<extensions>
<TrackPointExtension/></extensions></trkpt>
<trkpt lat=""46.77737686783075"" lon=""10.180304953828454"">
<ele>1605.0</ele>
<time>2018-05-01T09:54:51Z</time>
<link ></link>
<extensions>
<TrackPointExtension/></extensions></trkpt>
<trkpt lat=""46.777156507596374"" lon=""10.181316481903195"">
<ele>1601.800048828125</ele>
<time>2018-05-01T09:55:17Z</time>
<link ></link>
<extensions>
<TrackPointExtension/></extensions></trkpt>
<trkpt lat=""46.77738558501005"" lon=""10.182541580870748"">
<ele>1596.5999755859375</ele>
<time>2018-05-01T09:55:48Z</time>
<link ></link>
<extensions>
<TrackPointExtension/></extensions></trkpt>
<trkpt lat=""46.77699842490256"" lon=""10.183294108137488"">
<ele>1589.800048828125</ele>
<time>2018-05-01T09:56:13Z</time>
<link ></link>
<extensions>
<TrackPointExtension/></extensions></trkpt>
<trkpt lat=""46.77760443650186"" lon=""10.184177812188864"">
<ele>1583.0</ele>
<time>2018-05-01T09:56:40Z</time>
<link ></link>
<extensions>
<TrackPointExtension/></extensions></trkpt>
<trkpt lat=""46.77725616842508"" lon=""10.18489790149033"">
<ele>1582.0</ele>
<time>2018-05-01T09:57:06Z</time>
<link ></link>
<extensions>
<TrackPointExtension/></extensions></trkpt>
<trkpt lat=""46.777167320251465"" lon=""10.1870908588171"">
<ele>1582.0</ele>
<time>2018-05-01T09:58:14Z</time>
<link ></link>
<extensions>
<TrackPointExtension/></extensions></trkpt>
<trkpt lat=""46.776530211791396"" lon=""10.189684638753533"">
<ele>1584.800048828125</ele>
<time>2018-05-01T09:59:41Z</time>
<link ></link>
<extensions>
<TrackPointExtension/></extensions></trkpt>
<trkpt lat=""46.77669793367386"" lon=""10.190975787118077"">
<ele>1580.5999755859375</ele>
<time>2018-05-01T10:00:18Z</time>
<link ></link>
<extensions>
<TrackPointExtension/></extensions></trkpt>
<trkpt lat=""46.77638528868556"" lon=""10.193927474319935"">
<ele>1558.4000244140625</ele>
<time>2018-05-01T10:01:36Z</time>
<link ></link>
<extensions>
<TrackPointExtension/></extensions></trkpt>
<trkpt lat=""46.77596468478441"" lon=""10.195501931011677"">
<ele>1543.4000244140625</ele>
<time>2018-05-01T10:02:16Z</time>
<link ></link>
<extensions>
<TrackPointExtension/></extensions></trkpt>
<trkpt lat=""46.77583644166589"" lon=""10.195632269605994"">
<ele>1542.0</ele>
<time>2018-05-01T10:02:22Z</time>
<link ></link>
<extensions>
<TrackPointExtension/></extensions></trkpt>
<trkpt lat=""46.77579939365387"" lon=""10.19517277367413"">
<ele>1537.5999755859375</ele>
<time>2018-05-01T10:02:36Z</time>
<link ></link>
<extensions>
<TrackPointExtension/></extensions></trkpt>
<trkpt lat=""46.775525053963065"" lon=""10.196019262075424"">
<ele>1525.800048828125</ele>
<time>2018-05-01T10:03:01Z</time>
<link ></link>
<extensions>
<TrackPointExtension/></extensions></trkpt>
<trkpt lat=""46.77540301345289"" lon=""10.19732273183763"">
<ele>1514.199951171875</ele>
<time>2018-05-01T10:03:36Z</time>
<link ></link>
<extensions>
<TrackPointExtension/></extensions></trkpt>
<trkpt lat=""46.775706773623824"" lon=""10.199503703042865"">
<ele>1487.199951171875</ele>
<time>2018-05-01T10:04:40Z</time>
<link ></link>
<extensions>
<TrackPointExtension/></extensions></trkpt>
<trkpt lat=""46.77527376450598"" lon=""10.200873473659158"">
<ele>1482.0</ele>
<time>2018-05-01T10:05:37Z</time>
<link ></link>
<extensions>
<TrackPointExtension/></extensions></trkpt>
<trkpt lat=""46.77521852776408"" lon=""10.201761536300182"">
<ele>1485.0</ele>
<time>2018-05-01T10:06:07Z</time>
<link ></link>
<extensions>
<TrackPointExtension/></extensions></trkpt>
<trkpt lat=""46.77628428675234"" lon=""10.20189338363707"">
<ele>1496.199951171875</ele>
<time>2018-05-01T10:07:41Z</time>
<link ></link>
<extensions>
<TrackPointExtension/></extensions></trkpt>
<trkpt lat=""46.77830365486443"" lon=""10.20286325365305"">
<ele>1540.5999755859375</ele>
<time>2018-05-01T10:11:23Z</time>
<link ></link>
<extensions>
<TrackPointExtension/></extensions></trkpt>
<trkpt lat=""46.77878234535456"" lon=""10.205210018903017"">
<ele>1555.4000244140625</ele>
<time>2018-05-01T10:13:16Z</time>
<link ></link>
<extensions>
<TrackPointExtension/></extensions></trkpt>
<trkpt lat=""46.77928383462131"" lon=""10.206024823710322"">
<ele>1561.4000244140625</ele>
<time>2018-05-01T10:14:07Z</time>
<link ></link>
<extensions>
<TrackPointExtension/></extensions></trkpt>
<trkpt lat=""46.77955834195018"" lon=""10.20772811025381"">
<ele>1575.4000244140625</ele>
<time>2018-05-01T10:15:35Z</time>
<link ></link>
<extensions>
<TrackPointExtension/></extensions></trkpt>
<trkpt lat=""46.78011548705399"" lon=""10.209120092913508"">
<ele>1589.4000244140625</ele>
<time>2018-05-01T10:17:01Z</time>
<link ></link>
<extensions>
<TrackPointExtension/></extensions></trkpt>
<trkpt lat=""46.780568612739444"" lon=""10.211031502112746"">
<ele>1596.0</ele>
<time>2018-05-01T10:18:07Z</time>
<link ></link>
<extensions>
<TrackPointExtension/></extensions></trkpt>
<trkpt lat=""46.78097111172974"" lon=""10.211827112361789"">
<ele>1601.800048828125</ele>
<time>2018-05-01T10:18:54Z</time>
<link ></link>
<extensions>
<TrackPointExtension/></extensions></trkpt>
<trkpt lat=""46.781161883845925"" lon=""10.212910808622837"">
<ele>1610.4000244140625</ele>
<time>2018-05-01T10:19:50Z</time>
<link ></link>
<extensions>
<TrackPointExtension/></extensions></trkpt>
<trkpt lat=""46.78113958798349"" lon=""10.214037168771029"">
<ele>1620.800048828125</ele>
<time>2018-05-01T10:20:48Z</time>
<link ></link>
<extensions>
<TrackPointExtension/></extensions></trkpt>
<trkpt lat=""46.78197467699647"" lon=""10.215562507510185"">
<ele>1617.5999755859375</ele>
<time>2018-05-01T10:21:51Z</time>
<link ></link>
<extensions>
<TrackPointExtension/></extensions></trkpt>
<trkpt lat=""46.782442135736346"" lon=""10.216916939243674"">
<ele>1615.4000244140625</ele>
<time>2018-05-01T10:22:35Z</time>
<link ></link>
<extensions>
<TrackPointExtension/></extensions></trkpt>
<trkpt lat=""46.78342340514064"" lon=""10.217187507078052"">
<ele>1610.0</ele>
<time>2018-05-01T10:23:15Z</time>
<link ></link>
<extensions>
<TrackPointExtension/></extensions></trkpt>
<trkpt lat=""46.78407719358802"" lon=""10.215810863301158"">
<ele>1607.4000244140625</ele>
<time>2018-05-01T10:24:09Z</time>
<link ></link>
<extensions>
<TrackPointExtension/></extensions></trkpt>
<trkpt lat=""46.7857220582664"" lon=""10.214436315000057"">
<ele>1593.800048828125</ele>
<time>2018-05-01T10:25:22Z</time>
<link ></link>
<extensions>
<TrackPointExtension/></extensions></trkpt>
<trkpt lat=""46.78663761354983"" lon=""10.213380111381412"">
<ele>1590.800048828125</ele>
<time>2018-05-01T10:26:01Z</time>
<link ></link>
<extensions>
<TrackPointExtension/></extensions></trkpt>
<trkpt lat=""46.787328785285354"" lon=""10.213250275701284"">
<ele>1589.0</ele>
<time>2018-05-01T10:26:25Z</time>
<link ></link>
<extensions>
<TrackPointExtension/></extensions></trkpt>
<trkpt lat=""46.78804795257747"" lon=""10.212687011808157"">
<ele>1589.800048828125</ele>
<time>2018-05-01T10:27:00Z</time>
<link ></link>
<extensions>
<TrackPointExtension/></extensions></trkpt>
<trkpt lat=""46.78832748904824"" lon=""10.212696734815836"">
<ele>1589.5999755859375</ele>
<time>2018-05-01T10:27:09Z</time>
<link ></link>
<extensions>
<TrackPointExtension/></extensions></trkpt>
<trkpt lat=""46.78882855921984"" lon=""10.213155057281256"">
<ele>1588.800048828125</ele>
<time>2018-05-01T10:27:38Z</time>
<link ></link>
<extensions>
<TrackPointExtension/></extensions></trkpt>
<trkpt lat=""46.78974931128323"" lon=""10.212006233632565"">
<ele>1597.800048828125</ele>
<time>2018-05-01T10:29:32Z</time>
<link ></link>
<extensions>
<TrackPointExtension/></extensions></trkpt>
<trkpt lat=""46.789351757615805"" lon=""10.213637603446841"">
<ele>1621.0</ele>
<time>2018-05-01T10:31:31Z</time>
<link ></link>
<extensions>
<TrackPointExtension/></extensions></trkpt>
<trkpt lat=""46.788273844867945"" lon=""10.215036375448108"">
<ele>1633.800048828125</ele>
<time>2018-05-01T10:33:05Z</time>
<link ></link>
<extensions>
<TrackPointExtension/></extensions></trkpt>
<trkpt lat=""46.78732275031507"" lon=""10.217655887827277"">
<ele>1645.4000244140625</ele>
<time>2018-05-01T10:34:53Z</time>
<link ></link>
<extensions>
<TrackPointExtension/></extensions></trkpt>
<trkpt lat=""46.78716894239187"" lon=""10.218442529439926"">
<ele>1645.4000244140625</ele>
<time>2018-05-01T10:35:13Z</time>
<link ></link>
<extensions>
<TrackPointExtension/></extensions></trkpt>
<trkpt lat=""46.787332221865654"" lon=""10.21894158795476"">
<ele>1647.4000244140625</ele>
<time>2018-05-01T10:35:32Z</time>
<link ></link>
<extensions>
<TrackPointExtension/></extensions></trkpt>
<trkpt lat=""46.78735946305096"" lon=""10.219889748841524"">
<ele>1646.0</ele>
<time>2018-05-01T10:36:27Z</time>
<link ></link>
<extensions>
<TrackPointExtension/></extensions></trkpt>
<trkpt lat=""46.787174977362156"" lon=""10.220693070441484"">
<ele>1641.5999755859375</ele>
<time>2018-05-01T10:36:45Z</time>
<link ></link>
<extensions>
<TrackPointExtension/></extensions></trkpt>
<trkpt lat=""46.78663635626435"" lon=""10.221920851618052"">
<ele>1645.4000244140625</ele>
<time>2018-05-01T10:37:40Z</time>
<link ></link>
<extensions>
<TrackPointExtension/></extensions></trkpt>
<trkpt lat=""46.786247519776225"" lon=""10.224155969917774"">
<ele>1642.800048828125</ele>
<time>2018-05-01T10:38:54Z</time>
<link ></link>
<extensions>
<TrackPointExtension/></extensions></trkpt>
<trkpt lat=""46.786388754844666"" lon=""10.224928949028254"">
<ele>1635.199951171875</ele>
<time>2018-05-01T10:39:22Z</time>
<link ></link>
<extensions>
<TrackPointExtension/></extensions></trkpt>
<trkpt lat=""46.786804581061006"" lon=""10.22559229284525"">
<ele>1645.199951171875</ele>
<time>2018-05-01T10:40:25Z</time>
<link ></link>
<extensions>
<TrackPointExtension/></extensions></trkpt>
<trkpt lat=""46.786929136142135"" lon=""10.226172069087625"">
<ele>1645.800048828125</ele>
<time>2018-05-01T10:40:49Z</time>
<link ></link>
<extensions>
<TrackPointExtension/></extensions></trkpt>
<trkpt lat=""46.7875250056386"" lon=""10.226887548342347"">
<ele>1650.5999755859375</ele>
<time>2018-05-01T10:41:37Z</time>
<link ></link>
<extensions>
<TrackPointExtension/></extensions></trkpt>
<trkpt lat=""46.78767177276313"" lon=""10.227563213557005"">
<ele>1651.0</ele>
<time>2018-05-01T10:42:00Z</time>
<link ></link>
<extensions>
<TrackPointExtension/></extensions></trkpt>
<trkpt lat=""46.78718755021691"" lon=""10.229070279747248"">
<ele>1644.0</ele>
<time>2018-05-01T10:42:44Z</time>
<link ></link>
<extensions>
<TrackPointExtension/></extensions></trkpt>
<trkpt lat=""46.78713524714112"" lon=""10.23037358187139"">
<ele>1645.0</ele>
<time>2018-05-01T10:43:25Z</time>
<link ></link>
<extensions>
<TrackPointExtension/></extensions></trkpt>
<trkpt lat=""46.78663141094148"" lon=""10.232455311343074"">
<ele>1641.800048828125</ele>
<time>2018-05-01T10:44:29Z</time>
<link ></link>
<extensions>
<TrackPointExtension/></extensions></trkpt>
<trkpt lat=""46.78672084584832"" lon=""10.23348368704319"">
<ele>1641.5999755859375</ele>
<time>2018-05-01T10:45:01Z</time>
<link ></link>
<extensions>
<TrackPointExtension/></extensions></trkpt>
<trkpt lat=""46.78710465319455"" lon=""10.234906515106559"">
<ele>1638.800048828125</ele>
<time>2018-05-01T10:45:42Z</time>
<link ></link>
<extensions>
<TrackPointExtension/></extensions></trkpt>
<trkpt lat=""46.787084033712745"" lon=""10.236763274297118"">
<ele>1631.0</ele>
<time>2018-05-01T10:46:32Z</time>
<link ></link>
<extensions>
<TrackPointExtension/></extensions></trkpt>
<trkpt lat=""46.78751830011606"" lon=""10.2378935739398"">
<ele>1628.199951171875</ele>
<time>2018-05-01T10:47:12Z</time>
<link ></link>
<extensions>
<TrackPointExtension/></extensions></trkpt>
<trkpt lat=""46.78707858547568"" lon=""10.238001784309745"">
<ele>1627.199951171875</ele>
<time>2018-05-01T10:47:50Z</time>
<link ></link>
<extensions>
<TrackPointExtension/></extensions></trkpt>
<trkpt lat=""46.786961406469345"" lon=""10.238605448976159"">
<ele>1625.5999755859375</ele>
<time>2018-05-01T10:48:06Z</time>
<link ></link>
<extensions>
<TrackPointExtension/></extensions></trkpt>
<trkpt lat=""46.787284864112735"" lon=""10.241177268326283"">
<ele>1613.5999755859375</ele>
<time>2018-05-01T10:49:04Z</time>
<link ></link>
<extensions>
<TrackPointExtension/></extensions></trkpt>
<trkpt lat=""46.78750338032842"" lon=""10.24198729544878"">
<ele>1614.800048828125</ele>
<time>2018-05-01T10:49:29Z</time>
<link ></link>
<extensions>
<TrackPointExtension/></extensions></trkpt>
<trkpt lat=""46.78780353628099"" lon=""10.242371018975973"">
<ele>1616.800048828125</ele>
<time>2018-05-01T10:49:51Z</time>
<link ></link>
<extensions>
<TrackPointExtension/></extensions></trkpt>
<trkpt lat=""46.789335664361715"" lon=""10.243247263133526"">
<ele>1626.4000244140625</ele>
<time>2018-05-01T10:51:32Z</time>
<link ></link>
<extensions>
<TrackPointExtension/></extensions></trkpt>
<trkpt lat=""46.790736112743616"" lon=""10.244763884693384"">
<ele>1639.800048828125</ele>
<time>2018-05-01T10:53:08Z</time>
<link ></link>
<extensions>
<TrackPointExtension/></extensions></trkpt>
<trkpt lat=""46.79143063724041"" lon=""10.246687196195126"">
<ele>1637.5999755859375</ele>
<time>2018-05-01T10:54:12Z</time>
<link ></link>
<extensions>
<TrackPointExtension/></extensions></trkpt>
<trkpt lat=""46.791932210326195"" lon=""10.24755422025919"">
<ele>1640.5999755859375</ele>
<time>2018-05-01T10:54:55Z</time>
<link ></link>
<extensions>
<TrackPointExtension/></extensions></trkpt>
<trkpt lat=""46.792838126420975"" lon=""10.247483812272549"">
<ele>1643.800048828125</ele>
<time>2018-05-01T10:55:40Z</time>
<link ></link>
<extensions>
<TrackPointExtension/></extensions></trkpt>
<trkpt lat=""46.79366810247302"" lon=""10.248456532135606"">
<ele>1640.0</ele>
<time>2018-05-01T10:56:27Z</time>
<link ></link>
<extensions>
<TrackPointExtension/></extensions></trkpt>
<trkpt lat=""46.794330440461636"" lon=""10.24867462925613"">
<ele>1642.199951171875</ele>
<time>2018-05-01T10:57:08Z</time>
<link ></link>
<extensions>
<TrackPointExtension/></extensions></trkpt>
<trkpt lat=""46.79473880678415"" lon=""10.24961088784039"">
<ele>1646.5999755859375</ele>
<time>2018-05-01T10:57:52Z</time>
<link ></link>
<extensions>
<TrackPointExtension/></extensions></trkpt>
<trkpt lat=""46.79485992528498"" lon=""10.251139746978879"">
<ele>1652.0</ele>
<time>2018-05-01T10:58:52Z</time>
<link ></link>
<extensions>
<TrackPointExtension/></extensions></trkpt>
<trkpt lat=""46.79531380534172"" lon=""10.252939844503999"">
<ele>1653.0</ele>
<time>2018-05-01T10:59:55Z</time>
<link ></link>
<extensions>
<TrackPointExtension/></extensions></trkpt>
<trkpt lat=""46.79538790136576"" lon=""10.254033096134663"">
<ele>1652.4000244140625</ele>
<time>2018-05-01T11:00:27Z</time>
<link ></link>
<extensions>
<TrackPointExtension/></extensions></trkpt>
<trkpt lat=""46.794994957745075"" lon=""10.254453280940652"">
<ele>1647.199951171875</ele>
<time>2018-05-01T11:00:48Z</time>
<link ></link>
<extensions>
<TrackPointExtension/></extensions></trkpt>
<trkpt lat=""46.79492320865393"" lon=""10.257061561569571"">
<ele>1633.5999755859375</ele>
<time>2018-05-01T11:01:57Z</time>
<link ></link>
<extensions>
<TrackPointExtension/></extensions></trkpt>
<trkpt lat=""46.794279562309384"" lon=""10.259075732901692"">
<ele>1624.5999755859375</ele>
<time>2018-05-01T11:02:55Z</time>
<link ></link>
<extensions>
<TrackPointExtension/></extensions></trkpt>
<trkpt lat=""46.79421233944595"" lon=""10.262067569419742"">
<ele>1617.800048828125</ele>
<time>2018-05-01T11:04:18Z</time>
<link ></link>
<extensions>
<TrackPointExtension/></extensions></trkpt>
<trkpt lat=""46.793858371675014"" lon=""10.26266117580235"">
<ele>1618.800048828125</ele>
<time>2018-05-01T11:04:42Z</time>
<link ></link>
<extensions>
<TrackPointExtension/></extensions></trkpt>
<trkpt lat=""46.79326694458723"" lon=""10.264581805095077"">
<ele>1609.199951171875</ele>
<time>2018-05-01T11:05:49Z</time>
<link ></link>
<extensions>
<TrackPointExtension/></extensions></trkpt>
<trkpt lat=""46.7937882989645"" lon=""10.266780965030193"">
<ele>1603.800048828125</ele>
<time>2018-05-01T11:06:50Z</time>
<link ></link>
<extensions>
<TrackPointExtension/></extensions></trkpt>
<trkpt lat=""46.794008910655975"" lon=""10.267007695510983"">
<ele>1603.800048828125</ele>
<time>2018-05-01T11:07:01Z</time>
<link ></link>
<extensions>
<TrackPointExtension/></extensions></trkpt>
<trkpt lat=""46.79451861418784"" lon=""10.267048263922334"">
<ele>1604.5999755859375</ele>
<time>2018-05-01T11:07:25Z</time>
<link ></link>
<extensions>
<TrackPointExtension/></extensions></trkpt>
<trkpt lat=""46.795695684850216"" lon=""10.268297167494893"">
<ele>1595.800048828125</ele>
<time>2018-05-01T11:08:27Z</time>
<link ></link>
<extensions>
<TrackPointExtension/></extensions></trkpt>
<trkpt lat=""46.79562116973102"" lon=""10.268753729760647"">
<ele>1592.800048828125</ele>
<time>2018-05-01T11:08:40Z</time>
<link ></link>
<extensions>
<TrackPointExtension/></extensions></trkpt>
<trkpt lat=""46.794850369915366"" lon=""10.270347967743874"">
<ele>1573.5999755859375</ele>
<time>2018-05-01T11:09:35Z</time>
<link ></link>
<extensions>
<TrackPointExtension/></extensions></trkpt>
<trkpt lat=""46.79478960111737"" lon=""10.2708525583148"">
<ele>1567.5999755859375</ele>
<time>2018-05-01T11:09:48Z</time>
<link ></link>
<extensions>
<TrackPointExtension/></extensions></trkpt>
<trkpt lat=""46.795308189466596"" lon=""10.273441141471267"">
<ele>1541.4000244140625</ele>
<time>2018-05-01T11:10:53Z</time>
<link ></link>
<extensions>
<TrackPointExtension/></extensions></trkpt>
<trkpt lat=""46.795789897441864"" lon=""10.275006545707583"">
<ele>1525.5999755859375</ele>
<time>2018-05-01T11:11:33Z</time>
<link ></link>
<extensions>
<TrackPointExtension/></extensions></trkpt>
<trkpt lat=""46.79595636203885"" lon=""10.276438007131219"">
<ele>1514.800048828125</ele>
<time>2018-05-01T11:12:06Z</time>
<link ></link>
<extensions>
<TrackPointExtension/></extensions></trkpt>
<trkpt lat=""46.79652951657772"" lon=""10.278179179877043"">
<ele>1502.0</ele>
<time>2018-05-01T11:12:49Z</time>
<link ></link>
<extensions>
<TrackPointExtension/></extensions></trkpt>
<trkpt lat=""46.79703377187252"" lon=""10.278615457937121"">
<ele>1491.800048828125</ele>
<time>2018-05-01T11:13:08Z</time>
<link ></link>
<extensions>
<TrackPointExtension/></extensions></trkpt>
<trkpt lat=""46.79693612270057"" lon=""10.279459180310369"">
<ele>1492.199951171875</ele>
<time>2018-05-01T11:13:37Z</time>
<link ></link>
<extensions>
<TrackPointExtension/></extensions></trkpt>
<trkpt lat=""46.79808838292956"" lon=""10.282540116459131"">
<ele>1471.199951171875</ele>
<time>2018-05-01T11:15:08Z</time>
<link ></link>
<extensions>
<TrackPointExtension/></extensions></trkpt>
<trkpt lat=""46.79871333763003"" lon=""10.2829060703516"">
<ele>1468.5999755859375</ele>
<time>2018-05-01T11:15:33Z</time>
<link ></link>
<extensions>
<TrackPointExtension/></extensions></trkpt>
<trkpt lat=""46.79944281466305"" lon=""10.283732609823346"">
<ele>1468.199951171875</ele>
<time>2018-05-01T11:16:13Z</time>
<link ></link>
<extensions>
<TrackPointExtension/></extensions></trkpt>
<trkpt lat=""46.799030592665076"" lon=""10.284880930557847"">
<ele>1460.800048828125</ele>
<time>2018-05-01T11:16:46Z</time>
<link ></link>
<extensions>
<TrackPointExtension/></extensions></trkpt>
<trkpt lat=""46.7994852270931"" lon=""10.285676121711731"">
<ele>1448.800048828125</ele>
<time>2018-05-01T11:17:12Z</time>
<link ></link>
<extensions>
<TrackPointExtension/></extensions></trkpt>
<trkpt lat=""46.799555383622646"" lon=""10.287004988640547"">
<ele>1437.4000244140625</ele>
<time>2018-05-01T11:17:43Z</time>
<link ></link>
<extensions>
<TrackPointExtension/></extensions></trkpt>
<trkpt lat=""46.80006382986903"" lon=""10.288123050704598"">
<ele>1425.5999755859375</ele>
<time>2018-05-01T11:18:09Z</time>
<link ></link>
<extensions>
<TrackPointExtension/></extensions></trkpt>
<trkpt lat=""46.80035644210875"" lon=""10.289382012560964"">
<ele>1407.800048828125</ele>
<time>2018-05-01T11:18:49Z</time>
<link ></link>
<extensions>
<TrackPointExtension/></extensions></trkpt>
<trkpt lat=""46.799933994188905"" lon=""10.290224896743894"">
<ele>1402.199951171875</ele>
<time>2018-05-01T11:19:19Z</time>
<link ></link>
<extensions>
<TrackPointExtension/></extensions></trkpt>
<trkpt lat=""46.800752403214574"" lon=""10.292919678613544"">
<ele>1383.4000244140625</ele>
<time>2018-05-01T11:20:27Z</time>
<link ></link>
<extensions>
<TrackPointExtension/></extensions></trkpt>
<trkpt lat=""46.80068710818887"" lon=""10.293576652184129"">
<ele>1377.800048828125</ele>
<time>2018-05-01T11:20:48Z</time>
<link ></link>
<extensions>
<TrackPointExtension/></extensions></trkpt>
<trkpt lat=""46.79979954846203"" lon=""10.293158395215869"">
<ele>1367.5999755859375</ele>
<time>2018-05-01T11:21:26Z</time>
<link ></link>
<extensions>
<TrackPointExtension/></extensions></trkpt>
<trkpt lat=""46.79965370334685"" lon=""10.293623339384794"">
<ele>1361.0</ele>
<time>2018-05-01T11:21:42Z</time>
<link ></link>
<extensions>
<TrackPointExtension/></extensions></trkpt>
<trkpt lat=""46.79991957731545"" lon=""10.294497571885586"">
<ele>1350.5999755859375</ele>
<time>2018-05-01T11:22:11Z</time>
<link ></link>
<extensions>
<TrackPointExtension/></extensions></trkpt>
<trkpt lat=""46.799645740538836"" lon=""10.294702174142003"">
<ele>1344.0</ele>
<time>2018-05-01T11:22:27Z</time>
<link ></link>
<extensions>
<TrackPointExtension/></extensions></trkpt>
<trkpt lat=""46.799508947879076"" lon=""10.295152869075537"">
<ele>1336.5999755859375</ele>
<time>2018-05-01T11:22:43Z</time>
<link ></link>
<extensions>
<TrackPointExtension/></extensions></trkpt>
<trkpt lat=""46.79927106946707"" lon=""10.29517357237637"">
<ele>1328.5999755859375</ele>
<time>2018-05-01T11:23:01Z</time>
<link ></link>
<extensions>
<TrackPointExtension/></extensions></trkpt>
<trkpt lat=""46.7993020825088"" lon=""10.295557882636786"">
<ele>1323.0</ele>
<time>2018-05-01T11:23:16Z</time>
<link ></link>
<extensions>
<TrackPointExtension/></extensions></trkpt>
<trkpt lat=""46.79986140690744"" lon=""10.296387691050768"">
<ele>1316.4000244140625</ele>
<time>2018-05-01T11:23:46Z</time>
<link ></link>
<extensions>
<TrackPointExtension/></extensions></trkpt>
<trkpt lat=""46.79969963617623"" lon=""10.297679342329502"">
<ele>1311.0</ele>
<time>2018-05-01T11:24:51Z</time>
<link ></link>
<extensions>
<TrackPointExtension/></extensions></trkpt>
<trkpt lat=""46.799905244261026"" lon=""10.301355393603444"">
<ele>1293.800048828125</ele>
<time>2018-05-01T11:26:44Z</time>
<link ></link>
<extensions>
<TrackPointExtension/></extensions></trkpt>
<trkpt lat=""46.8000172264874"" lon=""10.301694944500923"">
<ele>1292.5999755859375</ele>
<time>2018-05-01T11:27:00Z</time>
<link ></link>
<extensions>
<TrackPointExtension/></extensions></trkpt>
<trkpt lat=""46.80038024671376"" lon=""10.301525462418795"">
<ele>1289.5999755859375</ele>
<time>2018-05-01T11:27:14Z</time>
<link ></link>
<extensions>
<TrackPointExtension/></extensions></trkpt>
<trkpt lat=""46.80093043483794"" lon=""10.301626548171043"">
<ele>1284.5999755859375</ele>
<time>2018-05-01T11:27:34Z</time>
<link ></link>
<extensions>
<TrackPointExtension/></extensions></trkpt>
<trkpt lat=""46.80075625889003"" lon=""10.301851686090231"">
<ele>1280.4000244140625</ele>
<time>2018-05-01T11:27:44Z</time>
<link ></link>
<extensions>
<TrackPointExtension/></extensions></trkpt>
<trkpt lat=""46.80042643100023"" lon=""10.30186576768756"">
<ele>1277.199951171875</ele>
<time>2018-05-01T11:27:54Z</time>
<link ></link>
<extensions>
<TrackPointExtension/></extensions></trkpt>
<trkpt lat=""46.80021478794515"" lon=""10.302483178675175"">
<ele>1276.4000244140625</ele>
<time>2018-05-01T11:28:25Z</time>
<link ></link>
<extensions>
<TrackPointExtension/></extensions></trkpt>
<trkpt lat=""46.80058619007468"" lon=""10.304882498458028"">
<ele>1289.800048828125</ele>
<time>2018-05-01T11:30:14Z</time>
<link ></link>
<extensions>
<TrackPointExtension/></extensions></trkpt>
<trkpt lat=""46.801402335986495"" lon=""10.306697767227888"">
<ele>1300.800048828125</ele>
<time>2018-05-01T11:31:45Z</time>
<link ></link>
<extensions>
<TrackPointExtension/></extensions></trkpt>
<trkpt lat=""46.801686733961105"" lon=""10.307842651382089"">
<ele>1308.800048828125</ele>
<time>2018-05-01T11:32:39Z</time>
<link ></link>
<extensions>
<TrackPointExtension/></extensions></trkpt>
<trkpt lat=""46.80280387401581"" lon=""10.31013342551887"">
<ele>1322.4000244140625</ele>
<time>2018-05-01T11:34:44Z</time>
<link ></link>
<extensions>
<TrackPointExtension/></extensions></trkpt>
<trkpt lat=""46.80366201326251"" lon=""10.311007322743535"">
<ele>1336.0</ele>
<time>2018-05-01T11:36:08Z</time>
<link ></link>
<extensions>
<TrackPointExtension/></extensions></trkpt>
<trkpt lat=""46.80379536934197"" lon=""10.311354584991932"">
<ele>1339.4000244140625</ele>
<time>2018-05-01T11:36:30Z</time>
<link ></link>
<extensions>
<TrackPointExtension/></extensions></trkpt>
<trkpt lat=""46.804098626598716"" lon=""10.311458520591259"">
<ele>1341.0</ele>
<time>2018-05-01T11:36:46Z</time>
<link ></link>
<extensions>
<TrackPointExtension/></extensions></trkpt>
<trkpt lat=""46.80428076535463"" lon=""10.311928493902087"">
<ele>1343.0</ele>
<time>2018-05-01T11:37:06Z</time>
<link ></link>
<extensions>
<TrackPointExtension/></extensions></trkpt>
<trkpt lat=""46.80485526099801"" lon=""10.312357982620597"">
<ele>1344.0</ele>
<time>2018-05-01T11:37:38Z</time>
<link ></link>
<extensions>
<TrackPointExtension/></extensions></trkpt>
<trkpt lat=""46.805093977600336"" lon=""10.312843713909388"">
<ele>1345.0</ele>
<time>2018-05-01T11:38:00Z</time>
<link ></link>
<extensions>
<TrackPointExtension/></extensions></trkpt>
<trkpt lat=""46.805431516841054"" lon=""10.31301680020988"">
<ele>1346.0</ele>
<time>2018-05-01T11:38:21Z</time>
<link ></link>
<extensions>
<TrackPointExtension/></extensions></trkpt>
<trkpt lat=""46.80582026951015"" lon=""10.314059257507324"">
<ele>1354.5999755859375</ele>
<time>2018-05-01T11:39:20Z</time>
<link ></link>
<extensions>
<TrackPointExtension/></extensions></trkpt>
<trkpt lat=""46.80614909157157"" lon=""10.31416998244822"">
<ele>1360.5999755859375</ele>
<time>2018-05-01T11:39:51Z</time>
<link ></link>
<extensions>
<TrackPointExtension/></extensions></trkpt>
<trkpt lat=""46.80630750954151"" lon=""10.314722349867225"">
<ele>1366.0</ele>
<time>2018-05-01T11:40:24Z</time>
<link ></link>
<extensions>
<TrackPointExtension/></extensions></trkpt>
<trkpt lat=""46.80705760605633"" lon=""10.315200788900256"">
<ele>1375.5999755859375</ele>
<time>2018-05-01T11:41:20Z</time>
<link ></link>
<extensions>
<TrackPointExtension/></extensions></trkpt>
<trkpt lat=""46.80763889104128"" lon=""10.316399317234755"">
<ele>1384.5999755859375</ele>
<time>2018-05-01T11:42:36Z</time>
<link ></link>
<extensions>
<TrackPointExtension/></extensions></trkpt>
<trkpt lat=""46.80847548879683"" lon=""10.317422831431031"">
<ele>1394.199951171875</ele>
<time>2018-05-01T11:43:50Z</time>
<link ></link>
<extensions>
<TrackPointExtension/></extensions></trkpt>
<trkpt lat=""46.81150646880269"" lon=""10.320436209440231"">
<ele>1444.5999755859375</ele>
<time>2018-05-01T11:48:32Z</time>
<link ></link>
<extensions>
<TrackPointExtension/></extensions></trkpt>
<trkpt lat=""46.81166882626712"" lon=""10.321115562692285"">
<ele>1443.800048828125</ele>
<time>2018-05-01T11:48:57Z</time>
<link ></link>
<extensions>
<TrackPointExtension/></extensions></trkpt>
<trkpt lat=""46.8124383687973"" lon=""10.32223823480308"">
<ele>1438.5999755859375</ele>
<time>2018-05-01T11:49:38Z</time>
<link ></link>
<extensions>
<TrackPointExtension/></extensions></trkpt>
<trkpt lat=""46.81335895322263"" lon=""10.324909295886755"">
<ele>1442.4000244140625</ele>
<time>2018-05-01T11:51:16Z</time>
<link ></link>
<extensions>
<TrackPointExtension/></extensions></trkpt>
<trkpt lat=""46.81435271166265"" lon=""10.327045088633895"">
<ele>1449.4000244140625</ele>
<time>2018-05-01T11:52:55Z</time>
<link ></link>
<extensions>
<TrackPointExtension/></extensions></trkpt>
<trkpt lat=""46.81526550091803"" lon=""10.328037673607469"">
<ele>1447.199951171875</ele>
<time>2018-05-01T11:53:47Z</time>
<link ></link>
<extensions>
<TrackPointExtension/></extensions></trkpt>
<trkpt lat=""46.81588743813336"" lon=""10.327979000285268"">
<ele>1446.0</ele>
<time>2018-05-01T11:54:19Z</time>
<link ></link>
<extensions>
<TrackPointExtension/></extensions></trkpt>
<trkpt lat=""46.81701949797571"" lon=""10.328467581421137"">
<ele>1438.800048828125</ele>
<time>2018-05-01T11:55:03Z</time>
<link ></link>
<extensions>
<TrackPointExtension/></extensions></trkpt>
<trkpt lat=""46.81692838668823"" lon=""10.328800091519952"">
<ele>1440.0</ele>
<time>2018-05-01T11:55:16Z</time>
<link ></link>
<extensions>
<TrackPointExtension/></extensions></trkpt>
<trkpt lat=""46.81641868315637"" lon=""10.32935413531959"">
<ele>1442.800048828125</ele>
<time>2018-05-01T11:55:50Z</time>
<link ></link>
<extensions>
<TrackPointExtension/></extensions></trkpt>
<trkpt lat=""46.816332852467895"" lon=""10.330109680071473"">
<ele>1445.0</ele>
<time>2018-05-01T11:56:23Z</time>
<link ></link>
<extensions>
<TrackPointExtension/></extensions></trkpt>
<trkpt lat=""46.8167126365006"" lon=""10.332741094753146"">
<ele>1439.5999755859375</ele>
<time>2018-05-01T11:57:47Z</time>
<link ></link>
<extensions>
<TrackPointExtension/></extensions></trkpt>
<trkpt lat=""46.81654617190361"" lon=""10.333617171272635"">
<ele>1438.0</ele>
<time>2018-05-01T11:58:26Z</time>
<link ></link>
<extensions>
<TrackPointExtension/></extensions></trkpt>
<trkpt lat=""46.81723323650658"" lon=""10.336197707802057"">
<ele>1439.0</ele>
<time>2018-05-01T12:00:06Z</time>
<link ></link>
<extensions>
<TrackPointExtension/></extensions></trkpt>
<trkpt lat=""46.81683601811528"" lon=""10.338245574384928"">
<ele>1436.5999755859375</ele>
<time>2018-05-01T12:01:15Z</time>
<link ></link>
<extensions>
<TrackPointExtension/></extensions></trkpt>
<trkpt lat=""46.81722770445049"" lon=""10.339108994230628"">
<ele>1438.4000244140625</ele>
<time>2018-05-01T12:01:47Z</time>
<link ></link>
<extensions>
<TrackPointExtension/></extensions></trkpt>
<trkpt lat=""46.81826228275895"" lon=""10.340351276099682"">
<ele>1441.4000244140625</ele>
<time>2018-05-01T12:02:55Z</time>
<link ></link>
<extensions>
<TrackPointExtension/></extensions></trkpt>
<trkpt lat=""46.81856118142605"" lon=""10.341387949883938"">
<ele>1438.5999755859375</ele>
<time>2018-05-01T12:03:34Z</time>
<link ></link>
<extensions>
<TrackPointExtension/></extensions></trkpt>
<trkpt lat=""46.81935193017125"" lon=""10.34870132803917"">
<ele>1396.5999755859375</ele>
<time>2018-05-01T12:06:44Z</time>
<link ></link>
<extensions>
<TrackPointExtension/></extensions></trkpt>
<trkpt lat=""46.81895571760833"" lon=""10.350309312343597"">
<ele>1384.199951171875</ele>
<time>2018-05-01T12:07:54Z</time>
<link ></link>
<extensions>
<TrackPointExtension/></extensions></trkpt>
<trkpt lat=""46.81925696320832"" lon=""10.352289201691747"">
<ele>1361.5999755859375</ele>
<time>2018-05-01T12:09:05Z</time>
<link ></link>
<extensions>
<TrackPointExtension/></extensions></trkpt>
<trkpt lat=""46.8191247805953"" lon=""10.352487433701754"">
<ele>1355.4000244140625</ele>
<time>2018-05-01T12:09:27Z</time>
<link ></link>
<extensions>
<TrackPointExtension/></extensions></trkpt>
<trkpt lat=""46.82005450129509"" lon=""10.358631368726492"">
<ele>1265.4000244140625</ele>
<time>2018-05-01T12:13:26Z</time>
<link ></link>
<extensions>
<TrackPointExtension/></extensions></trkpt>
<trkpt lat=""46.82003606110811"" lon=""10.35886287689209"">
<ele>1262.4000244140625</ele>
<time>2018-05-01T12:13:37Z</time>
<link ></link>
<extensions>
<TrackPointExtension/></extensions></trkpt>
<trkpt lat=""46.81967840529978"" lon=""10.3590954747051"">
<ele>1256.5999755859375</ele>
<time>2018-05-01T12:13:59Z</time>
<link ></link>
<extensions>
<TrackPointExtension/></extensions></trkpt>
<trkpt lat=""46.82012532837689"" lon=""10.359756220132113"">
<ele>1250.199951171875</ele>
<time>2018-05-01T12:14:24Z</time>
<link ></link>
<extensions>
<TrackPointExtension/></extensions></trkpt>
<trkpt lat=""46.820114431902766"" lon=""10.359907932579517"">
<ele>1248.800048828125</ele>
<time>2018-05-01T12:14:29Z</time>
<link ></link>
<extensions>
<TrackPointExtension/></extensions></trkpt>
<trkpt lat=""46.81996297091246"" lon=""10.359772564843297"">
<ele>1245.4000244140625</ele>
<time>2018-05-01T12:14:42Z</time>
<link ></link>
<extensions>
<TrackPointExtension/></extensions></trkpt>
<trkpt lat=""46.8200400006026"" lon=""10.360430628061295"">
<ele>1237.199951171875</ele>
<time>2018-05-01T12:15:19Z</time>
<link ></link>
<extensions>
<TrackPointExtension/></extensions></trkpt>
<trkpt lat=""46.81963096372783"" lon=""10.361537458375096"">
<ele>1213.800048828125</ele>
<time>2018-05-01T12:16:10Z</time>
<link ></link>
<extensions>
<TrackPointExtension/></extensions></trkpt>
<trkpt lat=""46.81960707530379"" lon=""10.36198471672833"">
<ele>1207.199951171875</ele>
<time>2018-05-01T12:16:27Z</time>
<link ></link>
<extensions>
<TrackPointExtension/></extensions></trkpt>
<trkpt lat=""46.81932946667075"" lon=""10.362478578463197"">
<ele>1192.0</ele>
<time>2018-05-01T12:16:53Z</time>
<link ></link>
<extensions>
<TrackPointExtension/></extensions></trkpt>
<trkpt lat=""46.81960003450513"" lon=""10.363867375999689"">
<ele>1168.5999755859375</ele>
<time>2018-05-01T12:17:45Z</time>
<link ></link>
<extensions>
<TrackPointExtension/></extensions></trkpt>
<trkpt lat=""46.820132872089744"" lon=""10.364988204091787"">
<ele>1141.800048828125</ele>
<time>2018-05-01T12:18:41Z</time>
<link ></link>
<extensions>
<TrackPointExtension/></extensions></trkpt>
<trkpt lat=""46.81955125182867"" lon=""10.364960711449385"">
<ele>1127.800048828125</ele>
<time>2018-05-01T12:19:08Z</time>
<link ></link>
<extensions>
<TrackPointExtension/></extensions></trkpt>
<trkpt lat=""46.818568389862776"" lon=""10.365878948941827"">
<ele>1124.4000244140625</ele>
<time>2018-05-01T12:19:56Z</time>
<link ></link>
<extensions>
<TrackPointExtension/></extensions></trkpt>
<trkpt lat=""46.81826454587281"" lon=""10.366519829258323"">
<ele>1121.5999755859375</ele>
<time>2018-05-01T12:20:16Z</time>
<link ></link>
<extensions>
<TrackPointExtension/></extensions></trkpt>
<trkpt lat=""46.81799640879035"" lon=""10.367931593209505"">
<ele>1125.0</ele>
<time>2018-05-01T12:21:11Z</time>
<link ></link>
<extensions>
<TrackPointExtension/></extensions></trkpt>
<trkpt lat=""46.81854181922972"" lon=""10.369489537551999"">
<ele>1128.4000244140625</ele>
<time>2018-05-01T12:22:19Z</time>
<link ></link>
<extensions>
<TrackPointExtension/></extensions></trkpt>
<trkpt lat=""46.819170881062746"" lon=""10.370487486943603"">
<ele>1128.4000244140625</ele>
<time>2018-05-01T12:23:04Z</time>
<link ></link>
<extensions>
<TrackPointExtension/></extensions></trkpt>
<trkpt lat=""46.820960668846965"" lon=""10.372180631384254"">
<ele>1126.199951171875</ele>
<time>2018-05-01T12:24:39Z</time>
<link ></link>
<extensions>
<TrackPointExtension/></extensions></trkpt>
<trkpt lat=""46.821724930778146"" lon=""10.373997911810875"">
<ele>1129.5999755859375</ele>
<time>2018-05-01T12:26:17Z</time>
<link ></link>
<extensions>
<TrackPointExtension/></extensions></trkpt>
<trkpt lat=""46.82226715609431"" lon=""10.374718504026532"">
<ele>1128.800048828125</ele>
<time>2018-05-01T12:27:01Z</time>
<link ></link>
<extensions>
<TrackPointExtension/></extensions></trkpt>
<trkpt lat=""46.822911724448204"" lon=""10.37611249834299"">
<ele>1129.0</ele>
<time>2018-05-01T12:28:21Z</time>
<link ></link>
<extensions>
<TrackPointExtension/></extensions></trkpt>
<trkpt lat=""46.823721416294575"" lon=""10.376924704760313"">
<ele>1130.0</ele>
<time>2018-05-01T12:29:10Z</time>
<link ></link>
<extensions>
<TrackPointExtension/></extensions></trkpt>
<trkpt lat=""46.82481424883008"" lon=""10.37766139023006"">
<ele>1123.199951171875</ele>
<time>2018-05-01T12:29:58Z</time>
<link ></link>
<extensions>
<TrackPointExtension/></extensions></trkpt>
<trkpt lat=""46.825263602659106"" lon=""10.378631176427007"">
<ele>1119.199951171875</ele>
<time>2018-05-01T12:30:31Z</time>
<link ></link>
<extensions>
<TrackPointExtension/></extensions></trkpt>
<trkpt lat=""46.82543576695025"" lon=""10.379710597917438"">
<ele>1118.800048828125</ele>
<time>2018-05-01T12:31:02Z</time>
<link ></link>
<extensions>
<TrackPointExtension/></extensions></trkpt>
<trkpt lat=""46.825237199664116"" lon=""10.381057569757104"">
<ele>1117.0</ele>
<time>2018-05-01T12:31:44Z</time>
<link ></link>
<extensions>
<TrackPointExtension/></extensions></trkpt>
<trkpt lat=""46.82482246309519"" lon=""10.382283506914973"">
<ele>1117.0</ele>
<time>2018-05-01T12:32:26Z</time>
<link ></link>
<extensions>
<TrackPointExtension/></extensions></trkpt>
<trkpt lat=""46.824900498613715"" lon=""10.382907958701253"">
<ele>1116.0</ele>
<time>2018-05-01T12:32:49Z</time>
<link ></link>
<extensions>
<TrackPointExtension/></extensions></trkpt>
<trkpt lat=""46.82555386796594"" lon=""10.384328020736575"">
<ele>1111.800048828125</ele>
<time>2018-05-01T12:33:44Z</time>
<link ></link>
<extensions>
<TrackPointExtension/></extensions></trkpt>
<trkpt lat=""46.82587816379964"" lon=""10.385957462713122"">
<ele>1119.4000244140625</ele>
<time>2018-05-01T12:34:56Z</time>
<link ></link>
<extensions>
<TrackPointExtension/></extensions></trkpt>
<trkpt lat=""46.82674904353917"" lon=""10.38839709945023"">
<ele>1113.199951171875</ele>
<time>2018-05-01T12:36:17Z</time>
<link ></link>
<extensions>
<TrackPointExtension/></extensions></trkpt>
<trkpt lat=""46.82740945369005"" lon=""10.389179466292262"">
<ele>1112.0</ele>
<time>2018-05-01T12:36:57Z</time>
<link ></link>
<extensions>
<TrackPointExtension/></extensions></trkpt>
<trkpt lat=""46.82834898121655"" lon=""10.391536708921194"">
<ele>1110.800048828125</ele>
<time>2018-05-01T12:38:18Z</time>
<link ></link>
<extensions>
<TrackPointExtension/></extensions></trkpt>
<trkpt lat=""46.82869113050401"" lon=""10.392052866518497"">
<ele>1111.800048828125</ele>
<time>2018-05-01T12:38:41Z</time>
<link ></link>
<extensions>
<TrackPointExtension/></extensions></trkpt>
<trkpt lat=""46.82871451601386"" lon=""10.392402140423656"">
<ele>1113.199951171875</ele>
<time>2018-05-01T12:38:53Z</time>
<link ></link>
<extensions>
<TrackPointExtension/></extensions></trkpt>
<trkpt lat=""46.82984213344753"" lon=""10.393989672884345"">
<ele>1112.800048828125</ele>
<time>2018-05-01T12:40:04Z</time>
<link ></link>
<extensions>
<TrackPointExtension/></extensions></trkpt>
<trkpt lat=""46.83041604235768"" lon=""10.395102119073272"">
<ele>1109.800048828125</ele>
<time>2018-05-01T12:40:43Z</time>
<link ></link>
<extensions>
<TrackPointExtension/></extensions></trkpt>
<trkpt lat=""46.83046474121511"" lon=""10.396785540506244"">
<ele>1106.800048828125</ele>
<time>2018-05-01T12:41:33Z</time>
<link ></link>
<extensions>
<TrackPointExtension/></extensions></trkpt>
<trkpt lat=""46.830262653529644"" lon=""10.397498505190015"">
<ele>1106.4000244140625</ele>
<time>2018-05-01T12:42:04Z</time>
<link ></link>
<extensions>
<TrackPointExtension/></extensions></trkpt>
<trkpt lat=""46.83025427162647"" lon=""10.398668283596635"">
<ele>1107.199951171875</ele>
<time>2018-05-01T12:42:38Z</time>
<link ></link>
<extensions>
<TrackPointExtension/></extensions></trkpt>
<trkpt lat=""46.830537244677544"" lon=""10.400602156296372"">
<ele>1104.5999755859375</ele>
<time>2018-05-01T12:43:36Z</time>
<link ></link>
<extensions>
<TrackPointExtension/></extensions></trkpt>
<trkpt lat=""46.831945488229394"" lon=""10.402261018753052"">
<ele>1105.800048828125</ele>
<time>2018-05-01T12:45:11Z</time>
<link ></link>
<extensions>
<TrackPointExtension/></extensions></trkpt>
<trkpt lat=""46.833408046513796"" lon=""10.406176708638668"">
<ele>1105.5999755859375</ele>
<time>2018-05-01T12:47:35Z</time>
<link ></link>
<extensions>
<TrackPointExtension/></extensions></trkpt>
<trkpt lat=""46.83338684029877"" lon=""10.406414922326803"">
<ele>1107.4000244140625</ele>
<time>2018-05-01T12:47:46Z</time>
<link ></link>
<extensions>
<TrackPointExtension/></extensions></trkpt>
<trkpt lat=""46.8342038244009"" lon=""10.407364927232265"">
<ele>1110.0</ele>
<time>2018-05-01T12:48:50Z</time>
<link ></link>
<extensions>
<TrackPointExtension/></extensions></trkpt>
<trkpt lat=""46.83442451991141"" lon=""10.408516936004162"">
<ele>1113.4000244140625</ele>
<time>2018-05-01T12:49:27Z</time>
<link ></link>
<extensions>
<TrackPointExtension/></extensions></trkpt>
<trkpt lat=""46.835069339722395"" lon=""10.408525988459587"">
<ele>1108.4000244140625</ele>
<time>2018-05-01T12:49:58Z</time>
<link ></link>
<extensions>
<TrackPointExtension/></extensions></trkpt>
<trkpt lat=""46.83514620177448"" lon=""10.409933812916279"">
<ele>1108.0</ele>
<time>2018-05-01T12:50:42Z</time>
<link ></link>
<extensions>
<TrackPointExtension/></extensions></trkpt>
<trkpt lat=""46.83484244160354"" lon=""10.411234432831407"">
<ele>1107.5999755859375</ele>
<time>2018-05-01T12:51:21Z</time>
<link ></link>
<extensions>
<TrackPointExtension/></extensions></trkpt>
<trkpt lat=""46.834878232330084"" lon=""10.41340752504766"">
<ele>1105.199951171875</ele>
<time>2018-05-01T12:52:26Z</time>
<link ></link>
<extensions>
<TrackPointExtension/></extensions></trkpt>
<trkpt lat=""46.83553118258715"" lon=""10.414379658177495"">
<ele>1103.199951171875</ele>
<time>2018-05-01T12:53:04Z</time>
<link ></link>
<extensions>
<TrackPointExtension/></extensions></trkpt>
<trkpt lat=""46.83561248704791"" lon=""10.415109051391482"">
<ele>1100.800048828125</ele>
<time>2018-05-01T12:53:24Z</time>
<link ></link>
<extensions>
<TrackPointExtension/></extensions></trkpt>
<trkpt lat=""46.836930038407445"" lon=""10.416387626901269"">
<ele>1102.5999755859375</ele>
<time>2018-05-01T12:54:52Z</time>
<link ></link>
<extensions>
<TrackPointExtension/></extensions></trkpt>
<trkpt lat=""46.837643003091216"" lon=""10.41658996604383"">
<ele>1105.199951171875</ele>
<time>2018-05-01T13:03:08Z</time>
<link ></link>
<extensions>
<TrackPointExtension/></extensions></trkpt>
<trkpt lat=""46.839170856401324"" lon=""10.416413275524974"">
<ele>1104.800048828125</ele>
<time>2018-05-01T13:04:27Z</time>
<link ></link>
<extensions>
<TrackPointExtension/></extensions></trkpt>
<trkpt lat=""46.839818274602294"" lon=""10.41685282252729"">
<ele>1105.4000244140625</ele>
<time>2018-05-01T13:04:57Z</time>
<link ></link>
<extensions>
<TrackPointExtension/></extensions></trkpt>
<trkpt lat=""46.84100188314915"" lon=""10.418491819873452"">
<ele>1111.4000244140625</ele>
<time>2018-05-01T13:06:43Z</time>
<link ></link>
<extensions>
<TrackPointExtension/></extensions></trkpt>
<trkpt lat=""46.84135953895748"" lon=""10.41927351616323"">
<ele>1115.5999755859375</ele>
<time>2018-05-01T13:07:31Z</time>
<link ></link>
<extensions>
<TrackPointExtension/></extensions></trkpt>
<trkpt lat=""46.84189480729401"" lon=""10.41964391246438"">
<ele>1119.5999755859375</ele>
<time>2018-05-01T13:08:12Z</time>
<link ></link>
<extensions>
<TrackPointExtension/></extensions></trkpt>
<trkpt lat=""46.84187091886997"" lon=""10.420377999544144"">
<ele>1122.800048828125</ele>
<time>2018-05-01T13:08:48Z</time>
<link ></link>
<extensions>
<TrackPointExtension/></extensions></trkpt>
<trkpt lat=""46.84219873510301"" lon=""10.421872157603502"">
<ele>1129.4000244140625</ele>
<time>2018-05-01T13:10:04Z</time>
<link ></link>
<extensions>
<TrackPointExtension/></extensions></trkpt>
<trkpt lat=""46.84291002340615"" lon=""10.422114143148065"">
<ele>1136.0</ele>
<time>2018-05-01T13:10:56Z</time>
<link ></link>
<extensions>
<TrackPointExtension/></extensions></trkpt>
<trkpt lat=""46.84358887374401"" lon=""10.4226303845644"">
<ele>1142.4000244140625</ele>
<time>2018-05-01T13:11:48Z</time>
<link ></link>
<extensions>
<TrackPointExtension/></extensions></trkpt>
<trkpt lat=""46.84414794668555"" lon=""10.423487769439816"">
<ele>1150.0</ele>
<time>2018-05-01T13:12:43Z</time>
<link ></link>
<extensions>
<TrackPointExtension/></extensions></trkpt>
<trkpt lat=""46.84528964571655"" lon=""10.424600970000029"">
<ele>1164.199951171875</ele>
<time>2018-05-01T13:14:24Z</time>
<link ></link>
<extensions>
<TrackPointExtension/></extensions></trkpt>
<trkpt lat=""46.84548041783273"" lon=""10.425498085096478"">
<ele>1173.5999755859375</ele>
<time>2018-05-01T13:15:16Z</time>
<link ></link>
<extensions>
<TrackPointExtension/></extensions></trkpt>
<trkpt lat=""46.845797253772616"" lon=""10.425584753975272"">
<ele>1175.0</ele>
<time>2018-05-01T13:15:37Z</time>
<link ></link>
<extensions>
<TrackPointExtension/></extensions></trkpt>
<trkpt lat=""46.84658515267074"" lon=""10.426455801352859"">
<ele>1174.0</ele>
<time>2018-05-01T13:16:31Z</time>
<link ></link>
<extensions>
<TrackPointExtension/></extensions></trkpt>
<trkpt lat=""46.84888548217714"" lon=""10.42702753096819"">
<ele>1164.0</ele>
<time>2018-05-01T13:18:35Z</time>
<link ></link>
<extensions>
<TrackPointExtension/></extensions></trkpt>
<trkpt lat=""46.84956860728562"" lon=""10.42634398676455"">
<ele>1149.0</ele>
<time>2018-05-01T13:19:26Z</time>
<link ></link>
<extensions>
<TrackPointExtension/></extensions></trkpt>
<trkpt lat=""46.850057104602456"" lon=""10.425221733748913"">
<ele>1139.0</ele>
<time>2018-05-01T13:20:05Z</time>
<link ></link>
<extensions>
<TrackPointExtension/></extensions></trkpt>
<trkpt lat=""46.850833520293236"" lon=""10.424476582556963"">
<ele>1125.800048828125</ele>
<time>2018-05-01T13:20:50Z</time>
<link ></link>
<extensions>
<TrackPointExtension/></extensions></trkpt>
<trkpt lat=""46.851396448910236"" lon=""10.424830969423056"">
<ele>1121.5999755859375</ele>
<time>2018-05-01T13:21:21Z</time>
<link ></link>
<extensions>
<TrackPointExtension/></extensions></trkpt>
<trkpt lat=""46.85188611969352"" lon=""10.424799537286162"">
<ele>1117.199951171875</ele>
<time>2018-05-01T13:21:48Z</time>
<link ></link>
<extensions>
<TrackPointExtension/></extensions></trkpt>
<trkpt lat=""46.853136448189616"" lon=""10.425346791744232"">
<ele>1100.4000244140625</ele>
<time>2018-05-01T13:22:52Z</time>
<link ></link>
<extensions>
<TrackPointExtension/></extensions></trkpt>
<trkpt lat=""46.85272975824773"" lon=""10.424798699095845"">
<ele>1092.5999755859375</ele>
<time>2018-05-01T13:23:29Z</time>
<link ></link>
<extensions>
<TrackPointExtension/></extensions></trkpt>
<trkpt lat=""46.852758172899485"" lon=""10.424604993313551"">
<ele>1090.4000244140625</ele>
<time>2018-05-01T13:23:38Z</time>
<link ></link>
<extensions>
<TrackPointExtension/></extensions></trkpt>
<trkpt lat=""46.85354758054018"" lon=""10.425226846709847"">
<ele>1085.4000244140625</ele>
<time>2018-05-01T13:24:22Z</time>
<link ></link>
<extensions>
<TrackPointExtension/></extensions></trkpt>
<trkpt lat=""46.85408050194383"" lon=""10.42466509155929"">
<ele>1087.199951171875</ele>
<time>2018-05-01T13:25:02Z</time>
<link ></link>
<extensions>
<TrackPointExtension/></extensions></trkpt>
<trkpt lat=""46.85436590574682"" lon=""10.42460784316063"">
<ele>1090.5999755859375</ele>
<time>2018-05-01T13:25:24Z</time>
<link ></link>
<extensions>
<TrackPointExtension/></extensions></trkpt>
<trkpt lat=""46.85518188402057"" lon=""10.425129868090153"">
<ele>1092.800048828125</ele>
<time>2018-05-01T13:26:11Z</time>
<link ></link>
<extensions>
<TrackPointExtension/></extensions></trkpt>
<trkpt lat=""46.85616558417678"" lon=""10.425210250541568"">
<ele>1087.5999755859375</ele>
<time>2018-05-01T13:26:52Z</time>
<link ></link>
<extensions>
<TrackPointExtension/></extensions></trkpt>
<trkpt lat=""46.85762948356569"" lon=""10.426023798063397"">
<ele>1082.5999755859375</ele>
<time>2018-05-01T13:28:01Z</time>
<link ></link>
<extensions>
<TrackPointExtension/></extensions></trkpt>
<trkpt lat=""46.85831948183477"" lon=""10.425461372360587"">
<ele>1078.199951171875</ele>
<time>2018-05-01T13:28:29Z</time>
<link ></link>
<extensions>
<TrackPointExtension/></extensions></trkpt>
<trkpt lat=""46.85842174105346"" lon=""10.42510824277997"">
<ele>1075.4000244140625</ele>
<time>2018-05-01T13:28:39Z</time>
<link ></link>
<extensions>
<TrackPointExtension/></extensions></trkpt>
<trkpt lat=""46.85837262310088"" lon=""10.424798782914877"">
<ele>1076.0</ele>
<time>2018-05-01T13:28:49Z</time>
<link ></link>
<extensions>
<TrackPointExtension/></extensions></trkpt>
<trkpt lat=""46.85778832063079"" lon=""10.424446323886514"">
<ele>1079.5999755859375</ele>
<time>2018-05-01T13:29:29Z</time>
<link ></link>
<extensions>
<TrackPointExtension/></extensions></trkpt>
<trkpt lat=""46.85790281742811"" lon=""10.42378750629723"">
<ele>1080.800048828125</ele>
<time>2018-05-01T13:30:18Z</time>
<link ></link>
<extensions>
<TrackPointExtension/></extensions></trkpt>
<trkpt lat=""46.85825502499938"" lon=""10.423940056934953"">
<ele>1077.199951171875</ele>
<time>2018-05-01T13:30:45Z</time>
<link ></link>
<extensions>
<TrackPointExtension/></extensions></trkpt>
<trkpt lat=""46.858319230377674"" lon=""10.423754900693893"">
<ele>1076.0</ele>
<time>2018-05-01T13:30:57Z</time>
<link ></link>
<extensions>
<TrackPointExtension/></extensions></trkpt>
<trkpt lat=""46.85816450044513"" lon=""10.423432784155011"">
<ele>1079.199951171875</ele>
<time>2018-05-01T13:31:22Z</time>
<link ></link>
<extensions>
<TrackPointExtension/></extensions></trkpt>
<trkpt lat=""46.85873782262206"" lon=""10.423687845468521"">
<ele>1085.0</ele>
<time>2018-05-01T13:32:17Z</time>
<link ></link>
<extensions>
<TrackPointExtension/></extensions></trkpt>
<trkpt lat=""46.85918793082237"" lon=""10.424267705529928"">
<ele>1091.800048828125</ele>
<time>2018-05-01T13:33:00Z</time>
<link ></link>
<extensions>
<TrackPointExtension/></extensions></trkpt>
<trkpt lat=""46.85963644646108"" lon=""10.425261463969946"">
<ele>1094.0</ele>
<time>2018-05-01T13:33:37Z</time>
<link ></link>
<extensions>
<TrackPointExtension/></extensions></trkpt>
<trkpt lat=""46.86049693264067"" lon=""10.426041902974248"">
<ele>1093.5999755859375</ele>
<time>2018-05-01T13:34:20Z</time>
<link ></link>
<extensions>
<TrackPointExtension/></extensions></trkpt>
<trkpt lat=""46.860795579850674"" lon=""10.426635090261698"">
<ele>1093.4000244140625</ele>
<time>2018-05-01T13:34:42Z</time>
<link ></link>
<extensions>
<TrackPointExtension/></extensions></trkpt>
<trkpt lat=""46.86193065717816"" lon=""10.430007632821798"">
<ele>1092.800048828125</ele>
<time>2018-05-01T13:36:36Z</time>
<link ></link>
<extensions>
<TrackPointExtension/></extensions></trkpt>
<trkpt lat=""46.86227532103658"" lon=""10.432078214362264"">
<ele>1091.199951171875</ele>
<time>2018-05-01T13:37:40Z</time>
<link ></link>
<extensions>
<TrackPointExtension/></extensions></trkpt></trkseg></trk></gpx>",T1 - Valley hike,1075.4000244140625,http://www.hikr.org/tour/post131538.html,1171.820043945312,Run Engiadina Bassa : Lavin - Martina,34392.87128600139
5afb22c68f80884aaad9c95a,12403.911783454096,Bertrand,,1690.6800000000003,"{'min': {'type': 'Point', 'coordinates': [9.074710518829097, 46.19587151153704]}, 'max': {'type': 'Point', 'coordinates': [9.02896151930229, 46.17313351127325]}}",1449.862,0.0,,0.0,"<?xml version=""1.0"" encoding=""UTF-8""?>
<gpx xmlns:xsi=""http://www.w3.org/2001/XMLSchema-instance"" xmlns=""http://www.topografix.com/GPX/1/1"" xsi:schemaLocation=""http://www.topografix.com/GPX/1/1 http://www.topografix.com/GPX/1/1/gpx.xsd"" version=""1.1"" creator=""MySchweizMobil - http://map.schweizmobil.ch/"">
<metadata>
<name>Arbino 2</name>
<author>
<link ></link></author>
<copyright ></copyright>
<link ></link>
<bounds minlat=""46.17313351127325"" maxlat=""46.19587151153704"" minlon=""9.02896151930229"" maxlon=""9.074710518829097""></bounds></metadata>
<trk>
<link ></link>
<trkseg>
<trkpt lat=""46.19531951153909"" lon=""9.02896151930229"">
<ele>240.0</ele>
<link ></link></trkpt>
<trkpt lat=""46.19587151153704"" lon=""9.02965051930285"">
<ele>239.93</ele>
<link ></link></trkpt>
<trkpt lat=""46.19538151153187"" lon=""9.030515519292917"">
<ele>246.99</ele>
<link ></link></trkpt>
<trkpt lat=""46.1951395115316"" lon=""9.030455519291129"">
<ele>245.99000000000004</ele>
<link ></link></trkpt>
<trkpt lat=""46.194739511528276"" lon=""9.030961519284302"">
<ele>256.65</ele>
<link ></link></trkpt>
<trkpt lat=""46.19374051152398"" lon=""9.031394519272565"">
<ele>275.71000000000004</ele>
<link ></link></trkpt>
<trkpt lat=""46.19345651152691"" lon=""9.030641519274823"">
<ele>284.79</ele>
<link ></link></trkpt>
<trkpt lat=""46.1929835115288"" lon=""9.030017519274562"">
<ele>294.3500000000001</ele>
<link ></link></trkpt>
<trkpt lat=""46.19302751152229"" lon=""9.031412519266047"">
<ele>306.00000000000006</ele>
<link ></link></trkpt>
<trkpt lat=""46.192635511517885"" lon=""9.0321515192578"">
<ele>317.5300000000001</ele>
<link ></link></trkpt>
<trkpt lat=""46.19173651152"" lon=""9.031283519255268"">
<ele>347.0000000000001</ele>
<link ></link></trkpt>
<trkpt lat=""46.19158651151849"" lon=""9.031538519252296"">
<ele>353.99000000000007</ele>
<link ></link></trkpt>
<trkpt lat=""46.19160151151445"" lon=""9.032397519246942"">
<ele>372.8200000000001</ele>
<link ></link></trkpt>
<trkpt lat=""46.19136251151386"" lon=""9.03240751924473"">
<ele>378.63000000000005</ele>
<link ></link></trkpt>
<trkpt lat=""46.19119251151181"" lon=""9.032755519240983"">
<ele>380.7300000000001</ele>
<link ></link></trkpt>
<trkpt lat=""46.19122951150924"" lon=""9.03331051923777"">
<ele>383.66000000000014</ele>
<link ></link></trkpt>
<trkpt lat=""46.19100351150464"" lon=""9.03418251923017"">
<ele>389.1800000000002</ele>
<link ></link></trkpt>
<trkpt lat=""46.19063851150239"" lon=""9.034477519225005"">
<ele>397.0400000000002</ele>
<link ></link></trkpt>
<trkpt lat=""46.19032451150307"" lon=""9.034189519224029"">
<ele>407.6200000000001</ele>
<link ></link></trkpt>
<trkpt lat=""46.19011051150037"" lon=""9.03465651921912"">
<ele>416.32000000000016</ele>
<link ></link></trkpt>
<trkpt lat=""46.190306511494434"" lon=""9.036000519212296"">
<ele>443.0000000000002</ele>
<link ></link></trkpt>
<trkpt lat=""46.19071551149398"" lon=""9.036288519214127"">
<ele>449.2600000000002</ele>
<link ></link></trkpt>
<trkpt lat=""46.190834511491786"" lon=""9.036796519211949"">
<ele>457.6300000000003</ele>
<link ></link></trkpt>
<trkpt lat=""46.19059151149147"" lon=""9.036754519210039"">
<ele>462.9500000000002</ele>
<link ></link></trkpt>
<trkpt lat=""46.189764511487176"" lon=""9.037267519199332"">
<ele>486.2600000000002</ele>
<link ></link></trkpt>
<trkpt lat=""46.18917951148245"" lon=""9.037991519189452"">
<ele>504.05000000000024</ele>
<link ></link></trkpt>
<trkpt lat=""46.189090511480295"" lon=""9.03840051918604"">
<ele>511.0900000000002</ele>
<link ></link></trkpt>
<trkpt lat=""46.18847351148051"" lon=""9.03806751918263"">
<ele>527.8000000000003</ele>
<link ></link></trkpt>
<trkpt lat=""46.188393511478935"" lon=""9.038352519180087"">
<ele>532.6600000000003</ele>
<link ></link></trkpt>
<trkpt lat=""46.18852551147628"" lon=""9.038983519177243"">
<ele>544.7200000000003</ele>
<link ></link></trkpt>
<trkpt lat=""46.187966511476205"" lon=""9.038734519173811"">
<ele>555.8600000000004</ele>
<link ></link></trkpt>
<trkpt lat=""46.18791251147137"" lon=""9.039719519167035"">
<ele>573.3300000000003</ele>
<link ></link></trkpt>
<trkpt lat=""46.18738251146487"" lon=""9.040842519155099"">
<ele>597.4400000000003</ele>
<link ></link></trkpt>
<trkpt lat=""46.187100511463875"" lon=""9.040916519152095"">
<ele>602.9000000000002</ele>
<link ></link></trkpt>
<trkpt lat=""46.18690551145971"" lon=""9.041702519145321"">
<ele>615.1300000000003</ele>
<link ></link></trkpt>
<trkpt lat=""46.18738851146062"" lon=""9.041740519149414"">
<ele>628.3200000000003</ele>
<link ></link></trkpt>
<trkpt lat=""46.187267511457144"" lon=""9.042408519144061"">
<ele>636.9500000000002</ele>
<link ></link></trkpt>
<trkpt lat=""46.18686651145441"" lon=""9.042804519137928"">
<ele>647.5600000000002</ele>
<link ></link></trkpt>
<trkpt lat=""46.186832511450305"" lon=""9.043653519132194"">
<ele>663.4300000000002</ele>
<link ></link></trkpt>
<trkpt lat=""46.18758951145267"" lon=""9.04350851913992"">
<ele>684.2800000000002</ele>
<link ></link></trkpt>
<trkpt lat=""46.18723351144891"" lon=""9.04412851913276"">
<ele>699.0300000000002</ele>
<link ></link></trkpt>
<trkpt lat=""46.18710551144572"" lon=""9.044738519127716"">
<ele>710.2200000000001</ele>
<link ></link></trkpt>
<trkpt lat=""46.187633511447494"" lon=""9.044616519133235"">
<ele>723.6200000000001</ele>
<link ></link></trkpt>
<trkpt lat=""46.188190511447765"" lon=""9.044819519136942"">
<ele>738.5400000000002</ele>
<link ></link></trkpt>
<trkpt lat=""46.188645511449835"" lon=""9.044601519142418"">
<ele>752.6500000000001</ele>
<link ></link></trkpt>
<trkpt lat=""46.18844451144599"" lon=""9.045320519136022"">
<ele>766.8800000000001</ele>
<link ></link></trkpt>
<trkpt lat=""46.18760051144038"" lon=""9.046103519123434"">
<ele>777.6700000000002</ele>
<link ></link></trkpt>
<trkpt lat=""46.187397511436984"" lon=""9.046717519117687"">
<ele>789.5300000000002</ele>
<link ></link></trkpt>
<trkpt lat=""46.1882015114403"" lon=""9.046405519126898"">
<ele>815.2900000000002</ele>
<link ></link></trkpt>
<trkpt lat=""46.18866451143994"" lon=""9.046696519129195"">
<ele>831.1400000000002</ele>
<link ></link></trkpt>
<trkpt lat=""46.1887735114384"" lon=""9.04706951912779"">
<ele>841.5500000000002</ele>
<link ></link></trkpt>
<trkpt lat=""46.188431511437166"" lon=""9.047172519124057"">
<ele>851.3300000000002</ele>
<link ></link></trkpt>
<trkpt lat=""46.18867151143596"" lon=""9.047533519123903"">
<ele>860.8300000000002</ele>
<link ></link></trkpt>
<trkpt lat=""46.188472511435094"" lon=""9.047623519121542"">
<ele>868.7100000000002</ele>
<link ></link></trkpt>
<trkpt lat=""46.18850951143241"" lon=""9.048206519118148"">
<ele>881.4400000000002</ele>
<link ></link></trkpt>
<trkpt lat=""46.188365511430845"" lon=""9.048466519115198"">
<ele>889.4400000000003</ele>
<link ></link></trkpt>
<trkpt lat=""46.18847951142937"" lon=""9.048829519113895"">
<ele>899.4300000000002</ele>
<link ></link></trkpt>
<trkpt lat=""46.18818351142295"" lon=""9.050034519103543"">
<ele>915.7399999999999</ele>
<link ></link></trkpt>
<trkpt lat=""46.18749251141899"" lon=""9.050548519094052"">
<ele>924.37</ele>
<link ></link></trkpt>
<trkpt lat=""46.1872255114135"" lon=""9.051575519085091"">
<ele>929.76</ele>
<link ></link></trkpt>
<trkpt lat=""46.18722251140918"" lon=""9.052480519079277"">
<ele>936.3199999999999</ele>
<link ></link></trkpt>
<trkpt lat=""46.186815511407616"" lon=""9.052622519074715"">
<ele>941.0699999999999</ele>
<link ></link></trkpt>
<trkpt lat=""46.186480511400056"" lon=""9.054055519062548"">
<ele>950.4600000000002</ele>
<link ></link></trkpt>
<trkpt lat=""46.18582051139676"" lon=""9.054437519054181"">
<ele>956.1500000000001</ele>
<link ></link></trkpt>
<trkpt lat=""46.18539351139279"" lon=""9.055078519046253"">
<ele>961.18</ele>
<link ></link></trkpt>
<trkpt lat=""46.185337511389164"" lon=""9.055807519041092"">
<ele>964.1499999999999</ele>
<link ></link></trkpt>
<trkpt lat=""46.18459151139014"" lon=""9.05525351903794"">
<ele>967.3499999999997</ele>
<link ></link></trkpt>
<trkpt lat=""46.18420851139277"" lon=""9.054522519039171"">
<ele>968.7999999999998</ele>
<link ></link></trkpt>
<trkpt lat=""46.184110511398885"" lon=""9.053187519046828"">
<ele>969.5999999999999</ele>
<link ></link></trkpt>
<trkpt lat=""46.18347951140151"" lon=""9.052337519046601"">
<ele>969.9099999999999</ele>
<link ></link></trkpt>
<trkpt lat=""46.183325511407276"" lon=""9.05104851905346"">
<ele>970.5999999999998</ele>
<link ></link></trkpt>
<trkpt lat=""46.18252351141302"" lon=""9.049462519056396"">
<ele>973.44</ele>
<link ></link></trkpt>
<trkpt lat=""46.18229451141166"" lon=""9.049643519053184"">
<ele>976.0699999999999</ele>
<link ></link></trkpt>
<trkpt lat=""46.182155511408254"" lon=""9.05028751904782"">
<ele>986.61</ele>
<link ></link></trkpt>
<trkpt lat=""46.18227751140645"" lon=""9.05072951904609"">
<ele>996.33</ele>
<link ></link></trkpt>
<trkpt lat=""46.18218451140377"" lon=""9.051249519041935"">
<ele>1009.38</ele>
<link ></link></trkpt>
<trkpt lat=""46.181964511404516"" lon=""9.050997519041573"">
<ele>1013.7499999999999</ele>
<link ></link></trkpt>
<trkpt lat=""46.18156051140157"" lon=""9.051416519035266"">
<ele>1027.1699999999998</ele>
<link ></link></trkpt>
<trkpt lat=""46.181681511401536"" lon=""9.051486519035905"">
<ele>1032.37</ele>
<link ></link></trkpt>
<trkpt lat=""46.18156151139986"" lon=""9.051782519032939"">
<ele>1040.3700000000001</ele>
<link ></link></trkpt>
<trkpt lat=""46.181775511399834"" lon=""9.051890519034167"">
<ele>1049.8200000000002</ele>
<link ></link></trkpt>
<trkpt lat=""46.18163451139705"" lon=""9.05240851902959"">
<ele>1062.69</ele>
<link ></link></trkpt>
<trkpt lat=""46.18191251139676"" lon=""9.052598519030866"">
<ele>1076.19</ele>
<link ></link></trkpt>
<trkpt lat=""46.18173751139269"" lon=""9.053374519024338"">
<ele>1087.78</ele>
<link ></link></trkpt>
<trkpt lat=""46.18180851138925"" lon=""9.054132519020127"">
<ele>1102.01</ele>
<link ></link></trkpt>
<trkpt lat=""46.181708511387264"" lon=""9.054501519016872"">
<ele>1110.22</ele>
<link ></link></trkpt>
<trkpt lat=""46.182374511380154"" lon=""9.05631451901126"">
<ele>1135.8999999999999</ele>
<link ></link></trkpt>
<trkpt lat=""46.1820205113779"" lon=""9.056626519006088"">
<ele>1143.25</ele>
<link ></link></trkpt>
<trkpt lat=""46.18196451137357"" lon=""9.057501518999992"">
<ele>1181.7299999999998</ele>
<link ></link></trkpt>
<trkpt lat=""46.18218351136781"" lon=""9.058820518993524"">
<ele>1229.1799999999998</ele>
<link ></link></trkpt>
<trkpt lat=""46.18196451136648"" lon=""9.058992518990461"">
<ele>1244.0199999999998</ele>
<link ></link></trkpt>
<trkpt lat=""46.1823135113646"" lon=""9.059553518990002"">
<ele>1253.3</ele>
<link ></link></trkpt>
<trkpt lat=""46.182202511362405"" lon=""9.059960518986406"">
<ele>1272.1499999999999</ele>
<link ></link></trkpt>
<trkpt lat=""46.182606511360746"" lon=""9.060501518986575"">
<ele>1282.1299999999999</ele>
<link ></link></trkpt>
<trkpt lat=""46.182616511358326"" lon=""9.061015518983378"">
<ele>1292.8999999999999</ele>
<link ></link></trkpt>
<trkpt lat=""46.18349051135857"" lon=""9.061377518988902"">
<ele>1318.9899999999998</ele>
<link ></link></trkpt>
<trkpt lat=""46.18358051135744"" lon=""9.061653518987944"">
<ele>1329.42</ele>
<link ></link></trkpt>
<trkpt lat=""46.18342151135622"" lon=""9.06183651898535"">
<ele>1337.8600000000001</ele>
<link ></link></trkpt>
<trkpt lat=""46.18352651135529"" lon=""9.062082518984715"">
<ele>1346.68</ele>
<link ></link></trkpt>
<trkpt lat=""46.18325851135464"" lon=""9.062094518982239"">
<ele>1351.6200000000001</ele>
<link ></link></trkpt>
<trkpt lat=""46.18363951135228"" lon=""9.062772518981319"">
<ele>1363.0600000000002</ele>
<link ></link></trkpt>
<trkpt lat=""46.18310051135088"" lon=""9.062813518976222"">
<ele>1377.3200000000002</ele>
<link ></link></trkpt>
<trkpt lat=""46.18324351134699"" lon=""9.063696518971856"">
<ele>1411.13</ele>
<link ></link></trkpt>
<trkpt lat=""46.18372951134667"" lon=""9.063992518974326"">
<ele>1416.01</ele>
<link ></link></trkpt>
<trkpt lat=""46.18410251134413"" lon=""9.064703518973126"">
<ele>1437.7500000000002</ele>
<link ></link></trkpt>
<trkpt lat=""46.183593511341485"" lon=""9.065018518966543"">
<ele>1461.9400000000003</ele>
<link ></link></trkpt>
<trkpt lat=""46.18354351133971"" lon=""9.065373518963824"">
<ele>1471.3700000000001</ele>
<link ></link></trkpt>
<trkpt lat=""46.183124511338576"" lon=""9.06541151895982"">
<ele>1488.42</ele>
<link ></link></trkpt>
<trkpt lat=""46.183870511336195"" lon=""9.066262518961071"">
<ele>1489.4399999999998</ele>
<link ></link></trkpt>
<trkpt lat=""46.18393951133435"" lon=""9.066683518958998"">
<ele>1494.45</ele>
<link ></link></trkpt>
<trkpt lat=""46.18427751133261"" lon=""9.067211518958656"">
<ele>1494.4199999999998</ele>
<link ></link></trkpt>
<trkpt lat=""46.184986511333086"" lon=""9.067443518963533"">
<ele>1497.1200000000001</ele>
<link ></link></trkpt>
<trkpt lat=""46.1852175113301"" lon=""9.068184518960868"">
<ele>1517.0100000000002</ele>
<link ></link></trkpt>
<trkpt lat=""46.18493251132851"" lon=""9.068384518957028"">
<ele>1519.1100000000001</ele>
<link ></link></trkpt>
<trkpt lat=""46.184032511328624"" lon=""9.067935518951826"">
<ele>1538.7</ele>
<link ></link></trkpt>
<trkpt lat=""46.183704511327775"" lon=""9.06795851894874"">
<ele>1545.1900000000003</ele>
<link ></link></trkpt>
<trkpt lat=""46.183462511325736"" lon=""9.06827851894452"">
<ele>1550.0200000000002</ele>
<link ></link></trkpt>
<trkpt lat=""46.18441051132189"" lon=""9.069529518945025"">
<ele>1564.2100000000003</ele>
<link ></link></trkpt>
<trkpt lat=""46.184942511321054"" lon=""9.069956518947064"">
<ele>1580.8900000000003</ele>
<link ></link></trkpt>
<trkpt lat=""46.186669511327935"" lon=""9.069320518966627"">
<ele>1616.0400000000002</ele>
<link ></link></trkpt>
<trkpt lat=""46.18699451132735"" lon=""9.06959651896778"">
<ele>1619.6500000000005</ele>
<link ></link></trkpt>
<trkpt lat=""46.18747051132814"" lon=""9.069656518971666"">
<ele>1626.1900000000005</ele>
<link ></link></trkpt>
<trkpt lat=""46.1876895113266"" lon=""9.070074518970955"">
<ele>1628.0800000000004</ele>
<link ></link></trkpt>
<trkpt lat=""46.18702251132192"" lon=""9.070756518960609"">
<ele>1644.2800000000002</ele>
<link ></link></trkpt>
<trkpt lat=""46.18685151131928"" lon=""9.071232518956025"">
<ele>1651.93</ele>
<link ></link></trkpt>
<trkpt lat=""46.187093511308724"" lon=""9.073566518943268"">
<ele>1677.8900000000003</ele>
<link ></link></trkpt>
<trkpt lat=""46.18736951130726"" lon=""9.07400751894292"">
<ele>1678.7600000000002</ele>
<link ></link></trkpt>
<trkpt lat=""46.18771051130996"" lon=""9.073595518948617"">
<ele>1680.9</ele>
<link ></link></trkpt>
<trkpt lat=""46.18789151131616"" lon=""9.072381518958007"">
<ele>1690.6800000000003</ele>
<link ></link></trkpt>
<trkpt lat=""46.18802051131726"" lon=""9.072211518960252"">
<ele>1689.9600000000003</ele>
<link ></link></trkpt>
<trkpt lat=""46.188449511317906"" lon=""9.072272518963713"">
<ele>1688.1399999999999</ele>
<link ></link></trkpt>
<trkpt lat=""46.188020511317234"" lon=""9.072211518960252"">
<ele>1689.9599999999998</ele>
<link ></link></trkpt>
<trkpt lat=""46.187748511313615"" lon=""9.072839518953794"">
<ele>1689.9299999999994</ele>
<link ></link></trkpt>
<trkpt lat=""46.18771051130994"" lon=""9.073595518948617"">
<ele>1680.8999999999996</ele>
<link ></link></trkpt>
<trkpt lat=""46.187369511307246"" lon=""9.074007518942922"">
<ele>1678.7599999999998</ele>
<link ></link></trkpt>
<trkpt lat=""46.18720751130763"" lon=""9.073843518942518"">
<ele>1678.0099999999998</ele>
<link ></link></trkpt>
<trkpt lat=""46.18684751131913"" lon=""9.071260518955812"">
<ele>1652.3499999999995</ele>
<link ></link></trkpt>
<trkpt lat=""46.18702251132192"" lon=""9.070756518960607"">
<ele>1644.2799999999993</ele>
<link ></link></trkpt>
<trkpt lat=""46.1876895113266"" lon=""9.070074518970952"">
<ele>1628.0799999999995</ele>
<link ></link></trkpt>
<trkpt lat=""46.1873785113285"" lon=""9.069530518971645"">
<ele>1625.1399999999996</ele>
<link ></link></trkpt>
<trkpt lat=""46.18699451132734"" lon=""9.069596518967776"">
<ele>1619.6499999999996</ele>
<link ></link></trkpt>
<trkpt lat=""46.18666951132789"" lon=""9.069320518966625"">
<ele>1616.0399999999995</ele>
<link ></link></trkpt>
<trkpt lat=""46.18510851132147"" lon=""9.069945518948622"">
<ele>1586.0799999999995</ele>
<link ></link></trkpt>
<trkpt lat=""46.184738511321136"" lon=""9.069841518945967"">
<ele>1575.0899999999995</ele>
<link ></link></trkpt>
<trkpt lat=""46.18334451132621"" lon=""9.0681155189445"">
<ele>1549.2399999999996</ele>
<link ></link></trkpt>
<trkpt lat=""46.18260051132728"" lon=""9.067529518941571"">
<ele>1530.4199999999996</ele>
<link ></link></trkpt>
<trkpt lat=""46.18147751133283"" lon=""9.065854518942212"">
<ele>1508.8799999999994</ele>
<link ></link></trkpt>
<trkpt lat=""46.18075651133484"" lon=""9.065083518940673"">
<ele>1491.9399999999996</ele>
<link ></link></trkpt>
<trkpt lat=""46.18055351133868"" lon=""9.064182518944614"">
<ele>1482.0699999999995</ele>
<link ></link></trkpt>
<trkpt lat=""46.1799755113375"" lon=""9.06414451893967"">
<ele>1462.2599999999993</ele>
<link ></link></trkpt>
<trkpt lat=""46.17981051133882"" lon=""9.063798518940404"">
<ele>1448.9899999999996</ele>
<link ></link></trkpt>
<trkpt lat=""46.17888951134062"" lon=""9.062978518937385"">
<ele>1401.7499999999993</ele>
<link ></link></trkpt>
<trkpt lat=""46.17844251133969"" lon=""9.062973518933408"">
<ele>1390.8199999999993</ele>
<link ></link></trkpt>
<trkpt lat=""46.17841151134711"" lon=""9.061390518943254"">
<ele>1356.6399999999992</ele>
<link ></link></trkpt>
<trkpt lat=""46.17776751134564"" lon=""9.061399518937417"">
<ele>1350.499999999999</ele>
<link ></link></trkpt>
<trkpt lat=""46.17760351134773"" lon=""9.060877518939282"">
<ele>1341.1299999999992</ele>
<link ></link></trkpt>
<trkpt lat=""46.177390511347625"" lon=""9.060803518937846"">
<ele>1335.1599999999992</ele>
<link ></link></trkpt>
<trkpt lat=""46.17696151133569"" lon=""9.063106518919273"">
<ele>1331.8699999999994</ele>
<link ></link></trkpt>
<trkpt lat=""46.17636651132688"" lon=""9.064696518903775"">
<ele>1308.8600000000004</ele>
<link ></link></trkpt>
<trkpt lat=""46.17631751132741"" lon=""9.064566518904165"">
<ele>1307.6800000000003</ele>
<link ></link></trkpt>
<trkpt lat=""46.17613351132523"" lon=""9.06493151890018"">
<ele>1295.8500000000004</ele>
<link ></link></trkpt>
<trkpt lat=""46.17611651132354"" lon=""9.065278518897808"">
<ele>1286.5100000000004</ele>
<link ></link></trkpt>
<trkpt lat=""46.17719351131569"" lon=""9.067440518893642"">
<ele>1251.7800000000004</ele>
<link ></link></trkpt>
<trkpt lat=""46.17776051130741"" lon=""9.069457518885832"">
<ele>1216.0600000000006</ele>
<link ></link></trkpt>
<trkpt lat=""46.17765851130394"" lon=""9.070132518880595"">
<ele>1193.4300000000005</ele>
<link ></link></trkpt>
<trkpt lat=""46.17808151129962"" lon=""9.071246518877263"">
<ele>1174.8700000000008</ele>
<link ></link></trkpt>
<trkpt lat=""46.17820451129654"" lon=""9.07195751887382"">
<ele>1166.0000000000007</ele>
<link ></link></trkpt>
<trkpt lat=""46.178078511295986"" lon=""9.07200751887237"">
<ele>1157.720000000001</ele>
<link ></link></trkpt>
<trkpt lat=""46.178349511294314"" lon=""9.072489518871718"">
<ele>1146.0000000000007</ele>
<link ></link></trkpt>
<trkpt lat=""46.17807751129007"" lon=""9.073253518864393"">
<ele>1154.000000000001</ele>
<link ></link></trkpt>
<trkpt lat=""46.17814351128767"" lon=""9.073788518861562"">
<ele>1155.250000000001</ele>
<link ></link></trkpt>
<trkpt lat=""46.17717651128704"" lon=""9.073462518854974"">
<ele>1137.6500000000008</ele>
<link ></link></trkpt>
<trkpt lat=""46.176489511281645"" lon=""9.07427351884363"">
<ele>1124.170000000001</ele>
<link ></link></trkpt>
<trkpt lat=""46.17591751128027"" lon=""9.07429451883836"">
<ele>1109.9500000000012</ele>
<link ></link></trkpt>
<trkpt lat=""46.175758511278815"" lon=""9.074528518835443"">
<ele>1104.350000000001</ele>
<link ></link></trkpt>
<trkpt lat=""46.175180511276665"" lon=""9.074710518829097"">
<ele>1095.900000000001</ele>
<link ></link></trkpt>
<trkpt lat=""46.17510151127744"" lon=""9.07450851882968"">
<ele>1086.590000000001</ele>
<link ></link></trkpt>
<trkpt lat=""46.174926511276134"" lon=""9.074700518826882"">
<ele>1079.190000000001</ele>
<link ></link></trkpt>
<trkpt lat=""46.17445351127788"" lon=""9.074113518826396"">
<ele>1047.300000000001</ele>
<link ></link></trkpt>
<trkpt lat=""46.173927511277746"" lon=""9.073906518823007"">
<ele>1027.830000000001</ele>
<link ></link></trkpt>
<trkpt lat=""46.17406051127974"" lon=""9.073534518826571"">
<ele>1019.690000000001</ele>
<link ></link></trkpt>
<trkpt lat=""46.17329251127928"" lon=""9.07326851882139"">
<ele>998.8200000000008</ele>
<link ></link></trkpt>
<trkpt lat=""46.17320651127612"" lon=""9.073892518816626"">
<ele>993.6899999999999</ele>
<link ></link></trkpt>
<trkpt lat=""46.17333951127499"" lon=""9.074196518815878"">
<ele>991.4499999999999</ele>
<link ></link></trkpt>
<trkpt lat=""46.17313351127325"" lon=""9.07446351881232"">
<ele>988.21</ele>
<link ></link></trkpt></trkseg></trk></gpx>",T2 - Mountain hike,239.93,http://www.hikr.org/tour/post127153.html,701.6519999999998,Motto d'Arbino : en traversée de Bellinzona au Val Morobbia,12403.911783454096
5afb22ca8f80884aaad9c980,11925.975091943525,Bertrand,2017-11-04 07:45:16,2318.39990234375,"{'min': {'type': 'Point', 'coordinates': [7.812960622832179, 46.132583459839225]}, 'max': {'type': 'Point', 'coordinates': [7.781925285235047, 46.09315331093967]}}",1068.439990234375,15209.0,2017-11-04 13:34:16,1.5460511328321151,"<?xml version=""1.0"" encoding=""UTF-8""?>
<gpx xmlns:xsi=""http://www.w3.org/2001/XMLSchema-instance"" xmlns=""http://www.topografix.com/GPX/1/1"" xsi:schemaLocation=""http://www.topografix.com/GPX/1/1 http://www.topografix.com/GPX/1/1/gpx.xsd"" version=""1.1"" creator=""Garmin Connect"">
<metadata>
<author>
<link ></link></author>
<copyright ></copyright>
<link href=""connect.garmin.com"">
<text>Garmin Connect</text></link>
<time>2017-11-04T07:45:16Z</time></metadata>
<trk>
<name>Bergji - Höuschbiel - Europahütte - Randa</name>
<desc>Rando aventure hors sentiers balisés. Montée à Bergji vertigineuse mais sécurisée, la suite au GPS sur des restes de sente --&gt; Chalet 2038m (rénové !) puis bisse abandonné. Traverser le torrent à la cote 2240 impérativement ! On rejoint l'Europaweg à 2320m. Descente par le pont suspendu. Pas de neige &lt; 2600m.</desc>
<link ></link>
<type>hiking</type>
<trkseg>
<trkpt lat=""46.132583459839225"" lon=""7.791710738092661"">
<ele>1259.0</ele>
<time>2017-11-04T07:45:16Z</time>
<link ></link>
<extensions>
<TrackPointExtension/></extensions></trkpt>
<trkpt lat=""46.132337702438235"" lon=""7.791547626256943"">
<ele>1255.4000244140625</ele>
<time>2017-11-04T07:45:35Z</time>
<link ></link>
<extensions>
<TrackPointExtension/></extensions></trkpt>
<trkpt lat=""46.13244926556945"" lon=""7.791309664025903"">
<ele>1252.800048828125</ele>
<time>2017-11-04T07:46:44Z</time>
<link ></link>
<extensions>
<TrackPointExtension/></extensions></trkpt>
<trkpt lat=""46.13223938271403"" lon=""7.790730809792876"">
<ele>1247.800048828125</ele>
<time>2017-11-04T07:47:19Z</time>
<link ></link>
<extensions>
<TrackPointExtension/></extensions></trkpt>
<trkpt lat=""46.130771124735475"" lon=""7.791274460032582"">
<ele>1250.5999755859375</ele>
<time>2017-11-04T07:49:19Z</time>
<link ></link>
<extensions>
<TrackPointExtension/></extensions></trkpt>
<trkpt lat=""46.129390792921185"" lon=""7.790276762098074"">
<ele>1255.199951171875</ele>
<time>2017-11-04T07:51:10Z</time>
<link ></link>
<extensions>
<TrackPointExtension/></extensions></trkpt>
<trkpt lat=""46.12808782607317"" lon=""7.790337782353163"">
<ele>1257.4000244140625</ele>
<time>2017-11-04T07:52:43Z</time>
<link ></link>
<extensions>
<TrackPointExtension/></extensions></trkpt>
<trkpt lat=""46.127301435917616"" lon=""7.789789354428649"">
<ele>1263.199951171875</ele>
<time>2017-11-04T07:53:57Z</time>
<link ></link>
<extensions>
<TrackPointExtension/></extensions></trkpt>
<trkpt lat=""46.1271296069026"" lon=""7.790232757106423"">
<ele>1263.800048828125</ele>
<time>2017-11-04T07:54:27Z</time>
<link ></link>
<extensions>
<TrackPointExtension/></extensions></trkpt>
<trkpt lat=""46.12601816654205"" lon=""7.789472099393606"">
<ele>1267.800048828125</ele>
<time>2017-11-04T07:55:52Z</time>
<link ></link>
<extensions>
<TrackPointExtension/></extensions></trkpt>
<trkpt lat=""46.12343905493617"" lon=""7.788491835817695"">
<ele>1282.4000244140625</ele>
<time>2017-11-04T07:59:34Z</time>
<link ></link>
<extensions>
<TrackPointExtension/></extensions></trkpt>
<trkpt lat=""46.12328021787107"" lon=""7.788892071694136"">
<ele>1286.4000244140625</ele>
<time>2017-11-04T08:00:02Z</time>
<link ></link>
<extensions>
<TrackPointExtension/></extensions></trkpt>
<trkpt lat=""46.12269549630582"" lon=""7.789030456915498"">
<ele>1291.800048828125</ele>
<time>2017-11-04T08:00:46Z</time>
<link ></link>
<extensions>
<TrackPointExtension/></extensions></trkpt>
<trkpt lat=""46.121684135869145"" lon=""7.790163774043322"">
<ele>1298.0</ele>
<time>2017-11-04T08:02:14Z</time>
<link ></link>
<extensions>
<TrackPointExtension/></extensions></trkpt>
<trkpt lat=""46.1214292421937"" lon=""7.790215406566858"">
<ele>1299.800048828125</ele>
<time>2017-11-04T08:02:34Z</time>
<link ></link>
<extensions>
<TrackPointExtension/></extensions></trkpt>
<trkpt lat=""46.1202463041991"" lon=""7.789725987240672"">
<ele>1310.0</ele>
<time>2017-11-04T08:04:06Z</time>
<link ></link>
<extensions>
<TrackPointExtension/></extensions></trkpt>
<trkpt lat=""46.12001999281347"" lon=""7.78938626870513"">
<ele>1313.5999755859375</ele>
<time>2017-11-04T08:04:31Z</time>
<link ></link>
<extensions>
<TrackPointExtension/></extensions></trkpt>
<trkpt lat=""46.11910603009164"" lon=""7.788912858814001"">
<ele>1323.199951171875</ele>
<time>2017-11-04T08:05:53Z</time>
<link ></link>
<extensions>
<TrackPointExtension/></extensions></trkpt>
<trkpt lat=""46.11803172156215"" lon=""7.787843327969313"">
<ele>1331.800048828125</ele>
<time>2017-11-04T08:07:46Z</time>
<link ></link>
<extensions>
<TrackPointExtension/></extensions></trkpt>
<trkpt lat=""46.117820078507066"" lon=""7.78824339620769"">
<ele>1340.4000244140625</ele>
<time>2017-11-04T08:08:59Z</time>
<link ></link>
<extensions>
<TrackPointExtension/></extensions></trkpt>
<trkpt lat=""46.11754699610174"" lon=""7.788369543850422"">
<ele>1345.4000244140625</ele>
<time>2017-11-04T08:10:02Z</time>
<link ></link>
<extensions>
<TrackPointExtension/></extensions></trkpt>
<trkpt lat=""46.11732588149607"" lon=""7.78897387906909"">
<ele>1356.199951171875</ele>
<time>2017-11-04T08:11:02Z</time>
<link ></link>
<extensions>
<TrackPointExtension/></extensions></trkpt>
<trkpt lat=""46.11751539632678"" lon=""7.789657339453697"">
<ele>1369.199951171875</ele>
<time>2017-11-04T08:12:23Z</time>
<link ></link>
<extensions>
<TrackPointExtension/></extensions></trkpt>
<trkpt lat=""46.11736435443163"" lon=""7.7902633510529995"">
<ele>1374.800048828125</ele>
<time>2017-11-04T08:14:08Z</time>
<link ></link>
<extensions>
<TrackPointExtension/></extensions></trkpt>
<trkpt lat=""46.11762469634414"" lon=""7.7911618910729885"">
<ele>1383.5999755859375</ele>
<time>2017-11-04T08:15:57Z</time>
<link ></link>
<extensions>
<TrackPointExtension/></extensions></trkpt>
<trkpt lat=""46.116930674761534"" lon=""7.7922300808131695"">
<ele>1422.800048828125</ele>
<time>2017-11-04T08:19:47Z</time>
<link ></link>
<extensions>
<TrackPointExtension/></extensions></trkpt>
<trkpt lat=""46.11685196869075"" lon=""7.792899627238512"">
<ele>1445.4000244140625</ele>
<time>2017-11-04T08:22:32Z</time>
<link ></link>
<extensions>
<TrackPointExtension/></extensions></trkpt>
<trkpt lat=""46.11642709001899"" lon=""7.7929056622087955"">
<ele>1458.5999755859375</ele>
<time>2017-11-04T08:23:57Z</time>
<link ></link>
<extensions>
<TrackPointExtension/></extensions></trkpt>
<trkpt lat=""46.116485176607966"" lon=""7.793179750442505"">
<ele>1464.800048828125</ele>
<time>2017-11-04T08:24:35Z</time>
<link ></link>
<extensions>
<TrackPointExtension/></extensions></trkpt>
<trkpt lat=""46.116557428613305"" lon=""7.793019823729992"">
<ele>1468.5999755859375</ele>
<time>2017-11-04T08:25:01Z</time>
<link ></link>
<extensions>
<TrackPointExtension/></extensions></trkpt>
<trkpt lat=""46.11640521325171"" lon=""7.793089980259538"">
<ele>1480.199951171875</ele>
<time>2017-11-04T08:26:11Z</time>
<link ></link>
<extensions>
<TrackPointExtension/></extensions></trkpt>
<trkpt lat=""46.116573605686426"" lon=""7.793790455907583"">
<ele>1500.0</ele>
<time>2017-11-04T08:29:00Z</time>
<link ></link>
<extensions>
<TrackPointExtension/></extensions></trkpt>
<trkpt lat=""46.11602308228612"" lon=""7.793877460062504"">
<ele>1514.0</ele>
<time>2017-11-04T08:30:22Z</time>
<link ></link>
<extensions>
<TrackPointExtension/></extensions></trkpt>
<trkpt lat=""46.11626448109746"" lon=""7.794420523568988"">
<ele>1521.800048828125</ele>
<time>2017-11-04T08:31:08Z</time>
<link ></link>
<extensions>
<TrackPointExtension/></extensions></trkpt>
<trkpt lat=""46.11661719158292"" lon=""7.794595621526241"">
<ele>1526.4000244140625</ele>
<time>2017-11-04T08:31:29Z</time>
<link ></link>
<extensions>
<TrackPointExtension/></extensions></trkpt>
<trkpt lat=""46.11631535924971"" lon=""7.794612720608711"">
<ele>1529.5999755859375</ele>
<time>2017-11-04T08:32:19Z</time>
<link ></link>
<extensions>
<TrackPointExtension/></extensions></trkpt>
<trkpt lat=""46.11626355908811"" lon=""7.794821765273809"">
<ele>1531.199951171875</ele>
<time>2017-11-04T08:32:58Z</time>
<link ></link>
<extensions>
<TrackPointExtension/></extensions></trkpt>
<trkpt lat=""46.116519290953875"" lon=""7.794272834435105"">
<ele>1540.800048828125</ele>
<time>2017-11-04T08:34:37Z</time>
<link ></link>
<extensions>
<TrackPointExtension/></extensions></trkpt>
<trkpt lat=""46.117001166567206"" lon=""7.794012492522597"">
<ele>1562.199951171875</ele>
<time>2017-11-04T08:36:41Z</time>
<link ></link>
<extensions>
<TrackPointExtension/></extensions></trkpt>
<trkpt lat=""46.116933692246675"" lon=""7.794517334550619"">
<ele>1580.199951171875</ele>
<time>2017-11-04T08:38:30Z</time>
<link ></link>
<extensions>
<TrackPointExtension/></extensions></trkpt>
<trkpt lat=""46.11736284568906"" lon=""7.794747417792678"">
<ele>1607.199951171875</ele>
<time>2017-11-04T08:41:30Z</time>
<link ></link>
<extensions>
<TrackPointExtension/></extensions></trkpt>
<trkpt lat=""46.11750282347202"" lon=""7.7951286267489195"">
<ele>1624.5999755859375</ele>
<time>2017-11-04T08:43:08Z</time>
<link ></link>
<extensions>
<TrackPointExtension/></extensions></trkpt>
<trkpt lat=""46.117693427950144"" lon=""7.794893262907863"">
<ele>1636.199951171875</ele>
<time>2017-11-04T08:44:11Z</time>
<link ></link>
<extensions>
<TrackPointExtension/></extensions></trkpt>
<trkpt lat=""46.11798444762826"" lon=""7.79490633867681"">
<ele>1650.4000244140625</ele>
<time>2017-11-04T08:45:27Z</time>
<link ></link>
<extensions>
<TrackPointExtension/></extensions></trkpt>
<trkpt lat=""46.117903646081686"" lon=""7.79477633535862"">
<ele>1654.4000244140625</ele>
<time>2017-11-04T08:45:54Z</time>
<link ></link>
<extensions>
<TrackPointExtension/></extensions></trkpt>
<trkpt lat=""46.11767314374447"" lon=""7.794824279844761"">
<ele>1668.800048828125</ele>
<time>2017-11-04T08:47:23Z</time>
<link ></link>
<extensions>
<TrackPointExtension/></extensions></trkpt>
<trkpt lat=""46.117836171761155"" lon=""7.7949136309325695"">
<ele>1678.199951171875</ele>
<time>2017-11-04T08:48:27Z</time>
<link ></link>
<extensions>
<TrackPointExtension/></extensions></trkpt>
<trkpt lat=""46.117727709934115"" lon=""7.795403888449073"">
<ele>1690.199951171875</ele>
<time>2017-11-04T08:50:08Z</time>
<link ></link>
<extensions>
<TrackPointExtension/></extensions></trkpt>
<trkpt lat=""46.11796692945063"" lon=""7.795351250097156"">
<ele>1697.0</ele>
<time>2017-11-04T08:50:55Z</time>
<link ></link>
<extensions>
<TrackPointExtension/></extensions></trkpt>
<trkpt lat=""46.11827068962157"" lon=""7.795730615034699"">
<ele>1713.0</ele>
<time>2017-11-04T08:53:01Z</time>
<link ></link>
<extensions>
<TrackPointExtension/></extensions></trkpt>
<trkpt lat=""46.118496246635914"" lon=""7.796371914446354"">
<ele>1734.199951171875</ele>
<time>2017-11-04T09:22:57Z</time>
<link ></link>
<extensions>
<TrackPointExtension/></extensions></trkpt>
<trkpt lat=""46.11893252469599"" lon=""7.79667123220861"">
<ele>1745.4000244140625</ele>
<time>2017-11-04T09:24:55Z</time>
<link ></link>
<extensions>
<TrackPointExtension/></extensions></trkpt>
<trkpt lat=""46.11924642696977"" lon=""7.796605015173554"">
<ele>1750.800048828125</ele>
<time>2017-11-04T09:26:39Z</time>
<link ></link>
<extensions>
<TrackPointExtension/></extensions></trkpt>
<trkpt lat=""46.11969854682684"" lon=""7.79698396101594"">
<ele>1759.0</ele>
<time>2017-11-04T09:27:57Z</time>
<link ></link>
<extensions>
<TrackPointExtension/></extensions></trkpt>
<trkpt lat=""46.12040547654033"" lon=""7.79710809700191"">
<ele>1772.199951171875</ele>
<time>2017-11-04T09:29:44Z</time>
<link ></link>
<extensions>
<TrackPointExtension/></extensions></trkpt>
<trkpt lat=""46.12062097527087"" lon=""7.797878896817565"">
<ele>1804.5999755859375</ele>
<time>2017-11-04T09:33:00Z</time>
<link ></link>
<extensions>
<TrackPointExtension/></extensions></trkpt>
<trkpt lat=""46.12083999440074"" lon=""7.798048295080662"">
<ele>1817.800048828125</ele>
<time>2017-11-04T09:34:51Z</time>
<link ></link>
<extensions>
<TrackPointExtension/></extensions></trkpt>
<trkpt lat=""46.12062592059374"" lon=""7.798354234546423"">
<ele>1830.0</ele>
<time>2017-11-04T09:36:57Z</time>
<link ></link>
<extensions>
<TrackPointExtension/></extensions></trkpt>
<trkpt lat=""46.12114115618169"" lon=""7.79870979487896"">
<ele>1857.4000244140625</ele>
<time>2017-11-04T09:39:47Z</time>
<link ></link>
<extensions>
<TrackPointExtension/></extensions></trkpt>
<trkpt lat=""46.121201422065496"" lon=""7.798952199518681"">
<ele>1862.199951171875</ele>
<time>2017-11-04T09:40:22Z</time>
<link ></link>
<extensions>
<TrackPointExtension/></extensions></trkpt>
<trkpt lat=""46.12141465768218"" lon=""7.79890232719481"">
<ele>1870.0</ele>
<time>2017-11-04T09:41:08Z</time>
<link ></link>
<extensions>
<TrackPointExtension/></extensions></trkpt>
<trkpt lat=""46.12171263433993"" lon=""7.799194687977433"">
<ele>1888.800048828125</ele>
<time>2017-11-04T09:43:27Z</time>
<link ></link>
<extensions>
<TrackPointExtension/></extensions></trkpt>
<trkpt lat=""46.122017819434404"" lon=""7.800068249925971"">
<ele>1934.800048828125</ele>
<time>2017-11-04T09:49:31Z</time>
<link ></link>
<extensions>
<TrackPointExtension/></extensions></trkpt>
<trkpt lat=""46.122378995642066"" lon=""7.800145698711276"">
<ele>1947.0</ele>
<time>2017-11-04T09:51:52Z</time>
<link ></link>
<extensions>
<TrackPointExtension/></extensions></trkpt>
<trkpt lat=""46.12195026129484"" lon=""7.800496062263846"">
<ele>1965.800048828125</ele>
<time>2017-11-04T09:53:45Z</time>
<link ></link>
<extensions>
<TrackPointExtension/></extensions></trkpt>
<trkpt lat=""46.12200650386512"" lon=""7.800812562927604"">
<ele>1978.5999755859375</ele>
<time>2017-11-04T09:55:00Z</time>
<link ></link>
<extensions>
<TrackPointExtension/></extensions></trkpt>
<trkpt lat=""46.12232434563339"" lon=""7.800911637023091"">
<ele>1990.199951171875</ele>
<time>2017-11-04T09:56:16Z</time>
<link ></link>
<extensions>
<TrackPointExtension/></extensions></trkpt>
<trkpt lat=""46.12233147025108"" lon=""7.8013380244374275"">
<ele>2008.199951171875</ele>
<time>2017-11-04T09:58:02Z</time>
<link ></link>
<extensions>
<TrackPointExtension/></extensions></trkpt>
<trkpt lat=""46.122625758871436"" lon=""7.801502561196685"">
<ele>2018.5999755859375</ele>
<time>2017-11-04T09:59:18Z</time>
<link ></link>
<extensions>
<TrackPointExtension/></extensions></trkpt>
<trkpt lat=""46.12255803309381"" lon=""7.801610352471471"">
<ele>2021.5999755859375</ele>
<time>2017-11-04T09:59:53Z</time>
<link ></link>
<extensions>
<TrackPointExtension/></extensions></trkpt>
<trkpt lat=""46.122885597869754"" lon=""7.801644550636411"">
<ele>2027.199951171875</ele>
<time>2017-11-04T10:01:32Z</time>
<link ></link>
<extensions>
<TrackPointExtension/></extensions></trkpt>
<trkpt lat=""46.12282172776759"" lon=""7.801978485658765"">
<ele>2025.800048828125</ele>
<time>2017-11-04T10:05:22Z</time>
<link ></link>
<extensions>
<TrackPointExtension/></extensions></trkpt>
<trkpt lat=""46.12296589650214"" lon=""7.801885278895497"">
<ele>2027.199951171875</ele>
<time>2017-11-04T10:10:16Z</time>
<link ></link>
<extensions>
<TrackPointExtension/></extensions></trkpt>
<trkpt lat=""46.12287797033787"" lon=""7.801705067977309"">
<ele>2027.199951171875</ele>
<time>2017-11-04T10:12:33Z</time>
<link ></link>
<extensions>
<TrackPointExtension/></extensions></trkpt>
<trkpt lat=""46.12222577445209"" lon=""7.801812356337905"">
<ele>2036.4000244140625</ele>
<time>2017-11-04T10:14:29Z</time>
<link ></link>
<extensions>
<TrackPointExtension/></extensions></trkpt>
<trkpt lat=""46.12176351249218"" lon=""7.802197588607669"">
<ele>2053.39990234375</ele>
<time>2017-11-04T10:16:35Z</time>
<link ></link>
<extensions>
<TrackPointExtension/></extensions></trkpt>
<trkpt lat=""46.120499689131975"" lon=""7.802083678543568"">
<ele>2069.60009765625</ele>
<time>2017-11-04T10:22:46Z</time>
<link ></link>
<extensions>
<TrackPointExtension/></extensions></trkpt>
<trkpt lat=""46.119144167751074"" lon=""7.802787171676755"">
<ele>2087.39990234375</ele>
<time>2017-11-04T10:26:34Z</time>
<link ></link>
<extensions>
<TrackPointExtension/></extensions></trkpt>
<trkpt lat=""46.11836666241288"" lon=""7.8028426598757505"">
<ele>2089.199951171875</ele>
<time>2017-11-04T10:28:29Z</time>
<link ></link>
<extensions>
<TrackPointExtension/></extensions></trkpt>
<trkpt lat=""46.11809383146465"" lon=""7.802518028765917"">
<ele>2094.800048828125</ele>
<time>2017-11-04T10:29:30Z</time>
<link ></link>
<extensions>
<TrackPointExtension/></extensions></trkpt>
<trkpt lat=""46.11768781207502"" lon=""7.802660940214992"">
<ele>2096.60009765625</ele>
<time>2017-11-04T10:30:52Z</time>
<link ></link>
<extensions>
<TrackPointExtension/></extensions></trkpt>
<trkpt lat=""46.117421267554164"" lon=""7.802457427605987"">
<ele>2095.60009765625</ele>
<time>2017-11-04T10:33:15Z</time>
<link ></link>
<extensions>
<TrackPointExtension/></extensions></trkpt>
<trkpt lat=""46.117436690256"" lon=""7.802652809768915"">
<ele>2098.0</ele>
<time>2017-11-04T10:34:06Z</time>
<link ></link>
<extensions>
<TrackPointExtension/></extensions></trkpt>
<trkpt lat=""46.116335559636354"" lon=""7.803048687055707"">
<ele>2102.39990234375</ele>
<time>2017-11-04T10:35:51Z</time>
<link ></link>
<extensions>
<TrackPointExtension/></extensions></trkpt>
<trkpt lat=""46.115518659353256"" lon=""7.803773554041982"">
<ele>2106.39990234375</ele>
<time>2017-11-04T10:37:31Z</time>
<link ></link>
<extensions>
<TrackPointExtension/></extensions></trkpt>
<trkpt lat=""46.11493846401572"" lon=""7.804448716342449"">
<ele>2108.800048828125</ele>
<time>2017-11-04T10:38:35Z</time>
<link ></link>
<extensions>
<TrackPointExtension/></extensions></trkpt>
<trkpt lat=""46.11474584788084"" lon=""7.805277351289988"">
<ele>2118.39990234375</ele>
<time>2017-11-04T10:40:09Z</time>
<link ></link>
<extensions>
<TrackPointExtension/></extensions></trkpt>
<trkpt lat=""46.11434997059405"" lon=""7.805951004847884"">
<ele>2122.0</ele>
<time>2017-11-04T10:41:12Z</time>
<link ></link>
<extensions>
<TrackPointExtension/></extensions></trkpt>
<trkpt lat=""46.113026551902294"" lon=""7.807708187028766"">
<ele>2136.800048828125</ele>
<time>2017-11-04T10:44:39Z</time>
<link ></link>
<extensions>
<TrackPointExtension/></extensions></trkpt>
<trkpt lat=""46.112839384004474"" lon=""7.808578396216035"">
<ele>2154.800048828125</ele>
<time>2017-11-04T10:47:01Z</time>
<link ></link>
<extensions>
<TrackPointExtension/></extensions></trkpt>
<trkpt lat=""46.1125788744539"" lon=""7.808813089504838"">
<ele>2160.39990234375</ele>
<time>2017-11-04T10:48:09Z</time>
<link ></link>
<extensions>
<TrackPointExtension/></extensions></trkpt>
<trkpt lat=""46.11235650256276"" lon=""7.8086150251328945"">
<ele>2160.39990234375</ele>
<time>2017-11-04T10:49:09Z</time>
<link ></link>
<extensions>
<TrackPointExtension/></extensions></trkpt>
<trkpt lat=""46.11224074847996"" lon=""7.808843599632382"">
<ele>2167.800048828125</ele>
<time>2017-11-04T10:50:59Z</time>
<link ></link>
<extensions>
<TrackPointExtension/></extensions></trkpt>
<trkpt lat=""46.111957021057606"" lon=""7.80881023965776"">
<ele>2172.800048828125</ele>
<time>2017-11-04T10:51:44Z</time>
<link ></link>
<extensions>
<TrackPointExtension/></extensions></trkpt>
<trkpt lat=""46.11169760115445"" lon=""7.809043591842055"">
<ele>2178.39990234375</ele>
<time>2017-11-04T10:52:53Z</time>
<link ></link>
<extensions>
<TrackPointExtension/></extensions></trkpt>
<trkpt lat=""46.11171151511371"" lon=""7.809433937072754"">
<ele>2187.800048828125</ele>
<time>2017-11-04T10:54:03Z</time>
<link ></link>
<extensions>
<TrackPointExtension/></extensions></trkpt>
<trkpt lat=""46.11143675632775"" lon=""7.8101093508303165"">
<ele>2206.0</ele>
<time>2017-11-04T10:55:53Z</time>
<link ></link>
<extensions>
<TrackPointExtension/></extensions></trkpt>
<trkpt lat=""46.111255288124084"" lon=""7.81020674854517"">
<ele>2211.60009765625</ele>
<time>2017-11-04T10:56:28Z</time>
<link ></link>
<extensions>
<TrackPointExtension/></extensions></trkpt>
<trkpt lat=""46.11126517876983"" lon=""7.810942260548472"">
<ele>2224.39990234375</ele>
<time>2017-11-04T10:58:26Z</time>
<link ></link>
<extensions>
<TrackPointExtension/></extensions></trkpt>
<trkpt lat=""46.11095689237118"" lon=""7.810898507013917"">
<ele>2230.60009765625</ele>
<time>2017-11-04T10:59:38Z</time>
<link ></link>
<extensions>
<TrackPointExtension/></extensions></trkpt>
<trkpt lat=""46.11116409301758"" lon=""7.811420112848282"">
<ele>2245.199951171875</ele>
<time>2017-11-04T11:01:24Z</time>
<link ></link>
<extensions>
<TrackPointExtension/></extensions></trkpt>
<trkpt lat=""46.11101724207401"" lon=""7.811388093978167"">
<ele>2250.800048828125</ele>
<time>2017-11-04T11:01:57Z</time>
<link ></link>
<extensions>
<TrackPointExtension/></extensions></trkpt>
<trkpt lat=""46.11092294566333"" lon=""7.8117577359080315"">
<ele>2263.800048828125</ele>
<time>2017-11-04T11:03:17Z</time>
<link ></link>
<extensions>
<TrackPointExtension/></extensions></trkpt>
<trkpt lat=""46.11062781885266"" lon=""7.811897210776806"">
<ele>2274.60009765625</ele>
<time>2017-11-04T11:04:26Z</time>
<link ></link>
<extensions>
<TrackPointExtension/></extensions></trkpt>
<trkpt lat=""46.110954796895385"" lon=""7.8124268632382154"">
<ele>2289.800048828125</ele>
<time>2017-11-04T11:06:06Z</time>
<link ></link>
<extensions>
<TrackPointExtension/></extensions></trkpt>
<trkpt lat=""46.11075798980892"" lon=""7.812497271224856"">
<ele>2296.60009765625</ele>
<time>2017-11-04T11:06:51Z</time>
<link ></link>
<extensions>
<TrackPointExtension/></extensions></trkpt>
<trkpt lat=""46.11081691458821"" lon=""7.812693575397134"">
<ele>2301.39990234375</ele>
<time>2017-11-04T11:07:22Z</time>
<link ></link>
<extensions>
<TrackPointExtension/></extensions></trkpt>
<trkpt lat=""46.111099468544126"" lon=""7.812943523749709"">
<ele>2313.0</ele>
<time>2017-11-04T11:09:28Z</time>
<link ></link>
<extensions>
<TrackPointExtension/></extensions></trkpt>
<trkpt lat=""46.11086871474981"" lon=""7.812960622832179"">
<ele>2313.0</ele>
<time>2017-11-04T11:10:38Z</time>
<link ></link>
<extensions>
<TrackPointExtension/></extensions></trkpt>
<trkpt lat=""46.10988048836589"" lon=""7.812228547409177"">
<ele>2318.39990234375</ele>
<time>2017-11-04T11:12:31Z</time>
<link ></link>
<extensions>
<TrackPointExtension/></extensions></trkpt>
<trkpt lat=""46.109736151993275"" lon=""7.811550116166472"">
<ele>2317.199951171875</ele>
<time>2017-11-04T11:13:26Z</time>
<link ></link>
<extensions>
<TrackPointExtension/></extensions></trkpt>
<trkpt lat=""46.10881372354925"" lon=""7.810229966416955"">
<ele>2315.0</ele>
<time>2017-11-04T11:15:22Z</time>
<link ></link>
<extensions>
<TrackPointExtension/></extensions></trkpt>
<trkpt lat=""46.108745746314526"" lon=""7.809207122772932"">
<ele>2309.39990234375</ele>
<time>2017-11-04T11:16:42Z</time>
<link ></link>
<extensions>
<TrackPointExtension/></extensions></trkpt>
<trkpt lat=""46.1085469275713"" lon=""7.808666406199336"">
<ele>2308.800048828125</ele>
<time>2017-11-04T11:18:57Z</time>
<link ></link>
<extensions>
<TrackPointExtension/></extensions></trkpt>
<trkpt lat=""46.10861540772021"" lon=""7.808239851146936"">
<ele>2307.800048828125</ele>
<time>2017-11-04T11:19:38Z</time>
<link ></link>
<extensions>
<TrackPointExtension/></extensions></trkpt>
<trkpt lat=""46.10831432975829"" lon=""7.8071362897753716"">
<ele>2305.0</ele>
<time>2017-11-04T11:21:36Z</time>
<link ></link>
<extensions>
<TrackPointExtension/></extensions></trkpt>
<trkpt lat=""46.10845229588449"" lon=""7.806518878787756"">
<ele>2309.800048828125</ele>
<time>2017-11-04T11:57:56Z</time>
<link ></link>
<extensions>
<TrackPointExtension/></extensions></trkpt>
<trkpt lat=""46.10766967758536"" lon=""7.805732823908329"">
<ele>2300.800048828125</ele>
<time>2017-11-04T12:00:11Z</time>
<link ></link>
<extensions>
<TrackPointExtension/></extensions></trkpt>
<trkpt lat=""46.107241194695234"" lon=""7.804995886981487"">
<ele>2282.800048828125</ele>
<time>2017-11-04T12:01:28Z</time>
<link ></link>
<extensions>
<TrackPointExtension/></extensions></trkpt>
<trkpt lat=""46.10674247145653"" lon=""7.804943583905697"">
<ele>2268.0</ele>
<time>2017-11-04T12:02:45Z</time>
<link ></link>
<extensions>
<TrackPointExtension/></extensions></trkpt>
<trkpt lat=""46.10641968436539"" lon=""7.8054378647357225"">
<ele>2258.800048828125</ele>
<time>2017-11-04T12:04:40Z</time>
<link ></link>
<extensions>
<TrackPointExtension/></extensions></trkpt>
<trkpt lat=""46.10503390431404"" lon=""7.806546622887254"">
<ele>2257.39990234375</ele>
<time>2017-11-04T12:09:27Z</time>
<link ></link>
<extensions>
<TrackPointExtension/></extensions></trkpt>
<trkpt lat=""46.10362691804767"" lon=""7.807020535692573"">
<ele>2228.800048828125</ele>
<time>2017-11-04T12:14:08Z</time>
<link ></link>
<extensions>
<TrackPointExtension/></extensions></trkpt>
<trkpt lat=""46.10360470600426"" lon=""7.806608146056533"">
<ele>2216.0</ele>
<time>2017-11-04T12:14:53Z</time>
<link ></link>
<extensions>
<TrackPointExtension/></extensions></trkpt>
<trkpt lat=""46.10320061445236"" lon=""7.806523907929659"">
<ele>2199.39990234375</ele>
<time>2017-11-04T12:17:58Z</time>
<link ></link>
<extensions>
<TrackPointExtension/></extensions></trkpt>
<trkpt lat=""46.103027276694775"" lon=""7.805908089503646"">
<ele>2175.199951171875</ele>
<time>2017-11-04T12:20:24Z</time>
<link ></link>
<extensions>
<TrackPointExtension/></extensions></trkpt>
<trkpt lat=""46.10237466171384"" lon=""7.806447800248861"">
<ele>2158.39990234375</ele>
<time>2017-11-04T12:22:35Z</time>
<link ></link>
<extensions>
<TrackPointExtension/></extensions></trkpt>
<trkpt lat=""46.10243048518896"" lon=""7.806138591840863"">
<ele>2150.0</ele>
<time>2017-11-04T12:23:04Z</time>
<link ></link>
<extensions>
<TrackPointExtension/></extensions></trkpt>
<trkpt lat=""46.10229277051985"" lon=""7.806161725893617"">
<ele>2145.800048828125</ele>
<time>2017-11-04T12:23:21Z</time>
<link ></link>
<extensions>
<TrackPointExtension/></extensions></trkpt>
<trkpt lat=""46.10243149101734"" lon=""7.8058643359690905"">
<ele>2137.199951171875</ele>
<time>2017-11-04T12:23:51Z</time>
<link ></link>
<extensions>
<TrackPointExtension/></extensions></trkpt>
<trkpt lat=""46.10232889652252"" lon=""7.805785881355405"">
<ele>2132.199951171875</ele>
<time>2017-11-04T12:24:10Z</time>
<link ></link>
<extensions>
<TrackPointExtension/></extensions></trkpt>
<trkpt lat=""46.10254934057593"" lon=""7.805082891136408"">
<ele>2105.199951171875</ele>
<time>2017-11-04T12:27:10Z</time>
<link ></link>
<extensions>
<TrackPointExtension/></extensions></trkpt>
<trkpt lat=""46.10220165923238"" lon=""7.8048476949334145"">
<ele>2088.0</ele>
<time>2017-11-04T12:30:11Z</time>
<link ></link>
<extensions>
<TrackPointExtension/></extensions></trkpt>
<trkpt lat=""46.102429227903485"" lon=""7.80440479516983"">
<ele>2081.800048828125</ele>
<time>2017-11-04T12:32:33Z</time>
<link ></link>
<extensions>
<TrackPointExtension/></extensions></trkpt>
<trkpt lat=""46.10275452956557"" lon=""7.804247969761491"">
<ele>2081.199951171875</ele>
<time>2017-11-04T12:33:09Z</time>
<link ></link>
<extensions>
<TrackPointExtension/></extensions></trkpt>
<trkpt lat=""46.099646016955376"" lon=""7.799889296293259"">
<ele>2061.199951171875</ele>
<time>2017-11-04T12:40:33Z</time>
<link ></link>
<extensions>
<TrackPointExtension/></extensions></trkpt>
<trkpt lat=""46.099273189902306"" lon=""7.798734437674284"">
<ele>2054.60009765625</ele>
<time>2017-11-04T12:42:12Z</time>
<link ></link>
<extensions>
<TrackPointExtension/></extensions></trkpt>
<trkpt lat=""46.098980996757746"" lon=""7.798461187630892"">
<ele>2053.39990234375</ele>
<time>2017-11-04T12:42:45Z</time>
<link ></link>
<extensions>
<TrackPointExtension/></extensions></trkpt>
<trkpt lat=""46.098370207473636"" lon=""7.7972053270787"">
<ele>2047.4000244140625</ele>
<time>2017-11-04T12:44:24Z</time>
<link ></link>
<extensions>
<TrackPointExtension/></extensions></trkpt>
<trkpt lat=""46.098084300756454"" lon=""7.7969142235815525"">
<ele>2046.199951171875</ele>
<time>2017-11-04T12:44:50Z</time>
<link ></link>
<extensions>
<TrackPointExtension/></extensions></trkpt>
<trkpt lat=""46.09724510461092"" lon=""7.796919587999582"">
<ele>2043.0</ele>
<time>2017-11-04T12:46:17Z</time>
<link ></link>
<extensions>
<TrackPointExtension/></extensions></trkpt>
<trkpt lat=""46.09698752872646"" lon=""7.7965587470680475"">
<ele>2037.4000244140625</ele>
<time>2017-11-04T12:46:47Z</time>
<link ></link>
<extensions>
<TrackPointExtension/></extensions></trkpt>
<trkpt lat=""46.09474377706647"" lon=""7.79523910023272"">
<ele>1999.0</ele>
<time>2017-11-04T12:50:14Z</time>
<link ></link>
<extensions>
<TrackPointExtension/></extensions></trkpt>
<trkpt lat=""46.09315331093967"" lon=""7.79465664178133"">
<ele>1974.0</ele>
<time>2017-11-04T12:52:34Z</time>
<link ></link>
<extensions>
<TrackPointExtension/></extensions></trkpt>
<trkpt lat=""46.09368589706719"" lon=""7.794375093653798"">
<ele>1958.199951171875</ele>
<time>2017-11-04T12:53:36Z</time>
<link ></link>
<extensions>
<TrackPointExtension/></extensions></trkpt>
<trkpt lat=""46.09574901871383"" lon=""7.792371232062578"">
<ele>1864.800048828125</ele>
<time>2017-11-04T12:58:46Z</time>
<link ></link>
<extensions>
<TrackPointExtension/></extensions></trkpt>
<trkpt lat=""46.09632519073784"" lon=""7.791376719251275"">
<ele>1834.0</ele>
<time>2017-11-04T13:00:34Z</time>
<link ></link>
<extensions>
<TrackPointExtension/></extensions></trkpt>
<trkpt lat=""46.096958527341485"" lon=""7.790891155600548"">
<ele>1811.199951171875</ele>
<time>2017-11-04T13:03:51Z</time>
<link ></link>
<extensions>
<TrackPointExtension/></extensions></trkpt>
<trkpt lat=""46.096779154613614"" lon=""7.79037918895483"">
<ele>1798.199951171875</ele>
<time>2017-11-04T13:04:36Z</time>
<link ></link>
<extensions>
<TrackPointExtension/></extensions></trkpt>
<trkpt lat=""46.09724753536284"" lon=""7.790298638865352"">
<ele>1780.800048828125</ele>
<time>2017-11-04T13:05:56Z</time>
<link ></link>
<extensions>
<TrackPointExtension/></extensions></trkpt>
<trkpt lat=""46.09714401885867"" lon=""7.789912316948175"">
<ele>1767.4000244140625</ele>
<time>2017-11-04T13:06:35Z</time>
<link ></link>
<extensions>
<TrackPointExtension/></extensions></trkpt>
<trkpt lat=""46.09985087066889"" lon=""7.788771456107497"">
<ele>1668.4000244140625</ele>
<time>2017-11-04T13:12:15Z</time>
<link ></link>
<extensions>
<TrackPointExtension/></extensions></trkpt>
<trkpt lat=""46.10197467729449"" lon=""7.788290334865451"">
<ele>1600.4000244140625</ele>
<time>2017-11-04T13:16:46Z</time>
<link ></link>
<extensions>
<TrackPointExtension/></extensions></trkpt>
<trkpt lat=""46.10275235027075"" lon=""7.788425199687481"">
<ele>1575.4000244140625</ele>
<time>2017-11-04T13:18:05Z</time>
<link ></link>
<extensions>
<TrackPointExtension/></extensions></trkpt>
<trkpt lat=""46.10118971206248"" lon=""7.786619821563363"">
<ele>1519.199951171875</ele>
<time>2017-11-04T13:21:15Z</time>
<link ></link>
<extensions>
<TrackPointExtension/></extensions></trkpt>
<trkpt lat=""46.10146162100136"" lon=""7.786369705572724"">
<ele>1507.800048828125</ele>
<time>2017-11-04T13:21:58Z</time>
<link ></link>
<extensions>
<TrackPointExtension/></extensions></trkpt>
<trkpt lat=""46.10226242803037"" lon=""7.7862586453557014"">
<ele>1491.0</ele>
<time>2017-11-04T13:23:15Z</time>
<link ></link>
<extensions>
<TrackPointExtension/></extensions></trkpt>
<trkpt lat=""46.10248907469213"" lon=""7.785968128591776"">
<ele>1487.4000244140625</ele>
<time>2017-11-04T13:23:39Z</time>
<link ></link>
<extensions>
<TrackPointExtension/></extensions></trkpt>
<trkpt lat=""46.102355886250734"" lon=""7.785380138084292"">
<ele>1477.4000244140625</ele>
<time>2017-11-04T13:24:22Z</time>
<link ></link>
<extensions>
<TrackPointExtension/></extensions></trkpt>
<trkpt lat=""46.10096004791558"" lon=""7.783802915364504"">
<ele>1439.5999755859375</ele>
<time>2017-11-04T13:26:48Z</time>
<link ></link>
<extensions>
<TrackPointExtension/></extensions></trkpt>
<trkpt lat=""46.09914771281183"" lon=""7.783104786649346"">
<ele>1414.800048828125</ele>
<time>2017-11-04T13:29:09Z</time>
<link ></link>
<extensions>
<TrackPointExtension/></extensions></trkpt>
<trkpt lat=""46.099290875718"" lon=""7.782727349549532"">
<ele>1414.0</ele>
<time>2017-11-04T13:29:52Z</time>
<link ></link>
<extensions>
<TrackPointExtension/></extensions></trkpt>
<trkpt lat=""46.09919808804989"" lon=""7.782806223258376"">
<ele>1413.800048828125</ele>
<time>2017-11-04T13:30:04Z</time>
<link ></link>
<extensions>
<TrackPointExtension/></extensions></trkpt>
<trkpt lat=""46.099343094974756"" lon=""7.782881911844015"">
<ele>1414.199951171875</ele>
<time>2017-11-04T13:30:57Z</time>
<link ></link>
<extensions>
<TrackPointExtension/></extensions></trkpt>
<trkpt lat=""46.099041597917676"" lon=""7.782851988449693"">
<ele>1412.0</ele>
<time>2017-11-04T13:31:44Z</time>
<link ></link>
<extensions>
<TrackPointExtension/></extensions></trkpt>
<trkpt lat=""46.09921904280782"" lon=""7.782853748649359"">
<ele>1413.5999755859375</ele>
<time>2017-11-04T13:32:19Z</time>
<link ></link>
<extensions>
<TrackPointExtension/></extensions></trkpt>
<trkpt lat=""46.09974215738475"" lon=""7.782122595235705"">
<ele>1414.199951171875</ele>
<time>2017-11-04T13:33:18Z</time>
<link ></link>
<extensions>
<TrackPointExtension/></extensions></trkpt>
<trkpt lat=""46.099345944821835"" lon=""7.781925285235047"">
<ele>1414.800048828125</ele>
<time>2017-11-04T13:33:59Z</time>
<link ></link>
<extensions>
<TrackPointExtension/></extensions></trkpt>
<trkpt lat=""46.09904570505023"" lon=""7.782061994075775"">
<ele>1414.800048828125</ele>
<time>2017-11-04T13:34:08Z</time>
<link ></link>
<extensions>
<TrackPointExtension/></extensions></trkpt>
<trkpt lat=""46.09939212910831"" lon=""7.782096778973937"">
<ele>1414.800048828125</ele>
<time>2017-11-04T13:34:16Z</time>
<link ></link>
<extensions>
<TrackPointExtension/></extensions></trkpt></trkseg></trk></gpx>",T4 - High-level Alpine hike,1247.800048828125,http://www.hikr.org/tour/post127015.html,912.63994140625,"Bergji : en traversée Herbriggen - Randa par Höüschbiel, le bisse du Birchbach et le pont suspendu.",11925.975091943525
