<?xml version="1.0" encoding="UTF-8"?>
<gpx creator="StravaGPX" version="1.1" xmlns="http://www.topografix.com/GPX/1/1" xmlns:xsi="http://www.w3.org/2001/XMLSchema-instance" xsi:schemaLocation="http://www.topografix.com/GPX/1/1 http://www.topografix.com/GPX/1/1/gpx.xsd">
 <metadata>
  <time>2026-05-31T05:33:36Z</time>
 </metadata>
 <trk>
  <name>Lauf 2.3</name>
  <type>running</type>
  <trkseg>
   <trkpt lat="47.2728800" lon="11.2480900">
    <ele>626.0</ele>
    <time>2026-05-31T05:33:36Z</time>
   </trkpt>
   <trkpt lat="47.2728820" lon="11.2480490">
    <ele>625.9</ele>
    <time>2026-05-31T05:33:37Z</time>
   </trkpt>
   <trkpt lat="47.2728830" lon="11.2480370">
    <ele>625.9</ele>
    <time>2026-05-31T05:33:38Z</time>
   </trkpt>
   <trkpt lat="47.2728920" lon="11.2479930">
    <ele>625.8</ele>
    <time>2026-05-31T05:33:40Z</time>
   </trkpt>
   <trkpt lat="47.2728950" lon="11.2479730">
    <ele>625.8</ele>
    <time>2026-05-31T05:33:41Z</time>
   </trkpt>
   <trkpt lat="47.2728990" lon="11.2479530">
    <ele>625.7</ele>
    <time>2026-05-31T05:33:42Z</time>
   </trkpt>
   <trkpt lat="47.2729030" lon="11.2479310">
    <ele>625.7</ele>
    <time>2026-05-31T05:33:43Z</time>
   </trkpt>
   <trkpt lat="47.2729070" lon="11.2479080">
    <ele>625.6</ele>
    <time>2026-05-31T05:33:44Z</time>
   </trkpt>
   <trkpt lat="47.2729140" lon="11.2478710">
    <ele>625.5</ele>
    <time>2026-05-31T05:33:45Z</time>
   </trkpt>
   <trkpt lat="47.2729160" lon="11.2478540">
    <ele>625.5</ele>
    <time>2026-05-31T05:33:46Z</time>
   </trkpt>
   <trkpt lat="47.2729230" lon="11.2478180">
    <ele>625.4</ele>
    <time>2026-05-31T05:33:47Z</time>
   </trkpt>
   <trkpt lat="47.2729270" lon="11.2478030">
    <ele>625.4</ele>
    <time>2026-05-31T05:33:48Z</time>
   </trkpt>
   <trkpt lat="47.2729300" lon="11.2477890">
    <ele>625.3</ele>
    <time>2026-05-31T05:33:49Z</time>
   </trkpt>
   <trkpt lat="47.2729350" lon="11.2477670">
    <ele>625.3</ele>
    <time>2026-05-31T05:33:50Z</time>
   </trkpt>
   <trkpt lat="47.2729410" lon="11.2477440">
    <ele>625.2</ele>
    <time>2026-05-31T05:33:51Z</time>
   </trkpt>
   <trkpt lat="47.2729560" lon="11.2477130">
    <ele>625.1</ele>
    <time>2026-05-31T05:33:52Z</time>
   </trkpt>
   <trkpt lat="47.2729640" lon="11.2477030">
    <ele>625.1</ele>
    <time>2026-05-31T05:33:53Z</time>
   </trkpt>
   <trkpt lat="47.2729750" lon="11.2476880">
    <ele>625.0</ele>
    <time>2026-05-31T05:33:54Z</time>
   </trkpt>
   <trkpt lat="47.2729800" lon="11.2476850">
    <ele>625.0</ele>
    <time>2026-05-31T05:33:55Z</time>
   </trkpt>
   <trkpt lat="47.2729840" lon="11.2476710">
    <ele>625.0</ele>
    <time>2026-05-31T05:33:56Z</time>
   </trkpt>
   <trkpt lat="47.2729920" lon="11.2476370">
    <ele>624.9</ele>
    <time>2026-05-31T05:33:57Z</time>
   </trkpt>
   <trkpt lat="47.2729950" lon="11.2476190">
    <ele>624.8</ele>
    <time>2026-05-31T05:33:58Z</time>
   </trkpt>
   <trkpt lat="47.2729990" lon="11.2475910">
    <ele>624.8</ele>
    <time>2026-05-31T05:33:59Z</time>
   </trkpt>
   <trkpt lat="47.2730000" lon="11.2475700">
    <ele>624.7</ele>
    <time>2026-05-31T05:34:00Z</time>
   </trkpt>
   <trkpt lat="47.2730020" lon="11.2475450">
    <ele>624.7</ele>
    <time>2026-05-31T05:34:01Z</time>
   </trkpt>
   <trkpt lat="47.2730040" lon="11.2475220">
    <ele>624.6</ele>
    <time>2026-05-31T05:34:02Z</time>
   </trkpt>
   <trkpt lat="47.2729950" lon="11.2474750">
    <ele>624.6</ele>
    <time>2026-05-31T05:34:03Z</time>
   </trkpt>
   <trkpt lat="47.2729850" lon="11.2474610">
    <ele>624.5</ele>
    <time>2026-05-31T05:34:04Z</time>
   </trkpt>
   <trkpt lat="47.2729840" lon="11.2474450">
    <ele>624.5</ele>
    <time>2026-05-31T05:34:05Z</time>
   </trkpt>
   <trkpt lat="47.2729880" lon="11.2474290">
    <ele>624.5</ele>
    <time>2026-05-31T05:34:06Z</time>
   </trkpt>
   <trkpt lat="47.2729900" lon="11.2474100">
    <ele>624.4</ele>
    <time>2026-05-31T05:34:07Z</time>
   </trkpt>
   <trkpt lat="47.2729920" lon="11.2474000">
    <ele>624.4</ele>
    <time>2026-05-31T05:34:08Z</time>
   </trkpt>
   <trkpt lat="47.2730010" lon="11.2473770">
    <ele>624.4</ele>
    <time>2026-05-31T05:34:09Z</time>
   </trkpt>
   <trkpt lat="47.2730070" lon="11.2473660">
    <ele>624.4</ele>
    <time>2026-05-31T05:34:10Z</time>
   </trkpt>
   <trkpt lat="47.2730070" lon="11.2473440">
    <ele>624.4</ele>
    <time>2026-05-31T05:34:11Z</time>
   </trkpt>
   <trkpt lat="47.2730100" lon="11.2473360">
    <ele>624.4</ele>
    <time>2026-05-31T05:34:12Z</time>
   </trkpt>
   <trkpt lat="47.2730100" lon="11.2473210">
    <ele>624.4</ele>
    <time>2026-05-31T05:34:13Z</time>
   </trkpt>
   <trkpt lat="47.2730140" lon="11.2472980">
    <ele>624.3</ele>
    <time>2026-05-31T05:34:14Z</time>
   </trkpt>
   <trkpt lat="47.2730150" lon="11.2472880">
    <ele>624.3</ele>
    <time>2026-05-31T05:34:15Z</time>
   </trkpt>
   <trkpt lat="47.2730150" lon="11.2472790">
    <ele>624.3</ele>
    <time>2026-05-31T05:34:16Z</time>
   </trkpt>
   <trkpt lat="47.2730160" lon="11.2472690">
    <ele>624.3</ele>
    <time>2026-05-31T05:34:17Z</time>
   </trkpt>
   <trkpt lat="47.2730170" lon="11.2472600">
    <ele>624.3</ele>
    <time>2026-05-31T05:34:18Z</time>
   </trkpt>
   <trkpt lat="47.2730180" lon="11.2472370">
    <ele>624.3</ele>
    <time>2026-05-31T05:34:19Z</time>
   </trkpt>
   <trkpt lat="47.2730250" lon="11.2472130">
    <ele>624.3</ele>
    <time>2026-05-31T05:34:20Z</time>
   </trkpt>
   <trkpt lat="47.2730350" lon="11.2471950">
    <ele>624.3</ele>
    <time>2026-05-31T05:34:21Z</time>
   </trkpt>
   <trkpt lat="47.2730390" lon="11.2471720">
    <ele>624.3</ele>
    <time>2026-05-31T05:34:22Z</time>
   </trkpt>
   <trkpt lat="47.2730470" lon="11.2471500">
    <ele>624.3</ele>
    <time>2026-05-31T05:34:23Z</time>
   </trkpt>
   <trkpt lat="47.2730530" lon="11.2471300">
    <ele>624.3</ele>
    <time>2026-05-31T05:34:24Z</time>
   </trkpt>
   <trkpt lat="47.2730560" lon="11.2471030">
    <ele>624.3</ele>
    <time>2026-05-31T05:34:25Z</time>
   </trkpt>
   <trkpt lat="47.2730630" lon="11.2470810">
    <ele>624.3</ele>
    <time>2026-05-31T05:34:26Z</time>
   </trkpt>
   <trkpt lat="47.2730700" lon="11.2470590">
    <ele>624.3</ele>
    <time>2026-05-31T05:34:27Z</time>
   </trkpt>
   <trkpt lat="47.2730800" lon="11.2470390">
    <ele>624.4</ele>
    <time>2026-05-31T05:34:28Z</time>
   </trkpt>
   <trkpt lat="47.2730870" lon="11.2470060">
    <ele>624.4</ele>
    <time>2026-05-31T05:34:29Z</time>
   </trkpt>
   <trkpt lat="47.2730910" lon="11.2469870">
    <ele>624.4</ele>
    <time>2026-05-31T05:34:30Z</time>
   </trkpt>
   <trkpt lat="47.2731000" lon="11.2469520">
    <ele>624.4</ele>
    <time>2026-05-31T05:34:31Z</time>
   </trkpt>
   <trkpt lat="47.2731060" lon="11.2469360">
    <ele>624.4</ele>
    <time>2026-05-31T05:34:32Z</time>
   </trkpt>
   <trkpt lat="47.2731130" lon="11.2469200">
    <ele>624.4</ele>
    <time>2026-05-31T05:34:33Z</time>
   </trkpt>
   <trkpt lat="47.2731150" lon="11.2468960">
    <ele>624.4</ele>
    <time>2026-05-31T05:34:34Z</time>
   </trkpt>
   <trkpt lat="47.2731200" lon="11.2468690">
    <ele>624.4</ele>
    <time>2026-05-31T05:34:35Z</time>
   </trkpt>
   <trkpt lat="47.2731320" lon="11.2468320">
    <ele>624.4</ele>
    <time>2026-05-31T05:34:36Z</time>
   </trkpt>
   <trkpt lat="47.2731350" lon="11.2468190">
    <ele>624.4</ele>
    <time>2026-05-31T05:34:37Z</time>
   </trkpt>
   <trkpt lat="47.2731460" lon="11.2467810">
    <ele>624.4</ele>
    <time>2026-05-31T05:34:38Z</time>
   </trkpt>
   <trkpt lat="47.2731490" lon="11.2467670">
    <ele>624.4</ele>
    <time>2026-05-31T05:34:39Z</time>
   </trkpt>
   <trkpt lat="47.2731610" lon="11.2467270">
    <ele>624.3</ele>
    <time>2026-05-31T05:34:40Z</time>
   </trkpt>
   <trkpt lat="47.2731630" lon="11.2467120">
    <ele>624.3</ele>
    <time>2026-05-31T05:34:41Z</time>
   </trkpt>
   <trkpt lat="47.2731770" lon="11.2466620">
    <ele>624.3</ele>
    <time>2026-05-31T05:34:42Z</time>
   </trkpt>
   <trkpt lat="47.2731830" lon="11.2466460">
    <ele>624.3</ele>
    <time>2026-05-31T05:34:43Z</time>
   </trkpt>
   <trkpt lat="47.2731930" lon="11.2466010">
    <ele>624.3</ele>
    <time>2026-05-31T05:34:44Z</time>
   </trkpt>
   <trkpt lat="47.2731970" lon="11.2465860">
    <ele>624.3</ele>
    <time>2026-05-31T05:34:45Z</time>
   </trkpt>
   <trkpt lat="47.2732010" lon="11.2465410">
    <ele>624.3</ele>
    <time>2026-05-31T05:34:46Z</time>
   </trkpt>
   <trkpt lat="47.2732070" lon="11.2465260">
    <ele>624.3</ele>
    <time>2026-05-31T05:34:47Z</time>
   </trkpt>
   <trkpt lat="47.2732190" lon="11.2464840">
    <ele>624.3</ele>
    <time>2026-05-31T05:34:48Z</time>
   </trkpt>
   <trkpt lat="47.2732210" lon="11.2464670">
    <ele>624.3</ele>
    <time>2026-05-31T05:34:49Z</time>
   </trkpt>
   <trkpt lat="47.2732260" lon="11.2464400">
    <ele>624.3</ele>
    <time>2026-05-31T05:34:50Z</time>
   </trkpt>
   <trkpt lat="47.2732360" lon="11.2464200">
    <ele>624.3</ele>
    <time>2026-05-31T05:34:51Z</time>
   </trkpt>
   <trkpt lat="47.2732490" lon="11.2463830">
    <ele>624.3</ele>
    <time>2026-05-31T05:34:52Z</time>
   </trkpt>
   <trkpt lat="47.2732610" lon="11.2463430">
    <ele>624.4</ele>
    <time>2026-05-31T05:34:53Z</time>
   </trkpt>
   <trkpt lat="47.2732650" lon="11.2463310">
    <ele>624.4</ele>
    <time>2026-05-31T05:34:54Z</time>
   </trkpt>
   <trkpt lat="47.2732740" lon="11.2463040">
    <ele>624.5</ele>
    <time>2026-05-31T05:34:55Z</time>
   </trkpt>
   <trkpt lat="47.2732780" lon="11.2462810">
    <ele>624.6</ele>
    <time>2026-05-31T05:34:56Z</time>
   </trkpt>
   <trkpt lat="47.2732910" lon="11.2462380">
    <ele>624.7</ele>
    <time>2026-05-31T05:34:57Z</time>
   </trkpt>
   <trkpt lat="47.2732940" lon="11.2462240">
    <ele>624.7</ele>
    <time>2026-05-31T05:34:58Z</time>
   </trkpt>
   <trkpt lat="47.2733050" lon="11.2461850">
    <ele>624.9</ele>
    <time>2026-05-31T05:34:59Z</time>
   </trkpt>
   <trkpt lat="47.2733080" lon="11.2461420">
    <ele>625.0</ele>
    <time>2026-05-31T05:35:00Z</time>
   </trkpt>
   <trkpt lat="47.2733080" lon="11.2461300">
    <ele>625.1</ele>
    <time>2026-05-31T05:35:01Z</time>
   </trkpt>
   <trkpt lat="47.2733120" lon="11.2460980">
    <ele>625.2</ele>
    <time>2026-05-31T05:35:02Z</time>
   </trkpt>
   <trkpt lat="47.2733210" lon="11.2460530">
    <ele>625.3</ele>
    <time>2026-05-31T05:35:03Z</time>
   </trkpt>
   <trkpt lat="47.2733260" lon="11.2460450">
    <ele>625.4</ele>
    <time>2026-05-31T05:35:04Z</time>
   </trkpt>
   <trkpt lat="47.2733410" lon="11.2460030">
    <ele>625.6</ele>
    <time>2026-05-31T05:35:05Z</time>
   </trkpt>
   <trkpt lat="47.2733450" lon="11.2459910">
    <ele>625.6</ele>
    <time>2026-05-31T05:35:06Z</time>
   </trkpt>
   <trkpt lat="47.2733590" lon="11.2459490">
    <ele>625.8</ele>
    <time>2026-05-31T05:35:07Z</time>
   </trkpt>
   <trkpt lat="47.2733600" lon="11.2459390">
    <ele>625.9</ele>
    <time>2026-05-31T05:35:08Z</time>
   </trkpt>
   <trkpt lat="47.2733820" lon="11.2458990">
    <ele>626.1</ele>
    <time>2026-05-31T05:35:09Z</time>
   </trkpt>
   <trkpt lat="47.2733860" lon="11.2458880">
    <ele>626.1</ele>
    <time>2026-05-31T05:35:10Z</time>
   </trkpt>
   <trkpt lat="47.2733840" lon="11.2458680">
    <ele>626.2</ele>
    <time>2026-05-31T05:35:11Z</time>
   </trkpt>
   <trkpt lat="47.2733840" lon="11.2458470">
    <ele>626.3</ele>
    <time>2026-05-31T05:35:12Z</time>
   </trkpt>
   <trkpt lat="47.2733790" lon="11.2458290">
    <ele>626.4</ele>
    <time>2026-05-31T05:35:13Z</time>
   </trkpt>
   <trkpt lat="47.2733860" lon="11.2458050">
    <ele>626.5</ele>
    <time>2026-05-31T05:35:14Z</time>
   </trkpt>
   <trkpt lat="47.2733920" lon="11.2457870">
    <ele>626.6</ele>
    <time>2026-05-31T05:35:15Z</time>
   </trkpt>
   <trkpt lat="47.2734000" lon="11.2457790">
    <ele>626.7</ele>
    <time>2026-05-31T05:35:16Z</time>
   </trkpt>
   <trkpt lat="47.2734040" lon="11.2457710">
    <ele>626.8</ele>
    <time>2026-05-31T05:35:17Z</time>
   </trkpt>
   <trkpt lat="47.2733990" lon="11.2457580">
    <ele>626.8</ele>
    <time>2026-05-31T05:35:18Z</time>
   </trkpt>
   <trkpt lat="47.2734030" lon="11.2457400">
    <ele>626.9</ele>
    <time>2026-05-31T05:35:19Z</time>
   </trkpt>
   <trkpt lat="47.2734030" lon="11.2457200">
    <ele>627.1</ele>
    <time>2026-05-31T05:35:20Z</time>
   </trkpt>
   <trkpt lat="47.2734020" lon="11.2457000">
    <ele>627.2</ele>
    <time>2026-05-31T05:35:21Z</time>
   </trkpt>
   <trkpt lat="47.2734060" lon="11.2456690">
    <ele>627.4</ele>
    <time>2026-05-31T05:35:22Z</time>
   </trkpt>
   <trkpt lat="47.2734070" lon="11.2456350">
    <ele>627.6</ele>
    <time>2026-05-31T05:35:23Z</time>
   </trkpt>
   <trkpt lat="47.2734090" lon="11.2456150">
    <ele>627.7</ele>
    <time>2026-05-31T05:35:24Z</time>
   </trkpt>
   <trkpt lat="47.2734070" lon="11.2455980">
    <ele>627.8</ele>
    <time>2026-05-31T05:35:25Z</time>
   </trkpt>
   <trkpt lat="47.2734150" lon="11.2455640">
    <ele>628.0</ele>
    <time>2026-05-31T05:35:26Z</time>
   </trkpt>
   <trkpt lat="47.2734200" lon="11.2455300">
    <ele>628.2</ele>
    <time>2026-05-31T05:35:27Z</time>
   </trkpt>
   <trkpt lat="47.2734240" lon="11.2455120">
    <ele>628.3</ele>
    <time>2026-05-31T05:35:28Z</time>
   </trkpt>
   <trkpt lat="47.2734280" lon="11.2454950">
    <ele>628.4</ele>
    <time>2026-05-31T05:35:29Z</time>
   </trkpt>
   <trkpt lat="47.2734340" lon="11.2454780">
    <ele>628.5</ele>
    <time>2026-05-31T05:35:30Z</time>
   </trkpt>
   <trkpt lat="47.2734450" lon="11.2454540">
    <ele>628.7</ele>
    <time>2026-05-31T05:35:31Z</time>
   </trkpt>
   <trkpt lat="47.2734560" lon="11.2454510">
    <ele>628.8</ele>
    <time>2026-05-31T05:35:32Z</time>
   </trkpt>
   <trkpt lat="47.2734790" lon="11.2454390">
    <ele>629.0</ele>
    <time>2026-05-31T05:35:33Z</time>
   </trkpt>
   <trkpt lat="47.2734930" lon="11.2454370">
    <ele>629.1</ele>
    <time>2026-05-31T05:35:34Z</time>
   </trkpt>
   <trkpt lat="47.2735070" lon="11.2454240">
    <ele>629.2</ele>
    <time>2026-05-31T05:35:35Z</time>
   </trkpt>
   <trkpt lat="47.2735300" lon="11.2454110">
    <ele>629.4</ele>
    <time>2026-05-31T05:35:36Z</time>
   </trkpt>
   <trkpt lat="47.2735420" lon="11.2454070">
    <ele>629.5</ele>
    <time>2026-05-31T05:35:37Z</time>
   </trkpt>
   <trkpt lat="47.2735580" lon="11.2454010">
    <ele>629.6</ele>
    <time>2026-05-31T05:35:38Z</time>
   </trkpt>
   <trkpt lat="47.2735760" lon="11.2453930">
    <ele>629.7</ele>
    <time>2026-05-31T05:35:39Z</time>
   </trkpt>
   <trkpt lat="47.2736040" lon="11.2454010">
    <ele>629.9</ele>
    <time>2026-05-31T05:35:40Z</time>
   </trkpt>
   <trkpt lat="47.2736170" lon="11.2453990">
    <ele>630.0</ele>
    <time>2026-05-31T05:35:41Z</time>
   </trkpt>
   <trkpt lat="47.2736330" lon="11.2454130">
    <ele>630.1</ele>
    <time>2026-05-31T05:35:42Z</time>
   </trkpt>
   <trkpt lat="47.2736450" lon="11.2454140">
    <ele>630.2</ele>
    <time>2026-05-31T05:35:43Z</time>
   </trkpt>
   <trkpt lat="47.2736560" lon="11.2454150">
    <ele>630.3</ele>
    <time>2026-05-31T05:35:44Z</time>
   </trkpt>
   <trkpt lat="47.2736890" lon="11.2454200">
    <ele>630.5</ele>
    <time>2026-05-31T05:35:45Z</time>
   </trkpt>
   <trkpt lat="47.2736990" lon="11.2454270">
    <ele>630.6</ele>
    <time>2026-05-31T05:35:46Z</time>
   </trkpt>
   <trkpt lat="47.2737270" lon="11.2454220">
    <ele>630.8</ele>
    <time>2026-05-31T05:35:47Z</time>
   </trkpt>
   <trkpt lat="47.2737380" lon="11.2454240">
    <ele>630.8</ele>
    <time>2026-05-31T05:35:48Z</time>
   </trkpt>
   <trkpt lat="47.2737650" lon="11.2454540">
    <ele>631.1</ele>
    <time>2026-05-31T05:35:49Z</time>
   </trkpt>
   <trkpt lat="47.2737760" lon="11.2454640">
    <ele>631.2</ele>
    <time>2026-05-31T05:35:50Z</time>
   </trkpt>
   <trkpt lat="47.2738080" lon="11.2454570">
    <ele>631.4</ele>
    <time>2026-05-31T05:35:51Z</time>
   </trkpt>
   <trkpt lat="47.2738420" lon="11.2454670">
    <ele>631.6</ele>
    <time>2026-05-31T05:35:52Z</time>
   </trkpt>
   <trkpt lat="47.2738550" lon="11.2454740">
    <ele>631.7</ele>
    <time>2026-05-31T05:35:53Z</time>
   </trkpt>
   <trkpt lat="47.2738890" lon="11.2454720">
    <ele>631.9</ele>
    <time>2026-05-31T05:35:54Z</time>
   </trkpt>
   <trkpt lat="47.2738990" lon="11.2454710">
    <ele>631.9</ele>
    <time>2026-05-31T05:35:55Z</time>
   </trkpt>
   <trkpt lat="47.2739220" lon="11.2454750">
    <ele>632.0</ele>
    <time>2026-05-31T05:35:56Z</time>
   </trkpt>
   <trkpt lat="47.2739330" lon="11.2454740">
    <ele>632.1</ele>
    <time>2026-05-31T05:35:57Z</time>
   </trkpt>
   <trkpt lat="47.2739430" lon="11.2454740">
    <ele>632.1</ele>
    <time>2026-05-31T05:35:58Z</time>
   </trkpt>
   <trkpt lat="47.2739650" lon="11.2454770">
    <ele>632.3</ele>
    <time>2026-05-31T05:35:59Z</time>
   </trkpt>
   <trkpt lat="47.2739790" lon="11.2454790">
    <ele>632.3</ele>
    <time>2026-05-31T05:36:00Z</time>
   </trkpt>
   <trkpt lat="47.2739900" lon="11.2454730">
    <ele>632.4</ele>
    <time>2026-05-31T05:36:01Z</time>
   </trkpt>
   <trkpt lat="47.2740130" lon="11.2454800">
    <ele>632.6</ele>
    <time>2026-05-31T05:36:02Z</time>
   </trkpt>
   <trkpt lat="47.2740330" lon="11.2454800">
    <ele>632.8</ele>
    <time>2026-05-31T05:36:03Z</time>
   </trkpt>
   <trkpt lat="47.2740410" lon="11.2454910">
    <ele>632.9</ele>
    <time>2026-05-31T05:36:04Z</time>
   </trkpt>
   <trkpt lat="47.2740550" lon="11.2454920">
    <ele>633.0</ele>
    <time>2026-05-31T05:36:05Z</time>
   </trkpt>
   <trkpt lat="47.2740770" lon="11.2455000">
    <ele>633.2</ele>
    <time>2026-05-31T05:36:06Z</time>
   </trkpt>
   <trkpt lat="47.2740870" lon="11.2455010">
    <ele>633.3</ele>
    <time>2026-05-31T05:36:07Z</time>
   </trkpt>
   <trkpt lat="47.2741040" lon="11.2455110">
    <ele>633.4</ele>
    <time>2026-05-31T05:36:08Z</time>
   </trkpt>
   <trkpt lat="47.2741190" lon="11.2455140">
    <ele>633.5</ele>
    <time>2026-05-31T05:36:09Z</time>
   </trkpt>
   <trkpt lat="47.2741320" lon="11.2455150">
    <ele>633.6</ele>
    <time>2026-05-31T05:36:10Z</time>
   </trkpt>
   <trkpt lat="47.2741460" lon="11.2455140">
    <ele>633.7</ele>
    <time>2026-05-31T05:36:11Z</time>
   </trkpt>
   <trkpt lat="47.2741620" lon="11.2455200">
    <ele>633.8</ele>
    <time>2026-05-31T05:36:12Z</time>
   </trkpt>
   <trkpt lat="47.2741940" lon="11.2455240">
    <ele>634.2</ele>
    <time>2026-05-31T05:36:13Z</time>
   </trkpt>
   <trkpt lat="47.2742030" lon="11.2455240">
    <ele>634.2</ele>
    <time>2026-05-31T05:36:14Z</time>
   </trkpt>
   <trkpt lat="47.2742200" lon="11.2455190">
    <ele>634.4</ele>
    <time>2026-05-31T05:36:15Z</time>
   </trkpt>
   <trkpt lat="47.2742360" lon="11.2455220">
    <ele>634.6</ele>
    <time>2026-05-31T05:36:16Z</time>
   </trkpt>
   <trkpt lat="47.2742490" lon="11.2455250">
    <ele>634.7</ele>
    <time>2026-05-31T05:36:17Z</time>
   </trkpt>
   <trkpt lat="47.2742660" lon="11.2455180">
    <ele>634.9</ele>
    <time>2026-05-31T05:36:18Z</time>
   </trkpt>
   <trkpt lat="47.2742920" lon="11.2455310">
    <ele>635.2</ele>
    <time>2026-05-31T05:36:19Z</time>
   </trkpt>
   <trkpt lat="47.2743020" lon="11.2455330">
    <ele>635.3</ele>
    <time>2026-05-31T05:36:20Z</time>
   </trkpt>
   <trkpt lat="47.2743300" lon="11.2455130">
    <ele>635.5</ele>
    <time>2026-05-31T05:36:21Z</time>
   </trkpt>
   <trkpt lat="47.2743390" lon="11.2455000">
    <ele>635.5</ele>
    <time>2026-05-31T05:36:22Z</time>
   </trkpt>
   <trkpt lat="47.2743490" lon="11.2454860">
    <ele>635.6</ele>
    <time>2026-05-31T05:36:23Z</time>
   </trkpt>
   <trkpt lat="47.2743720" lon="11.2454800">
    <ele>635.7</ele>
    <time>2026-05-31T05:36:24Z</time>
   </trkpt>
   <trkpt lat="47.2743880" lon="11.2454590">
    <ele>635.9</ele>
    <time>2026-05-31T05:36:25Z</time>
   </trkpt>
   <trkpt lat="47.2743970" lon="11.2454500">
    <ele>636.0</ele>
    <time>2026-05-31T05:36:26Z</time>
   </trkpt>
   <trkpt lat="47.2744060" lon="11.2454420">
    <ele>636.1</ele>
    <time>2026-05-31T05:36:27Z</time>
   </trkpt>
   <trkpt lat="47.2744220" lon="11.2454290">
    <ele>636.3</ele>
    <time>2026-05-31T05:36:28Z</time>
   </trkpt>
   <trkpt lat="47.2744290" lon="11.2454190">
    <ele>636.4</ele>
    <time>2026-05-31T05:36:29Z</time>
   </trkpt>
   <trkpt lat="47.2744420" lon="11.2454100">
    <ele>636.6</ele>
    <time>2026-05-31T05:36:30Z</time>
   </trkpt>
   <trkpt lat="47.2744560" lon="11.2454220">
    <ele>636.7</ele>
    <time>2026-05-31T05:36:31Z</time>
   </trkpt>
   <trkpt lat="47.2744780" lon="11.2454230">
    <ele>637.0</ele>
    <time>2026-05-31T05:36:32Z</time>
   </trkpt>
   <trkpt lat="47.2744890" lon="11.2454280">
    <ele>637.1</ele>
    <time>2026-05-31T05:36:33Z</time>
   </trkpt>
   <trkpt lat="47.2745070" lon="11.2454210">
    <ele>637.3</ele>
    <time>2026-05-31T05:36:34Z</time>
   </trkpt>
   <trkpt lat="47.2745190" lon="11.2454170">
    <ele>637.4</ele>
    <time>2026-05-31T05:36:35Z</time>
   </trkpt>
   <trkpt lat="47.2745320" lon="11.2454080">
    <ele>637.6</ele>
    <time>2026-05-31T05:36:36Z</time>
   </trkpt>
   <trkpt lat="47.2745510" lon="11.2454120">
    <ele>637.8</ele>
    <time>2026-05-31T05:36:37Z</time>
   </trkpt>
   <trkpt lat="47.2745640" lon="11.2454210">
    <ele>637.9</ele>
    <time>2026-05-31T05:36:38Z</time>
   </trkpt>
   <trkpt lat="47.2745790" lon="11.2454230">
    <ele>638.0</ele>
    <time>2026-05-31T05:36:39Z</time>
   </trkpt>
   <trkpt lat="47.2745980" lon="11.2454140">
    <ele>638.2</ele>
    <time>2026-05-31T05:36:40Z</time>
   </trkpt>
   <trkpt lat="47.2746120" lon="11.2454200">
    <ele>638.4</ele>
    <time>2026-05-31T05:36:41Z</time>
   </trkpt>
   <trkpt lat="47.2746420" lon="11.2454260">
    <ele>638.7</ele>
    <time>2026-05-31T05:36:42Z</time>
   </trkpt>
   <trkpt lat="47.2746540" lon="11.2454300">
    <ele>638.8</ele>
    <time>2026-05-31T05:36:43Z</time>
   </trkpt>
   <trkpt lat="47.2746710" lon="11.2454370">
    <ele>639.0</ele>
    <time>2026-05-31T05:36:44Z</time>
   </trkpt>
   <trkpt lat="47.2746860" lon="11.2454390">
    <ele>639.1</ele>
    <time>2026-05-31T05:36:45Z</time>
   </trkpt>
   <trkpt lat="47.2747110" lon="11.2454490">
    <ele>639.4</ele>
    <time>2026-05-31T05:36:46Z</time>
   </trkpt>
   <trkpt lat="47.2747220" lon="11.2454570">
    <ele>639.5</ele>
    <time>2026-05-31T05:36:47Z</time>
   </trkpt>
   <trkpt lat="47.2747480" lon="11.2454720">
    <ele>639.8</ele>
    <time>2026-05-31T05:36:48Z</time>
   </trkpt>
   <trkpt lat="47.2747560" lon="11.2454750">
    <ele>639.8</ele>
    <time>2026-05-31T05:36:49Z</time>
   </trkpt>
   <trkpt lat="47.2747770" lon="11.2454800">
    <ele>640.1</ele>
    <time>2026-05-31T05:36:50Z</time>
   </trkpt>
   <trkpt lat="47.2747860" lon="11.2454810">
    <ele>640.1</ele>
    <time>2026-05-31T05:36:51Z</time>
   </trkpt>
   <trkpt lat="47.2747990" lon="11.2454830">
    <ele>640.3</ele>
    <time>2026-05-31T05:36:52Z</time>
   </trkpt>
   <trkpt lat="47.2748100" lon="11.2454700">
    <ele>640.4</ele>
    <time>2026-05-31T05:36:53Z</time>
   </trkpt>
   <trkpt lat="47.2748090" lon="11.2454620">
    <ele>640.5</ele>
    <time>2026-05-31T05:36:54Z</time>
   </trkpt>
   <trkpt lat="47.2748140" lon="11.2454600">
    <ele>640.6</ele>
    <time>2026-05-31T05:36:55Z</time>
   </trkpt>
   <trkpt lat="47.2748280" lon="11.2454370">
    <ele>640.8</ele>
    <time>2026-05-31T05:36:56Z</time>
   </trkpt>
   <trkpt lat="47.2748360" lon="11.2454280">
    <ele>640.9</ele>
    <time>2026-05-31T05:36:57Z</time>
   </trkpt>
   <trkpt lat="47.2748580" lon="11.2454270">
    <ele>641.1</ele>
    <time>2026-05-31T05:36:58Z</time>
   </trkpt>
   <trkpt lat="47.2748680" lon="11.2454270">
    <ele>641.2</ele>
    <time>2026-05-31T05:36:59Z</time>
   </trkpt>
   <trkpt lat="47.2748770" lon="11.2454270">
    <ele>641.3</ele>
    <time>2026-05-31T05:37:00Z</time>
   </trkpt>
   <trkpt lat="47.2748950" lon="11.2454190">
    <ele>641.5</ele>
    <time>2026-05-31T05:37:01Z</time>
   </trkpt>
   <trkpt lat="47.2749070" lon="11.2454150">
    <ele>641.7</ele>
    <time>2026-05-31T05:37:02Z</time>
   </trkpt>
   <trkpt lat="47.2749350" lon="11.2454140">
    <ele>642.0</ele>
    <time>2026-05-31T05:37:03Z</time>
   </trkpt>
   <trkpt lat="47.2749480" lon="11.2454130">
    <ele>642.1</ele>
    <time>2026-05-31T05:37:04Z</time>
   </trkpt>
   <trkpt lat="47.2749620" lon="11.2454080">
    <ele>642.3</ele>
    <time>2026-05-31T05:37:05Z</time>
   </trkpt>
   <trkpt lat="47.2749740" lon="11.2453980">
    <ele>642.4</ele>
    <time>2026-05-31T05:37:06Z</time>
   </trkpt>
   <trkpt lat="47.2749880" lon="11.2453950">
    <ele>642.6</ele>
    <time>2026-05-31T05:37:07Z</time>
   </trkpt>
   <trkpt lat="47.2750070" lon="11.2454030">
    <ele>642.7</ele>
    <time>2026-05-31T05:37:08Z</time>
   </trkpt>
   <trkpt lat="47.2750240" lon="11.2454010">
    <ele>642.8</ele>
    <time>2026-05-31T05:37:09Z</time>
   </trkpt>
   <trkpt lat="47.2750370" lon="11.2453990">
    <ele>642.9</ele>
    <time>2026-05-31T05:37:10Z</time>
   </trkpt>
   <trkpt lat="47.2750500" lon="11.2454040">
    <ele>643.0</ele>
    <time>2026-05-31T05:37:11Z</time>
   </trkpt>
   <trkpt lat="47.2750690" lon="11.2453990">
    <ele>643.2</ele>
    <time>2026-05-31T05:37:12Z</time>
   </trkpt>
   <trkpt lat="47.2750800" lon="11.2454050">
    <ele>643.3</ele>
    <time>2026-05-31T05:37:13Z</time>
   </trkpt>
   <trkpt lat="47.2750880" lon="11.2454100">
    <ele>643.3</ele>
    <time>2026-05-31T05:37:14Z</time>
   </trkpt>
   <trkpt lat="47.2750960" lon="11.2454140">
    <ele>643.4</ele>
    <time>2026-05-31T05:37:15Z</time>
   </trkpt>
   <trkpt lat="47.2751280" lon="11.2454270">
    <ele>643.6</ele>
    <time>2026-05-31T05:37:16Z</time>
   </trkpt>
   <trkpt lat="47.2751400" lon="11.2454330">
    <ele>643.7</ele>
    <time>2026-05-31T05:37:17Z</time>
   </trkpt>
   <trkpt lat="47.2751660" lon="11.2454580">
    <ele>644.0</ele>
    <time>2026-05-31T05:37:18Z</time>
   </trkpt>
   <trkpt lat="47.2751760" lon="11.2454560">
    <ele>644.0</ele>
    <time>2026-05-31T05:37:19Z</time>
   </trkpt>
   <trkpt lat="47.2751870" lon="11.2454590">
    <ele>644.2</ele>
    <time>2026-05-31T05:37:20Z</time>
   </trkpt>
   <trkpt lat="47.2751990" lon="11.2454630">
    <ele>644.3</ele>
    <time>2026-05-31T05:37:21Z</time>
   </trkpt>
   <trkpt lat="47.2752100" lon="11.2454660">
    <ele>644.4</ele>
    <time>2026-05-31T05:37:22Z</time>
   </trkpt>
   <trkpt lat="47.2752220" lon="11.2454690">
    <ele>644.5</ele>
    <time>2026-05-31T05:37:23Z</time>
   </trkpt>
   <trkpt lat="47.2752340" lon="11.2454730">
    <ele>644.7</ele>
    <time>2026-05-31T05:37:24Z</time>
   </trkpt>
   <trkpt lat="47.2752560" lon="11.2454780">
    <ele>644.9</ele>
    <time>2026-05-31T05:37:25Z</time>
   </trkpt>
   <trkpt lat="47.2752800" lon="11.2454930">
    <ele>645.2</ele>
    <time>2026-05-31T05:37:26Z</time>
   </trkpt>
   <trkpt lat="47.2752890" lon="11.2455000">
    <ele>645.3</ele>
    <time>2026-05-31T05:37:27Z</time>
   </trkpt>
   <trkpt lat="47.2753070" lon="11.2455030">
    <ele>645.5</ele>
    <time>2026-05-31T05:37:28Z</time>
   </trkpt>
   <trkpt lat="47.2753190" lon="11.2455010">
    <ele>645.7</ele>
    <time>2026-05-31T05:37:29Z</time>
   </trkpt>
   <trkpt lat="47.2753200" lon="11.2455080">
    <ele>645.8</ele>
    <time>2026-05-31T05:37:30Z</time>
   </trkpt>
   <trkpt lat="47.2753320" lon="11.2455150">
    <ele>645.9</ele>
    <time>2026-05-31T05:37:31Z</time>
   </trkpt>
   <trkpt lat="47.2753510" lon="11.2455230">
    <ele>646.2</ele>
    <time>2026-05-31T05:37:32Z</time>
   </trkpt>
   <trkpt lat="47.2753830" lon="11.2455330">
    <ele>646.6</ele>
    <time>2026-05-31T05:37:33Z</time>
   </trkpt>
   <trkpt lat="47.2753900" lon="11.2455350">
    <ele>646.7</ele>
    <time>2026-05-31T05:37:34Z</time>
   </trkpt>
   <trkpt lat="47.2754080" lon="11.2455470">
    <ele>646.9</ele>
    <time>2026-05-31T05:37:35Z</time>
   </trkpt>
   <trkpt lat="47.2754180" lon="11.2455550">
    <ele>647.1</ele>
    <time>2026-05-31T05:37:36Z</time>
   </trkpt>
   <trkpt lat="47.2754280" lon="11.2455620">
    <ele>647.2</ele>
    <time>2026-05-31T05:37:37Z</time>
   </trkpt>
   <trkpt lat="47.2754380" lon="11.2455650">
    <ele>647.3</ele>
    <time>2026-05-31T05:37:38Z</time>
   </trkpt>
   <trkpt lat="47.2754550" lon="11.2455670">
    <ele>647.6</ele>
    <time>2026-05-31T05:37:39Z</time>
   </trkpt>
   <trkpt lat="47.2754690" lon="11.2455820">
    <ele>647.8</ele>
    <time>2026-05-31T05:37:40Z</time>
   </trkpt>
   <trkpt lat="47.2754830" lon="11.2455960">
    <ele>648.0</ele>
    <time>2026-05-31T05:37:41Z</time>
   </trkpt>
   <trkpt lat="47.2755050" lon="11.2456020">
    <ele>648.2</ele>
    <time>2026-05-31T05:37:42Z</time>
   </trkpt>
   <trkpt lat="47.2755170" lon="11.2455940">
    <ele>648.3</ele>
    <time>2026-05-31T05:37:43Z</time>
   </trkpt>
   <trkpt lat="47.2755270" lon="11.2455910">
    <ele>648.3</ele>
    <time>2026-05-31T05:37:44Z</time>
   </trkpt>
   <trkpt lat="47.2755400" lon="11.2455810">
    <ele>648.4</ele>
    <time>2026-05-31T05:37:45Z</time>
   </trkpt>
   <trkpt lat="47.2755470" lon="11.2455670">
    <ele>648.4</ele>
    <time>2026-05-31T05:37:46Z</time>
   </trkpt>
   <trkpt lat="47.2755590" lon="11.2455510">
    <ele>648.5</ele>
    <time>2026-05-31T05:37:47Z</time>
   </trkpt>
   <trkpt lat="47.2755640" lon="11.2455300">
    <ele>648.5</ele>
    <time>2026-05-31T05:37:48Z</time>
   </trkpt>
   <trkpt lat="47.2755800" lon="11.2455270">
    <ele>648.6</ele>
    <time>2026-05-31T05:37:49Z</time>
   </trkpt>
   <trkpt lat="47.2755870" lon="11.2455110">
    <ele>648.6</ele>
    <time>2026-05-31T05:37:50Z</time>
   </trkpt>
   <trkpt lat="47.2755900" lon="11.2455060">
    <ele>648.6</ele>
    <time>2026-05-31T05:37:51Z</time>
   </trkpt>
   <trkpt lat="47.2755990" lon="11.2454940">
    <ele>648.6</ele>
    <time>2026-05-31T05:37:52Z</time>
   </trkpt>
   <trkpt lat="47.2756090" lon="11.2454680">
    <ele>648.7</ele>
    <time>2026-05-31T05:37:53Z</time>
   </trkpt>
   <trkpt lat="47.2756240" lon="11.2454250">
    <ele>648.9</ele>
    <time>2026-05-31T05:37:54Z</time>
   </trkpt>
   <trkpt lat="47.2756290" lon="11.2454140">
    <ele>649.0</ele>
    <time>2026-05-31T05:37:55Z</time>
   </trkpt>
   <trkpt lat="47.2756370" lon="11.2454010">
    <ele>649.1</ele>
    <time>2026-05-31T05:37:56Z</time>
   </trkpt>
   <trkpt lat="47.2756450" lon="11.2453870">
    <ele>649.2</ele>
    <time>2026-05-31T05:37:57Z</time>
   </trkpt>
   <trkpt lat="47.2756560" lon="11.2453810">
    <ele>649.3</ele>
    <time>2026-05-31T05:37:58Z</time>
   </trkpt>
   <trkpt lat="47.2756670" lon="11.2453700">
    <ele>649.4</ele>
    <time>2026-05-31T05:37:59Z</time>
   </trkpt>
   <trkpt lat="47.2756680" lon="11.2453340">
    <ele>649.6</ele>
    <time>2026-05-31T05:38:00Z</time>
   </trkpt>
   <trkpt lat="47.2756680" lon="11.2453080">
    <ele>649.8</ele>
    <time>2026-05-31T05:38:01Z</time>
   </trkpt>
   <trkpt lat="47.2756680" lon="11.2452890">
    <ele>649.8</ele>
    <time>2026-05-31T05:38:02Z</time>
   </trkpt>
   <trkpt lat="47.2756680" lon="11.2452570">
    <ele>650.0</ele>
    <time>2026-05-31T05:38:03Z</time>
   </trkpt>
   <trkpt lat="47.2756710" lon="11.2452370">
    <ele>650.1</ele>
    <time>2026-05-31T05:38:04Z</time>
   </trkpt>
   <trkpt lat="47.2756800" lon="11.2452060">
    <ele>650.3</ele>
    <time>2026-05-31T05:38:05Z</time>
   </trkpt>
   <trkpt lat="47.2756870" lon="11.2451960">
    <ele>650.3</ele>
    <time>2026-05-31T05:38:06Z</time>
   </trkpt>
   <trkpt lat="47.2756930" lon="11.2451850">
    <ele>650.4</ele>
    <time>2026-05-31T05:38:07Z</time>
   </trkpt>
   <trkpt lat="47.2756990" lon="11.2451640">
    <ele>650.5</ele>
    <time>2026-05-31T05:38:08Z</time>
   </trkpt>
   <trkpt lat="47.2757040" lon="11.2451440">
    <ele>650.6</ele>
    <time>2026-05-31T05:38:09Z</time>
   </trkpt>
   <trkpt lat="47.2757200" lon="11.2451210">
    <ele>650.8</ele>
    <time>2026-05-31T05:38:10Z</time>
   </trkpt>
   <trkpt lat="47.2757240" lon="11.2451110">
    <ele>650.8</ele>
    <time>2026-05-31T05:38:11Z</time>
   </trkpt>
   <trkpt lat="47.2757290" lon="11.2451020">
    <ele>650.9</ele>
    <time>2026-05-31T05:38:12Z</time>
   </trkpt>
   <trkpt lat="47.2757390" lon="11.2450790">
    <ele>651.0</ele>
    <time>2026-05-31T05:38:13Z</time>
   </trkpt>
   <trkpt lat="47.2757460" lon="11.2450570">
    <ele>651.1</ele>
    <time>2026-05-31T05:38:14Z</time>
   </trkpt>
   <trkpt lat="47.2757570" lon="11.2450460">
    <ele>651.2</ele>
    <time>2026-05-31T05:38:15Z</time>
   </trkpt>
   <trkpt lat="47.2757660" lon="11.2450280">
    <ele>651.3</ele>
    <time>2026-05-31T05:38:16Z</time>
   </trkpt>
   <trkpt lat="47.2757700" lon="11.2450000">
    <ele>651.4</ele>
    <time>2026-05-31T05:38:17Z</time>
   </trkpt>
   <trkpt lat="47.2757770" lon="11.2449860">
    <ele>651.5</ele>
    <time>2026-05-31T05:38:18Z</time>
   </trkpt>
   <trkpt lat="47.2757920" lon="11.2449480">
    <ele>651.7</ele>
    <time>2026-05-31T05:38:19Z</time>
   </trkpt>
   <trkpt lat="47.2757980" lon="11.2449360">
    <ele>651.7</ele>
    <time>2026-05-31T05:38:20Z</time>
   </trkpt>
   <trkpt lat="47.2757870" lon="11.2449080">
    <ele>651.9</ele>
    <time>2026-05-31T05:38:21Z</time>
   </trkpt>
   <trkpt lat="47.2758010" lon="11.2448860">
    <ele>652.0</ele>
    <time>2026-05-31T05:38:22Z</time>
   </trkpt>
   <trkpt lat="47.2758140" lon="11.2448740">
    <ele>652.1</ele>
    <time>2026-05-31T05:38:23Z</time>
   </trkpt>
   <trkpt lat="47.2758210" lon="11.2448490">
    <ele>652.2</ele>
    <time>2026-05-31T05:38:24Z</time>
   </trkpt>
   <trkpt lat="47.2758280" lon="11.2448200">
    <ele>652.3</ele>
    <time>2026-05-31T05:38:25Z</time>
   </trkpt>
   <trkpt lat="47.2758440" lon="11.2448080">
    <ele>652.4</ele>
    <time>2026-05-31T05:38:26Z</time>
   </trkpt>
   <trkpt lat="47.2758650" lon="11.2447810">
    <ele>652.6</ele>
    <time>2026-05-31T05:38:27Z</time>
   </trkpt>
   <trkpt lat="47.2758750" lon="11.2447730">
    <ele>652.7</ele>
    <time>2026-05-31T05:38:28Z</time>
   </trkpt>
   <trkpt lat="47.2758840" lon="11.2447560">
    <ele>652.8</ele>
    <time>2026-05-31T05:38:29Z</time>
   </trkpt>
   <trkpt lat="47.2758880" lon="11.2447330">
    <ele>652.9</ele>
    <time>2026-05-31T05:38:30Z</time>
   </trkpt>
   <trkpt lat="47.2759000" lon="11.2446930">
    <ele>653.1</ele>
    <time>2026-05-31T05:38:31Z</time>
   </trkpt>
   <trkpt lat="47.2759040" lon="11.2446770">
    <ele>653.1</ele>
    <time>2026-05-31T05:38:32Z</time>
   </trkpt>
   <trkpt lat="47.2759130" lon="11.2446620">
    <ele>653.0</ele>
    <time>2026-05-31T05:38:33Z</time>
   </trkpt>
   <trkpt lat="47.2759160" lon="11.2446380">
    <ele>653.0</ele>
    <time>2026-05-31T05:38:34Z</time>
   </trkpt>
   <trkpt lat="47.2759200" lon="11.2446170">
    <ele>653.0</ele>
    <time>2026-05-31T05:38:35Z</time>
   </trkpt>
   <trkpt lat="47.2759280" lon="11.2445980">
    <ele>653.0</ele>
    <time>2026-05-31T05:38:36Z</time>
   </trkpt>
   <trkpt lat="47.2759360" lon="11.2445820">
    <ele>653.0</ele>
    <time>2026-05-31T05:38:37Z</time>
   </trkpt>
   <trkpt lat="47.2759450" lon="11.2445580">
    <ele>652.9</ele>
    <time>2026-05-31T05:38:38Z</time>
   </trkpt>
   <trkpt lat="47.2759510" lon="11.2445140">
    <ele>653.2</ele>
    <time>2026-05-31T05:38:39Z</time>
   </trkpt>
   <trkpt lat="47.2759550" lon="11.2445070">
    <ele>653.3</ele>
    <time>2026-05-31T05:38:40Z</time>
   </trkpt>
   <trkpt lat="47.2759680" lon="11.2444860">
    <ele>653.5</ele>
    <time>2026-05-31T05:38:41Z</time>
   </trkpt>
   <trkpt lat="47.2759810" lon="11.2444710">
    <ele>653.7</ele>
    <time>2026-05-31T05:38:42Z</time>
   </trkpt>
   <trkpt lat="47.2759940" lon="11.2444450">
    <ele>654.0</ele>
    <time>2026-05-31T05:38:43Z</time>
   </trkpt>
   <trkpt lat="47.2760020" lon="11.2444340">
    <ele>654.1</ele>
    <time>2026-05-31T05:38:44Z</time>
   </trkpt>
   <trkpt lat="47.2760090" lon="11.2444240">
    <ele>654.2</ele>
    <time>2026-05-31T05:38:45Z</time>
   </trkpt>
   <trkpt lat="47.2760230" lon="11.2444100">
    <ele>654.4</ele>
    <time>2026-05-31T05:38:46Z</time>
   </trkpt>
   <trkpt lat="47.2760340" lon="11.2444000">
    <ele>654.6</ele>
    <time>2026-05-31T05:38:47Z</time>
   </trkpt>
   <trkpt lat="47.2760410" lon="11.2444010">
    <ele>654.7</ele>
    <time>2026-05-31T05:38:48Z</time>
   </trkpt>
   <trkpt lat="47.2760530" lon="11.2444000">
    <ele>654.8</ele>
    <time>2026-05-31T05:38:49Z</time>
   </trkpt>
   <trkpt lat="47.2760610" lon="11.2443880">
    <ele>655.0</ele>
    <time>2026-05-31T05:38:50Z</time>
   </trkpt>
   <trkpt lat="47.2760700" lon="11.2443650">
    <ele>655.2</ele>
    <time>2026-05-31T05:38:51Z</time>
   </trkpt>
   <trkpt lat="47.2760800" lon="11.2443500">
    <ele>655.4</ele>
    <time>2026-05-31T05:38:52Z</time>
   </trkpt>
   <trkpt lat="47.2760880" lon="11.2443270">
    <ele>655.6</ele>
    <time>2026-05-31T05:38:53Z</time>
   </trkpt>
   <trkpt lat="47.2760930" lon="11.2443110">
    <ele>655.8</ele>
    <time>2026-05-31T05:38:54Z</time>
   </trkpt>
   <trkpt lat="47.2761040" lon="11.2442930">
    <ele>656.0</ele>
    <time>2026-05-31T05:38:55Z</time>
   </trkpt>
   <trkpt lat="47.2761110" lon="11.2442750">
    <ele>656.2</ele>
    <time>2026-05-31T05:38:56Z</time>
   </trkpt>
   <trkpt lat="47.2761140" lon="11.2442550">
    <ele>656.3</ele>
    <time>2026-05-31T05:38:57Z</time>
   </trkpt>
   <trkpt lat="47.2761210" lon="11.2442380">
    <ele>656.5</ele>
    <time>2026-05-31T05:38:58Z</time>
   </trkpt>
   <trkpt lat="47.2761320" lon="11.2442260">
    <ele>656.7</ele>
    <time>2026-05-31T05:38:59Z</time>
   </trkpt>
   <trkpt lat="47.2761480" lon="11.2442220">
    <ele>656.9</ele>
    <time>2026-05-31T05:39:00Z</time>
   </trkpt>
   <trkpt lat="47.2761570" lon="11.2442080">
    <ele>657.0</ele>
    <time>2026-05-31T05:39:01Z</time>
   </trkpt>
   <trkpt lat="47.2761600" lon="11.2441830">
    <ele>657.2</ele>
    <time>2026-05-31T05:39:02Z</time>
   </trkpt>
   <trkpt lat="47.2761700" lon="11.2441620">
    <ele>657.4</ele>
    <time>2026-05-31T05:39:03Z</time>
   </trkpt>
   <trkpt lat="47.2761830" lon="11.2441440">
    <ele>657.6</ele>
    <time>2026-05-31T05:39:04Z</time>
   </trkpt>
   <trkpt lat="47.2762000" lon="11.2441220">
    <ele>657.9</ele>
    <time>2026-05-31T05:39:05Z</time>
   </trkpt>
   <trkpt lat="47.2762040" lon="11.2441100">
    <ele>658.0</ele>
    <time>2026-05-31T05:39:06Z</time>
   </trkpt>
   <trkpt lat="47.2762090" lon="11.2440980">
    <ele>658.1</ele>
    <time>2026-05-31T05:39:07Z</time>
   </trkpt>
   <trkpt lat="47.2762260" lon="11.2440900">
    <ele>658.3</ele>
    <time>2026-05-31T05:39:08Z</time>
   </trkpt>
   <trkpt lat="47.2762340" lon="11.2440740">
    <ele>658.4</ele>
    <time>2026-05-31T05:39:09Z</time>
   </trkpt>
   <trkpt lat="47.2762440" lon="11.2440620">
    <ele>658.6</ele>
    <time>2026-05-31T05:39:10Z</time>
   </trkpt>
   <trkpt lat="47.2762570" lon="11.2440480">
    <ele>658.8</ele>
    <time>2026-05-31T05:39:11Z</time>
   </trkpt>
   <trkpt lat="47.2762690" lon="11.2440410">
    <ele>658.9</ele>
    <time>2026-05-31T05:39:12Z</time>
   </trkpt>
   <trkpt lat="47.2762810" lon="11.2440180">
    <ele>659.1</ele>
    <time>2026-05-31T05:39:13Z</time>
   </trkpt>
   <trkpt lat="47.2762910" lon="11.2439930">
    <ele>659.3</ele>
    <time>2026-05-31T05:39:14Z</time>
   </trkpt>
   <trkpt lat="47.2762930" lon="11.2439770">
    <ele>659.4</ele>
    <time>2026-05-31T05:39:15Z</time>
   </trkpt>
   <trkpt lat="47.2763100" lon="11.2439580">
    <ele>659.6</ele>
    <time>2026-05-31T05:39:16Z</time>
   </trkpt>
   <trkpt lat="47.2763170" lon="11.2439370">
    <ele>659.7</ele>
    <time>2026-05-31T05:39:17Z</time>
   </trkpt>
   <trkpt lat="47.2763290" lon="11.2438970">
    <ele>660.0</ele>
    <time>2026-05-31T05:39:18Z</time>
   </trkpt>
   <trkpt lat="47.2763310" lon="11.2438880">
    <ele>660.0</ele>
    <time>2026-05-31T05:39:19Z</time>
   </trkpt>
   <trkpt lat="47.2763460" lon="11.2438620">
    <ele>660.2</ele>
    <time>2026-05-31T05:39:20Z</time>
   </trkpt>
   <trkpt lat="47.2763550" lon="11.2438640">
    <ele>660.3</ele>
    <time>2026-05-31T05:39:21Z</time>
   </trkpt>
   <trkpt lat="47.2763640" lon="11.2438660">
    <ele>660.3</ele>
    <time>2026-05-31T05:39:22Z</time>
   </trkpt>
   <trkpt lat="47.2763730" lon="11.2438400">
    <ele>660.5</ele>
    <time>2026-05-31T05:39:23Z</time>
   </trkpt>
   <trkpt lat="47.2763780" lon="11.2438260">
    <ele>660.6</ele>
    <time>2026-05-31T05:39:24Z</time>
   </trkpt>
   <trkpt lat="47.2763820" lon="11.2438110">
    <ele>660.7</ele>
    <time>2026-05-31T05:39:25Z</time>
   </trkpt>
   <trkpt lat="47.2763920" lon="11.2437930">
    <ele>660.8</ele>
    <time>2026-05-31T05:39:26Z</time>
   </trkpt>
   <trkpt lat="47.2763980" lon="11.2437630">
    <ele>661.0</ele>
    <time>2026-05-31T05:39:27Z</time>
   </trkpt>
   <trkpt lat="47.2764070" lon="11.2437600">
    <ele>661.0</ele>
    <time>2026-05-31T05:39:28Z</time>
   </trkpt>
   <trkpt lat="47.2764220" lon="11.2437430">
    <ele>661.2</ele>
    <time>2026-05-31T05:39:29Z</time>
   </trkpt>
   <trkpt lat="47.2764290" lon="11.2437230">
    <ele>661.3</ele>
    <time>2026-05-31T05:39:30Z</time>
   </trkpt>
   <trkpt lat="47.2764360" lon="11.2437030">
    <ele>661.4</ele>
    <time>2026-05-31T05:39:31Z</time>
   </trkpt>
   <trkpt lat="47.2764320" lon="11.2436740">
    <ele>661.6</ele>
    <time>2026-05-31T05:39:32Z</time>
   </trkpt>
   <trkpt lat="47.2764480" lon="11.2436610">
    <ele>661.7</ele>
    <time>2026-05-31T05:39:33Z</time>
   </trkpt>
   <trkpt lat="47.2764560" lon="11.2436400">
    <ele>661.8</ele>
    <time>2026-05-31T05:39:34Z</time>
   </trkpt>
   <trkpt lat="47.2764660" lon="11.2436310">
    <ele>661.9</ele>
    <time>2026-05-31T05:39:35Z</time>
   </trkpt>
   <trkpt lat="47.2764660" lon="11.2436040">
    <ele>662.0</ele>
    <time>2026-05-31T05:39:36Z</time>
   </trkpt>
   <trkpt lat="47.2764750" lon="11.2435860">
    <ele>662.1</ele>
    <time>2026-05-31T05:39:37Z</time>
   </trkpt>
   <trkpt lat="47.2764800" lon="11.2435700">
    <ele>662.2</ele>
    <time>2026-05-31T05:39:38Z</time>
   </trkpt>
   <trkpt lat="47.2764890" lon="11.2435600">
    <ele>662.3</ele>
    <time>2026-05-31T05:39:39Z</time>
   </trkpt>
   <trkpt lat="47.2764940" lon="11.2435410">
    <ele>662.4</ele>
    <time>2026-05-31T05:39:40Z</time>
   </trkpt>
   <trkpt lat="47.2765090" lon="11.2435050">
    <ele>662.6</ele>
    <time>2026-05-31T05:39:41Z</time>
   </trkpt>
   <trkpt lat="47.2765140" lon="11.2434920">
    <ele>662.7</ele>
    <time>2026-05-31T05:39:42Z</time>
   </trkpt>
   <trkpt lat="47.2765260" lon="11.2434810">
    <ele>662.8</ele>
    <time>2026-05-31T05:39:43Z</time>
   </trkpt>
   <trkpt lat="47.2765330" lon="11.2434590">
    <ele>662.9</ele>
    <time>2026-05-31T05:39:44Z</time>
   </trkpt>
   <trkpt lat="47.2765460" lon="11.2434500">
    <ele>662.9</ele>
    <time>2026-05-31T05:39:45Z</time>
   </trkpt>
   <trkpt lat="47.2765540" lon="11.2434260">
    <ele>663.1</ele>
    <time>2026-05-31T05:39:46Z</time>
   </trkpt>
   <trkpt lat="47.2765550" lon="11.2433960">
    <ele>663.2</ele>
    <time>2026-05-31T05:39:47Z</time>
   </trkpt>
   <trkpt lat="47.2765600" lon="11.2433790">
    <ele>663.3</ele>
    <time>2026-05-31T05:39:48Z</time>
   </trkpt>
   <trkpt lat="47.2765750" lon="11.2433710">
    <ele>663.4</ele>
    <time>2026-05-31T05:39:49Z</time>
   </trkpt>
   <trkpt lat="47.2765860" lon="11.2433480">
    <ele>663.5</ele>
    <time>2026-05-31T05:39:50Z</time>
   </trkpt>
   <trkpt lat="47.2765880" lon="11.2433200">
    <ele>663.6</ele>
    <time>2026-05-31T05:39:51Z</time>
   </trkpt>
   <trkpt lat="47.2765880" lon="11.2432980">
    <ele>663.6</ele>
    <time>2026-05-31T05:39:52Z</time>
   </trkpt>
   <trkpt lat="47.2766000" lon="11.2432830">
    <ele>663.7</ele>
    <time>2026-05-31T05:39:53Z</time>
   </trkpt>
   <trkpt lat="47.2766110" lon="11.2432670">
    <ele>663.8</ele>
    <time>2026-05-31T05:39:54Z</time>
   </trkpt>
   <trkpt lat="47.2766140" lon="11.2432490">
    <ele>663.8</ele>
    <time>2026-05-31T05:39:55Z</time>
   </trkpt>
   <trkpt lat="47.2766160" lon="11.2432310">
    <ele>663.9</ele>
    <time>2026-05-31T05:39:56Z</time>
   </trkpt>
   <trkpt lat="47.2766190" lon="11.2432130">
    <ele>663.9</ele>
    <time>2026-05-31T05:39:57Z</time>
   </trkpt>
   <trkpt lat="47.2766270" lon="11.2431750">
    <ele>664.0</ele>
    <time>2026-05-31T05:39:58Z</time>
   </trkpt>
   <trkpt lat="47.2766300" lon="11.2431620">
    <ele>664.0</ele>
    <time>2026-05-31T05:39:59Z</time>
   </trkpt>
   <trkpt lat="47.2766340" lon="11.2431380">
    <ele>664.0</ele>
    <time>2026-05-31T05:40:00Z</time>
   </trkpt>
   <trkpt lat="47.2766430" lon="11.2431160">
    <ele>664.1</ele>
    <time>2026-05-31T05:40:01Z</time>
   </trkpt>
   <trkpt lat="47.2766590" lon="11.2430780">
    <ele>664.1</ele>
    <time>2026-05-31T05:40:02Z</time>
   </trkpt>
   <trkpt lat="47.2766620" lon="11.2430630">
    <ele>664.2</ele>
    <time>2026-05-31T05:40:03Z</time>
   </trkpt>
   <trkpt lat="47.2766730" lon="11.2430210">
    <ele>664.2</ele>
    <time>2026-05-31T05:40:04Z</time>
   </trkpt>
   <trkpt lat="47.2766780" lon="11.2430080">
    <ele>664.2</ele>
    <time>2026-05-31T05:40:05Z</time>
   </trkpt>
   <trkpt lat="47.2766880" lon="11.2429690">
    <ele>664.2</ele>
    <time>2026-05-31T05:40:06Z</time>
   </trkpt>
   <trkpt lat="47.2766930" lon="11.2429580">
    <ele>664.2</ele>
    <time>2026-05-31T05:40:07Z</time>
   </trkpt>
   <trkpt lat="47.2766940" lon="11.2429350">
    <ele>664.2</ele>
    <time>2026-05-31T05:40:08Z</time>
   </trkpt>
   <trkpt lat="47.2767070" lon="11.2429200">
    <ele>664.1</ele>
    <time>2026-05-31T05:40:09Z</time>
   </trkpt>
   <trkpt lat="47.2767150" lon="11.2428730">
    <ele>664.1</ele>
    <time>2026-05-31T05:40:10Z</time>
   </trkpt>
   <trkpt lat="47.2767170" lon="11.2428570">
    <ele>664.1</ele>
    <time>2026-05-31T05:40:11Z</time>
   </trkpt>
   <trkpt lat="47.2767290" lon="11.2428130">
    <ele>664.0</ele>
    <time>2026-05-31T05:40:12Z</time>
   </trkpt>
   <trkpt lat="47.2767350" lon="11.2428000">
    <ele>664.0</ele>
    <time>2026-05-31T05:40:13Z</time>
   </trkpt>
   <trkpt lat="47.2767460" lon="11.2427850">
    <ele>663.9</ele>
    <time>2026-05-31T05:40:14Z</time>
   </trkpt>
   <trkpt lat="47.2767470" lon="11.2427530">
    <ele>663.9</ele>
    <time>2026-05-31T05:40:15Z</time>
   </trkpt>
   <trkpt lat="47.2767560" lon="11.2427140">
    <ele>663.7</ele>
    <time>2026-05-31T05:40:16Z</time>
   </trkpt>
   <trkpt lat="47.2767600" lon="11.2427000">
    <ele>663.7</ele>
    <time>2026-05-31T05:40:17Z</time>
   </trkpt>
   <trkpt lat="47.2767650" lon="11.2426770">
    <ele>663.6</ele>
    <time>2026-05-31T05:40:18Z</time>
   </trkpt>
   <trkpt lat="47.2767720" lon="11.2426620">
    <ele>663.6</ele>
    <time>2026-05-31T05:40:19Z</time>
   </trkpt>
   <trkpt lat="47.2767810" lon="11.2426200">
    <ele>663.5</ele>
    <time>2026-05-31T05:40:20Z</time>
   </trkpt>
   <trkpt lat="47.2767790" lon="11.2426030">
    <ele>663.4</ele>
    <time>2026-05-31T05:40:21Z</time>
   </trkpt>
   <trkpt lat="47.2767790" lon="11.2425600">
    <ele>663.2</ele>
    <time>2026-05-31T05:40:22Z</time>
   </trkpt>
   <trkpt lat="47.2767710" lon="11.2425460">
    <ele>663.2</ele>
    <time>2026-05-31T05:40:23Z</time>
   </trkpt>
   <trkpt lat="47.2767650" lon="11.2425280">
    <ele>663.1</ele>
    <time>2026-05-31T05:40:24Z</time>
   </trkpt>
   <trkpt lat="47.2767560" lon="11.2425030">
    <ele>663.0</ele>
    <time>2026-05-31T05:40:25Z</time>
   </trkpt>
   <trkpt lat="47.2767490" lon="11.2424760">
    <ele>662.9</ele>
    <time>2026-05-31T05:40:26Z</time>
   </trkpt>
   <trkpt lat="47.2767390" lon="11.2424620">
    <ele>662.8</ele>
    <time>2026-05-31T05:40:27Z</time>
   </trkpt>
   <trkpt lat="47.2767340" lon="11.2424260">
    <ele>662.7</ele>
    <time>2026-05-31T05:40:28Z</time>
   </trkpt>
   <trkpt lat="47.2767350" lon="11.2424080">
    <ele>662.7</ele>
    <time>2026-05-31T05:40:29Z</time>
   </trkpt>
   <trkpt lat="47.2767280" lon="11.2423670">
    <ele>662.5</ele>
    <time>2026-05-31T05:40:30Z</time>
   </trkpt>
   <trkpt lat="47.2767240" lon="11.2423520">
    <ele>662.2</ele>
    <time>2026-05-31T05:40:31Z</time>
   </trkpt>
   <trkpt lat="47.2767200" lon="11.2422870">
    <ele>661.1</ele>
    <time>2026-05-31T05:40:32Z</time>
   </trkpt>
   <trkpt lat="47.2767200" lon="11.2422530">
    <ele>660.6</ele>
    <time>2026-05-31T05:40:33Z</time>
   </trkpt>
   <trkpt lat="47.2767250" lon="11.2422250">
    <ele>660.5</ele>
    <time>2026-05-31T05:40:34Z</time>
   </trkpt>
   <trkpt lat="47.2767280" lon="11.2421840">
    <ele>660.6</ele>
    <time>2026-05-31T05:40:35Z</time>
   </trkpt>
   <trkpt lat="47.2767310" lon="11.2421690">
    <ele>660.6</ele>
    <time>2026-05-31T05:40:36Z</time>
   </trkpt>
   <trkpt lat="47.2767430" lon="11.2421410">
    <ele>660.7</ele>
    <time>2026-05-31T05:40:37Z</time>
   </trkpt>
   <trkpt lat="47.2767520" lon="11.2421260">
    <ele>660.7</ele>
    <time>2026-05-31T05:40:38Z</time>
   </trkpt>
   <trkpt lat="47.2767790" lon="11.2421030">
    <ele>660.7</ele>
    <time>2026-05-31T05:40:39Z</time>
   </trkpt>
   <trkpt lat="47.2767880" lon="11.2420970">
    <ele>660.7</ele>
    <time>2026-05-31T05:40:40Z</time>
   </trkpt>
   <trkpt lat="47.2768170" lon="11.2420750">
    <ele>660.7</ele>
    <time>2026-05-31T05:40:41Z</time>
   </trkpt>
   <trkpt lat="47.2768270" lon="11.2420650">
    <ele>660.7</ele>
    <time>2026-05-31T05:40:42Z</time>
   </trkpt>
   <trkpt lat="47.2768560" lon="11.2420530">
    <ele>660.8</ele>
    <time>2026-05-31T05:40:43Z</time>
   </trkpt>
   <trkpt lat="47.2768680" lon="11.2420560">
    <ele>660.8</ele>
    <time>2026-05-31T05:40:44Z</time>
   </trkpt>
   <trkpt lat="47.2768990" lon="11.2420440">
    <ele>660.8</ele>
    <time>2026-05-31T05:40:45Z</time>
   </trkpt>
   <trkpt lat="47.2769040" lon="11.2420370">
    <ele>660.8</ele>
    <time>2026-05-31T05:40:46Z</time>
   </trkpt>
   <trkpt lat="47.2769300" lon="11.2420330">
    <ele>660.8</ele>
    <time>2026-05-31T05:40:47Z</time>
   </trkpt>
   <trkpt lat="47.2769400" lon="11.2420360">
    <ele>660.8</ele>
    <time>2026-05-31T05:40:48Z</time>
   </trkpt>
   <trkpt lat="47.2769500" lon="11.2420380">
    <ele>660.8</ele>
    <time>2026-05-31T05:40:49Z</time>
   </trkpt>
   <trkpt lat="47.2769650" lon="11.2420340">
    <ele>660.8</ele>
    <time>2026-05-31T05:40:50Z</time>
   </trkpt>
   <trkpt lat="47.2769850" lon="11.2420310">
    <ele>660.9</ele>
    <time>2026-05-31T05:40:51Z</time>
   </trkpt>
   <trkpt lat="47.2770010" lon="11.2420250">
    <ele>660.9</ele>
    <time>2026-05-31T05:40:52Z</time>
   </trkpt>
   <trkpt lat="47.2770200" lon="11.2420310">
    <ele>661.0</ele>
    <time>2026-05-31T05:40:53Z</time>
   </trkpt>
   <trkpt lat="47.2770300" lon="11.2420280">
    <ele>661.1</ele>
    <time>2026-05-31T05:40:54Z</time>
   </trkpt>
   <trkpt lat="47.2770420" lon="11.2419960">
    <ele>661.2</ele>
    <time>2026-05-31T05:40:55Z</time>
   </trkpt>
   <trkpt lat="47.2770700" lon="11.2419810">
    <ele>661.3</ele>
    <time>2026-05-31T05:40:56Z</time>
   </trkpt>
   <trkpt lat="47.2770800" lon="11.2419790">
    <ele>661.3</ele>
    <time>2026-05-31T05:40:57Z</time>
   </trkpt>
   <trkpt lat="47.2770920" lon="11.2419520">
    <ele>661.4</ele>
    <time>2026-05-31T05:40:58Z</time>
   </trkpt>
   <trkpt lat="47.2770960" lon="11.2419350">
    <ele>661.4</ele>
    <time>2026-05-31T05:40:59Z</time>
   </trkpt>
   <trkpt lat="47.2771060" lon="11.2419290">
    <ele>661.5</ele>
    <time>2026-05-31T05:41:00Z</time>
   </trkpt>
   <trkpt lat="47.2771130" lon="11.2419140">
    <ele>661.5</ele>
    <time>2026-05-31T05:41:01Z</time>
   </trkpt>
   <trkpt lat="47.2771190" lon="11.2418980">
    <ele>661.6</ele>
    <time>2026-05-31T05:41:02Z</time>
   </trkpt>
   <trkpt lat="47.2771250" lon="11.2418820">
    <ele>661.6</ele>
    <time>2026-05-31T05:41:03Z</time>
   </trkpt>
   <trkpt lat="47.2771400" lon="11.2418750">
    <ele>661.7</ele>
    <time>2026-05-31T05:41:04Z</time>
   </trkpt>
   <trkpt lat="47.2771490" lon="11.2418840">
    <ele>661.8</ele>
    <time>2026-05-31T05:41:05Z</time>
   </trkpt>
   <trkpt lat="47.2771540" lon="11.2418570">
    <ele>661.9</ele>
    <time>2026-05-31T05:41:06Z</time>
   </trkpt>
   <trkpt lat="47.2771510" lon="11.2418230">
    <ele>662.0</ele>
    <time>2026-05-31T05:41:07Z</time>
   </trkpt>
   <trkpt lat="47.2771480" lon="11.2418060">
    <ele>662.1</ele>
    <time>2026-05-31T05:41:08Z</time>
   </trkpt>
   <trkpt lat="47.2771560" lon="11.2417810">
    <ele>662.2</ele>
    <time>2026-05-31T05:41:09Z</time>
   </trkpt>
   <trkpt lat="47.2771650" lon="11.2417710">
    <ele>662.3</ele>
    <time>2026-05-31T05:41:10Z</time>
   </trkpt>
   <trkpt lat="47.2771730" lon="11.2417600">
    <ele>662.5</ele>
    <time>2026-05-31T05:41:11Z</time>
   </trkpt>
   <trkpt lat="47.2771750" lon="11.2417660">
    <ele>662.5</ele>
    <time>2026-05-31T05:41:12Z</time>
   </trkpt>
   <trkpt lat="47.2771660" lon="11.2417820">
    <ele>662.6</ele>
    <time>2026-05-31T05:41:13Z</time>
   </trkpt>
   <trkpt lat="47.2771680" lon="11.2417730">
    <ele>662.6</ele>
    <time>2026-05-31T05:41:14Z</time>
   </trkpt>
   <trkpt lat="47.2771560" lon="11.2417790">
    <ele>662.6</ele>
    <time>2026-05-31T05:41:15Z</time>
   </trkpt>
   <trkpt lat="47.2771550" lon="11.2417640">
    <ele>662.6</ele>
    <time>2026-05-31T05:41:16Z</time>
   </trkpt>
   <trkpt lat="47.2771450" lon="11.2417480">
    <ele>662.7</ele>
    <time>2026-05-31T05:41:17Z</time>
   </trkpt>
   <trkpt lat="47.2771200" lon="11.2417280">
    <ele>662.7</ele>
    <time>2026-05-31T05:41:18Z</time>
   </trkpt>
   <trkpt lat="47.2771140" lon="11.2417110">
    <ele>662.8</ele>
    <time>2026-05-31T05:41:19Z</time>
   </trkpt>
   <trkpt lat="47.2771180" lon="11.2416970">
    <ele>662.8</ele>
    <time>2026-05-31T05:41:20Z</time>
   </trkpt>
   <trkpt lat="47.2771140" lon="11.2416780">
    <ele>662.8</ele>
    <time>2026-05-31T05:41:21Z</time>
   </trkpt>
   <trkpt lat="47.2771060" lon="11.2416730">
    <ele>662.8</ele>
    <time>2026-05-31T05:41:22Z</time>
   </trkpt>
   <trkpt lat="47.2770790" lon="11.2416830">
    <ele>662.9</ele>
    <time>2026-05-31T05:41:23Z</time>
   </trkpt>
   <trkpt lat="47.2770690" lon="11.2416990">
    <ele>662.9</ele>
    <time>2026-05-31T05:41:24Z</time>
   </trkpt>
   <trkpt lat="47.2770620" lon="11.2416860">
    <ele>663.0</ele>
    <time>2026-05-31T05:41:25Z</time>
   </trkpt>
   <trkpt lat="47.2770690" lon="11.2416720">
    <ele>663.0</ele>
    <time>2026-05-31T05:41:26Z</time>
   </trkpt>
   <trkpt lat="47.2770600" lon="11.2416700">
    <ele>663.0</ele>
    <time>2026-05-31T05:41:27Z</time>
   </trkpt>
   <trkpt lat="47.2770630" lon="11.2416670">
    <ele>663.0</ele>
    <time>2026-05-31T05:41:28Z</time>
   </trkpt>
   <trkpt lat="47.2770690" lon="11.2416670">
    <ele>663.0</ele>
    <time>2026-05-31T05:41:29Z</time>
   </trkpt>
   <trkpt lat="47.2770610" lon="11.2416730">
    <ele>663.0</ele>
    <time>2026-05-31T05:41:30Z</time>
   </trkpt>
   <trkpt lat="47.2770510" lon="11.2416740">
    <ele>663.1</ele>
    <time>2026-05-31T05:41:31Z</time>
   </trkpt>
   <trkpt lat="47.2770670" lon="11.2416850">
    <ele>663.1</ele>
    <time>2026-05-31T05:41:32Z</time>
   </trkpt>
   <trkpt lat="47.2770780" lon="11.2416900">
    <ele>663.2</ele>
    <time>2026-05-31T05:41:33Z</time>
   </trkpt>
   <trkpt lat="47.2770880" lon="11.2416950">
    <ele>663.3</ele>
    <time>2026-05-31T05:41:34Z</time>
   </trkpt>
   <trkpt lat="47.2771190" lon="11.2417490">
    <ele>663.5</ele>
    <time>2026-05-31T05:41:35Z</time>
   </trkpt>
   <trkpt lat="47.2772210" lon="11.2418090">
    <ele>664.1</ele>
    <time>2026-05-31T05:41:36Z</time>
   </trkpt>
   <trkpt lat="47.2772070" lon="11.2417620">
    <ele>664.6</ele>
    <time>2026-05-31T05:41:37Z</time>
   </trkpt>
   <trkpt lat="47.2772510" lon="11.2417110">
    <ele>665.6</ele>
    <time>2026-05-31T05:41:38Z</time>
   </trkpt>
   <trkpt lat="47.2772410" lon="11.2416790">
    <ele>666.2</ele>
    <time>2026-05-31T05:41:39Z</time>
   </trkpt>
   <trkpt lat="47.2772500" lon="11.2416580">
    <ele>666.6</ele>
    <time>2026-05-31T05:41:40Z</time>
   </trkpt>
   <trkpt lat="47.2772550" lon="11.2416580">
    <ele>666.7</ele>
    <time>2026-05-31T05:41:41Z</time>
   </trkpt>
   <trkpt lat="47.2772700" lon="11.2416600">
    <ele>667.1</ele>
    <time>2026-05-31T05:41:42Z</time>
   </trkpt>
   <trkpt lat="47.2772710" lon="11.2416530">
    <ele>667.2</ele>
    <time>2026-05-31T05:41:43Z</time>
   </trkpt>
   <trkpt lat="47.2772640" lon="11.2416310">
    <ele>667.6</ele>
    <time>2026-05-31T05:41:44Z</time>
   </trkpt>
   <trkpt lat="47.2772650" lon="11.2416240">
    <ele>667.7</ele>
    <time>2026-05-31T05:41:45Z</time>
   </trkpt>
   <trkpt lat="47.2772690" lon="11.2416240">
    <ele>667.8</ele>
    <time>2026-05-31T05:41:46Z</time>
   </trkpt>
   <trkpt lat="47.2772720" lon="11.2416200">
    <ele>667.9</ele>
    <time>2026-05-31T05:41:47Z</time>
   </trkpt>
   <trkpt lat="47.2772880" lon="11.2415950">
    <ele>668.5</ele>
    <time>2026-05-31T05:41:48Z</time>
   </trkpt>
   <trkpt lat="47.2772940" lon="11.2415750">
    <ele>668.8</ele>
    <time>2026-05-31T05:41:49Z</time>
   </trkpt>
   <trkpt lat="47.2773050" lon="11.2415820">
    <ele>669.1</ele>
    <time>2026-05-31T05:41:50Z</time>
   </trkpt>
   <trkpt lat="47.2773140" lon="11.2415790">
    <ele>669.3</ele>
    <time>2026-05-31T05:41:51Z</time>
   </trkpt>
   <trkpt lat="47.2773270" lon="11.2415680">
    <ele>669.7</ele>
    <time>2026-05-31T05:41:52Z</time>
   </trkpt>
   <trkpt lat="47.2773360" lon="11.2415610">
    <ele>670.0</ele>
    <time>2026-05-31T05:41:53Z</time>
   </trkpt>
   <trkpt lat="47.2773440" lon="11.2415540">
    <ele>670.2</ele>
    <time>2026-05-31T05:41:54Z</time>
   </trkpt>
   <trkpt lat="47.2773520" lon="11.2415470">
    <ele>670.4</ele>
    <time>2026-05-31T05:41:55Z</time>
   </trkpt>
   <trkpt lat="47.2773470" lon="11.2415260">
    <ele>670.8</ele>
    <time>2026-05-31T05:41:56Z</time>
   </trkpt>
   <trkpt lat="47.2773540" lon="11.2415260">
    <ele>670.9</ele>
    <time>2026-05-31T05:41:57Z</time>
   </trkpt>
   <trkpt lat="47.2773720" lon="11.2415130">
    <ele>671.4</ele>
    <time>2026-05-31T05:41:58Z</time>
   </trkpt>
   <trkpt lat="47.2773870" lon="11.2414910">
    <ele>671.9</ele>
    <time>2026-05-31T05:41:59Z</time>
   </trkpt>
   <trkpt lat="47.2773930" lon="11.2414840">
    <ele>672.1</ele>
    <time>2026-05-31T05:42:00Z</time>
   </trkpt>
   <trkpt lat="47.2773930" lon="11.2414840">
    <ele>672.1</ele>
    <time>2026-05-31T05:42:01Z</time>
   </trkpt>
   <trkpt lat="47.2774050" lon="11.2414830">
    <ele>672.4</ele>
    <time>2026-05-31T05:42:02Z</time>
   </trkpt>
   <trkpt lat="47.2773910" lon="11.2415030">
    <ele>672.9</ele>
    <time>2026-05-31T05:42:03Z</time>
   </trkpt>
   <trkpt lat="47.2773910" lon="11.2415240">
    <ele>673.2</ele>
    <time>2026-05-31T05:42:04Z</time>
   </trkpt>
   <trkpt lat="47.2773910" lon="11.2415240">
    <ele>673.2</ele>
    <time>2026-05-31T05:42:05Z</time>
   </trkpt>
   <trkpt lat="47.2773880" lon="11.2415360">
    <ele>673.5</ele>
    <time>2026-05-31T05:42:06Z</time>
   </trkpt>
   <trkpt lat="47.2773800" lon="11.2415510">
    <ele>673.8</ele>
    <time>2026-05-31T05:42:07Z</time>
   </trkpt>
   <trkpt lat="47.2773820" lon="11.2415730">
    <ele>674.1</ele>
    <time>2026-05-31T05:42:08Z</time>
   </trkpt>
   <trkpt lat="47.2773790" lon="11.2415840">
    <ele>674.3</ele>
    <time>2026-05-31T05:42:09Z</time>
   </trkpt>
   <trkpt lat="47.2773840" lon="11.2415950">
    <ele>674.5</ele>
    <time>2026-05-31T05:42:10Z</time>
   </trkpt>
   <trkpt lat="47.2773860" lon="11.2416160">
    <ele>674.9</ele>
    <time>2026-05-31T05:42:11Z</time>
   </trkpt>
   <trkpt lat="47.2773820" lon="11.2416310">
    <ele>675.1</ele>
    <time>2026-05-31T05:42:12Z</time>
   </trkpt>
   <trkpt lat="47.2773880" lon="11.2416460">
    <ele>675.4</ele>
    <time>2026-05-31T05:42:13Z</time>
   </trkpt>
   <trkpt lat="47.2773970" lon="11.2416540">
    <ele>675.6</ele>
    <time>2026-05-31T05:42:14Z</time>
   </trkpt>
   <trkpt lat="47.2774170" lon="11.2416440">
    <ele>676.0</ele>
    <time>2026-05-31T05:42:15Z</time>
   </trkpt>
   <trkpt lat="47.2774250" lon="11.2416340">
    <ele>676.2</ele>
    <time>2026-05-31T05:42:16Z</time>
   </trkpt>
   <trkpt lat="47.2774320" lon="11.2416240">
    <ele>676.3</ele>
    <time>2026-05-31T05:42:17Z</time>
   </trkpt>
   <trkpt lat="47.2774360" lon="11.2416130">
    <ele>676.5</ele>
    <time>2026-05-31T05:42:18Z</time>
   </trkpt>
   <trkpt lat="47.2774430" lon="11.2416150">
    <ele>676.6</ele>
    <time>2026-05-31T05:42:19Z</time>
   </trkpt>
   <trkpt lat="47.2774570" lon="11.2416050">
    <ele>676.9</ele>
    <time>2026-05-31T05:42:20Z</time>
   </trkpt>
   <trkpt lat="47.2774740" lon="11.2415820">
    <ele>677.3</ele>
    <time>2026-05-31T05:42:21Z</time>
   </trkpt>
   <trkpt lat="47.2774770" lon="11.2415730">
    <ele>677.4</ele>
    <time>2026-05-31T05:42:22Z</time>
   </trkpt>
   <trkpt lat="47.2774810" lon="11.2415630">
    <ele>677.5</ele>
    <time>2026-05-31T05:42:23Z</time>
   </trkpt>
   <trkpt lat="47.2774840" lon="11.2415380">
    <ele>677.8</ele>
    <time>2026-05-31T05:42:24Z</time>
   </trkpt>
   <trkpt lat="47.2774770" lon="11.2415150">
    <ele>678.1</ele>
    <time>2026-05-31T05:42:25Z</time>
   </trkpt>
   <trkpt lat="47.2774750" lon="11.2414990">
    <ele>678.2</ele>
    <time>2026-05-31T05:42:26Z</time>
   </trkpt>
   <trkpt lat="47.2774780" lon="11.2414870">
    <ele>678.3</ele>
    <time>2026-05-31T05:42:27Z</time>
   </trkpt>
   <trkpt lat="47.2774820" lon="11.2414740">
    <ele>678.4</ele>
    <time>2026-05-31T05:42:28Z</time>
   </trkpt>
   <trkpt lat="47.2774850" lon="11.2414620">
    <ele>678.5</ele>
    <time>2026-05-31T05:42:29Z</time>
   </trkpt>
   <trkpt lat="47.2774960" lon="11.2414540">
    <ele>678.7</ele>
    <time>2026-05-31T05:42:30Z</time>
   </trkpt>
   <trkpt lat="47.2774970" lon="11.2414440">
    <ele>678.8</ele>
    <time>2026-05-31T05:42:31Z</time>
   </trkpt>
   <trkpt lat="47.2775000" lon="11.2414160">
    <ele>679.0</ele>
    <time>2026-05-31T05:42:32Z</time>
   </trkpt>
   <trkpt lat="47.2774970" lon="11.2413990">
    <ele>679.1</ele>
    <time>2026-05-31T05:42:33Z</time>
   </trkpt>
   <trkpt lat="47.2774960" lon="11.2413850">
    <ele>679.2</ele>
    <time>2026-05-31T05:42:34Z</time>
   </trkpt>
   <trkpt lat="47.2775020" lon="11.2413690">
    <ele>679.4</ele>
    <time>2026-05-31T05:42:35Z</time>
   </trkpt>
   <trkpt lat="47.2775110" lon="11.2413440">
    <ele>679.6</ele>
    <time>2026-05-31T05:42:36Z</time>
   </trkpt>
   <trkpt lat="47.2775190" lon="11.2413220">
    <ele>679.8</ele>
    <time>2026-05-31T05:42:37Z</time>
   </trkpt>
   <trkpt lat="47.2775230" lon="11.2413010">
    <ele>680.0</ele>
    <time>2026-05-31T05:42:38Z</time>
   </trkpt>
   <trkpt lat="47.2775210" lon="11.2412810">
    <ele>680.1</ele>
    <time>2026-05-31T05:42:39Z</time>
   </trkpt>
   <trkpt lat="47.2775200" lon="11.2412500">
    <ele>680.4</ele>
    <time>2026-05-31T05:42:40Z</time>
   </trkpt>
   <trkpt lat="47.2775220" lon="11.2412390">
    <ele>680.5</ele>
    <time>2026-05-31T05:42:41Z</time>
   </trkpt>
   <trkpt lat="47.2775240" lon="11.2412270">
    <ele>680.6</ele>
    <time>2026-05-31T05:42:42Z</time>
   </trkpt>
   <trkpt lat="47.2775260" lon="11.2411980">
    <ele>680.8</ele>
    <time>2026-05-31T05:42:43Z</time>
   </trkpt>
   <trkpt lat="47.2775270" lon="11.2411850">
    <ele>680.9</ele>
    <time>2026-05-31T05:42:44Z</time>
   </trkpt>
   <trkpt lat="47.2775280" lon="11.2411730">
    <ele>681.0</ele>
    <time>2026-05-31T05:42:45Z</time>
   </trkpt>
   <trkpt lat="47.2775370" lon="11.2411530">
    <ele>681.1</ele>
    <time>2026-05-31T05:42:46Z</time>
   </trkpt>
   <trkpt lat="47.2775440" lon="11.2411380">
    <ele>681.3</ele>
    <time>2026-05-31T05:42:47Z</time>
   </trkpt>
   <trkpt lat="47.2775450" lon="11.2411080">
    <ele>681.5</ele>
    <time>2026-05-31T05:42:48Z</time>
   </trkpt>
   <trkpt lat="47.2775480" lon="11.2410950">
    <ele>681.6</ele>
    <time>2026-05-31T05:42:49Z</time>
   </trkpt>
   <trkpt lat="47.2775510" lon="11.2410820">
    <ele>681.7</ele>
    <time>2026-05-31T05:42:50Z</time>
   </trkpt>
   <trkpt lat="47.2775500" lon="11.2410540">
    <ele>681.9</ele>
    <time>2026-05-31T05:42:51Z</time>
   </trkpt>
   <trkpt lat="47.2775520" lon="11.2410390">
    <ele>682.0</ele>
    <time>2026-05-31T05:42:52Z</time>
   </trkpt>
   <trkpt lat="47.2775630" lon="11.2410090">
    <ele>682.2</ele>
    <time>2026-05-31T05:42:53Z</time>
   </trkpt>
   <trkpt lat="47.2775660" lon="11.2409950">
    <ele>682.3</ele>
    <time>2026-05-31T05:42:54Z</time>
   </trkpt>
   <trkpt lat="47.2775680" lon="11.2409810">
    <ele>682.4</ele>
    <time>2026-05-31T05:42:55Z</time>
   </trkpt>
   <trkpt lat="47.2775630" lon="11.2409420">
    <ele>682.8</ele>
    <time>2026-05-31T05:42:56Z</time>
   </trkpt>
   <trkpt lat="47.2775640" lon="11.2409260">
    <ele>682.9</ele>
    <time>2026-05-31T05:42:57Z</time>
   </trkpt>
   <trkpt lat="47.2775560" lon="11.2409070">
    <ele>683.1</ele>
    <time>2026-05-31T05:42:58Z</time>
   </trkpt>
   <trkpt lat="47.2775570" lon="11.2409020">
    <ele>683.2</ele>
    <time>2026-05-31T05:42:59Z</time>
   </trkpt>
   <trkpt lat="47.2775610" lon="11.2408840">
    <ele>683.4</ele>
    <time>2026-05-31T05:43:00Z</time>
   </trkpt>
   <trkpt lat="47.2775700" lon="11.2408770">
    <ele>683.6</ele>
    <time>2026-05-31T05:43:01Z</time>
   </trkpt>
   <trkpt lat="47.2775730" lon="11.2408650">
    <ele>683.7</ele>
    <time>2026-05-31T05:43:02Z</time>
   </trkpt>
   <trkpt lat="47.2775740" lon="11.2408440">
    <ele>684.0</ele>
    <time>2026-05-31T05:43:03Z</time>
   </trkpt>
   <trkpt lat="47.2775820" lon="11.2408110">
    <ele>684.5</ele>
    <time>2026-05-31T05:43:04Z</time>
   </trkpt>
   <trkpt lat="47.2775850" lon="11.2408040">
    <ele>684.6</ele>
    <time>2026-05-31T05:43:05Z</time>
   </trkpt>
   <trkpt lat="47.2775870" lon="11.2407960">
    <ele>684.8</ele>
    <time>2026-05-31T05:43:06Z</time>
   </trkpt>
   <trkpt lat="47.2775900" lon="11.2407890">
    <ele>684.9</ele>
    <time>2026-05-31T05:43:07Z</time>
   </trkpt>
   <trkpt lat="47.2775930" lon="11.2407820">
    <ele>685.0</ele>
    <time>2026-05-31T05:43:08Z</time>
   </trkpt>
   <trkpt lat="47.2775980" lon="11.2407690">
    <ele>685.3</ele>
    <time>2026-05-31T05:43:09Z</time>
   </trkpt>
   <trkpt lat="47.2775980" lon="11.2407500">
    <ele>685.6</ele>
    <time>2026-05-31T05:43:10Z</time>
   </trkpt>
   <trkpt lat="47.2775990" lon="11.2407420">
    <ele>685.8</ele>
    <time>2026-05-31T05:43:11Z</time>
   </trkpt>
   <trkpt lat="47.2776010" lon="11.2407230">
    <ele>686.1</ele>
    <time>2026-05-31T05:43:12Z</time>
   </trkpt>
   <trkpt lat="47.2776020" lon="11.2407120">
    <ele>686.4</ele>
    <time>2026-05-31T05:43:13Z</time>
   </trkpt>
   <trkpt lat="47.2776020" lon="11.2407000">
    <ele>686.6</ele>
    <time>2026-05-31T05:43:14Z</time>
   </trkpt>
   <trkpt lat="47.2776030" lon="11.2406880">
    <ele>686.8</ele>
    <time>2026-05-31T05:43:15Z</time>
   </trkpt>
   <trkpt lat="47.2776060" lon="11.2406700">
    <ele>687.2</ele>
    <time>2026-05-31T05:43:16Z</time>
   </trkpt>
   <trkpt lat="47.2776070" lon="11.2406660">
    <ele>687.3</ele>
    <time>2026-05-31T05:43:17Z</time>
   </trkpt>
   <trkpt lat="47.2776060" lon="11.2406480">
    <ele>687.7</ele>
    <time>2026-05-31T05:43:18Z</time>
   </trkpt>
   <trkpt lat="47.2776010" lon="11.2406010">
    <ele>688.7</ele>
    <time>2026-05-31T05:43:19Z</time>
   </trkpt>
   <trkpt lat="47.2776090" lon="11.2406080">
    <ele>689.0</ele>
    <time>2026-05-31T05:43:20Z</time>
   </trkpt>
   <trkpt lat="47.2776070" lon="11.2405980">
    <ele>689.2</ele>
    <time>2026-05-31T05:43:21Z</time>
   </trkpt>
   <trkpt lat="47.2776070" lon="11.2405850">
    <ele>689.5</ele>
    <time>2026-05-31T05:43:22Z</time>
   </trkpt>
   <trkpt lat="47.2776100" lon="11.2405550">
    <ele>690.2</ele>
    <time>2026-05-31T05:43:23Z</time>
   </trkpt>
   <trkpt lat="47.2776110" lon="11.2405540">
    <ele>690.2</ele>
    <time>2026-05-31T05:43:24Z</time>
   </trkpt>
   <trkpt lat="47.2776190" lon="11.2405330">
    <ele>690.7</ele>
    <time>2026-05-31T05:43:25Z</time>
   </trkpt>
   <trkpt lat="47.2776170" lon="11.2405290">
    <ele>690.9</ele>
    <time>2026-05-31T05:43:26Z</time>
   </trkpt>
   <trkpt lat="47.2776170" lon="11.2405170">
    <ele>691.1</ele>
    <time>2026-05-31T05:43:27Z</time>
   </trkpt>
   <trkpt lat="47.2776170" lon="11.2405130">
    <ele>691.2</ele>
    <time>2026-05-31T05:43:28Z</time>
   </trkpt>
   <trkpt lat="47.2776170" lon="11.2404990">
    <ele>691.5</ele>
    <time>2026-05-31T05:43:29Z</time>
   </trkpt>
   <trkpt lat="47.2776170" lon="11.2404970">
    <ele>691.5</ele>
    <time>2026-05-31T05:43:30Z</time>
   </trkpt>
   <trkpt lat="47.2776190" lon="11.2404910">
    <ele>691.6</ele>
    <time>2026-05-31T05:43:31Z</time>
   </trkpt>
   <trkpt lat="47.2776150" lon="11.2404890">
    <ele>691.7</ele>
    <time>2026-05-31T05:43:32Z</time>
   </trkpt>
   <trkpt lat="47.2776170" lon="11.2404830">
    <ele>691.8</ele>
    <time>2026-05-31T05:43:33Z</time>
   </trkpt>
   <trkpt lat="47.2776210" lon="11.2404780">
    <ele>691.9</ele>
    <time>2026-05-31T05:43:34Z</time>
   </trkpt>
   <trkpt lat="47.2776220" lon="11.2404610">
    <ele>692.1</ele>
    <time>2026-05-31T05:43:35Z</time>
   </trkpt>
   <trkpt lat="47.2776250" lon="11.2404520">
    <ele>692.2</ele>
    <time>2026-05-31T05:43:36Z</time>
   </trkpt>
   <trkpt lat="47.2776260" lon="11.2404420">
    <ele>692.3</ele>
    <time>2026-05-31T05:43:37Z</time>
   </trkpt>
   <trkpt lat="47.2776280" lon="11.2404320">
    <ele>692.5</ele>
    <time>2026-05-31T05:43:38Z</time>
   </trkpt>
   <trkpt lat="47.2776280" lon="11.2404160">
    <ele>692.7</ele>
    <time>2026-05-31T05:43:39Z</time>
   </trkpt>
   <trkpt lat="47.2776280" lon="11.2403880">
    <ele>693.0</ele>
    <time>2026-05-31T05:43:40Z</time>
   </trkpt>
   <trkpt lat="47.2776270" lon="11.2403790">
    <ele>693.1</ele>
    <time>2026-05-31T05:43:41Z</time>
   </trkpt>
   <trkpt lat="47.2776280" lon="11.2403860">
    <ele>693.2</ele>
    <time>2026-05-31T05:43:42Z</time>
   </trkpt>
   <trkpt lat="47.2776310" lon="11.2403790">
    <ele>693.3</ele>
    <time>2026-05-31T05:43:43Z</time>
   </trkpt>
   <trkpt lat="47.2776270" lon="11.2403640">
    <ele>693.5</ele>
    <time>2026-05-31T05:43:44Z</time>
   </trkpt>
   <trkpt lat="47.2776310" lon="11.2403270">
    <ele>693.9</ele>
    <time>2026-05-31T05:43:45Z</time>
   </trkpt>
   <trkpt lat="47.2776340" lon="11.2403040">
    <ele>694.1</ele>
    <time>2026-05-31T05:43:46Z</time>
   </trkpt>
   <trkpt lat="47.2776340" lon="11.2402920">
    <ele>694.2</ele>
    <time>2026-05-31T05:43:47Z</time>
   </trkpt>
   <trkpt lat="47.2776380" lon="11.2402710">
    <ele>694.4</ele>
    <time>2026-05-31T05:43:48Z</time>
   </trkpt>
   <trkpt lat="47.2776380" lon="11.2402590">
    <ele>694.5</ele>
    <time>2026-05-31T05:43:49Z</time>
   </trkpt>
   <trkpt lat="47.2776360" lon="11.2402300">
    <ele>694.8</ele>
    <time>2026-05-31T05:43:50Z</time>
   </trkpt>
   <trkpt lat="47.2776330" lon="11.2402180">
    <ele>694.9</ele>
    <time>2026-05-31T05:43:51Z</time>
   </trkpt>
   <trkpt lat="47.2776290" lon="11.2402050">
    <ele>695.0</ele>
    <time>2026-05-31T05:43:52Z</time>
   </trkpt>
   <trkpt lat="47.2776370" lon="11.2401900">
    <ele>695.2</ele>
    <time>2026-05-31T05:43:53Z</time>
   </trkpt>
   <trkpt lat="47.2776370" lon="11.2401720">
    <ele>695.4</ele>
    <time>2026-05-31T05:43:54Z</time>
   </trkpt>
   <trkpt lat="47.2776420" lon="11.2401600">
    <ele>695.5</ele>
    <time>2026-05-31T05:43:55Z</time>
   </trkpt>
   <trkpt lat="47.2776430" lon="11.2401380">
    <ele>695.7</ele>
    <time>2026-05-31T05:43:56Z</time>
   </trkpt>
   <trkpt lat="47.2776500" lon="11.2401270">
    <ele>695.8</ele>
    <time>2026-05-31T05:43:57Z</time>
   </trkpt>
   <trkpt lat="47.2776610" lon="11.2401220">
    <ele>695.9</ele>
    <time>2026-05-31T05:43:58Z</time>
   </trkpt>
   <trkpt lat="47.2776670" lon="11.2401140">
    <ele>696.1</ele>
    <time>2026-05-31T05:43:59Z</time>
   </trkpt>
   <trkpt lat="47.2776700" lon="11.2400910">
    <ele>696.3</ele>
    <time>2026-05-31T05:44:00Z</time>
   </trkpt>
   <trkpt lat="47.2776820" lon="11.2401030">
    <ele>696.4</ele>
    <time>2026-05-31T05:44:01Z</time>
   </trkpt>
   <trkpt lat="47.2776860" lon="11.2400860">
    <ele>696.6</ele>
    <time>2026-05-31T05:44:02Z</time>
   </trkpt>
   <trkpt lat="47.2776910" lon="11.2400450">
    <ele>697.0</ele>
    <time>2026-05-31T05:44:03Z</time>
   </trkpt>
   <trkpt lat="47.2776970" lon="11.2400220">
    <ele>697.2</ele>
    <time>2026-05-31T05:44:04Z</time>
   </trkpt>
   <trkpt lat="47.2777020" lon="11.2399990">
    <ele>697.4</ele>
    <time>2026-05-31T05:44:05Z</time>
   </trkpt>
   <trkpt lat="47.2776970" lon="11.2399810">
    <ele>697.6</ele>
    <time>2026-05-31T05:44:06Z</time>
   </trkpt>
   <trkpt lat="47.2776970" lon="11.2399810">
    <ele>697.6</ele>
    <time>2026-05-31T05:44:07Z</time>
   </trkpt>
   <trkpt lat="47.2776990" lon="11.2399830">
    <ele>697.7</ele>
    <time>2026-05-31T05:44:08Z</time>
   </trkpt>
   <trkpt lat="47.2777060" lon="11.2399720">
    <ele>697.8</ele>
    <time>2026-05-31T05:44:09Z</time>
   </trkpt>
   <trkpt lat="47.2777100" lon="11.2399580">
    <ele>698.0</ele>
    <time>2026-05-31T05:44:10Z</time>
   </trkpt>
   <trkpt lat="47.2777110" lon="11.2399360">
    <ele>698.2</ele>
    <time>2026-05-31T05:44:11Z</time>
   </trkpt>
   <trkpt lat="47.2777130" lon="11.2399090">
    <ele>698.5</ele>
    <time>2026-05-31T05:44:12Z</time>
   </trkpt>
   <trkpt lat="47.2777180" lon="11.2398980">
    <ele>698.6</ele>
    <time>2026-05-31T05:44:13Z</time>
   </trkpt>
   <trkpt lat="47.2777140" lon="11.2398830">
    <ele>698.8</ele>
    <time>2026-05-31T05:44:14Z</time>
   </trkpt>
   <trkpt lat="47.2777190" lon="11.2398670">
    <ele>699.0</ele>
    <time>2026-05-31T05:44:15Z</time>
   </trkpt>
   <trkpt lat="47.2777270" lon="11.2398650">
    <ele>699.2</ele>
    <time>2026-05-31T05:44:16Z</time>
   </trkpt>
   <trkpt lat="47.2777300" lon="11.2398710">
    <ele>699.3</ele>
    <time>2026-05-31T05:44:17Z</time>
   </trkpt>
   <trkpt lat="47.2777330" lon="11.2398780">
    <ele>699.4</ele>
    <time>2026-05-31T05:44:18Z</time>
   </trkpt>
   <trkpt lat="47.2777370" lon="11.2398840">
    <ele>699.5</ele>
    <time>2026-05-31T05:44:19Z</time>
   </trkpt>
   <trkpt lat="47.2777400" lon="11.2398910">
    <ele>699.6</ele>
    <time>2026-05-31T05:44:20Z</time>
   </trkpt>
   <trkpt lat="47.2777430" lon="11.2398980">
    <ele>699.7</ele>
    <time>2026-05-31T05:44:21Z</time>
   </trkpt>
   <trkpt lat="47.2777460" lon="11.2399040">
    <ele>699.8</ele>
    <time>2026-05-31T05:44:22Z</time>
   </trkpt>
   <trkpt lat="47.2777490" lon="11.2399110">
    <ele>699.9</ele>
    <time>2026-05-31T05:44:23Z</time>
   </trkpt>
   <trkpt lat="47.2777540" lon="11.2399210">
    <ele>700.1</ele>
    <time>2026-05-31T05:44:24Z</time>
   </trkpt>
   <trkpt lat="47.2777530" lon="11.2399270">
    <ele>700.1</ele>
    <time>2026-05-31T05:44:25Z</time>
   </trkpt>
   <trkpt lat="47.2777530" lon="11.2399240">
    <ele>700.2</ele>
    <time>2026-05-31T05:44:26Z</time>
   </trkpt>
   <trkpt lat="47.2777540" lon="11.2399220">
    <ele>700.2</ele>
    <time>2026-05-31T05:44:27Z</time>
   </trkpt>
   <trkpt lat="47.2777570" lon="11.2398960">
    <ele>700.6</ele>
    <time>2026-05-31T05:44:28Z</time>
   </trkpt>
   <trkpt lat="47.2777660" lon="11.2398910">
    <ele>700.8</ele>
    <time>2026-05-31T05:44:29Z</time>
   </trkpt>
   <trkpt lat="47.2777730" lon="11.2398870">
    <ele>700.9</ele>
    <time>2026-05-31T05:44:30Z</time>
   </trkpt>
   <trkpt lat="47.2777740" lon="11.2398820">
    <ele>701.0</ele>
    <time>2026-05-31T05:44:31Z</time>
   </trkpt>
   <trkpt lat="47.2777770" lon="11.2398730">
    <ele>701.1</ele>
    <time>2026-05-31T05:44:32Z</time>
   </trkpt>
   <trkpt lat="47.2777770" lon="11.2398570">
    <ele>701.4</ele>
    <time>2026-05-31T05:44:33Z</time>
   </trkpt>
   <trkpt lat="47.2777740" lon="11.2398620">
    <ele>701.5</ele>
    <time>2026-05-31T05:44:34Z</time>
   </trkpt>
   <trkpt lat="47.2777810" lon="11.2398490">
    <ele>701.7</ele>
    <time>2026-05-31T05:44:35Z</time>
   </trkpt>
   <trkpt lat="47.2777750" lon="11.2398440">
    <ele>701.8</ele>
    <time>2026-05-31T05:44:36Z</time>
   </trkpt>
   <trkpt lat="47.2777810" lon="11.2398290">
    <ele>702.1</ele>
    <time>2026-05-31T05:44:37Z</time>
   </trkpt>
   <trkpt lat="47.2777840" lon="11.2398170">
    <ele>702.3</ele>
    <time>2026-05-31T05:44:38Z</time>
   </trkpt>
   <trkpt lat="47.2777860" lon="11.2398040">
    <ele>702.5</ele>
    <time>2026-05-31T05:44:39Z</time>
   </trkpt>
   <trkpt lat="47.2777890" lon="11.2397910">
    <ele>702.7</ele>
    <time>2026-05-31T05:44:40Z</time>
   </trkpt>
   <trkpt lat="47.2777990" lon="11.2397670">
    <ele>703.1</ele>
    <time>2026-05-31T05:44:41Z</time>
   </trkpt>
   <trkpt lat="47.2778080" lon="11.2397410">
    <ele>703.6</ele>
    <time>2026-05-31T05:44:42Z</time>
   </trkpt>
   <trkpt lat="47.2778110" lon="11.2397340">
    <ele>703.7</ele>
    <time>2026-05-31T05:44:43Z</time>
   </trkpt>
   <trkpt lat="47.2778200" lon="11.2397060">
    <ele>704.2</ele>
    <time>2026-05-31T05:44:44Z</time>
   </trkpt>
   <trkpt lat="47.2778260" lon="11.2396910">
    <ele>704.4</ele>
    <time>2026-05-31T05:44:45Z</time>
   </trkpt>
   <trkpt lat="47.2778420" lon="11.2396710">
    <ele>704.9</ele>
    <time>2026-05-31T05:44:46Z</time>
   </trkpt>
   <trkpt lat="47.2778490" lon="11.2396790">
    <ele>705.1</ele>
    <time>2026-05-31T05:44:47Z</time>
   </trkpt>
   <trkpt lat="47.2778510" lon="11.2396730">
    <ele>705.2</ele>
    <time>2026-05-31T05:44:48Z</time>
   </trkpt>
   <trkpt lat="47.2778480" lon="11.2396790">
    <ele>705.3</ele>
    <time>2026-05-31T05:44:49Z</time>
   </trkpt>
   <trkpt lat="47.2778480" lon="11.2396800">
    <ele>705.3</ele>
    <time>2026-05-31T05:44:50Z</time>
   </trkpt>
   <trkpt lat="47.2778470" lon="11.2396790">
    <ele>705.4</ele>
    <time>2026-05-31T05:44:51Z</time>
   </trkpt>
   <trkpt lat="47.2778540" lon="11.2396970">
    <ele>705.7</ele>
    <time>2026-05-31T05:44:52Z</time>
   </trkpt>
   <trkpt lat="47.2778520" lon="11.2397040">
    <ele>705.8</ele>
    <time>2026-05-31T05:44:53Z</time>
   </trkpt>
   <trkpt lat="47.2778460" lon="11.2397130">
    <ele>706.0</ele>
    <time>2026-05-31T05:44:54Z</time>
   </trkpt>
   <trkpt lat="47.2778440" lon="11.2397010">
    <ele>706.2</ele>
    <time>2026-05-31T05:44:55Z</time>
   </trkpt>
   <trkpt lat="47.2778490" lon="11.2396970">
    <ele>706.3</ele>
    <time>2026-05-31T05:44:56Z</time>
   </trkpt>
   <trkpt lat="47.2778570" lon="11.2397020">
    <ele>706.5</ele>
    <time>2026-05-31T05:44:57Z</time>
   </trkpt>
   <trkpt lat="47.2778500" lon="11.2397320">
    <ele>707.0</ele>
    <time>2026-05-31T05:44:58Z</time>
   </trkpt>
   <trkpt lat="47.2778420" lon="11.2397350">
    <ele>707.2</ele>
    <time>2026-05-31T05:44:59Z</time>
   </trkpt>
   <trkpt lat="47.2778400" lon="11.2397210">
    <ele>707.4</ele>
    <time>2026-05-31T05:45:00Z</time>
   </trkpt>
   <trkpt lat="47.2778400" lon="11.2397290">
    <ele>707.5</ele>
    <time>2026-05-31T05:45:01Z</time>
   </trkpt>
   <trkpt lat="47.2778400" lon="11.2397330">
    <ele>707.5</ele>
    <time>2026-05-31T05:45:02Z</time>
   </trkpt>
   <trkpt lat="47.2778340" lon="11.2397300">
    <ele>707.7</ele>
    <time>2026-05-31T05:45:03Z</time>
   </trkpt>
   <trkpt lat="47.2778330" lon="11.2397420">
    <ele>707.8</ele>
    <time>2026-05-31T05:45:04Z</time>
   </trkpt>
   <trkpt lat="47.2778440" lon="11.2397480">
    <ele>708.1</ele>
    <time>2026-05-31T05:45:05Z</time>
   </trkpt>
   <trkpt lat="47.2778430" lon="11.2397640">
    <ele>708.3</ele>
    <time>2026-05-31T05:45:06Z</time>
   </trkpt>
   <trkpt lat="47.2778510" lon="11.2397910">
    <ele>708.8</ele>
    <time>2026-05-31T05:45:07Z</time>
   </trkpt>
   <trkpt lat="47.2778560" lon="11.2397920">
    <ele>708.9</ele>
    <time>2026-05-31T05:45:08Z</time>
   </trkpt>
   <trkpt lat="47.2778590" lon="11.2398070">
    <ele>709.1</ele>
    <time>2026-05-31T05:45:09Z</time>
   </trkpt>
   <trkpt lat="47.2778620" lon="11.2398200">
    <ele>709.3</ele>
    <time>2026-05-31T05:45:10Z</time>
   </trkpt>
   <trkpt lat="47.2778620" lon="11.2398200">
    <ele>709.3</ele>
    <time>2026-05-31T05:45:11Z</time>
   </trkpt>
   <trkpt lat="47.2778590" lon="11.2398470">
    <ele>709.7</ele>
    <time>2026-05-31T05:45:12Z</time>
   </trkpt>
   <trkpt lat="47.2778680" lon="11.2398470">
    <ele>709.9</ele>
    <time>2026-05-31T05:45:13Z</time>
   </trkpt>
   <trkpt lat="47.2778710" lon="11.2398590">
    <ele>710.0</ele>
    <time>2026-05-31T05:45:14Z</time>
   </trkpt>
   <trkpt lat="47.2778740" lon="11.2398700">
    <ele>710.2</ele>
    <time>2026-05-31T05:45:15Z</time>
   </trkpt>
   <trkpt lat="47.2778770" lon="11.2398820">
    <ele>710.4</ele>
    <time>2026-05-31T05:45:16Z</time>
   </trkpt>
   <trkpt lat="47.2778800" lon="11.2398930">
    <ele>710.5</ele>
    <time>2026-05-31T05:45:17Z</time>
   </trkpt>
   <trkpt lat="47.2778810" lon="11.2399130">
    <ele>710.8</ele>
    <time>2026-05-31T05:45:18Z</time>
   </trkpt>
   <trkpt lat="47.2778890" lon="11.2399370">
    <ele>711.1</ele>
    <time>2026-05-31T05:45:19Z</time>
   </trkpt>
   <trkpt lat="47.2778890" lon="11.2399510">
    <ele>711.3</ele>
    <time>2026-05-31T05:45:20Z</time>
   </trkpt>
   <trkpt lat="47.2778920" lon="11.2399770">
    <ele>711.6</ele>
    <time>2026-05-31T05:45:21Z</time>
   </trkpt>
   <trkpt lat="47.2778950" lon="11.2399920">
    <ele>711.8</ele>
    <time>2026-05-31T05:45:22Z</time>
   </trkpt>
   <trkpt lat="47.2778930" lon="11.2400070">
    <ele>712.0</ele>
    <time>2026-05-31T05:45:23Z</time>
   </trkpt>
   <trkpt lat="47.2778940" lon="11.2400210">
    <ele>712.2</ele>
    <time>2026-05-31T05:45:24Z</time>
   </trkpt>
   <trkpt lat="47.2778960" lon="11.2400290">
    <ele>712.3</ele>
    <time>2026-05-31T05:45:25Z</time>
   </trkpt>
   <trkpt lat="47.2778950" lon="11.2400500">
    <ele>712.6</ele>
    <time>2026-05-31T05:45:26Z</time>
   </trkpt>
   <trkpt lat="47.2778940" lon="11.2400610">
    <ele>712.7</ele>
    <time>2026-05-31T05:45:27Z</time>
   </trkpt>
   <trkpt lat="47.2778960" lon="11.2400630">
    <ele>712.7</ele>
    <time>2026-05-31T05:45:28Z</time>
   </trkpt>
   <trkpt lat="47.2778980" lon="11.2400520">
    <ele>712.8</ele>
    <time>2026-05-31T05:45:29Z</time>
   </trkpt>
   <trkpt lat="47.2779010" lon="11.2400420">
    <ele>712.9</ele>
    <time>2026-05-31T05:45:30Z</time>
   </trkpt>
   <trkpt lat="47.2778990" lon="11.2400320">
    <ele>713.0</ele>
    <time>2026-05-31T05:45:31Z</time>
   </trkpt>
   <trkpt lat="47.2778940" lon="11.2400180">
    <ele>713.1</ele>
    <time>2026-05-31T05:45:32Z</time>
   </trkpt>
   <trkpt lat="47.2778940" lon="11.2400110">
    <ele>713.2</ele>
    <time>2026-05-31T05:45:33Z</time>
   </trkpt>
   <trkpt lat="47.2778890" lon="11.2400030">
    <ele>713.3</ele>
    <time>2026-05-31T05:45:34Z</time>
   </trkpt>
   <trkpt lat="47.2778890" lon="11.2399820">
    <ele>713.4</ele>
    <time>2026-05-31T05:45:35Z</time>
   </trkpt>
   <trkpt lat="47.2778930" lon="11.2399690">
    <ele>713.6</ele>
    <time>2026-05-31T05:45:36Z</time>
   </trkpt>
   <trkpt lat="47.2778950" lon="11.2399550">
    <ele>713.7</ele>
    <time>2026-05-31T05:45:37Z</time>
   </trkpt>
   <trkpt lat="47.2778910" lon="11.2399430">
    <ele>713.8</ele>
    <time>2026-05-31T05:45:38Z</time>
   </trkpt>
   <trkpt lat="47.2778960" lon="11.2399330">
    <ele>713.9</ele>
    <time>2026-05-31T05:45:39Z</time>
   </trkpt>
   <trkpt lat="47.2779030" lon="11.2399240">
    <ele>714.0</ele>
    <time>2026-05-31T05:45:40Z</time>
   </trkpt>
   <trkpt lat="47.2779100" lon="11.2399110">
    <ele>714.1</ele>
    <time>2026-05-31T05:45:41Z</time>
   </trkpt>
   <trkpt lat="47.2779120" lon="11.2398850">
    <ele>714.3</ele>
    <time>2026-05-31T05:45:42Z</time>
   </trkpt>
   <trkpt lat="47.2779160" lon="11.2398680">
    <ele>714.5</ele>
    <time>2026-05-31T05:45:43Z</time>
   </trkpt>
   <trkpt lat="47.2779090" lon="11.2398610">
    <ele>714.6</ele>
    <time>2026-05-31T05:45:44Z</time>
   </trkpt>
   <trkpt lat="47.2779000" lon="11.2398400">
    <ele>714.8</ele>
    <time>2026-05-31T05:45:45Z</time>
   </trkpt>
   <trkpt lat="47.2779000" lon="11.2398350">
    <ele>714.8</ele>
    <time>2026-05-31T05:45:46Z</time>
   </trkpt>
   <trkpt lat="47.2779090" lon="11.2398220">
    <ele>715.0</ele>
    <time>2026-05-31T05:45:47Z</time>
   </trkpt>
   <trkpt lat="47.2779020" lon="11.2398030">
    <ele>715.2</ele>
    <time>2026-05-31T05:45:48Z</time>
   </trkpt>
   <trkpt lat="47.2779020" lon="11.2397860">
    <ele>715.3</ele>
    <time>2026-05-31T05:45:49Z</time>
   </trkpt>
   <trkpt lat="47.2779160" lon="11.2397470">
    <ele>715.7</ele>
    <time>2026-05-31T05:45:50Z</time>
   </trkpt>
   <trkpt lat="47.2779170" lon="11.2397350">
    <ele>715.7</ele>
    <time>2026-05-31T05:45:51Z</time>
   </trkpt>
   <trkpt lat="47.2779380" lon="11.2397210">
    <ele>716.0</ele>
    <time>2026-05-31T05:45:52Z</time>
   </trkpt>
   <trkpt lat="47.2779410" lon="11.2396980">
    <ele>716.2</ele>
    <time>2026-05-31T05:45:53Z</time>
   </trkpt>
   <trkpt lat="47.2779410" lon="11.2396720">
    <ele>716.4</ele>
    <time>2026-05-31T05:45:54Z</time>
   </trkpt>
   <trkpt lat="47.2779480" lon="11.2396650">
    <ele>716.5</ele>
    <time>2026-05-31T05:45:55Z</time>
   </trkpt>
   <trkpt lat="47.2779510" lon="11.2396560">
    <ele>716.6</ele>
    <time>2026-05-31T05:45:56Z</time>
   </trkpt>
   <trkpt lat="47.2779570" lon="11.2396360">
    <ele>716.7</ele>
    <time>2026-05-31T05:45:57Z</time>
   </trkpt>
   <trkpt lat="47.2779600" lon="11.2396270">
    <ele>716.8</ele>
    <time>2026-05-31T05:45:58Z</time>
   </trkpt>
   <trkpt lat="47.2779640" lon="11.2396170">
    <ele>716.9</ele>
    <time>2026-05-31T05:45:59Z</time>
   </trkpt>
   <trkpt lat="47.2779670" lon="11.2396080">
    <ele>717.0</ele>
    <time>2026-05-31T05:46:00Z</time>
   </trkpt>
   <trkpt lat="47.2779700" lon="11.2395980">
    <ele>717.1</ele>
    <time>2026-05-31T05:46:01Z</time>
   </trkpt>
   <trkpt lat="47.2779740" lon="11.2395560">
    <ele>717.4</ele>
    <time>2026-05-31T05:46:02Z</time>
   </trkpt>
   <trkpt lat="47.2779760" lon="11.2395430">
    <ele>717.5</ele>
    <time>2026-05-31T05:46:03Z</time>
   </trkpt>
   <trkpt lat="47.2779730" lon="11.2395040">
    <ele>717.8</ele>
    <time>2026-05-31T05:46:04Z</time>
   </trkpt>
   <trkpt lat="47.2779640" lon="11.2394890">
    <ele>717.9</ele>
    <time>2026-05-31T05:46:05Z</time>
   </trkpt>
   <trkpt lat="47.2779540" lon="11.2394650">
    <ele>718.1</ele>
    <time>2026-05-31T05:46:06Z</time>
   </trkpt>
   <trkpt lat="47.2779490" lon="11.2394420">
    <ele>718.3</ele>
    <time>2026-05-31T05:46:07Z</time>
   </trkpt>
   <trkpt lat="47.2779430" lon="11.2394240">
    <ele>718.4</ele>
    <time>2026-05-31T05:46:08Z</time>
   </trkpt>
   <trkpt lat="47.2779390" lon="11.2394050">
    <ele>718.5</ele>
    <time>2026-05-31T05:46:09Z</time>
   </trkpt>
   <trkpt lat="47.2779400" lon="11.2393880">
    <ele>718.6</ele>
    <time>2026-05-31T05:46:10Z</time>
   </trkpt>
   <trkpt lat="47.2779460" lon="11.2393550">
    <ele>718.9</ele>
    <time>2026-05-31T05:46:11Z</time>
   </trkpt>
   <trkpt lat="47.2779520" lon="11.2393410">
    <ele>719.0</ele>
    <time>2026-05-31T05:46:12Z</time>
   </trkpt>
   <trkpt lat="47.2779530" lon="11.2393110">
    <ele>719.1</ele>
    <time>2026-05-31T05:46:14Z</time>
   </trkpt>
   <trkpt lat="47.2779590" lon="11.2392910">
    <ele>719.3</ele>
    <time>2026-05-31T05:46:15Z</time>
   </trkpt>
   <trkpt lat="47.2779730" lon="11.2392710">
    <ele>719.4</ele>
    <time>2026-05-31T05:46:16Z</time>
   </trkpt>
   <trkpt lat="47.2779740" lon="11.2392250">
    <ele>719.7</ele>
    <time>2026-05-31T05:46:17Z</time>
   </trkpt>
   <trkpt lat="47.2779750" lon="11.2392040">
    <ele>719.8</ele>
    <time>2026-05-31T05:46:18Z</time>
   </trkpt>
   <trkpt lat="47.2779790" lon="11.2391910">
    <ele>719.9</ele>
    <time>2026-05-31T05:46:19Z</time>
   </trkpt>
   <trkpt lat="47.2779920" lon="11.2391670">
    <ele>720.0</ele>
    <time>2026-05-31T05:46:20Z</time>
   </trkpt>
   <trkpt lat="47.2779910" lon="11.2391230">
    <ele>720.3</ele>
    <time>2026-05-31T05:46:21Z</time>
   </trkpt>
   <trkpt lat="47.2779940" lon="11.2390790">
    <ele>720.5</ele>
    <time>2026-05-31T05:46:22Z</time>
   </trkpt>
   <trkpt lat="47.2779940" lon="11.2390650">
    <ele>720.6</ele>
    <time>2026-05-31T05:46:23Z</time>
   </trkpt>
   <trkpt lat="47.2779900" lon="11.2390210">
    <ele>720.9</ele>
    <time>2026-05-31T05:46:24Z</time>
   </trkpt>
   <trkpt lat="47.2779920" lon="11.2390040">
    <ele>721.0</ele>
    <time>2026-05-31T05:46:25Z</time>
   </trkpt>
   <trkpt lat="47.2779990" lon="11.2389760">
    <ele>721.1</ele>
    <time>2026-05-31T05:46:26Z</time>
   </trkpt>
   <trkpt lat="47.2780100" lon="11.2389610">
    <ele>721.3</ele>
    <time>2026-05-31T05:46:27Z</time>
   </trkpt>
   <trkpt lat="47.2780260" lon="11.2389250">
    <ele>721.6</ele>
    <time>2026-05-31T05:46:28Z</time>
   </trkpt>
   <trkpt lat="47.2780250" lon="11.2389080">
    <ele>721.7</ele>
    <time>2026-05-31T05:46:29Z</time>
   </trkpt>
   <trkpt lat="47.2780330" lon="11.2388860">
    <ele>721.8</ele>
    <time>2026-05-31T05:46:30Z</time>
   </trkpt>
   <trkpt lat="47.2780370" lon="11.2388590">
    <ele>722.1</ele>
    <time>2026-05-31T05:46:31Z</time>
   </trkpt>
   <trkpt lat="47.2780460" lon="11.2388390">
    <ele>722.2</ele>
    <time>2026-05-31T05:46:32Z</time>
   </trkpt>
   <trkpt lat="47.2780540" lon="11.2388190">
    <ele>722.4</ele>
    <time>2026-05-31T05:46:33Z</time>
   </trkpt>
   <trkpt lat="47.2780720" lon="11.2387700">
    <ele>722.9</ele>
    <time>2026-05-31T05:46:34Z</time>
   </trkpt>
   <trkpt lat="47.2780810" lon="11.2387500">
    <ele>723.1</ele>
    <time>2026-05-31T05:46:35Z</time>
   </trkpt>
   <trkpt lat="47.2780870" lon="11.2387270">
    <ele>723.4</ele>
    <time>2026-05-31T05:46:36Z</time>
   </trkpt>
   <trkpt lat="47.2781040" lon="11.2387110">
    <ele>723.7</ele>
    <time>2026-05-31T05:46:37Z</time>
   </trkpt>
   <trkpt lat="47.2781110" lon="11.2387100">
    <ele>723.8</ele>
    <time>2026-05-31T05:46:38Z</time>
   </trkpt>
   <trkpt lat="47.2781170" lon="11.2387100">
    <ele>723.9</ele>
    <time>2026-05-31T05:46:39Z</time>
   </trkpt>
   <trkpt lat="47.2781230" lon="11.2387090">
    <ele>724.0</ele>
    <time>2026-05-31T05:46:40Z</time>
   </trkpt>
   <trkpt lat="47.2781320" lon="11.2386990">
    <ele>724.2</ele>
    <time>2026-05-31T05:46:41Z</time>
   </trkpt>
   <trkpt lat="47.2781440" lon="11.2387060">
    <ele>724.5</ele>
    <time>2026-05-31T05:46:42Z</time>
   </trkpt>
   <trkpt lat="47.2781500" lon="11.2387090">
    <ele>724.6</ele>
    <time>2026-05-31T05:46:43Z</time>
   </trkpt>
   <trkpt lat="47.2781570" lon="11.2387080">
    <ele>724.7</ele>
    <time>2026-05-31T05:46:44Z</time>
   </trkpt>
   <trkpt lat="47.2781700" lon="11.2386990">
    <ele>725.0</ele>
    <time>2026-05-31T05:46:45Z</time>
   </trkpt>
   <trkpt lat="47.2781830" lon="11.2387010">
    <ele>725.3</ele>
    <time>2026-05-31T05:46:46Z</time>
   </trkpt>
   <trkpt lat="47.2781910" lon="11.2387010">
    <ele>725.4</ele>
    <time>2026-05-31T05:46:47Z</time>
   </trkpt>
   <trkpt lat="47.2782020" lon="11.2387010">
    <ele>725.7</ele>
    <time>2026-05-31T05:46:48Z</time>
   </trkpt>
   <trkpt lat="47.2782110" lon="11.2386910">
    <ele>725.9</ele>
    <time>2026-05-31T05:46:49Z</time>
   </trkpt>
   <trkpt lat="47.2782130" lon="11.2386940">
    <ele>725.9</ele>
    <time>2026-05-31T05:46:50Z</time>
   </trkpt>
   <trkpt lat="47.2782150" lon="11.2386880">
    <ele>726.0</ele>
    <time>2026-05-31T05:46:51Z</time>
   </trkpt>
   <trkpt lat="47.2782260" lon="11.2386890">
    <ele>726.3</ele>
    <time>2026-05-31T05:46:52Z</time>
   </trkpt>
   <trkpt lat="47.2782350" lon="11.2386830">
    <ele>726.5</ele>
    <time>2026-05-31T05:46:53Z</time>
   </trkpt>
   <trkpt lat="47.2782530" lon="11.2386790">
    <ele>726.9</ele>
    <time>2026-05-31T05:46:54Z</time>
   </trkpt>
   <trkpt lat="47.2782610" lon="11.2386890">
    <ele>727.1</ele>
    <time>2026-05-31T05:46:55Z</time>
   </trkpt>
   <trkpt lat="47.2782630" lon="11.2386880">
    <ele>727.2</ele>
    <time>2026-05-31T05:46:56Z</time>
   </trkpt>
   <trkpt lat="47.2782600" lon="11.2386710">
    <ele>727.4</ele>
    <time>2026-05-31T05:46:57Z</time>
   </trkpt>
   <trkpt lat="47.2782560" lon="11.2386810">
    <ele>727.6</ele>
    <time>2026-05-31T05:46:58Z</time>
   </trkpt>
   <trkpt lat="47.2782610" lon="11.2386730">
    <ele>727.8</ele>
    <time>2026-05-31T05:46:59Z</time>
   </trkpt>
   <trkpt lat="47.2782680" lon="11.2386720">
    <ele>728.0</ele>
    <time>2026-05-31T05:47:00Z</time>
   </trkpt>
   <trkpt lat="47.2782750" lon="11.2386760">
    <ele>728.1</ele>
    <time>2026-05-31T05:47:01Z</time>
   </trkpt>
   <trkpt lat="47.2782880" lon="11.2386830">
    <ele>728.5</ele>
    <time>2026-05-31T05:47:02Z</time>
   </trkpt>
   <trkpt lat="47.2783010" lon="11.2386920">
    <ele>728.8</ele>
    <time>2026-05-31T05:47:03Z</time>
   </trkpt>
   <trkpt lat="47.2783120" lon="11.2386950">
    <ele>729.1</ele>
    <time>2026-05-31T05:47:04Z</time>
   </trkpt>
   <trkpt lat="47.2783190" lon="11.2386930">
    <ele>729.2</ele>
    <time>2026-05-31T05:47:05Z</time>
   </trkpt>
   <trkpt lat="47.2783410" lon="11.2386850">
    <ele>729.7</ele>
    <time>2026-05-31T05:47:06Z</time>
   </trkpt>
   <trkpt lat="47.2783510" lon="11.2386780">
    <ele>730.0</ele>
    <time>2026-05-31T05:47:07Z</time>
   </trkpt>
   <trkpt lat="47.2783600" lon="11.2386710">
    <ele>730.2</ele>
    <time>2026-05-31T05:47:08Z</time>
   </trkpt>
   <trkpt lat="47.2783600" lon="11.2386800">
    <ele>730.4</ele>
    <time>2026-05-31T05:47:09Z</time>
   </trkpt>
   <trkpt lat="47.2783700" lon="11.2386920">
    <ele>730.7</ele>
    <time>2026-05-31T05:47:10Z</time>
   </trkpt>
   <trkpt lat="47.2783820" lon="11.2386880">
    <ele>731.0</ele>
    <time>2026-05-31T05:47:11Z</time>
   </trkpt>
   <trkpt lat="47.2783860" lon="11.2386960">
    <ele>731.1</ele>
    <time>2026-05-31T05:47:12Z</time>
   </trkpt>
   <trkpt lat="47.2783970" lon="11.2387050">
    <ele>731.4</ele>
    <time>2026-05-31T05:47:13Z</time>
   </trkpt>
   <trkpt lat="47.2783890" lon="11.2387120">
    <ele>731.7</ele>
    <time>2026-05-31T05:47:14Z</time>
   </trkpt>
   <trkpt lat="47.2784130" lon="11.2387200">
    <ele>732.3</ele>
    <time>2026-05-31T05:47:15Z</time>
   </trkpt>
   <trkpt lat="47.2784200" lon="11.2387260">
    <ele>732.5</ele>
    <time>2026-05-31T05:47:16Z</time>
   </trkpt>
   <trkpt lat="47.2784340" lon="11.2387350">
    <ele>732.9</ele>
    <time>2026-05-31T05:47:17Z</time>
   </trkpt>
   <trkpt lat="47.2784370" lon="11.2387450">
    <ele>733.1</ele>
    <time>2026-05-31T05:47:18Z</time>
   </trkpt>
   <trkpt lat="47.2784490" lon="11.2387490">
    <ele>733.4</ele>
    <time>2026-05-31T05:47:19Z</time>
   </trkpt>
   <trkpt lat="47.2784540" lon="11.2387420">
    <ele>733.5</ele>
    <time>2026-05-31T05:47:20Z</time>
   </trkpt>
   <trkpt lat="47.2784550" lon="11.2387350">
    <ele>733.7</ele>
    <time>2026-05-31T05:47:21Z</time>
   </trkpt>
   <trkpt lat="47.2784610" lon="11.2387340">
    <ele>733.8</ele>
    <time>2026-05-31T05:47:22Z</time>
   </trkpt>
   <trkpt lat="47.2784690" lon="11.2387350">
    <ele>734.0</ele>
    <time>2026-05-31T05:47:23Z</time>
   </trkpt>
   <trkpt lat="47.2784910" lon="11.2386970">
    <ele>734.9</ele>
    <time>2026-05-31T05:47:24Z</time>
   </trkpt>
   <trkpt lat="47.2784990" lon="11.2386880">
    <ele>735.1</ele>
    <time>2026-05-31T05:47:25Z</time>
   </trkpt>
   <trkpt lat="47.2785060" lon="11.2386800">
    <ele>735.1</ele>
    <time>2026-05-31T05:47:26Z</time>
   </trkpt>
   <trkpt lat="47.2785040" lon="11.2386800">
    <ele>735.2</ele>
    <time>2026-05-31T05:47:27Z</time>
   </trkpt>
   <trkpt lat="47.2785060" lon="11.2386590">
    <ele>735.5</ele>
    <time>2026-05-31T05:47:28Z</time>
   </trkpt>
   <trkpt lat="47.2785140" lon="11.2386340">
    <ele>735.9</ele>
    <time>2026-05-31T05:47:29Z</time>
   </trkpt>
   <trkpt lat="47.2785080" lon="11.2386150">
    <ele>736.2</ele>
    <time>2026-05-31T05:47:30Z</time>
   </trkpt>
   <trkpt lat="47.2785170" lon="11.2386130">
    <ele>736.4</ele>
    <time>2026-05-31T05:47:31Z</time>
   </trkpt>
   <trkpt lat="47.2785140" lon="11.2385820">
    <ele>736.8</ele>
    <time>2026-05-31T05:47:32Z</time>
   </trkpt>
   <trkpt lat="47.2785130" lon="11.2385750">
    <ele>736.9</ele>
    <time>2026-05-31T05:47:33Z</time>
   </trkpt>
   <trkpt lat="47.2785110" lon="11.2385890">
    <ele>737.1</ele>
    <time>2026-05-31T05:47:34Z</time>
   </trkpt>
   <trkpt lat="47.2785090" lon="11.2385370">
    <ele>737.7</ele>
    <time>2026-05-31T05:47:35Z</time>
   </trkpt>
   <trkpt lat="47.2785120" lon="11.2385160">
    <ele>738.0</ele>
    <time>2026-05-31T05:47:36Z</time>
   </trkpt>
   <trkpt lat="47.2785110" lon="11.2384910">
    <ele>738.2</ele>
    <time>2026-05-31T05:47:37Z</time>
   </trkpt>
   <trkpt lat="47.2785160" lon="11.2384710">
    <ele>738.5</ele>
    <time>2026-05-31T05:47:38Z</time>
   </trkpt>
   <trkpt lat="47.2785190" lon="11.2384490">
    <ele>738.7</ele>
    <time>2026-05-31T05:47:39Z</time>
   </trkpt>
   <trkpt lat="47.2785280" lon="11.2384230">
    <ele>739.1</ele>
    <time>2026-05-31T05:47:40Z</time>
   </trkpt>
   <trkpt lat="47.2785290" lon="11.2384020">
    <ele>739.3</ele>
    <time>2026-05-31T05:47:41Z</time>
   </trkpt>
   <trkpt lat="47.2785300" lon="11.2383810">
    <ele>739.6</ele>
    <time>2026-05-31T05:47:42Z</time>
   </trkpt>
   <trkpt lat="47.2785150" lon="11.2383480">
    <ele>740.1</ele>
    <time>2026-05-31T05:47:43Z</time>
   </trkpt>
   <trkpt lat="47.2785070" lon="11.2383320">
    <ele>740.3</ele>
    <time>2026-05-31T05:47:44Z</time>
   </trkpt>
   <trkpt lat="47.2785130" lon="11.2382900">
    <ele>740.9</ele>
    <time>2026-05-31T05:47:45Z</time>
   </trkpt>
   <trkpt lat="47.2784970" lon="11.2382460">
    <ele>741.3</ele>
    <time>2026-05-31T05:47:46Z</time>
   </trkpt>
   <trkpt lat="47.2784920" lon="11.2382360">
    <ele>741.4</ele>
    <time>2026-05-31T05:47:47Z</time>
   </trkpt>
   <trkpt lat="47.2785070" lon="11.2381970">
    <ele>741.5</ele>
    <time>2026-05-31T05:47:48Z</time>
   </trkpt>
   <trkpt lat="47.2785140" lon="11.2381870">
    <ele>741.5</ele>
    <time>2026-05-31T05:47:49Z</time>
   </trkpt>
   <trkpt lat="47.2784970" lon="11.2381610">
    <ele>741.6</ele>
    <time>2026-05-31T05:47:50Z</time>
   </trkpt>
   <trkpt lat="47.2784970" lon="11.2381470">
    <ele>741.6</ele>
    <time>2026-05-31T05:47:51Z</time>
   </trkpt>
   <trkpt lat="47.2784910" lon="11.2381580">
    <ele>741.6</ele>
    <time>2026-05-31T05:47:52Z</time>
   </trkpt>
   <trkpt lat="47.2785120" lon="11.2381600">
    <ele>741.7</ele>
    <time>2026-05-31T05:47:53Z</time>
   </trkpt>
   <trkpt lat="47.2785230" lon="11.2381810">
    <ele>741.8</ele>
    <time>2026-05-31T05:47:54Z</time>
   </trkpt>
   <trkpt lat="47.2785290" lon="11.2382010">
    <ele>741.9</ele>
    <time>2026-05-31T05:47:55Z</time>
   </trkpt>
   <trkpt lat="47.2785290" lon="11.2382180">
    <ele>742.2</ele>
    <time>2026-05-31T05:47:56Z</time>
   </trkpt>
   <trkpt lat="47.2785280" lon="11.2382220">
    <ele>742.2</ele>
    <time>2026-05-31T05:47:57Z</time>
   </trkpt>
   <trkpt lat="47.2785500" lon="11.2382270">
    <ele>742.7</ele>
    <time>2026-05-31T05:47:58Z</time>
   </trkpt>
   <trkpt lat="47.2785630" lon="11.2382340">
    <ele>743.0</ele>
    <time>2026-05-31T05:47:59Z</time>
   </trkpt>
   <trkpt lat="47.2785760" lon="11.2382420">
    <ele>743.3</ele>
    <time>2026-05-31T05:48:00Z</time>
   </trkpt>
   <trkpt lat="47.2785760" lon="11.2382460">
    <ele>743.3</ele>
    <time>2026-05-31T05:48:01Z</time>
   </trkpt>
   <trkpt lat="47.2785850" lon="11.2382450">
    <ele>743.5</ele>
    <time>2026-05-31T05:48:02Z</time>
   </trkpt>
   <trkpt lat="47.2785760" lon="11.2382510">
    <ele>743.7</ele>
    <time>2026-05-31T05:48:03Z</time>
   </trkpt>
   <trkpt lat="47.2785760" lon="11.2382510">
    <ele>743.7</ele>
    <time>2026-05-31T05:48:04Z</time>
   </trkpt>
   <trkpt lat="47.2785900" lon="11.2382540">
    <ele>744.0</ele>
    <time>2026-05-31T05:48:05Z</time>
   </trkpt>
   <trkpt lat="47.2786030" lon="11.2382570">
    <ele>744.3</ele>
    <time>2026-05-31T05:48:06Z</time>
   </trkpt>
   <trkpt lat="47.2786100" lon="11.2382630">
    <ele>744.4</ele>
    <time>2026-05-31T05:48:07Z</time>
   </trkpt>
   <trkpt lat="47.2786210" lon="11.2382870">
    <ele>744.8</ele>
    <time>2026-05-31T05:48:08Z</time>
   </trkpt>
   <trkpt lat="47.2786160" lon="11.2382950">
    <ele>745.0</ele>
    <time>2026-05-31T05:48:09Z</time>
   </trkpt>
   <trkpt lat="47.2786220" lon="11.2383050">
    <ele>745.1</ele>
    <time>2026-05-31T05:48:10Z</time>
   </trkpt>
   <trkpt lat="47.2786420" lon="11.2383090">
    <ele>745.5</ele>
    <time>2026-05-31T05:48:11Z</time>
   </trkpt>
   <trkpt lat="47.2786520" lon="11.2383100">
    <ele>745.7</ele>
    <time>2026-05-31T05:48:12Z</time>
   </trkpt>
   <trkpt lat="47.2786600" lon="11.2382930">
    <ele>746.0</ele>
    <time>2026-05-31T05:48:13Z</time>
   </trkpt>
   <trkpt lat="47.2786530" lon="11.2382700">
    <ele>746.3</ele>
    <time>2026-05-31T05:48:14Z</time>
   </trkpt>
   <trkpt lat="47.2786440" lon="11.2382370">
    <ele>746.6</ele>
    <time>2026-05-31T05:48:15Z</time>
   </trkpt>
   <trkpt lat="47.2786400" lon="11.2382220">
    <ele>746.7</ele>
    <time>2026-05-31T05:48:16Z</time>
   </trkpt>
   <trkpt lat="47.2786350" lon="11.2382060">
    <ele>746.9</ele>
    <time>2026-05-31T05:48:17Z</time>
   </trkpt>
   <trkpt lat="47.2786320" lon="11.2381910">
    <ele>747.1</ele>
    <time>2026-05-31T05:48:18Z</time>
   </trkpt>
   <trkpt lat="47.2786320" lon="11.2381800">
    <ele>747.2</ele>
    <time>2026-05-31T05:48:19Z</time>
   </trkpt>
   <trkpt lat="47.2786330" lon="11.2381700">
    <ele>747.3</ele>
    <time>2026-05-31T05:48:20Z</time>
   </trkpt>
   <trkpt lat="47.2786330" lon="11.2381590">
    <ele>747.4</ele>
    <time>2026-05-31T05:48:21Z</time>
   </trkpt>
   <trkpt lat="47.2786340" lon="11.2381490">
    <ele>747.4</ele>
    <time>2026-05-31T05:48:22Z</time>
   </trkpt>
   <trkpt lat="47.2786280" lon="11.2381370">
    <ele>747.6</ele>
    <time>2026-05-31T05:48:23Z</time>
   </trkpt>
   <trkpt lat="47.2786120" lon="11.2381260">
    <ele>747.8</ele>
    <time>2026-05-31T05:48:24Z</time>
   </trkpt>
   <trkpt lat="47.2786120" lon="11.2380970">
    <ele>748.1</ele>
    <time>2026-05-31T05:48:25Z</time>
   </trkpt>
   <trkpt lat="47.2786120" lon="11.2380840">
    <ele>748.3</ele>
    <time>2026-05-31T05:48:26Z</time>
   </trkpt>
   <trkpt lat="47.2786120" lon="11.2380700">
    <ele>748.4</ele>
    <time>2026-05-31T05:48:27Z</time>
   </trkpt>
   <trkpt lat="47.2786010" lon="11.2380550">
    <ele>748.6</ele>
    <time>2026-05-31T05:48:28Z</time>
   </trkpt>
   <trkpt lat="47.2785970" lon="11.2380340">
    <ele>748.9</ele>
    <time>2026-05-31T05:48:29Z</time>
   </trkpt>
   <trkpt lat="47.2786030" lon="11.2380190">
    <ele>749.1</ele>
    <time>2026-05-31T05:48:30Z</time>
   </trkpt>
   <trkpt lat="47.2785990" lon="11.2380080">
    <ele>749.2</ele>
    <time>2026-05-31T05:48:31Z</time>
   </trkpt>
   <trkpt lat="47.2785990" lon="11.2379970">
    <ele>749.3</ele>
    <time>2026-05-31T05:48:32Z</time>
   </trkpt>
   <trkpt lat="47.2786030" lon="11.2379850">
    <ele>749.5</ele>
    <time>2026-05-31T05:48:33Z</time>
   </trkpt>
   <trkpt lat="47.2786010" lon="11.2379580">
    <ele>749.8</ele>
    <time>2026-05-31T05:48:34Z</time>
   </trkpt>
   <trkpt lat="47.2786060" lon="11.2379400">
    <ele>750.0</ele>
    <time>2026-05-31T05:48:35Z</time>
   </trkpt>
   <trkpt lat="47.2786190" lon="11.2379070">
    <ele>750.5</ele>
    <time>2026-05-31T05:48:36Z</time>
   </trkpt>
   <trkpt lat="47.2786290" lon="11.2378950">
    <ele>750.7</ele>
    <time>2026-05-31T05:48:37Z</time>
   </trkpt>
   <trkpt lat="47.2786400" lon="11.2378970">
    <ele>750.9</ele>
    <time>2026-05-31T05:48:38Z</time>
   </trkpt>
   <trkpt lat="47.2786560" lon="11.2378960">
    <ele>751.2</ele>
    <time>2026-05-31T05:48:39Z</time>
   </trkpt>
   <trkpt lat="47.2786640" lon="11.2378800">
    <ele>751.4</ele>
    <time>2026-05-31T05:48:40Z</time>
   </trkpt>
   <trkpt lat="47.2786710" lon="11.2378750">
    <ele>751.5</ele>
    <time>2026-05-31T05:48:41Z</time>
   </trkpt>
   <trkpt lat="47.2786800" lon="11.2378680">
    <ele>751.7</ele>
    <time>2026-05-31T05:48:42Z</time>
   </trkpt>
   <trkpt lat="47.2786860" lon="11.2378630">
    <ele>751.8</ele>
    <time>2026-05-31T05:48:43Z</time>
   </trkpt>
   <trkpt lat="47.2786940" lon="11.2378580">
    <ele>752.0</ele>
    <time>2026-05-31T05:48:44Z</time>
   </trkpt>
   <trkpt lat="47.2786990" lon="11.2378440">
    <ele>752.2</ele>
    <time>2026-05-31T05:48:45Z</time>
   </trkpt>
   <trkpt lat="47.2787070" lon="11.2378340">
    <ele>752.3</ele>
    <time>2026-05-31T05:48:46Z</time>
   </trkpt>
   <trkpt lat="47.2787220" lon="11.2378200">
    <ele>752.6</ele>
    <time>2026-05-31T05:48:47Z</time>
   </trkpt>
   <trkpt lat="47.2787320" lon="11.2378150">
    <ele>752.8</ele>
    <time>2026-05-31T05:48:48Z</time>
   </trkpt>
   <trkpt lat="47.2787380" lon="11.2378090">
    <ele>752.9</ele>
    <time>2026-05-31T05:48:49Z</time>
   </trkpt>
   <trkpt lat="47.2787420" lon="11.2377930">
    <ele>753.1</ele>
    <time>2026-05-31T05:48:50Z</time>
   </trkpt>
   <trkpt lat="47.2787470" lon="11.2377830">
    <ele>753.2</ele>
    <time>2026-05-31T05:48:51Z</time>
   </trkpt>
   <trkpt lat="47.2787530" lon="11.2377780">
    <ele>753.3</ele>
    <time>2026-05-31T05:48:52Z</time>
   </trkpt>
   <trkpt lat="47.2787600" lon="11.2377770">
    <ele>753.4</ele>
    <time>2026-05-31T05:48:53Z</time>
   </trkpt>
   <trkpt lat="47.2787730" lon="11.2377630">
    <ele>753.6</ele>
    <time>2026-05-31T05:48:54Z</time>
   </trkpt>
   <trkpt lat="47.2787870" lon="11.2377590">
    <ele>753.8</ele>
    <time>2026-05-31T05:48:55Z</time>
   </trkpt>
   <trkpt lat="47.2788050" lon="11.2377650">
    <ele>754.1</ele>
    <time>2026-05-31T05:48:56Z</time>
   </trkpt>
   <trkpt lat="47.2788190" lon="11.2377640">
    <ele>754.3</ele>
    <time>2026-05-31T05:48:57Z</time>
   </trkpt>
   <trkpt lat="47.2788360" lon="11.2377600">
    <ele>754.6</ele>
    <time>2026-05-31T05:48:58Z</time>
   </trkpt>
   <trkpt lat="47.2788470" lon="11.2377600">
    <ele>754.7</ele>
    <time>2026-05-31T05:48:59Z</time>
   </trkpt>
   <trkpt lat="47.2788580" lon="11.2377600">
    <ele>754.9</ele>
    <time>2026-05-31T05:49:00Z</time>
   </trkpt>
   <trkpt lat="47.2788770" lon="11.2377500">
    <ele>755.2</ele>
    <time>2026-05-31T05:49:01Z</time>
   </trkpt>
   <trkpt lat="47.2788870" lon="11.2377480">
    <ele>755.4</ele>
    <time>2026-05-31T05:49:02Z</time>
   </trkpt>
   <trkpt lat="47.2788970" lon="11.2377450">
    <ele>755.6</ele>
    <time>2026-05-31T05:49:03Z</time>
   </trkpt>
   <trkpt lat="47.2789050" lon="11.2377300">
    <ele>755.8</ele>
    <time>2026-05-31T05:49:04Z</time>
   </trkpt>
   <trkpt lat="47.2789080" lon="11.2377400">
    <ele>755.9</ele>
    <time>2026-05-31T05:49:05Z</time>
   </trkpt>
   <trkpt lat="47.2789180" lon="11.2377440">
    <ele>756.0</ele>
    <time>2026-05-31T05:49:06Z</time>
   </trkpt>
   <trkpt lat="47.2789280" lon="11.2377380">
    <ele>756.2</ele>
    <time>2026-05-31T05:49:07Z</time>
   </trkpt>
   <trkpt lat="47.2789380" lon="11.2377480">
    <ele>756.4</ele>
    <time>2026-05-31T05:49:08Z</time>
   </trkpt>
   <trkpt lat="47.2789460" lon="11.2377490">
    <ele>756.5</ele>
    <time>2026-05-31T05:49:09Z</time>
   </trkpt>
   <trkpt lat="47.2789530" lon="11.2377510">
    <ele>756.6</ele>
    <time>2026-05-31T05:49:10Z</time>
   </trkpt>
   <trkpt lat="47.2789610" lon="11.2377520">
    <ele>756.8</ele>
    <time>2026-05-31T05:49:11Z</time>
   </trkpt>
   <trkpt lat="47.2789680" lon="11.2377540">
    <ele>756.9</ele>
    <time>2026-05-31T05:49:12Z</time>
   </trkpt>
   <trkpt lat="47.2789830" lon="11.2377420">
    <ele>757.1</ele>
    <time>2026-05-31T05:49:13Z</time>
   </trkpt>
   <trkpt lat="47.2789790" lon="11.2377300">
    <ele>757.3</ele>
    <time>2026-05-31T05:49:14Z</time>
   </trkpt>
   <trkpt lat="47.2789900" lon="11.2377290">
    <ele>757.5</ele>
    <time>2026-05-31T05:49:15Z</time>
   </trkpt>
   <trkpt lat="47.2790090" lon="11.2377170">
    <ele>757.8</ele>
    <time>2026-05-31T05:49:16Z</time>
   </trkpt>
   <trkpt lat="47.2790200" lon="11.2377110">
    <ele>757.9</ele>
    <time>2026-05-31T05:49:17Z</time>
   </trkpt>
   <trkpt lat="47.2790300" lon="11.2377050">
    <ele>758.1</ele>
    <time>2026-05-31T05:49:18Z</time>
   </trkpt>
   <trkpt lat="47.2790530" lon="11.2376660">
    <ele>758.4</ele>
    <time>2026-05-31T05:49:19Z</time>
   </trkpt>
   <trkpt lat="47.2790560" lon="11.2376480">
    <ele>758.4</ele>
    <time>2026-05-31T05:49:20Z</time>
   </trkpt>
   <trkpt lat="47.2790670" lon="11.2376270">
    <ele>758.5</ele>
    <time>2026-05-31T05:49:21Z</time>
   </trkpt>
   <trkpt lat="47.2790950" lon="11.2376070">
    <ele>758.5</ele>
    <time>2026-05-31T05:49:22Z</time>
   </trkpt>
   <trkpt lat="47.2791000" lon="11.2375950">
    <ele>758.5</ele>
    <time>2026-05-31T05:49:23Z</time>
   </trkpt>
   <trkpt lat="47.2791390" lon="11.2375800">
    <ele>758.5</ele>
    <time>2026-05-31T05:49:24Z</time>
   </trkpt>
   <trkpt lat="47.2791540" lon="11.2375760">
    <ele>758.5</ele>
    <time>2026-05-31T05:49:25Z</time>
   </trkpt>
   <trkpt lat="47.2791410" lon="11.2375730">
    <ele>758.5</ele>
    <time>2026-05-31T05:49:26Z</time>
   </trkpt>
   <trkpt lat="47.2791560" lon="11.2375740">
    <ele>758.6</ele>
    <time>2026-05-31T05:49:27Z</time>
   </trkpt>
   <trkpt lat="47.2791520" lon="11.2375800">
    <ele>758.5</ele>
    <time>2026-05-31T05:49:28Z</time>
   </trkpt>
   <trkpt lat="47.2791350" lon="11.2375690">
    <ele>758.5</ele>
    <time>2026-05-31T05:49:29Z</time>
   </trkpt>
   <trkpt lat="47.2791210" lon="11.2375620">
    <ele>758.5</ele>
    <time>2026-05-31T05:49:30Z</time>
   </trkpt>
   <trkpt lat="47.2791120" lon="11.2375590">
    <ele>758.5</ele>
    <time>2026-05-31T05:49:31Z</time>
   </trkpt>
   <trkpt lat="47.2791120" lon="11.2375590">
    <ele>758.5</ele>
    <time>2026-05-31T05:49:32Z</time>
   </trkpt>
   <trkpt lat="47.2791020" lon="11.2375620">
    <ele>758.5</ele>
    <time>2026-05-31T05:49:33Z</time>
   </trkpt>
   <trkpt lat="47.2791010" lon="11.2375620">
    <ele>758.5</ele>
    <time>2026-05-31T05:49:34Z</time>
   </trkpt>
   <trkpt lat="47.2790910" lon="11.2375660">
    <ele>758.5</ele>
    <time>2026-05-31T05:49:35Z</time>
   </trkpt>
   <trkpt lat="47.2790960" lon="11.2375620">
    <ele>758.5</ele>
    <time>2026-05-31T05:49:36Z</time>
   </trkpt>
   <trkpt lat="47.2790870" lon="11.2375680">
    <ele>758.5</ele>
    <time>2026-05-31T05:49:37Z</time>
   </trkpt>
   <trkpt lat="47.2790870" lon="11.2375680">
    <ele>758.5</ele>
    <time>2026-05-31T05:49:38Z</time>
   </trkpt>
   <trkpt lat="47.2790820" lon="11.2375670">
    <ele>758.5</ele>
    <time>2026-05-31T05:49:39Z</time>
   </trkpt>
   <trkpt lat="47.2790800" lon="11.2375710">
    <ele>758.5</ele>
    <time>2026-05-31T05:49:40Z</time>
   </trkpt>
   <trkpt lat="47.2790760" lon="11.2375660">
    <ele>758.5</ele>
    <time>2026-05-31T05:49:41Z</time>
   </trkpt>
   <trkpt lat="47.2790720" lon="11.2375650">
    <ele>758.5</ele>
    <time>2026-05-31T05:49:42Z</time>
   </trkpt>
   <trkpt lat="47.2790700" lon="11.2375660">
    <ele>758.5</ele>
    <time>2026-05-31T05:49:43Z</time>
   </trkpt>
   <trkpt lat="47.2790700" lon="11.2375660">
    <ele>758.5</ele>
    <time>2026-05-31T05:49:44Z</time>
   </trkpt>
   <trkpt lat="47.2790700" lon="11.2375660">
    <ele>758.5</ele>
    <time>2026-05-31T05:49:45Z</time>
   </trkpt>
   <trkpt lat="47.2790730" lon="11.2375700">
    <ele>758.5</ele>
    <time>2026-05-31T05:49:46Z</time>
   </trkpt>
   <trkpt lat="47.2790730" lon="11.2375680">
    <ele>758.5</ele>
    <time>2026-05-31T05:49:47Z</time>
   </trkpt>
   <trkpt lat="47.2790740" lon="11.2375580">
    <ele>758.5</ele>
    <time>2026-05-31T05:49:48Z</time>
   </trkpt>
   <trkpt lat="47.2790800" lon="11.2375620">
    <ele>758.7</ele>
    <time>2026-05-31T05:49:49Z</time>
   </trkpt>
   <trkpt lat="47.2790840" lon="11.2375720">
    <ele>758.9</ele>
    <time>2026-05-31T05:49:50Z</time>
   </trkpt>
   <trkpt lat="47.2790920" lon="11.2375860">
    <ele>759.2</ele>
    <time>2026-05-31T05:49:51Z</time>
   </trkpt>
   <trkpt lat="47.2790920" lon="11.2375990">
    <ele>759.4</ele>
    <time>2026-05-31T05:49:52Z</time>
   </trkpt>
   <trkpt lat="47.2791040" lon="11.2376160">
    <ele>759.8</ele>
    <time>2026-05-31T05:49:53Z</time>
   </trkpt>
   <trkpt lat="47.2791150" lon="11.2376200">
    <ele>760.1</ele>
    <time>2026-05-31T05:49:54Z</time>
   </trkpt>
   <trkpt lat="47.2791220" lon="11.2376240">
    <ele>760.3</ele>
    <time>2026-05-31T05:49:55Z</time>
   </trkpt>
   <trkpt lat="47.2791280" lon="11.2376280">
    <ele>760.4</ele>
    <time>2026-05-31T05:49:56Z</time>
   </trkpt>
   <trkpt lat="47.2791340" lon="11.2376320">
    <ele>760.6</ele>
    <time>2026-05-31T05:49:57Z</time>
   </trkpt>
   <trkpt lat="47.2791410" lon="11.2376360">
    <ele>760.8</ele>
    <time>2026-05-31T05:49:58Z</time>
   </trkpt>
   <trkpt lat="47.2791470" lon="11.2376400">
    <ele>760.9</ele>
    <time>2026-05-31T05:49:59Z</time>
   </trkpt>
   <trkpt lat="47.2791680" lon="11.2376170">
    <ele>761.6</ele>
    <time>2026-05-31T05:50:00Z</time>
   </trkpt>
   <trkpt lat="47.2791740" lon="11.2376000">
    <ele>761.9</ele>
    <time>2026-05-31T05:50:01Z</time>
   </trkpt>
   <trkpt lat="47.2791800" lon="11.2375830">
    <ele>762.3</ele>
    <time>2026-05-31T05:50:02Z</time>
   </trkpt>
   <trkpt lat="47.2791810" lon="11.2375800">
    <ele>762.3</ele>
    <time>2026-05-31T05:50:03Z</time>
   </trkpt>
   <trkpt lat="47.2791960" lon="11.2375570">
    <ele>762.9</ele>
    <time>2026-05-31T05:50:04Z</time>
   </trkpt>
   <trkpt lat="47.2792040" lon="11.2375570">
    <ele>763.1</ele>
    <time>2026-05-31T05:50:05Z</time>
   </trkpt>
   <trkpt lat="47.2792070" lon="11.2375560">
    <ele>763.2</ele>
    <time>2026-05-31T05:50:06Z</time>
   </trkpt>
   <trkpt lat="47.2792150" lon="11.2375600">
    <ele>763.4</ele>
    <time>2026-05-31T05:50:07Z</time>
   </trkpt>
   <trkpt lat="47.2792260" lon="11.2375640">
    <ele>763.7</ele>
    <time>2026-05-31T05:50:08Z</time>
   </trkpt>
   <trkpt lat="47.2792300" lon="11.2375650">
    <ele>763.8</ele>
    <time>2026-05-31T05:50:09Z</time>
   </trkpt>
   <trkpt lat="47.2792300" lon="11.2375590">
    <ele>763.9</ele>
    <time>2026-05-31T05:50:10Z</time>
   </trkpt>
   <trkpt lat="47.2792360" lon="11.2375530">
    <ele>764.1</ele>
    <time>2026-05-31T05:50:11Z</time>
   </trkpt>
   <trkpt lat="47.2792430" lon="11.2375520">
    <ele>764.3</ele>
    <time>2026-05-31T05:50:12Z</time>
   </trkpt>
   <trkpt lat="47.2792550" lon="11.2375400">
    <ele>764.7</ele>
    <time>2026-05-31T05:50:13Z</time>
   </trkpt>
   <trkpt lat="47.2792530" lon="11.2375090">
    <ele>765.3</ele>
    <time>2026-05-31T05:50:14Z</time>
   </trkpt>
   <trkpt lat="47.2792530" lon="11.2374930">
    <ele>765.6</ele>
    <time>2026-05-31T05:50:15Z</time>
   </trkpt>
   <trkpt lat="47.2792520" lon="11.2374780">
    <ele>765.9</ele>
    <time>2026-05-31T05:50:16Z</time>
   </trkpt>
   <trkpt lat="47.2792620" lon="11.2374690">
    <ele>766.2</ele>
    <time>2026-05-31T05:50:17Z</time>
   </trkpt>
   <trkpt lat="47.2792670" lon="11.2374570">
    <ele>766.4</ele>
    <time>2026-05-31T05:50:18Z</time>
   </trkpt>
   <trkpt lat="47.2792720" lon="11.2374450">
    <ele>766.7</ele>
    <time>2026-05-31T05:50:19Z</time>
   </trkpt>
   <trkpt lat="47.2792770" lon="11.2374330">
    <ele>767.0</ele>
    <time>2026-05-31T05:50:20Z</time>
   </trkpt>
   <trkpt lat="47.2792770" lon="11.2374240">
    <ele>767.1</ele>
    <time>2026-05-31T05:50:21Z</time>
   </trkpt>
   <trkpt lat="47.2792810" lon="11.2374080">
    <ele>767.5</ele>
    <time>2026-05-31T05:50:22Z</time>
   </trkpt>
   <trkpt lat="47.2792860" lon="11.2373840">
    <ele>768.0</ele>
    <time>2026-05-31T05:50:23Z</time>
   </trkpt>
   <trkpt lat="47.2792720" lon="11.2373690">
    <ele>768.5</ele>
    <time>2026-05-31T05:50:24Z</time>
   </trkpt>
   <trkpt lat="47.2792690" lon="11.2373630">
    <ele>768.6</ele>
    <time>2026-05-31T05:50:25Z</time>
   </trkpt>
   <trkpt lat="47.2792730" lon="11.2373500">
    <ele>768.9</ele>
    <time>2026-05-31T05:50:26Z</time>
   </trkpt>
   <trkpt lat="47.2792740" lon="11.2373360">
    <ele>769.2</ele>
    <time>2026-05-31T05:50:27Z</time>
   </trkpt>
   <trkpt lat="47.2792750" lon="11.2373260">
    <ele>769.4</ele>
    <time>2026-05-31T05:50:28Z</time>
   </trkpt>
   <trkpt lat="47.2792770" lon="11.2373150">
    <ele>769.6</ele>
    <time>2026-05-31T05:50:29Z</time>
   </trkpt>
   <trkpt lat="47.2792830" lon="11.2373160">
    <ele>769.8</ele>
    <time>2026-05-31T05:50:30Z</time>
   </trkpt>
   <trkpt lat="47.2792870" lon="11.2373070">
    <ele>770.0</ele>
    <time>2026-05-31T05:50:31Z</time>
   </trkpt>
   <trkpt lat="47.2792910" lon="11.2373000">
    <ele>770.2</ele>
    <time>2026-05-31T05:50:32Z</time>
   </trkpt>
   <trkpt lat="47.2792900" lon="11.2372870">
    <ele>770.4</ele>
    <time>2026-05-31T05:50:33Z</time>
   </trkpt>
   <trkpt lat="47.2792930" lon="11.2372940">
    <ele>770.6</ele>
    <time>2026-05-31T05:50:34Z</time>
   </trkpt>
   <trkpt lat="47.2792960" lon="11.2372960">
    <ele>770.7</ele>
    <time>2026-05-31T05:50:35Z</time>
   </trkpt>
   <trkpt lat="47.2793060" lon="11.2372700">
    <ele>771.3</ele>
    <time>2026-05-31T05:50:36Z</time>
   </trkpt>
   <trkpt lat="47.2793100" lon="11.2372620">
    <ele>771.5</ele>
    <time>2026-05-31T05:50:37Z</time>
   </trkpt>
   <trkpt lat="47.2793120" lon="11.2372650">
    <ele>771.6</ele>
    <time>2026-05-31T05:50:38Z</time>
   </trkpt>
   <trkpt lat="47.2793130" lon="11.2372590">
    <ele>771.7</ele>
    <time>2026-05-31T05:50:39Z</time>
   </trkpt>
   <trkpt lat="47.2793090" lon="11.2372540">
    <ele>771.7</ele>
    <time>2026-05-31T05:50:40Z</time>
   </trkpt>
   <trkpt lat="47.2793010" lon="11.2372470">
    <ele>771.9</ele>
    <time>2026-05-31T05:50:41Z</time>
   </trkpt>
   <trkpt lat="47.2793040" lon="11.2372360">
    <ele>772.0</ele>
    <time>2026-05-31T05:50:42Z</time>
   </trkpt>
   <trkpt lat="47.2793090" lon="11.2372200">
    <ele>772.1</ele>
    <time>2026-05-31T05:50:43Z</time>
   </trkpt>
   <trkpt lat="47.2793090" lon="11.2372290">
    <ele>772.2</ele>
    <time>2026-05-31T05:50:44Z</time>
   </trkpt>
   <trkpt lat="47.2793090" lon="11.2372300">
    <ele>772.2</ele>
    <time>2026-05-31T05:50:45Z</time>
   </trkpt>
   <trkpt lat="47.2793080" lon="11.2372300">
    <ele>772.2</ele>
    <time>2026-05-31T05:50:46Z</time>
   </trkpt>
   <trkpt lat="47.2793120" lon="11.2372260">
    <ele>772.3</ele>
    <time>2026-05-31T05:50:47Z</time>
   </trkpt>
   <trkpt lat="47.2793120" lon="11.2372210">
    <ele>772.3</ele>
    <time>2026-05-31T05:50:48Z</time>
   </trkpt>
   <trkpt lat="47.2793120" lon="11.2372220">
    <ele>772.4</ele>
    <time>2026-05-31T05:50:49Z</time>
   </trkpt>
   <trkpt lat="47.2793140" lon="11.2372290">
    <ele>772.4</ele>
    <time>2026-05-31T05:50:50Z</time>
   </trkpt>
   <trkpt lat="47.2793140" lon="11.2372320">
    <ele>772.5</ele>
    <time>2026-05-31T05:50:51Z</time>
   </trkpt>
   <trkpt lat="47.2793220" lon="11.2372360">
    <ele>772.6</ele>
    <time>2026-05-31T05:50:52Z</time>
   </trkpt>
   <trkpt lat="47.2793210" lon="11.2372360">
    <ele>772.6</ele>
    <time>2026-05-31T05:50:53Z</time>
   </trkpt>
   <trkpt lat="47.2793220" lon="11.2372390">
    <ele>772.6</ele>
    <time>2026-05-31T05:50:54Z</time>
   </trkpt>
   <trkpt lat="47.2793210" lon="11.2372440">
    <ele>772.7</ele>
    <time>2026-05-31T05:50:55Z</time>
   </trkpt>
   <trkpt lat="47.2793190" lon="11.2372400">
    <ele>772.7</ele>
    <time>2026-05-31T05:50:56Z</time>
   </trkpt>
   <trkpt lat="47.2793190" lon="11.2372390">
    <ele>772.7</ele>
    <time>2026-05-31T05:50:57Z</time>
   </trkpt>
   <trkpt lat="47.2793170" lon="11.2372370">
    <ele>772.7</ele>
    <time>2026-05-31T05:50:58Z</time>
   </trkpt>
   <trkpt lat="47.2793160" lon="11.2372290">
    <ele>772.8</ele>
    <time>2026-05-31T05:50:59Z</time>
   </trkpt>
   <trkpt lat="47.2793160" lon="11.2372310">
    <ele>772.8</ele>
    <time>2026-05-31T05:51:00Z</time>
   </trkpt>
   <trkpt lat="47.2793160" lon="11.2372310">
    <ele>772.8</ele>
    <time>2026-05-31T05:51:01Z</time>
   </trkpt>
   <trkpt lat="47.2793160" lon="11.2372310">
    <ele>772.8</ele>
    <time>2026-05-31T05:51:02Z</time>
   </trkpt>
   <trkpt lat="47.2793160" lon="11.2372310">
    <ele>772.8</ele>
    <time>2026-05-31T05:51:03Z</time>
   </trkpt>
   <trkpt lat="47.2793160" lon="11.2372310">
    <ele>772.8</ele>
    <time>2026-05-31T05:51:04Z</time>
   </trkpt>
   <trkpt lat="47.2793160" lon="11.2372310">
    <ele>772.8</ele>
    <time>2026-05-31T05:51:05Z</time>
   </trkpt>
   <trkpt lat="47.2793030" lon="11.2371960">
    <ele>773.2</ele>
    <time>2026-05-31T05:51:06Z</time>
   </trkpt>
   <trkpt lat="47.2793060" lon="11.2371940">
    <ele>773.3</ele>
    <time>2026-05-31T05:51:07Z</time>
   </trkpt>
   <trkpt lat="47.2793080" lon="11.2371920">
    <ele>773.3</ele>
    <time>2026-05-31T05:51:08Z</time>
   </trkpt>
   <trkpt lat="47.2793080" lon="11.2371930">
    <ele>773.3</ele>
    <time>2026-05-31T05:51:09Z</time>
   </trkpt>
   <trkpt lat="47.2793080" lon="11.2371930">
    <ele>773.3</ele>
    <time>2026-05-31T05:51:10Z</time>
   </trkpt>
   <trkpt lat="47.2793080" lon="11.2371930">
    <ele>773.3</ele>
    <time>2026-05-31T05:51:11Z</time>
   </trkpt>
   <trkpt lat="47.2793080" lon="11.2371930">
    <ele>773.3</ele>
    <time>2026-05-31T05:51:12Z</time>
   </trkpt>
   <trkpt lat="47.2793170" lon="11.2371940">
    <ele>773.4</ele>
    <time>2026-05-31T05:51:13Z</time>
   </trkpt>
   <trkpt lat="47.2793170" lon="11.2371940">
    <ele>773.4</ele>
    <time>2026-05-31T05:51:14Z</time>
   </trkpt>
   <trkpt lat="47.2793170" lon="11.2371900">
    <ele>773.5</ele>
    <time>2026-05-31T05:51:15Z</time>
   </trkpt>
   <trkpt lat="47.2793120" lon="11.2371870">
    <ele>773.5</ele>
    <time>2026-05-31T05:51:16Z</time>
   </trkpt>
   <trkpt lat="47.2793080" lon="11.2371750">
    <ele>773.7</ele>
    <time>2026-05-31T05:51:17Z</time>
   </trkpt>
   <trkpt lat="47.2793050" lon="11.2371670">
    <ele>773.7</ele>
    <time>2026-05-31T05:51:18Z</time>
   </trkpt>
   <trkpt lat="47.2792970" lon="11.2371610">
    <ele>773.9</ele>
    <time>2026-05-31T05:51:19Z</time>
   </trkpt>
   <trkpt lat="47.2792840" lon="11.2371570">
    <ele>774.0</ele>
    <time>2026-05-31T05:51:20Z</time>
   </trkpt>
   <trkpt lat="47.2792800" lon="11.2371580">
    <ele>774.1</ele>
    <time>2026-05-31T05:51:21Z</time>
   </trkpt>
   <trkpt lat="47.2792720" lon="11.2371720">
    <ele>774.3</ele>
    <time>2026-05-31T05:51:22Z</time>
   </trkpt>
   <trkpt lat="47.2792510" lon="11.2371570">
    <ele>774.6</ele>
    <time>2026-05-31T05:51:23Z</time>
   </trkpt>
   <trkpt lat="47.2792390" lon="11.2371910">
    <ele>775.0</ele>
    <time>2026-05-31T05:51:24Z</time>
   </trkpt>
   <trkpt lat="47.2792300" lon="11.2372030">
    <ele>775.1</ele>
    <time>2026-05-31T05:51:25Z</time>
   </trkpt>
   <trkpt lat="47.2792170" lon="11.2372190">
    <ele>775.4</ele>
    <time>2026-05-31T05:51:26Z</time>
   </trkpt>
   <trkpt lat="47.2792130" lon="11.2372260">
    <ele>775.5</ele>
    <time>2026-05-31T05:51:27Z</time>
   </trkpt>
   <trkpt lat="47.2792080" lon="11.2372340">
    <ele>775.6</ele>
    <time>2026-05-31T05:51:28Z</time>
   </trkpt>
   <trkpt lat="47.2792030" lon="11.2372410">
    <ele>775.7</ele>
    <time>2026-05-31T05:51:29Z</time>
   </trkpt>
   <trkpt lat="47.2791890" lon="11.2372660">
    <ele>776.0</ele>
    <time>2026-05-31T05:51:30Z</time>
   </trkpt>
   <trkpt lat="47.2791790" lon="11.2372760">
    <ele>776.2</ele>
    <time>2026-05-31T05:51:31Z</time>
   </trkpt>
   <trkpt lat="47.2791680" lon="11.2372870">
    <ele>776.4</ele>
    <time>2026-05-31T05:51:32Z</time>
   </trkpt>
   <trkpt lat="47.2791650" lon="11.2372400">
    <ele>776.9</ele>
    <time>2026-05-31T05:51:33Z</time>
   </trkpt>
   <trkpt lat="47.2791650" lon="11.2372310">
    <ele>777.0</ele>
    <time>2026-05-31T05:51:34Z</time>
   </trkpt>
   <trkpt lat="47.2791560" lon="11.2372200">
    <ele>777.2</ele>
    <time>2026-05-31T05:51:35Z</time>
   </trkpt>
   <trkpt lat="47.2791420" lon="11.2371980">
    <ele>777.6</ele>
    <time>2026-05-31T05:51:36Z</time>
   </trkpt>
   <trkpt lat="47.2791540" lon="11.2371920">
    <ele>777.8</ele>
    <time>2026-05-31T05:51:37Z</time>
   </trkpt>
   <trkpt lat="47.2791490" lon="11.2371980">
    <ele>777.9</ele>
    <time>2026-05-31T05:51:38Z</time>
   </trkpt>
   <trkpt lat="47.2791560" lon="11.2371660">
    <ele>778.3</ele>
    <time>2026-05-31T05:51:39Z</time>
   </trkpt>
   <trkpt lat="47.2791630" lon="11.2371620">
    <ele>778.4</ele>
    <time>2026-05-31T05:51:40Z</time>
   </trkpt>
   <trkpt lat="47.2791650" lon="11.2371580">
    <ele>778.5</ele>
    <time>2026-05-31T05:51:41Z</time>
   </trkpt>
   <trkpt lat="47.2791660" lon="11.2371540">
    <ele>778.5</ele>
    <time>2026-05-31T05:51:42Z</time>
   </trkpt>
   <trkpt lat="47.2791630" lon="11.2371530">
    <ele>778.6</ele>
    <time>2026-05-31T05:51:43Z</time>
   </trkpt>
   <trkpt lat="47.2791570" lon="11.2371260">
    <ele>778.9</ele>
    <time>2026-05-31T05:51:44Z</time>
   </trkpt>
   <trkpt lat="47.2791520" lon="11.2371160">
    <ele>779.0</ele>
    <time>2026-05-31T05:51:45Z</time>
   </trkpt>
   <trkpt lat="47.2791530" lon="11.2371030">
    <ele>779.2</ele>
    <time>2026-05-31T05:51:46Z</time>
   </trkpt>
   <trkpt lat="47.2791620" lon="11.2370900">
    <ele>779.4</ele>
    <time>2026-05-31T05:51:47Z</time>
   </trkpt>
   <trkpt lat="47.2791610" lon="11.2370720">
    <ele>779.6</ele>
    <time>2026-05-31T05:51:48Z</time>
   </trkpt>
   <trkpt lat="47.2791590" lon="11.2370680">
    <ele>779.7</ele>
    <time>2026-05-31T05:51:49Z</time>
   </trkpt>
   <trkpt lat="47.2791650" lon="11.2370460">
    <ele>779.9</ele>
    <time>2026-05-31T05:51:50Z</time>
   </trkpt>
   <trkpt lat="47.2791680" lon="11.2370280">
    <ele>780.1</ele>
    <time>2026-05-31T05:51:51Z</time>
   </trkpt>
   <trkpt lat="47.2791790" lon="11.2370130">
    <ele>780.4</ele>
    <time>2026-05-31T05:51:52Z</time>
   </trkpt>
   <trkpt lat="47.2791800" lon="11.2370040">
    <ele>780.5</ele>
    <time>2026-05-31T05:51:53Z</time>
   </trkpt>
   <trkpt lat="47.2791800" lon="11.2369870">
    <ele>780.6</ele>
    <time>2026-05-31T05:51:54Z</time>
   </trkpt>
   <trkpt lat="47.2791860" lon="11.2369590">
    <ele>781.0</ele>
    <time>2026-05-31T05:51:55Z</time>
   </trkpt>
   <trkpt lat="47.2791860" lon="11.2369440">
    <ele>781.1</ele>
    <time>2026-05-31T05:51:56Z</time>
   </trkpt>
   <trkpt lat="47.2791860" lon="11.2369300">
    <ele>781.3</ele>
    <time>2026-05-31T05:51:57Z</time>
   </trkpt>
   <trkpt lat="47.2791930" lon="11.2368990">
    <ele>781.6</ele>
    <time>2026-05-31T05:51:58Z</time>
   </trkpt>
   <trkpt lat="47.2791970" lon="11.2368780">
    <ele>781.8</ele>
    <time>2026-05-31T05:51:59Z</time>
   </trkpt>
   <trkpt lat="47.2792040" lon="11.2368580">
    <ele>782.0</ele>
    <time>2026-05-31T05:52:00Z</time>
   </trkpt>
   <trkpt lat="47.2792080" lon="11.2368440">
    <ele>782.2</ele>
    <time>2026-05-31T05:52:01Z</time>
   </trkpt>
   <trkpt lat="47.2792070" lon="11.2368350">
    <ele>782.3</ele>
    <time>2026-05-31T05:52:02Z</time>
   </trkpt>
   <trkpt lat="47.2792140" lon="11.2368090">
    <ele>782.6</ele>
    <time>2026-05-31T05:52:03Z</time>
   </trkpt>
   <trkpt lat="47.2792110" lon="11.2367990">
    <ele>782.7</ele>
    <time>2026-05-31T05:52:04Z</time>
   </trkpt>
   <trkpt lat="47.2792080" lon="11.2367880">
    <ele>782.8</ele>
    <time>2026-05-31T05:52:05Z</time>
   </trkpt>
   <trkpt lat="47.2792050" lon="11.2367780">
    <ele>782.9</ele>
    <time>2026-05-31T05:52:06Z</time>
   </trkpt>
   <trkpt lat="47.2792100" lon="11.2367560">
    <ele>783.1</ele>
    <time>2026-05-31T05:52:07Z</time>
   </trkpt>
   <trkpt lat="47.2792180" lon="11.2367580">
    <ele>783.3</ele>
    <time>2026-05-31T05:52:08Z</time>
   </trkpt>
   <trkpt lat="47.2792180" lon="11.2367400">
    <ele>783.4</ele>
    <time>2026-05-31T05:52:09Z</time>
   </trkpt>
   <trkpt lat="47.2792200" lon="11.2367260">
    <ele>783.6</ele>
    <time>2026-05-31T05:52:10Z</time>
   </trkpt>
   <trkpt lat="47.2792180" lon="11.2367010">
    <ele>783.9</ele>
    <time>2026-05-31T05:52:11Z</time>
   </trkpt>
   <trkpt lat="47.2792070" lon="11.2366990">
    <ele>784.1</ele>
    <time>2026-05-31T05:52:12Z</time>
   </trkpt>
   <trkpt lat="47.2792110" lon="11.2367090">
    <ele>784.2</ele>
    <time>2026-05-31T05:52:13Z</time>
   </trkpt>
   <trkpt lat="47.2792090" lon="11.2367110">
    <ele>784.2</ele>
    <time>2026-05-31T05:52:14Z</time>
   </trkpt>
   <trkpt lat="47.2792080" lon="11.2367140">
    <ele>784.3</ele>
    <time>2026-05-31T05:52:15Z</time>
   </trkpt>
   <trkpt lat="47.2792040" lon="11.2367240">
    <ele>784.4</ele>
    <time>2026-05-31T05:52:16Z</time>
   </trkpt>
   <trkpt lat="47.2792080" lon="11.2367380">
    <ele>784.6</ele>
    <time>2026-05-31T05:52:17Z</time>
   </trkpt>
   <trkpt lat="47.2792140" lon="11.2367470">
    <ele>784.7</ele>
    <time>2026-05-31T05:52:18Z</time>
   </trkpt>
   <trkpt lat="47.2792200" lon="11.2367540">
    <ele>784.9</ele>
    <time>2026-05-31T05:52:19Z</time>
   </trkpt>
   <trkpt lat="47.2792300" lon="11.2367740">
    <ele>785.2</ele>
    <time>2026-05-31T05:52:20Z</time>
   </trkpt>
   <trkpt lat="47.2792320" lon="11.2367920">
    <ele>785.4</ele>
    <time>2026-05-31T05:52:21Z</time>
   </trkpt>
   <trkpt lat="47.2792160" lon="11.2368200">
    <ele>785.9</ele>
    <time>2026-05-31T05:52:22Z</time>
   </trkpt>
   <trkpt lat="47.2792370" lon="11.2368200">
    <ele>786.3</ele>
    <time>2026-05-31T05:52:23Z</time>
   </trkpt>
   <trkpt lat="47.2792430" lon="11.2368100">
    <ele>786.5</ele>
    <time>2026-05-31T05:52:24Z</time>
   </trkpt>
   <trkpt lat="47.2792500" lon="11.2367990">
    <ele>786.7</ele>
    <time>2026-05-31T05:52:25Z</time>
   </trkpt>
   <trkpt lat="47.2792560" lon="11.2367880">
    <ele>786.8</ele>
    <time>2026-05-31T05:52:26Z</time>
   </trkpt>
   <trkpt lat="47.2792600" lon="11.2367760">
    <ele>787.0</ele>
    <time>2026-05-31T05:52:27Z</time>
   </trkpt>
   <trkpt lat="47.2792670" lon="11.2367750">
    <ele>787.1</ele>
    <time>2026-05-31T05:52:28Z</time>
   </trkpt>
   <trkpt lat="47.2792740" lon="11.2367940">
    <ele>787.5</ele>
    <time>2026-05-31T05:52:29Z</time>
   </trkpt>
   <trkpt lat="47.2792770" lon="11.2367930">
    <ele>787.6</ele>
    <time>2026-05-31T05:52:30Z</time>
   </trkpt>
   <trkpt lat="47.2792790" lon="11.2368050">
    <ele>787.8</ele>
    <time>2026-05-31T05:52:31Z</time>
   </trkpt>
   <trkpt lat="47.2792780" lon="11.2368160">
    <ele>788.0</ele>
    <time>2026-05-31T05:52:32Z</time>
   </trkpt>
   <trkpt lat="47.2792860" lon="11.2368370">
    <ele>788.4</ele>
    <time>2026-05-31T05:52:33Z</time>
   </trkpt>
   <trkpt lat="47.2792880" lon="11.2368480">
    <ele>788.6</ele>
    <time>2026-05-31T05:52:34Z</time>
   </trkpt>
   <trkpt lat="47.2792910" lon="11.2368580">
    <ele>788.7</ele>
    <time>2026-05-31T05:52:35Z</time>
   </trkpt>
   <trkpt lat="47.2792930" lon="11.2368690">
    <ele>788.9</ele>
    <time>2026-05-31T05:52:36Z</time>
   </trkpt>
   <trkpt lat="47.2792960" lon="11.2368900">
    <ele>789.3</ele>
    <time>2026-05-31T05:52:37Z</time>
   </trkpt>
   <trkpt lat="47.2793050" lon="11.2368940">
    <ele>789.5</ele>
    <time>2026-05-31T05:52:38Z</time>
   </trkpt>
   <trkpt lat="47.2793110" lon="11.2369020">
    <ele>789.7</ele>
    <time>2026-05-31T05:52:39Z</time>
   </trkpt>
   <trkpt lat="47.2793110" lon="11.2369150">
    <ele>789.9</ele>
    <time>2026-05-31T05:52:40Z</time>
   </trkpt>
   <trkpt lat="47.2793210" lon="11.2369330">
    <ele>790.3</ele>
    <time>2026-05-31T05:52:41Z</time>
   </trkpt>
   <trkpt lat="47.2793330" lon="11.2369370">
    <ele>790.5</ele>
    <time>2026-05-31T05:52:42Z</time>
   </trkpt>
   <trkpt lat="47.2793510" lon="11.2369650">
    <ele>791.0</ele>
    <time>2026-05-31T05:52:43Z</time>
   </trkpt>
   <trkpt lat="47.2793550" lon="11.2369720">
    <ele>791.2</ele>
    <time>2026-05-31T05:52:44Z</time>
   </trkpt>
   <trkpt lat="47.2793600" lon="11.2369800">
    <ele>791.3</ele>
    <time>2026-05-31T05:52:45Z</time>
   </trkpt>
   <trkpt lat="47.2793700" lon="11.2369890">
    <ele>791.5</ele>
    <time>2026-05-31T05:52:46Z</time>
   </trkpt>
   <trkpt lat="47.2793920" lon="11.2369910">
    <ele>791.9</ele>
    <time>2026-05-31T05:52:47Z</time>
   </trkpt>
   <trkpt lat="47.2794110" lon="11.2369860">
    <ele>792.2</ele>
    <time>2026-05-31T05:52:48Z</time>
   </trkpt>
   <trkpt lat="47.2794200" lon="11.2369800">
    <ele>792.4</ele>
    <time>2026-05-31T05:52:49Z</time>
   </trkpt>
   <trkpt lat="47.2794390" lon="11.2369670">
    <ele>792.7</ele>
    <time>2026-05-31T05:52:50Z</time>
   </trkpt>
   <trkpt lat="47.2794490" lon="11.2369640">
    <ele>792.8</ele>
    <time>2026-05-31T05:52:51Z</time>
   </trkpt>
   <trkpt lat="47.2794590" lon="11.2369610">
    <ele>793.0</ele>
    <time>2026-05-31T05:52:52Z</time>
   </trkpt>
   <trkpt lat="47.2794840" lon="11.2369550">
    <ele>793.3</ele>
    <time>2026-05-31T05:52:53Z</time>
   </trkpt>
   <trkpt lat="47.2794930" lon="11.2369540">
    <ele>793.4</ele>
    <time>2026-05-31T05:52:54Z</time>
   </trkpt>
   <trkpt lat="47.2795030" lon="11.2369530">
    <ele>793.5</ele>
    <time>2026-05-31T05:52:55Z</time>
   </trkpt>
   <trkpt lat="47.2795140" lon="11.2369400">
    <ele>793.7</ele>
    <time>2026-05-31T05:52:56Z</time>
   </trkpt>
   <trkpt lat="47.2795270" lon="11.2369280">
    <ele>793.8</ele>
    <time>2026-05-31T05:52:57Z</time>
   </trkpt>
   <trkpt lat="47.2795400" lon="11.2369230">
    <ele>794.0</ele>
    <time>2026-05-31T05:52:58Z</time>
   </trkpt>
   <trkpt lat="47.2795630" lon="11.2369250">
    <ele>794.2</ele>
    <time>2026-05-31T05:52:59Z</time>
   </trkpt>
   <trkpt lat="47.2795770" lon="11.2369150">
    <ele>794.3</ele>
    <time>2026-05-31T05:53:00Z</time>
   </trkpt>
   <trkpt lat="47.2795840" lon="11.2368980">
    <ele>794.4</ele>
    <time>2026-05-31T05:53:01Z</time>
   </trkpt>
   <trkpt lat="47.2795940" lon="11.2368850">
    <ele>794.6</ele>
    <time>2026-05-31T05:53:02Z</time>
   </trkpt>
   <trkpt lat="47.2796080" lon="11.2368700">
    <ele>794.7</ele>
    <time>2026-05-31T05:53:03Z</time>
   </trkpt>
   <trkpt lat="47.2796190" lon="11.2368450">
    <ele>794.9</ele>
    <time>2026-05-31T05:53:04Z</time>
   </trkpt>
   <trkpt lat="47.2796220" lon="11.2368320">
    <ele>794.9</ele>
    <time>2026-05-31T05:53:05Z</time>
   </trkpt>
   <trkpt lat="47.2796240" lon="11.2368190">
    <ele>795.0</ele>
    <time>2026-05-31T05:53:06Z</time>
   </trkpt>
   <trkpt lat="47.2796260" lon="11.2368060">
    <ele>795.1</ele>
    <time>2026-05-31T05:53:07Z</time>
   </trkpt>
   <trkpt lat="47.2796240" lon="11.2368030">
    <ele>795.1</ele>
    <time>2026-05-31T05:53:08Z</time>
   </trkpt>
   <trkpt lat="47.2796250" lon="11.2367660">
    <ele>795.3</ele>
    <time>2026-05-31T05:53:09Z</time>
   </trkpt>
   <trkpt lat="47.2796320" lon="11.2367320">
    <ele>795.5</ele>
    <time>2026-05-31T05:53:10Z</time>
   </trkpt>
   <trkpt lat="47.2796380" lon="11.2367210">
    <ele>795.6</ele>
    <time>2026-05-31T05:53:11Z</time>
   </trkpt>
   <trkpt lat="47.2796450" lon="11.2367100">
    <ele>795.7</ele>
    <time>2026-05-31T05:53:12Z</time>
   </trkpt>
   <trkpt lat="47.2796560" lon="11.2366810">
    <ele>795.9</ele>
    <time>2026-05-31T05:53:13Z</time>
   </trkpt>
   <trkpt lat="47.2796620" lon="11.2366680">
    <ele>796.0</ele>
    <time>2026-05-31T05:53:14Z</time>
   </trkpt>
   <trkpt lat="47.2796670" lon="11.2366550">
    <ele>796.2</ele>
    <time>2026-05-31T05:53:15Z</time>
   </trkpt>
   <trkpt lat="47.2796720" lon="11.2366420">
    <ele>796.3</ele>
    <time>2026-05-31T05:53:16Z</time>
   </trkpt>
   <trkpt lat="47.2796840" lon="11.2366170">
    <ele>796.5</ele>
    <time>2026-05-31T05:53:17Z</time>
   </trkpt>
   <trkpt lat="47.2796860" lon="11.2366000">
    <ele>796.7</ele>
    <time>2026-05-31T05:53:18Z</time>
   </trkpt>
   <trkpt lat="47.2797000" lon="11.2365650">
    <ele>797.0</ele>
    <time>2026-05-31T05:53:19Z</time>
   </trkpt>
   <trkpt lat="47.2797050" lon="11.2365540">
    <ele>797.1</ele>
    <time>2026-05-31T05:53:20Z</time>
   </trkpt>
   <trkpt lat="47.2797110" lon="11.2365430">
    <ele>797.3</ele>
    <time>2026-05-31T05:53:21Z</time>
   </trkpt>
   <trkpt lat="47.2797290" lon="11.2365210">
    <ele>797.6</ele>
    <time>2026-05-31T05:53:22Z</time>
   </trkpt>
   <trkpt lat="47.2797210" lon="11.2365070">
    <ele>797.8</ele>
    <time>2026-05-31T05:53:23Z</time>
   </trkpt>
   <trkpt lat="47.2797200" lon="11.2364950">
    <ele>798.0</ele>
    <time>2026-05-31T05:53:24Z</time>
   </trkpt>
   <trkpt lat="47.2797310" lon="11.2364830">
    <ele>798.2</ele>
    <time>2026-05-31T05:53:25Z</time>
   </trkpt>
   <trkpt lat="47.2797310" lon="11.2364780">
    <ele>798.3</ele>
    <time>2026-05-31T05:53:26Z</time>
   </trkpt>
   <trkpt lat="47.2797460" lon="11.2364570">
    <ele>798.6</ele>
    <time>2026-05-31T05:53:27Z</time>
   </trkpt>
   <trkpt lat="47.2797490" lon="11.2364380">
    <ele>798.9</ele>
    <time>2026-05-31T05:53:28Z</time>
   </trkpt>
   <trkpt lat="47.2797510" lon="11.2364190">
    <ele>799.1</ele>
    <time>2026-05-31T05:53:29Z</time>
   </trkpt>
   <trkpt lat="47.2797460" lon="11.2364150">
    <ele>799.2</ele>
    <time>2026-05-31T05:53:30Z</time>
   </trkpt>
   <trkpt lat="47.2797460" lon="11.2364010">
    <ele>799.4</ele>
    <time>2026-05-31T05:53:31Z</time>
   </trkpt>
   <trkpt lat="47.2797610" lon="11.2363840">
    <ele>799.8</ele>
    <time>2026-05-31T05:53:32Z</time>
   </trkpt>
   <trkpt lat="47.2797550" lon="11.2363780">
    <ele>799.9</ele>
    <time>2026-05-31T05:53:33Z</time>
   </trkpt>
   <trkpt lat="47.2797590" lon="11.2363290">
    <ele>800.6</ele>
    <time>2026-05-31T05:53:34Z</time>
   </trkpt>
   <trkpt lat="47.2797750" lon="11.2362900">
    <ele>801.3</ele>
    <time>2026-05-31T05:53:35Z</time>
   </trkpt>
   <trkpt lat="47.2797820" lon="11.2362790">
    <ele>801.5</ele>
    <time>2026-05-31T05:53:36Z</time>
   </trkpt>
   <trkpt lat="47.2797970" lon="11.2362520">
    <ele>802.0</ele>
    <time>2026-05-31T05:53:37Z</time>
   </trkpt>
   <trkpt lat="47.2798000" lon="11.2362380">
    <ele>802.2</ele>
    <time>2026-05-31T05:53:38Z</time>
   </trkpt>
   <trkpt lat="47.2798040" lon="11.2362250">
    <ele>802.5</ele>
    <time>2026-05-31T05:53:39Z</time>
   </trkpt>
   <trkpt lat="47.2798050" lon="11.2361920">
    <ele>803.0</ele>
    <time>2026-05-31T05:53:40Z</time>
   </trkpt>
   <trkpt lat="47.2798090" lon="11.2361760">
    <ele>803.2</ele>
    <time>2026-05-31T05:53:41Z</time>
   </trkpt>
   <trkpt lat="47.2798110" lon="11.2361590">
    <ele>803.5</ele>
    <time>2026-05-31T05:53:42Z</time>
   </trkpt>
   <trkpt lat="47.2798180" lon="11.2361470">
    <ele>803.7</ele>
    <time>2026-05-31T05:53:43Z</time>
   </trkpt>
   <trkpt lat="47.2798230" lon="11.2361420">
    <ele>803.9</ele>
    <time>2026-05-31T05:53:44Z</time>
   </trkpt>
   <trkpt lat="47.2798350" lon="11.2361470">
    <ele>804.2</ele>
    <time>2026-05-31T05:53:45Z</time>
   </trkpt>
   <trkpt lat="47.2798430" lon="11.2361410">
    <ele>804.4</ele>
    <time>2026-05-31T05:53:46Z</time>
   </trkpt>
   <trkpt lat="47.2798500" lon="11.2361220">
    <ele>804.7</ele>
    <time>2026-05-31T05:53:47Z</time>
   </trkpt>
   <trkpt lat="47.2798540" lon="11.2361090">
    <ele>804.9</ele>
    <time>2026-05-31T05:53:48Z</time>
   </trkpt>
   <trkpt lat="47.2798680" lon="11.2361070">
    <ele>805.2</ele>
    <time>2026-05-31T05:53:49Z</time>
   </trkpt>
   <trkpt lat="47.2798780" lon="11.2361070">
    <ele>805.4</ele>
    <time>2026-05-31T05:53:50Z</time>
   </trkpt>
   <trkpt lat="47.2798800" lon="11.2361100">
    <ele>805.5</ele>
    <time>2026-05-31T05:53:51Z</time>
   </trkpt>
   <trkpt lat="47.2798870" lon="11.2361140">
    <ele>805.7</ele>
    <time>2026-05-31T05:53:52Z</time>
   </trkpt>
   <trkpt lat="47.2798790" lon="11.2361170">
    <ele>805.9</ele>
    <time>2026-05-31T05:53:53Z</time>
   </trkpt>
   <trkpt lat="47.2798840" lon="11.2360910">
    <ele>806.2</ele>
    <time>2026-05-31T05:53:54Z</time>
   </trkpt>
   <trkpt lat="47.2798910" lon="11.2360790">
    <ele>806.5</ele>
    <time>2026-05-31T05:53:55Z</time>
   </trkpt>
   <trkpt lat="47.2799050" lon="11.2360700">
    <ele>806.8</ele>
    <time>2026-05-31T05:53:56Z</time>
   </trkpt>
   <trkpt lat="47.2799090" lon="11.2360650">
    <ele>806.9</ele>
    <time>2026-05-31T05:53:57Z</time>
   </trkpt>
   <trkpt lat="47.2799150" lon="11.2360590">
    <ele>807.1</ele>
    <time>2026-05-31T05:53:58Z</time>
   </trkpt>
   <trkpt lat="47.2799220" lon="11.2360500">
    <ele>807.3</ele>
    <time>2026-05-31T05:53:59Z</time>
   </trkpt>
   <trkpt lat="47.2799280" lon="11.2360450">
    <ele>807.4</ele>
    <time>2026-05-31T05:54:00Z</time>
   </trkpt>
   <trkpt lat="47.2799350" lon="11.2360360">
    <ele>807.6</ele>
    <time>2026-05-31T05:54:01Z</time>
   </trkpt>
   <trkpt lat="47.2799410" lon="11.2360300">
    <ele>807.8</ele>
    <time>2026-05-31T05:54:02Z</time>
   </trkpt>
   <trkpt lat="47.2799480" lon="11.2360250">
    <ele>807.9</ele>
    <time>2026-05-31T05:54:03Z</time>
   </trkpt>
   <trkpt lat="47.2799540" lon="11.2360190">
    <ele>808.1</ele>
    <time>2026-05-31T05:54:04Z</time>
   </trkpt>
   <trkpt lat="47.2799600" lon="11.2360130">
    <ele>808.2</ele>
    <time>2026-05-31T05:54:05Z</time>
   </trkpt>
   <trkpt lat="47.2799680" lon="11.2360060">
    <ele>808.4</ele>
    <time>2026-05-31T05:54:06Z</time>
   </trkpt>
   <trkpt lat="47.2799800" lon="11.2359840">
    <ele>808.8</ele>
    <time>2026-05-31T05:54:07Z</time>
   </trkpt>
   <trkpt lat="47.2800060" lon="11.2359680">
    <ele>809.4</ele>
    <time>2026-05-31T05:54:08Z</time>
   </trkpt>
   <trkpt lat="47.2800140" lon="11.2359610">
    <ele>809.6</ele>
    <time>2026-05-31T05:54:09Z</time>
   </trkpt>
   <trkpt lat="47.2800280" lon="11.2359470">
    <ele>810.0</ele>
    <time>2026-05-31T05:54:10Z</time>
   </trkpt>
   <trkpt lat="47.2800350" lon="11.2359340">
    <ele>810.2</ele>
    <time>2026-05-31T05:54:11Z</time>
   </trkpt>
   <trkpt lat="47.2800500" lon="11.2359220">
    <ele>810.6</ele>
    <time>2026-05-31T05:54:12Z</time>
   </trkpt>
   <trkpt lat="47.2800580" lon="11.2359140">
    <ele>810.7</ele>
    <time>2026-05-31T05:54:13Z</time>
   </trkpt>
   <trkpt lat="47.2800650" lon="11.2359050">
    <ele>810.9</ele>
    <time>2026-05-31T05:54:14Z</time>
   </trkpt>
   <trkpt lat="47.2800720" lon="11.2358970">
    <ele>811.1</ele>
    <time>2026-05-31T05:54:15Z</time>
   </trkpt>
   <trkpt lat="47.2800760" lon="11.2358900">
    <ele>811.2</ele>
    <time>2026-05-31T05:54:16Z</time>
   </trkpt>
   <trkpt lat="47.2800810" lon="11.2358850">
    <ele>811.3</ele>
    <time>2026-05-31T05:54:17Z</time>
   </trkpt>
   <trkpt lat="47.2800860" lon="11.2358790">
    <ele>811.4</ele>
    <time>2026-05-31T05:54:18Z</time>
   </trkpt>
   <trkpt lat="47.2800910" lon="11.2358730">
    <ele>811.6</ele>
    <time>2026-05-31T05:54:19Z</time>
   </trkpt>
   <trkpt lat="47.2800960" lon="11.2358680">
    <ele>811.7</ele>
    <time>2026-05-31T05:54:20Z</time>
   </trkpt>
   <trkpt lat="47.2801010" lon="11.2358620">
    <ele>811.8</ele>
    <time>2026-05-31T05:54:21Z</time>
   </trkpt>
   <trkpt lat="47.2801080" lon="11.2358540">
    <ele>812.0</ele>
    <time>2026-05-31T05:54:22Z</time>
   </trkpt>
   <trkpt lat="47.2801290" lon="11.2358300">
    <ele>812.4</ele>
    <time>2026-05-31T05:54:23Z</time>
   </trkpt>
   <trkpt lat="47.2801580" lon="11.2357940">
    <ele>813.0</ele>
    <time>2026-05-31T05:54:24Z</time>
   </trkpt>
   <trkpt lat="47.2801710" lon="11.2357660">
    <ele>813.3</ele>
    <time>2026-05-31T05:54:25Z</time>
   </trkpt>
   <trkpt lat="47.2801760" lon="11.2357570">
    <ele>813.4</ele>
    <time>2026-05-31T05:54:26Z</time>
   </trkpt>
   <trkpt lat="47.2801800" lon="11.2357490">
    <ele>813.5</ele>
    <time>2026-05-31T05:54:27Z</time>
   </trkpt>
   <trkpt lat="47.2801840" lon="11.2357400">
    <ele>813.6</ele>
    <time>2026-05-31T05:54:28Z</time>
   </trkpt>
   <trkpt lat="47.2801880" lon="11.2357300">
    <ele>813.7</ele>
    <time>2026-05-31T05:54:29Z</time>
   </trkpt>
   <trkpt lat="47.2801970" lon="11.2357200">
    <ele>813.9</ele>
    <time>2026-05-31T05:54:30Z</time>
   </trkpt>
   <trkpt lat="47.2802060" lon="11.2357100">
    <ele>814.0</ele>
    <time>2026-05-31T05:54:31Z</time>
   </trkpt>
   <trkpt lat="47.2802200" lon="11.2356920">
    <ele>814.2</ele>
    <time>2026-05-31T05:54:32Z</time>
   </trkpt>
   <trkpt lat="47.2802260" lon="11.2356790">
    <ele>814.4</ele>
    <time>2026-05-31T05:54:33Z</time>
   </trkpt>
   <trkpt lat="47.2802320" lon="11.2356660">
    <ele>814.5</ele>
    <time>2026-05-31T05:54:34Z</time>
   </trkpt>
   <trkpt lat="47.2802400" lon="11.2356530">
    <ele>814.7</ele>
    <time>2026-05-31T05:54:35Z</time>
   </trkpt>
   <trkpt lat="47.2802430" lon="11.2356410">
    <ele>814.8</ele>
    <time>2026-05-31T05:54:36Z</time>
   </trkpt>
   <trkpt lat="47.2802490" lon="11.2356230">
    <ele>815.0</ele>
    <time>2026-05-31T05:54:37Z</time>
   </trkpt>
   <trkpt lat="47.2802580" lon="11.2355910">
    <ele>815.3</ele>
    <time>2026-05-31T05:54:38Z</time>
   </trkpt>
   <trkpt lat="47.2802580" lon="11.2355700">
    <ele>815.4</ele>
    <time>2026-05-31T05:54:39Z</time>
   </trkpt>
   <trkpt lat="47.2802590" lon="11.2355490">
    <ele>815.6</ele>
    <time>2026-05-31T05:54:40Z</time>
   </trkpt>
   <trkpt lat="47.2802500" lon="11.2355080">
    <ele>816.0</ele>
    <time>2026-05-31T05:54:41Z</time>
   </trkpt>
   <trkpt lat="47.2802500" lon="11.2354960">
    <ele>816.1</ele>
    <time>2026-05-31T05:54:42Z</time>
   </trkpt>
   <trkpt lat="47.2802550" lon="11.2354850">
    <ele>816.3</ele>
    <time>2026-05-31T05:54:43Z</time>
   </trkpt>
   <trkpt lat="47.2802600" lon="11.2354740">
    <ele>816.4</ele>
    <time>2026-05-31T05:54:44Z</time>
   </trkpt>
   <trkpt lat="47.2802740" lon="11.2354880">
    <ele>816.6</ele>
    <time>2026-05-31T05:54:45Z</time>
   </trkpt>
   <trkpt lat="47.2802830" lon="11.2354930">
    <ele>816.7</ele>
    <time>2026-05-31T05:54:46Z</time>
   </trkpt>
   <trkpt lat="47.2802960" lon="11.2354920">
    <ele>816.8</ele>
    <time>2026-05-31T05:54:47Z</time>
   </trkpt>
   <trkpt lat="47.2803080" lon="11.2355020">
    <ele>816.9</ele>
    <time>2026-05-31T05:54:48Z</time>
   </trkpt>
   <trkpt lat="47.2803150" lon="11.2354880">
    <ele>816.9</ele>
    <time>2026-05-31T05:54:49Z</time>
   </trkpt>
   <trkpt lat="47.2803160" lon="11.2354780">
    <ele>817.0</ele>
    <time>2026-05-31T05:54:50Z</time>
   </trkpt>
   <trkpt lat="47.2803270" lon="11.2354770">
    <ele>817.0</ele>
    <time>2026-05-31T05:54:51Z</time>
   </trkpt>
   <trkpt lat="47.2803360" lon="11.2354740">
    <ele>817.0</ele>
    <time>2026-05-31T05:54:52Z</time>
   </trkpt>
   <trkpt lat="47.2803380" lon="11.2354790">
    <ele>817.1</ele>
    <time>2026-05-31T05:54:53Z</time>
   </trkpt>
   <trkpt lat="47.2803410" lon="11.2354600">
    <ele>817.3</ele>
    <time>2026-05-31T05:54:54Z</time>
   </trkpt>
   <trkpt lat="47.2803570" lon="11.2354370">
    <ele>817.6</ele>
    <time>2026-05-31T05:54:55Z</time>
   </trkpt>
   <trkpt lat="47.2803640" lon="11.2354260">
    <ele>817.8</ele>
    <time>2026-05-31T05:54:56Z</time>
   </trkpt>
   <trkpt lat="47.2803710" lon="11.2354160">
    <ele>817.9</ele>
    <time>2026-05-31T05:54:57Z</time>
   </trkpt>
   <trkpt lat="47.2803860" lon="11.2354190">
    <ele>818.2</ele>
    <time>2026-05-31T05:54:58Z</time>
   </trkpt>
   <trkpt lat="47.2804020" lon="11.2353940">
    <ele>818.5</ele>
    <time>2026-05-31T05:54:59Z</time>
   </trkpt>
   <trkpt lat="47.2804120" lon="11.2353570">
    <ele>818.9</ele>
    <time>2026-05-31T05:55:00Z</time>
   </trkpt>
   <trkpt lat="47.2804130" lon="11.2353400">
    <ele>819.1</ele>
    <time>2026-05-31T05:55:01Z</time>
   </trkpt>
   <trkpt lat="47.2804460" lon="11.2353250">
    <ele>819.6</ele>
    <time>2026-05-31T05:55:02Z</time>
   </trkpt>
   <trkpt lat="47.2804700" lon="11.2352990">
    <ele>820.0</ele>
    <time>2026-05-31T05:55:03Z</time>
   </trkpt>
   <trkpt lat="47.2804750" lon="11.2352900">
    <ele>820.2</ele>
    <time>2026-05-31T05:55:04Z</time>
   </trkpt>
   <trkpt lat="47.2804840" lon="11.2352830">
    <ele>820.3</ele>
    <time>2026-05-31T05:55:05Z</time>
   </trkpt>
   <trkpt lat="47.2804940" lon="11.2352770">
    <ele>820.5</ele>
    <time>2026-05-31T05:55:06Z</time>
   </trkpt>
   <trkpt lat="47.2805030" lon="11.2352700">
    <ele>820.6</ele>
    <time>2026-05-31T05:55:07Z</time>
   </trkpt>
   <trkpt lat="47.2805130" lon="11.2352630">
    <ele>820.8</ele>
    <time>2026-05-31T05:55:08Z</time>
   </trkpt>
   <trkpt lat="47.2805240" lon="11.2352460">
    <ele>821.0</ele>
    <time>2026-05-31T05:55:09Z</time>
   </trkpt>
   <trkpt lat="47.2805340" lon="11.2352590">
    <ele>821.2</ele>
    <time>2026-05-31T05:55:10Z</time>
   </trkpt>
   <trkpt lat="47.2805430" lon="11.2352680">
    <ele>821.4</ele>
    <time>2026-05-31T05:55:11Z</time>
   </trkpt>
   <trkpt lat="47.2805580" lon="11.2352480">
    <ele>821.7</ele>
    <time>2026-05-31T05:55:12Z</time>
   </trkpt>
   <trkpt lat="47.2805650" lon="11.2352320">
    <ele>821.8</ele>
    <time>2026-05-31T05:55:13Z</time>
   </trkpt>
   <trkpt lat="47.2805710" lon="11.2352160">
    <ele>822.0</ele>
    <time>2026-05-31T05:55:14Z</time>
   </trkpt>
   <trkpt lat="47.2805950" lon="11.2352070">
    <ele>822.4</ele>
    <time>2026-05-31T05:55:15Z</time>
   </trkpt>
   <trkpt lat="47.2805950" lon="11.2351970">
    <ele>822.5</ele>
    <time>2026-05-31T05:55:16Z</time>
   </trkpt>
   <trkpt lat="47.2806170" lon="11.2351710">
    <ele>823.0</ele>
    <time>2026-05-31T05:55:17Z</time>
   </trkpt>
   <trkpt lat="47.2806210" lon="11.2351570">
    <ele>823.1</ele>
    <time>2026-05-31T05:55:18Z</time>
   </trkpt>
   <trkpt lat="47.2806390" lon="11.2351240">
    <ele>823.6</ele>
    <time>2026-05-31T05:55:19Z</time>
   </trkpt>
   <trkpt lat="47.2806540" lon="11.2351210">
    <ele>823.8</ele>
    <time>2026-05-31T05:55:20Z</time>
   </trkpt>
   <trkpt lat="47.2806640" lon="11.2351250">
    <ele>824.0</ele>
    <time>2026-05-31T05:55:21Z</time>
   </trkpt>
   <trkpt lat="47.2806690" lon="11.2351250">
    <ele>824.1</ele>
    <time>2026-05-31T05:55:22Z</time>
   </trkpt>
   <trkpt lat="47.2806770" lon="11.2351240">
    <ele>824.2</ele>
    <time>2026-05-31T05:55:23Z</time>
   </trkpt>
   <trkpt lat="47.2806860" lon="11.2351240">
    <ele>824.4</ele>
    <time>2026-05-31T05:55:24Z</time>
   </trkpt>
   <trkpt lat="47.2806940" lon="11.2351230">
    <ele>824.5</ele>
    <time>2026-05-31T05:55:25Z</time>
   </trkpt>
   <trkpt lat="47.2807030" lon="11.2351230">
    <ele>824.7</ele>
    <time>2026-05-31T05:55:26Z</time>
   </trkpt>
   <trkpt lat="47.2807120" lon="11.2351220">
    <ele>824.8</ele>
    <time>2026-05-31T05:55:27Z</time>
   </trkpt>
   <trkpt lat="47.2807120" lon="11.2351290">
    <ele>824.9</ele>
    <time>2026-05-31T05:55:28Z</time>
   </trkpt>
   <trkpt lat="47.2807430" lon="11.2351300">
    <ele>825.5</ele>
    <time>2026-05-31T05:55:29Z</time>
   </trkpt>
   <trkpt lat="47.2807650" lon="11.2351530">
    <ele>826.0</ele>
    <time>2026-05-31T05:55:30Z</time>
   </trkpt>
   <trkpt lat="47.2807750" lon="11.2351590">
    <ele>826.2</ele>
    <time>2026-05-31T05:55:31Z</time>
   </trkpt>
   <trkpt lat="47.2807800" lon="11.2351460">
    <ele>826.3</ele>
    <time>2026-05-31T05:55:32Z</time>
   </trkpt>
   <trkpt lat="47.2807850" lon="11.2351430">
    <ele>826.4</ele>
    <time>2026-05-31T05:55:33Z</time>
   </trkpt>
   <trkpt lat="47.2807890" lon="11.2351390">
    <ele>826.5</ele>
    <time>2026-05-31T05:55:34Z</time>
   </trkpt>
   <trkpt lat="47.2807940" lon="11.2351360">
    <ele>826.6</ele>
    <time>2026-05-31T05:55:35Z</time>
   </trkpt>
   <trkpt lat="47.2807980" lon="11.2351320">
    <ele>826.7</ele>
    <time>2026-05-31T05:55:36Z</time>
   </trkpt>
   <trkpt lat="47.2808030" lon="11.2351290">
    <ele>826.8</ele>
    <time>2026-05-31T05:55:37Z</time>
   </trkpt>
   <trkpt lat="47.2808070" lon="11.2351250">
    <ele>826.9</ele>
    <time>2026-05-31T05:55:38Z</time>
   </trkpt>
   <trkpt lat="47.2808220" lon="11.2351130">
    <ele>827.2</ele>
    <time>2026-05-31T05:55:39Z</time>
   </trkpt>
   <trkpt lat="47.2808240" lon="11.2351000">
    <ele>827.4</ele>
    <time>2026-05-31T05:55:40Z</time>
   </trkpt>
   <trkpt lat="47.2808300" lon="11.2351000">
    <ele>827.5</ele>
    <time>2026-05-31T05:55:41Z</time>
   </trkpt>
   <trkpt lat="47.2808450" lon="11.2350740">
    <ele>827.9</ele>
    <time>2026-05-31T05:55:42Z</time>
   </trkpt>
   <trkpt lat="47.2808510" lon="11.2350670">
    <ele>828.0</ele>
    <time>2026-05-31T05:55:43Z</time>
   </trkpt>
   <trkpt lat="47.2808600" lon="11.2350510">
    <ele>828.3</ele>
    <time>2026-05-31T05:55:44Z</time>
   </trkpt>
   <trkpt lat="47.2808640" lon="11.2350510">
    <ele>828.4</ele>
    <time>2026-05-31T05:55:45Z</time>
   </trkpt>
   <trkpt lat="47.2808760" lon="11.2350330">
    <ele>828.7</ele>
    <time>2026-05-31T05:55:46Z</time>
   </trkpt>
   <trkpt lat="47.2808800" lon="11.2350350">
    <ele>828.7</ele>
    <time>2026-05-31T05:55:47Z</time>
   </trkpt>
   <trkpt lat="47.2808890" lon="11.2350230">
    <ele>829.0</ele>
    <time>2026-05-31T05:55:48Z</time>
   </trkpt>
   <trkpt lat="47.2809110" lon="11.2350210">
    <ele>829.4</ele>
    <time>2026-05-31T05:55:49Z</time>
   </trkpt>
   <trkpt lat="47.2809280" lon="11.2350280">
    <ele>829.7</ele>
    <time>2026-05-31T05:55:50Z</time>
   </trkpt>
   <trkpt lat="47.2809380" lon="11.2350260">
    <ele>829.9</ele>
    <time>2026-05-31T05:55:51Z</time>
   </trkpt>
   <trkpt lat="47.2809470" lon="11.2350230">
    <ele>830.1</ele>
    <time>2026-05-31T05:55:52Z</time>
   </trkpt>
   <trkpt lat="47.2809570" lon="11.2350210">
    <ele>830.3</ele>
    <time>2026-05-31T05:55:53Z</time>
   </trkpt>
   <trkpt lat="47.2809660" lon="11.2350190">
    <ele>830.5</ele>
    <time>2026-05-31T05:55:54Z</time>
   </trkpt>
   <trkpt lat="47.2809820" lon="11.2350170">
    <ele>830.8</ele>
    <time>2026-05-31T05:55:55Z</time>
   </trkpt>
   <trkpt lat="47.2809910" lon="11.2350190">
    <ele>831.0</ele>
    <time>2026-05-31T05:55:56Z</time>
   </trkpt>
   <trkpt lat="47.2809990" lon="11.2350200">
    <ele>831.1</ele>
    <time>2026-05-31T05:55:57Z</time>
   </trkpt>
   <trkpt lat="47.2810070" lon="11.2350220">
    <ele>831.3</ele>
    <time>2026-05-31T05:55:58Z</time>
   </trkpt>
   <trkpt lat="47.2810240" lon="11.2350050">
    <ele>831.7</ele>
    <time>2026-05-31T05:55:59Z</time>
   </trkpt>
   <trkpt lat="47.2810350" lon="11.2350060">
    <ele>831.9</ele>
    <time>2026-05-31T05:56:00Z</time>
   </trkpt>
   <trkpt lat="47.2810460" lon="11.2350060">
    <ele>832.1</ele>
    <time>2026-05-31T05:56:01Z</time>
   </trkpt>
   <trkpt lat="47.2810570" lon="11.2350070">
    <ele>832.3</ele>
    <time>2026-05-31T05:56:02Z</time>
   </trkpt>
   <trkpt lat="47.2810670" lon="11.2350120">
    <ele>832.5</ele>
    <time>2026-05-31T05:56:03Z</time>
   </trkpt>
   <trkpt lat="47.2810720" lon="11.2349990">
    <ele>832.7</ele>
    <time>2026-05-31T05:56:04Z</time>
   </trkpt>
   <trkpt lat="47.2810660" lon="11.2349990">
    <ele>832.9</ele>
    <time>2026-05-31T05:56:05Z</time>
   </trkpt>
   <trkpt lat="47.2810680" lon="11.2349990">
    <ele>832.9</ele>
    <time>2026-05-31T05:56:06Z</time>
   </trkpt>
   <trkpt lat="47.2810850" lon="11.2349960">
    <ele>833.3</ele>
    <time>2026-05-31T05:56:07Z</time>
   </trkpt>
   <trkpt lat="47.2811200" lon="11.2350080">
    <ele>834.0</ele>
    <time>2026-05-31T05:56:08Z</time>
   </trkpt>
   <trkpt lat="47.2811290" lon="11.2350160">
    <ele>834.2</ele>
    <time>2026-05-31T05:56:09Z</time>
   </trkpt>
   <trkpt lat="47.2811420" lon="11.2350200">
    <ele>834.5</ele>
    <time>2026-05-31T05:56:10Z</time>
   </trkpt>
   <trkpt lat="47.2811480" lon="11.2350200">
    <ele>834.6</ele>
    <time>2026-05-31T05:56:11Z</time>
   </trkpt>
   <trkpt lat="47.2811550" lon="11.2350200">
    <ele>834.8</ele>
    <time>2026-05-31T05:56:12Z</time>
   </trkpt>
   <trkpt lat="47.2811620" lon="11.2350180">
    <ele>834.9</ele>
    <time>2026-05-31T05:56:13Z</time>
   </trkpt>
   <trkpt lat="47.2811860" lon="11.2350080">
    <ele>835.5</ele>
    <time>2026-05-31T05:56:14Z</time>
   </trkpt>
   <trkpt lat="47.2811900" lon="11.2350110">
    <ele>835.6</ele>
    <time>2026-05-31T05:56:15Z</time>
   </trkpt>
   <trkpt lat="47.2811950" lon="11.2350150">
    <ele>835.7</ele>
    <time>2026-05-31T05:56:16Z</time>
   </trkpt>
   <trkpt lat="47.2811990" lon="11.2350190">
    <ele>835.8</ele>
    <time>2026-05-31T05:56:17Z</time>
   </trkpt>
   <trkpt lat="47.2812120" lon="11.2350260">
    <ele>836.2</ele>
    <time>2026-05-31T05:56:18Z</time>
   </trkpt>
   <trkpt lat="47.2812280" lon="11.2350260">
    <ele>836.5</ele>
    <time>2026-05-31T05:56:19Z</time>
   </trkpt>
   <trkpt lat="47.2812420" lon="11.2350220">
    <ele>836.9</ele>
    <time>2026-05-31T05:56:20Z</time>
   </trkpt>
   <trkpt lat="47.2812400" lon="11.2350270">
    <ele>836.9</ele>
    <time>2026-05-31T05:56:21Z</time>
   </trkpt>
   <trkpt lat="47.2812420" lon="11.2350250">
    <ele>837.0</ele>
    <time>2026-05-31T05:56:22Z</time>
   </trkpt>
   <trkpt lat="47.2812560" lon="11.2350180">
    <ele>837.3</ele>
    <time>2026-05-31T05:56:23Z</time>
   </trkpt>
   <trkpt lat="47.2812660" lon="11.2350160">
    <ele>837.6</ele>
    <time>2026-05-31T05:56:24Z</time>
   </trkpt>
   <trkpt lat="47.2812810" lon="11.2350270">
    <ele>838.0</ele>
    <time>2026-05-31T05:56:25Z</time>
   </trkpt>
   <trkpt lat="47.2812830" lon="11.2350310">
    <ele>838.1</ele>
    <time>2026-05-31T05:56:26Z</time>
   </trkpt>
   <trkpt lat="47.2812920" lon="11.2350260">
    <ele>838.3</ele>
    <time>2026-05-31T05:56:27Z</time>
   </trkpt>
   <trkpt lat="47.2812860" lon="11.2350210">
    <ele>838.5</ele>
    <time>2026-05-31T05:56:28Z</time>
   </trkpt>
   <trkpt lat="47.2812760" lon="11.2350280">
    <ele>838.7</ele>
    <time>2026-05-31T05:56:29Z</time>
   </trkpt>
   <trkpt lat="47.2812980" lon="11.2350210">
    <ele>839.3</ele>
    <time>2026-05-31T05:56:30Z</time>
   </trkpt>
   <trkpt lat="47.2812990" lon="11.2350200">
    <ele>839.3</ele>
    <time>2026-05-31T05:56:31Z</time>
   </trkpt>
   <trkpt lat="47.2813110" lon="11.2350210">
    <ele>839.6</ele>
    <time>2026-05-31T05:56:32Z</time>
   </trkpt>
   <trkpt lat="47.2813250" lon="11.2350260">
    <ele>839.9</ele>
    <time>2026-05-31T05:56:33Z</time>
   </trkpt>
   <trkpt lat="47.2813410" lon="11.2350250">
    <ele>840.3</ele>
    <time>2026-05-31T05:56:34Z</time>
   </trkpt>
   <trkpt lat="47.2813580" lon="11.2350400">
    <ele>840.8</ele>
    <time>2026-05-31T05:56:35Z</time>
   </trkpt>
   <trkpt lat="47.2813600" lon="11.2350410">
    <ele>840.9</ele>
    <time>2026-05-31T05:56:36Z</time>
   </trkpt>
   <trkpt lat="47.2813450" lon="11.2350460">
    <ele>841.2</ele>
    <time>2026-05-31T05:56:37Z</time>
   </trkpt>
   <trkpt lat="47.2813640" lon="11.2350590">
    <ele>841.7</ele>
    <time>2026-05-31T05:56:38Z</time>
   </trkpt>
   <trkpt lat="47.2813660" lon="11.2350550">
    <ele>841.8</ele>
    <time>2026-05-31T05:56:39Z</time>
   </trkpt>
   <trkpt lat="47.2813770" lon="11.2350540">
    <ele>842.0</ele>
    <time>2026-05-31T05:56:40Z</time>
   </trkpt>
   <trkpt lat="47.2813870" lon="11.2350530">
    <ele>842.2</ele>
    <time>2026-05-31T05:56:41Z</time>
   </trkpt>
   <trkpt lat="47.2813980" lon="11.2350520">
    <ele>842.5</ele>
    <time>2026-05-31T05:56:42Z</time>
   </trkpt>
   <trkpt lat="47.2814080" lon="11.2350510">
    <ele>842.7</ele>
    <time>2026-05-31T05:56:43Z</time>
   </trkpt>
   <trkpt lat="47.2814130" lon="11.2350670">
    <ele>842.9</ele>
    <time>2026-05-31T05:56:44Z</time>
   </trkpt>
   <trkpt lat="47.2814160" lon="11.2350630">
    <ele>843.0</ele>
    <time>2026-05-31T05:56:45Z</time>
   </trkpt>
   <trkpt lat="47.2814350" lon="11.2350650">
    <ele>843.4</ele>
    <time>2026-05-31T05:56:46Z</time>
   </trkpt>
   <trkpt lat="47.2814740" lon="11.2350850">
    <ele>844.1</ele>
    <time>2026-05-31T05:56:47Z</time>
   </trkpt>
   <trkpt lat="47.2814970" lon="11.2351110">
    <ele>844.5</ele>
    <time>2026-05-31T05:56:48Z</time>
   </trkpt>
   <trkpt lat="47.2815160" lon="11.2351190">
    <ele>844.8</ele>
    <time>2026-05-31T05:56:49Z</time>
   </trkpt>
   <trkpt lat="47.2815240" lon="11.2351270">
    <ele>844.9</ele>
    <time>2026-05-31T05:56:50Z</time>
   </trkpt>
   <trkpt lat="47.2815320" lon="11.2351350">
    <ele>845.0</ele>
    <time>2026-05-31T05:56:51Z</time>
   </trkpt>
   <trkpt lat="47.2815490" lon="11.2351260">
    <ele>845.2</ele>
    <time>2026-05-31T05:56:52Z</time>
   </trkpt>
   <trkpt lat="47.2815610" lon="11.2351490">
    <ele>845.5</ele>
    <time>2026-05-31T05:56:53Z</time>
   </trkpt>
   <trkpt lat="47.2815730" lon="11.2351780">
    <ele>845.7</ele>
    <time>2026-05-31T05:56:54Z</time>
   </trkpt>
   <trkpt lat="47.2815650" lon="11.2351920">
    <ele>845.8</ele>
    <time>2026-05-31T05:56:55Z</time>
   </trkpt>
   <trkpt lat="47.2815690" lon="11.2352060">
    <ele>845.8</ele>
    <time>2026-05-31T05:56:56Z</time>
   </trkpt>
   <trkpt lat="47.2815720" lon="11.2352270">
    <ele>846.0</ele>
    <time>2026-05-31T05:56:57Z</time>
   </trkpt>
   <trkpt lat="47.2815710" lon="11.2352270">
    <ele>846.0</ele>
    <time>2026-05-31T05:56:58Z</time>
   </trkpt>
   <trkpt lat="47.2815740" lon="11.2352360">
    <ele>846.0</ele>
    <time>2026-05-31T05:56:59Z</time>
   </trkpt>
   <trkpt lat="47.2815940" lon="11.2352700">
    <ele>846.2</ele>
    <time>2026-05-31T05:57:00Z</time>
   </trkpt>
   <trkpt lat="47.2816170" lon="11.2353410">
    <ele>846.4</ele>
    <time>2026-05-31T05:57:01Z</time>
   </trkpt>
   <trkpt lat="47.2815980" lon="11.2353500">
    <ele>846.4</ele>
    <time>2026-05-31T05:57:02Z</time>
   </trkpt>
   <trkpt lat="47.2815970" lon="11.2353660">
    <ele>846.4</ele>
    <time>2026-05-31T05:57:03Z</time>
   </trkpt>
   <trkpt lat="47.2815970" lon="11.2353830">
    <ele>846.5</ele>
    <time>2026-05-31T05:57:04Z</time>
   </trkpt>
   <trkpt lat="47.2815960" lon="11.2353990">
    <ele>846.5</ele>
    <time>2026-05-31T05:57:05Z</time>
   </trkpt>
   <trkpt lat="47.2816220" lon="11.2354180">
    <ele>846.5</ele>
    <time>2026-05-31T05:57:06Z</time>
   </trkpt>
   <trkpt lat="47.2816280" lon="11.2354310">
    <ele>846.5</ele>
    <time>2026-05-31T05:57:07Z</time>
   </trkpt>
   <trkpt lat="47.2816390" lon="11.2354670">
    <ele>846.5</ele>
    <time>2026-05-31T05:57:08Z</time>
   </trkpt>
   <trkpt lat="47.2816430" lon="11.2354840">
    <ele>846.5</ele>
    <time>2026-05-31T05:57:09Z</time>
   </trkpt>
   <trkpt lat="47.2816660" lon="11.2355220">
    <ele>846.5</ele>
    <time>2026-05-31T05:57:10Z</time>
   </trkpt>
   <trkpt lat="47.2816770" lon="11.2355310">
    <ele>846.5</ele>
    <time>2026-05-31T05:57:11Z</time>
   </trkpt>
   <trkpt lat="47.2816910" lon="11.2355700">
    <ele>846.5</ele>
    <time>2026-05-31T05:57:12Z</time>
   </trkpt>
   <trkpt lat="47.2817160" lon="11.2355810">
    <ele>846.6</ele>
    <time>2026-05-31T05:57:13Z</time>
   </trkpt>
   <trkpt lat="47.2817220" lon="11.2355920">
    <ele>846.6</ele>
    <time>2026-05-31T05:57:14Z</time>
   </trkpt>
   <trkpt lat="47.2817300" lon="11.2356050">
    <ele>846.6</ele>
    <time>2026-05-31T05:57:15Z</time>
   </trkpt>
   <trkpt lat="47.2817350" lon="11.2356130">
    <ele>846.6</ele>
    <time>2026-05-31T05:57:16Z</time>
   </trkpt>
   <trkpt lat="47.2817370" lon="11.2356220">
    <ele>846.6</ele>
    <time>2026-05-31T05:57:17Z</time>
   </trkpt>
   <trkpt lat="47.2817400" lon="11.2356380">
    <ele>846.6</ele>
    <time>2026-05-31T05:57:18Z</time>
   </trkpt>
   <trkpt lat="47.2817550" lon="11.2356840">
    <ele>846.7</ele>
    <time>2026-05-31T05:57:19Z</time>
   </trkpt>
   <trkpt lat="47.2817610" lon="11.2357120">
    <ele>846.7</ele>
    <time>2026-05-31T05:57:20Z</time>
   </trkpt>
   <trkpt lat="47.2817690" lon="11.2357330">
    <ele>846.8</ele>
    <time>2026-05-31T05:57:21Z</time>
   </trkpt>
   <trkpt lat="47.2817710" lon="11.2357380">
    <ele>846.8</ele>
    <time>2026-05-31T05:57:22Z</time>
   </trkpt>
   <trkpt lat="47.2817820" lon="11.2357680">
    <ele>846.9</ele>
    <time>2026-05-31T05:57:23Z</time>
   </trkpt>
   <trkpt lat="47.2817810" lon="11.2357800">
    <ele>847.0</ele>
    <time>2026-05-31T05:57:24Z</time>
   </trkpt>
   <trkpt lat="47.2817890" lon="11.2357800">
    <ele>847.0</ele>
    <time>2026-05-31T05:57:25Z</time>
   </trkpt>
   <trkpt lat="47.2817920" lon="11.2357880">
    <ele>847.1</ele>
    <time>2026-05-31T05:57:26Z</time>
   </trkpt>
   <trkpt lat="47.2817990" lon="11.2358090">
    <ele>847.2</ele>
    <time>2026-05-31T05:57:27Z</time>
   </trkpt>
   <trkpt lat="47.2818060" lon="11.2358260">
    <ele>847.3</ele>
    <time>2026-05-31T05:57:28Z</time>
   </trkpt>
   <trkpt lat="47.2818090" lon="11.2358300">
    <ele>847.3</ele>
    <time>2026-05-31T05:57:29Z</time>
   </trkpt>
   <trkpt lat="47.2818010" lon="11.2358250">
    <ele>847.4</ele>
    <time>2026-05-31T05:57:30Z</time>
   </trkpt>
   <trkpt lat="47.2818110" lon="11.2358470">
    <ele>847.5</ele>
    <time>2026-05-31T05:57:31Z</time>
   </trkpt>
   <trkpt lat="47.2818240" lon="11.2358680">
    <ele>847.7</ele>
    <time>2026-05-31T05:57:32Z</time>
   </trkpt>
   <trkpt lat="47.2818270" lon="11.2358740">
    <ele>847.8</ele>
    <time>2026-05-31T05:57:33Z</time>
   </trkpt>
   <trkpt lat="47.2818310" lon="11.2358790">
    <ele>847.8</ele>
    <time>2026-05-31T05:57:34Z</time>
   </trkpt>
   <trkpt lat="47.2818340" lon="11.2358850">
    <ele>847.9</ele>
    <time>2026-05-31T05:57:35Z</time>
   </trkpt>
   <trkpt lat="47.2818380" lon="11.2358910">
    <ele>847.9</ele>
    <time>2026-05-31T05:57:36Z</time>
   </trkpt>
   <trkpt lat="47.2818330" lon="11.2358850">
    <ele>848.0</ele>
    <time>2026-05-31T05:57:37Z</time>
   </trkpt>
   <trkpt lat="47.2818430" lon="11.2359160">
    <ele>848.3</ele>
    <time>2026-05-31T05:57:38Z</time>
   </trkpt>
   <trkpt lat="47.2818510" lon="11.2359370">
    <ele>848.5</ele>
    <time>2026-05-31T05:57:39Z</time>
   </trkpt>
   <trkpt lat="47.2818670" lon="11.2359580">
    <ele>848.8</ele>
    <time>2026-05-31T05:57:40Z</time>
   </trkpt>
   <trkpt lat="47.2818740" lon="11.2359630">
    <ele>848.9</ele>
    <time>2026-05-31T05:57:41Z</time>
   </trkpt>
   <trkpt lat="47.2818810" lon="11.2359690">
    <ele>849.0</ele>
    <time>2026-05-31T05:57:42Z</time>
   </trkpt>
   <trkpt lat="47.2818880" lon="11.2359750">
    <ele>849.1</ele>
    <time>2026-05-31T05:57:43Z</time>
   </trkpt>
   <trkpt lat="47.2819030" lon="11.2360080">
    <ele>849.5</ele>
    <time>2026-05-31T05:57:44Z</time>
   </trkpt>
   <trkpt lat="47.2819080" lon="11.2360120">
    <ele>849.6</ele>
    <time>2026-05-31T05:57:45Z</time>
   </trkpt>
   <trkpt lat="47.2819130" lon="11.2360300">
    <ele>849.8</ele>
    <time>2026-05-31T05:57:46Z</time>
   </trkpt>
   <trkpt lat="47.2819040" lon="11.2360520">
    <ele>850.1</ele>
    <time>2026-05-31T05:57:47Z</time>
   </trkpt>
   <trkpt lat="47.2819090" lon="11.2360910">
    <ele>850.5</ele>
    <time>2026-05-31T05:57:48Z</time>
   </trkpt>
   <trkpt lat="47.2819140" lon="11.2361070">
    <ele>850.6</ele>
    <time>2026-05-31T05:57:49Z</time>
   </trkpt>
   <trkpt lat="47.2819200" lon="11.2361250">
    <ele>850.8</ele>
    <time>2026-05-31T05:57:50Z</time>
   </trkpt>
   <trkpt lat="47.2819280" lon="11.2361480">
    <ele>851.1</ele>
    <time>2026-05-31T05:57:51Z</time>
   </trkpt>
   <trkpt lat="47.2819340" lon="11.2361640">
    <ele>851.3</ele>
    <time>2026-05-31T05:57:52Z</time>
   </trkpt>
   <trkpt lat="47.2819470" lon="11.2361830">
    <ele>851.5</ele>
    <time>2026-05-31T05:57:53Z</time>
   </trkpt>
   <trkpt lat="47.2819550" lon="11.2362010">
    <ele>851.7</ele>
    <time>2026-05-31T05:57:54Z</time>
   </trkpt>
   <trkpt lat="47.2819600" lon="11.2362090">
    <ele>851.8</ele>
    <time>2026-05-31T05:57:55Z</time>
   </trkpt>
   <trkpt lat="47.2819660" lon="11.2362210">
    <ele>852.0</ele>
    <time>2026-05-31T05:57:56Z</time>
   </trkpt>
   <trkpt lat="47.2819720" lon="11.2362380">
    <ele>852.2</ele>
    <time>2026-05-31T05:57:57Z</time>
   </trkpt>
   <trkpt lat="47.2819810" lon="11.2362460">
    <ele>852.3</ele>
    <time>2026-05-31T05:57:58Z</time>
   </trkpt>
   <trkpt lat="47.2819920" lon="11.2362500">
    <ele>852.5</ele>
    <time>2026-05-31T05:57:59Z</time>
   </trkpt>
   <trkpt lat="47.2819950" lon="11.2362720">
    <ele>852.7</ele>
    <time>2026-05-31T05:58:00Z</time>
   </trkpt>
   <trkpt lat="47.2819970" lon="11.2362770">
    <ele>852.7</ele>
    <time>2026-05-31T05:58:01Z</time>
   </trkpt>
   <trkpt lat="47.2819920" lon="11.2363030">
    <ele>853.0</ele>
    <time>2026-05-31T05:58:02Z</time>
   </trkpt>
   <trkpt lat="47.2820030" lon="11.2363300">
    <ele>853.3</ele>
    <time>2026-05-31T05:58:03Z</time>
   </trkpt>
   <trkpt lat="47.2820100" lon="11.2363370">
    <ele>853.4</ele>
    <time>2026-05-31T05:58:04Z</time>
   </trkpt>
   <trkpt lat="47.2820320" lon="11.2363470">
    <ele>853.8</ele>
    <time>2026-05-31T05:58:05Z</time>
   </trkpt>
   <trkpt lat="47.2820390" lon="11.2363530">
    <ele>853.9</ele>
    <time>2026-05-31T05:58:06Z</time>
   </trkpt>
   <trkpt lat="47.2820450" lon="11.2363800">
    <ele>854.1</ele>
    <time>2026-05-31T05:58:07Z</time>
   </trkpt>
   <trkpt lat="47.2820550" lon="11.2363880">
    <ele>854.3</ele>
    <time>2026-05-31T05:58:08Z</time>
   </trkpt>
   <trkpt lat="47.2820640" lon="11.2363960">
    <ele>854.5</ele>
    <time>2026-05-31T05:58:09Z</time>
   </trkpt>
   <trkpt lat="47.2820630" lon="11.2364020">
    <ele>854.5</ele>
    <time>2026-05-31T05:58:10Z</time>
   </trkpt>
   <trkpt lat="47.2820670" lon="11.2364210">
    <ele>854.7</ele>
    <time>2026-05-31T05:58:11Z</time>
   </trkpt>
   <trkpt lat="47.2820630" lon="11.2364410">
    <ele>854.9</ele>
    <time>2026-05-31T05:58:12Z</time>
   </trkpt>
   <trkpt lat="47.2820700" lon="11.2364680">
    <ele>855.2</ele>
    <time>2026-05-31T05:58:13Z</time>
   </trkpt>
   <trkpt lat="47.2820720" lon="11.2364820">
    <ele>855.3</ele>
    <time>2026-05-31T05:58:14Z</time>
   </trkpt>
   <trkpt lat="47.2820750" lon="11.2364970">
    <ele>855.5</ele>
    <time>2026-05-31T05:58:15Z</time>
   </trkpt>
   <trkpt lat="47.2820750" lon="11.2365030">
    <ele>855.6</ele>
    <time>2026-05-31T05:58:16Z</time>
   </trkpt>
   <trkpt lat="47.2820730" lon="11.2365120">
    <ele>855.7</ele>
    <time>2026-05-31T05:58:17Z</time>
   </trkpt>
   <trkpt lat="47.2820860" lon="11.2364830">
    <ele>856.1</ele>
    <time>2026-05-31T05:58:18Z</time>
   </trkpt>
   <trkpt lat="47.2820960" lon="11.2364770">
    <ele>856.3</ele>
    <time>2026-05-31T05:58:19Z</time>
   </trkpt>
   <trkpt lat="47.2820910" lon="11.2364620">
    <ele>856.6</ele>
    <time>2026-05-31T05:58:20Z</time>
   </trkpt>
   <trkpt lat="47.2820960" lon="11.2364380">
    <ele>856.9</ele>
    <time>2026-05-31T05:58:21Z</time>
   </trkpt>
   <trkpt lat="47.2820950" lon="11.2364220">
    <ele>857.2</ele>
    <time>2026-05-31T05:58:22Z</time>
   </trkpt>
   <trkpt lat="47.2820970" lon="11.2364010">
    <ele>857.5</ele>
    <time>2026-05-31T05:58:23Z</time>
   </trkpt>
   <trkpt lat="47.2820900" lon="11.2363960">
    <ele>857.6</ele>
    <time>2026-05-31T05:58:24Z</time>
   </trkpt>
   <trkpt lat="47.2820840" lon="11.2363970">
    <ele>857.8</ele>
    <time>2026-05-31T05:58:25Z</time>
   </trkpt>
   <trkpt lat="47.2820910" lon="11.2364080">
    <ele>858.0</ele>
    <time>2026-05-31T05:58:26Z</time>
   </trkpt>
   <trkpt lat="47.2821010" lon="11.2364140">
    <ele>858.2</ele>
    <time>2026-05-31T05:58:27Z</time>
   </trkpt>
   <trkpt lat="47.2821040" lon="11.2364140">
    <ele>858.2</ele>
    <time>2026-05-31T05:58:28Z</time>
   </trkpt>
   <trkpt lat="47.2821060" lon="11.2364330">
    <ele>858.5</ele>
    <time>2026-05-31T05:58:29Z</time>
   </trkpt>
   <trkpt lat="47.2821170" lon="11.2364320">
    <ele>858.7</ele>
    <time>2026-05-31T05:58:30Z</time>
   </trkpt>
   <trkpt lat="47.2821250" lon="11.2364360">
    <ele>858.9</ele>
    <time>2026-05-31T05:58:31Z</time>
   </trkpt>
   <trkpt lat="47.2821520" lon="11.2364470">
    <ele>859.4</ele>
    <time>2026-05-31T05:58:32Z</time>
   </trkpt>
   <trkpt lat="47.2821560" lon="11.2364470">
    <ele>859.4</ele>
    <time>2026-05-31T05:58:33Z</time>
   </trkpt>
   <trkpt lat="47.2821510" lon="11.2364370">
    <ele>859.6</ele>
    <time>2026-05-31T05:58:34Z</time>
   </trkpt>
   <trkpt lat="47.2821460" lon="11.2364260">
    <ele>859.7</ele>
    <time>2026-05-31T05:58:35Z</time>
   </trkpt>
   <trkpt lat="47.2821410" lon="11.2364160">
    <ele>859.9</ele>
    <time>2026-05-31T05:58:36Z</time>
   </trkpt>
   <trkpt lat="47.2821360" lon="11.2364060">
    <ele>860.0</ele>
    <time>2026-05-31T05:58:37Z</time>
   </trkpt>
   <trkpt lat="47.2821310" lon="11.2363960">
    <ele>860.1</ele>
    <time>2026-05-31T05:58:38Z</time>
   </trkpt>
   <trkpt lat="47.2821270" lon="11.2363500">
    <ele>860.6</ele>
    <time>2026-05-31T05:58:39Z</time>
   </trkpt>
   <trkpt lat="47.2821320" lon="11.2363280">
    <ele>860.8</ele>
    <time>2026-05-31T05:58:40Z</time>
   </trkpt>
   <trkpt lat="47.2821310" lon="11.2363230">
    <ele>860.9</ele>
    <time>2026-05-31T05:58:41Z</time>
   </trkpt>
   <trkpt lat="47.2821230" lon="11.2363150">
    <ele>861.0</ele>
    <time>2026-05-31T05:58:42Z</time>
   </trkpt>
   <trkpt lat="47.2821170" lon="11.2362880">
    <ele>861.2</ele>
    <time>2026-05-31T05:58:43Z</time>
   </trkpt>
   <trkpt lat="47.2821200" lon="11.2362570">
    <ele>861.5</ele>
    <time>2026-05-31T05:58:44Z</time>
   </trkpt>
   <trkpt lat="47.2821210" lon="11.2362460">
    <ele>861.6</ele>
    <time>2026-05-31T05:58:45Z</time>
   </trkpt>
   <trkpt lat="47.2821220" lon="11.2362340">
    <ele>861.7</ele>
    <time>2026-05-31T05:58:46Z</time>
   </trkpt>
   <trkpt lat="47.2821260" lon="11.2361910">
    <ele>862.1</ele>
    <time>2026-05-31T05:58:47Z</time>
   </trkpt>
   <trkpt lat="47.2821270" lon="11.2361800">
    <ele>862.2</ele>
    <time>2026-05-31T05:58:48Z</time>
   </trkpt>
   <trkpt lat="47.2821250" lon="11.2361640">
    <ele>862.3</ele>
    <time>2026-05-31T05:58:49Z</time>
   </trkpt>
   <trkpt lat="47.2821240" lon="11.2361480">
    <ele>862.5</ele>
    <time>2026-05-31T05:58:50Z</time>
   </trkpt>
   <trkpt lat="47.2821220" lon="11.2361320">
    <ele>862.6</ele>
    <time>2026-05-31T05:58:51Z</time>
   </trkpt>
   <trkpt lat="47.2821200" lon="11.2361160">
    <ele>862.8</ele>
    <time>2026-05-31T05:58:52Z</time>
   </trkpt>
   <trkpt lat="47.2821250" lon="11.2361100">
    <ele>862.8</ele>
    <time>2026-05-31T05:58:53Z</time>
   </trkpt>
   <trkpt lat="47.2821190" lon="11.2360920">
    <ele>863.1</ele>
    <time>2026-05-31T05:58:54Z</time>
   </trkpt>
   <trkpt lat="47.2821170" lon="11.2360720">
    <ele>863.3</ele>
    <time>2026-05-31T05:58:55Z</time>
   </trkpt>
   <trkpt lat="47.2821200" lon="11.2360740">
    <ele>863.3</ele>
    <time>2026-05-31T05:58:56Z</time>
   </trkpt>
   <trkpt lat="47.2821230" lon="11.2360580">
    <ele>863.5</ele>
    <time>2026-05-31T05:58:57Z</time>
   </trkpt>
   <trkpt lat="47.2821270" lon="11.2360330">
    <ele>863.8</ele>
    <time>2026-05-31T05:58:58Z</time>
   </trkpt>
   <trkpt lat="47.2821280" lon="11.2360100">
    <ele>864.1</ele>
    <time>2026-05-31T05:58:59Z</time>
   </trkpt>
   <trkpt lat="47.2821360" lon="11.2359820">
    <ele>864.5</ele>
    <time>2026-05-31T05:59:00Z</time>
   </trkpt>
   <trkpt lat="47.2821290" lon="11.2359620">
    <ele>864.8</ele>
    <time>2026-05-31T05:59:01Z</time>
   </trkpt>
   <trkpt lat="47.2821290" lon="11.2359490">
    <ele>865.0</ele>
    <time>2026-05-31T05:59:02Z</time>
   </trkpt>
   <trkpt lat="47.2821290" lon="11.2359350">
    <ele>865.2</ele>
    <time>2026-05-31T05:59:03Z</time>
   </trkpt>
   <trkpt lat="47.2821290" lon="11.2359210">
    <ele>865.4</ele>
    <time>2026-05-31T05:59:04Z</time>
   </trkpt>
   <trkpt lat="47.2821330" lon="11.2358960">
    <ele>865.9</ele>
    <time>2026-05-31T05:59:05Z</time>
   </trkpt>
   <trkpt lat="47.2821290" lon="11.2358600">
    <ele>866.5</ele>
    <time>2026-05-31T05:59:06Z</time>
   </trkpt>
   <trkpt lat="47.2821240" lon="11.2358680">
    <ele>866.7</ele>
    <time>2026-05-31T05:59:07Z</time>
   </trkpt>
   <trkpt lat="47.2821240" lon="11.2358750">
    <ele>866.8</ele>
    <time>2026-05-31T05:59:08Z</time>
   </trkpt>
   <trkpt lat="47.2821180" lon="11.2358890">
    <ele>867.1</ele>
    <time>2026-05-31T05:59:09Z</time>
   </trkpt>
   <trkpt lat="47.2821140" lon="11.2359010">
    <ele>867.4</ele>
    <time>2026-05-31T05:59:10Z</time>
   </trkpt>
   <trkpt lat="47.2821290" lon="11.2359120">
    <ele>867.8</ele>
    <time>2026-05-31T05:59:11Z</time>
   </trkpt>
   <trkpt lat="47.2821310" lon="11.2359250">
    <ele>868.1</ele>
    <time>2026-05-31T05:59:12Z</time>
   </trkpt>
   <trkpt lat="47.2821370" lon="11.2359380">
    <ele>868.4</ele>
    <time>2026-05-31T05:59:13Z</time>
   </trkpt>
   <trkpt lat="47.2821370" lon="11.2359480">
    <ele>868.5</ele>
    <time>2026-05-31T05:59:14Z</time>
   </trkpt>
   <trkpt lat="47.2821390" lon="11.2359550">
    <ele>868.7</ele>
    <time>2026-05-31T05:59:15Z</time>
   </trkpt>
   <trkpt lat="47.2821400" lon="11.2359340">
    <ele>869.1</ele>
    <time>2026-05-31T05:59:16Z</time>
   </trkpt>
   <trkpt lat="47.2821460" lon="11.2359200">
    <ele>869.4</ele>
    <time>2026-05-31T05:59:17Z</time>
   </trkpt>
   <trkpt lat="47.2821510" lon="11.2359050">
    <ele>869.7</ele>
    <time>2026-05-31T05:59:18Z</time>
   </trkpt>
   <trkpt lat="47.2821530" lon="11.2358890">
    <ele>870.0</ele>
    <time>2026-05-31T05:59:19Z</time>
   </trkpt>
   <trkpt lat="47.2821430" lon="11.2358920">
    <ele>870.3</ele>
    <time>2026-05-31T05:59:20Z</time>
   </trkpt>
   <trkpt lat="47.2821310" lon="11.2358630">
    <ele>870.9</ele>
    <time>2026-05-31T05:59:21Z</time>
   </trkpt>
   <trkpt lat="47.2821310" lon="11.2358650">
    <ele>870.9</ele>
    <time>2026-05-31T05:59:22Z</time>
   </trkpt>
   <trkpt lat="47.2821350" lon="11.2358690">
    <ele>871.0</ele>
    <time>2026-05-31T05:59:23Z</time>
   </trkpt>
   <trkpt lat="47.2821380" lon="11.2358720">
    <ele>871.1</ele>
    <time>2026-05-31T05:59:24Z</time>
   </trkpt>
   <trkpt lat="47.2821410" lon="11.2358750">
    <ele>871.2</ele>
    <time>2026-05-31T05:59:25Z</time>
   </trkpt>
   <trkpt lat="47.2821440" lon="11.2358790">
    <ele>871.3</ele>
    <time>2026-05-31T05:59:26Z</time>
   </trkpt>
   <trkpt lat="47.2821480" lon="11.2358820">
    <ele>871.4</ele>
    <time>2026-05-31T05:59:27Z</time>
   </trkpt>
   <trkpt lat="47.2821510" lon="11.2358860">
    <ele>871.5</ele>
    <time>2026-05-31T05:59:28Z</time>
   </trkpt>
   <trkpt lat="47.2821540" lon="11.2358890">
    <ele>871.6</ele>
    <time>2026-05-31T05:59:29Z</time>
   </trkpt>
   <trkpt lat="47.2821570" lon="11.2358920">
    <ele>871.7</ele>
    <time>2026-05-31T05:59:30Z</time>
   </trkpt>
   <trkpt lat="47.2821610" lon="11.2358960">
    <ele>871.8</ele>
    <time>2026-05-31T05:59:31Z</time>
   </trkpt>
   <trkpt lat="47.2821640" lon="11.2358990">
    <ele>871.9</ele>
    <time>2026-05-31T05:59:32Z</time>
   </trkpt>
   <trkpt lat="47.2821680" lon="11.2359310">
    <ele>872.4</ele>
    <time>2026-05-31T05:59:33Z</time>
   </trkpt>
   <trkpt lat="47.2821670" lon="11.2359430">
    <ele>872.6</ele>
    <time>2026-05-31T05:59:34Z</time>
   </trkpt>
   <trkpt lat="47.2821660" lon="11.2359560">
    <ele>872.8</ele>
    <time>2026-05-31T05:59:35Z</time>
   </trkpt>
   <trkpt lat="47.2821760" lon="11.2359730">
    <ele>873.2</ele>
    <time>2026-05-31T05:59:36Z</time>
   </trkpt>
   <trkpt lat="47.2821800" lon="11.2359820">
    <ele>873.3</ele>
    <time>2026-05-31T05:59:37Z</time>
   </trkpt>
   <trkpt lat="47.2821830" lon="11.2359920">
    <ele>873.5</ele>
    <time>2026-05-31T05:59:38Z</time>
   </trkpt>
   <trkpt lat="47.2821860" lon="11.2360020">
    <ele>873.7</ele>
    <time>2026-05-31T05:59:39Z</time>
   </trkpt>
   <trkpt lat="47.2821910" lon="11.2360040">
    <ele>873.8</ele>
    <time>2026-05-31T05:59:40Z</time>
   </trkpt>
   <trkpt lat="47.2821960" lon="11.2359910">
    <ele>874.1</ele>
    <time>2026-05-31T05:59:41Z</time>
   </trkpt>
   <trkpt lat="47.2822020" lon="11.2359770">
    <ele>874.3</ele>
    <time>2026-05-31T05:59:42Z</time>
   </trkpt>
   <trkpt lat="47.2822070" lon="11.2359640">
    <ele>874.6</ele>
    <time>2026-05-31T05:59:43Z</time>
   </trkpt>
   <trkpt lat="47.2822130" lon="11.2359510">
    <ele>874.8</ele>
    <time>2026-05-31T05:59:44Z</time>
   </trkpt>
   <trkpt lat="47.2822290" lon="11.2359180">
    <ele>875.5</ele>
    <time>2026-05-31T05:59:45Z</time>
   </trkpt>
   <trkpt lat="47.2822450" lon="11.2359330">
    <ele>875.9</ele>
    <time>2026-05-31T05:59:46Z</time>
   </trkpt>
   <trkpt lat="47.2822670" lon="11.2359450">
    <ele>876.5</ele>
    <time>2026-05-31T05:59:47Z</time>
   </trkpt>
   <trkpt lat="47.2822810" lon="11.2359550">
    <ele>876.9</ele>
    <time>2026-05-31T05:59:48Z</time>
   </trkpt>
   <trkpt lat="47.2822870" lon="11.2359840">
    <ele>877.4</ele>
    <time>2026-05-31T05:59:49Z</time>
   </trkpt>
   <trkpt lat="47.2822880" lon="11.2359890">
    <ele>877.5</ele>
    <time>2026-05-31T05:59:50Z</time>
   </trkpt>
   <trkpt lat="47.2822990" lon="11.2359940">
    <ele>877.8</ele>
    <time>2026-05-31T05:59:51Z</time>
   </trkpt>
   <trkpt lat="47.2823080" lon="11.2359930">
    <ele>878.0</ele>
    <time>2026-05-31T05:59:52Z</time>
   </trkpt>
   <trkpt lat="47.2823200" lon="11.2359950">
    <ele>878.3</ele>
    <time>2026-05-31T05:59:53Z</time>
   </trkpt>
   <trkpt lat="47.2823170" lon="11.2359980">
    <ele>878.4</ele>
    <time>2026-05-31T05:59:54Z</time>
   </trkpt>
   <trkpt lat="47.2823290" lon="11.2359980">
    <ele>878.7</ele>
    <time>2026-05-31T05:59:55Z</time>
   </trkpt>
   <trkpt lat="47.2823390" lon="11.2360040">
    <ele>879.0</ele>
    <time>2026-05-31T05:59:56Z</time>
   </trkpt>
   <trkpt lat="47.2823500" lon="11.2360120">
    <ele>879.3</ele>
    <time>2026-05-31T05:59:57Z</time>
   </trkpt>
   <trkpt lat="47.2823620" lon="11.2360200">
    <ele>879.6</ele>
    <time>2026-05-31T05:59:58Z</time>
   </trkpt>
   <trkpt lat="47.2823730" lon="11.2360280">
    <ele>879.9</ele>
    <time>2026-05-31T05:59:59Z</time>
   </trkpt>
   <trkpt lat="47.2823840" lon="11.2360360">
    <ele>880.2</ele>
    <time>2026-05-31T06:00:00Z</time>
   </trkpt>
   <trkpt lat="47.2823950" lon="11.2360440">
    <ele>880.5</ele>
    <time>2026-05-31T06:00:01Z</time>
   </trkpt>
   <trkpt lat="47.2823800" lon="11.2360480">
    <ele>880.8</ele>
    <time>2026-05-31T06:00:02Z</time>
   </trkpt>
   <trkpt lat="47.2823780" lon="11.2360440">
    <ele>880.9</ele>
    <time>2026-05-31T06:00:03Z</time>
   </trkpt>
   <trkpt lat="47.2823830" lon="11.2360530">
    <ele>881.1</ele>
    <time>2026-05-31T06:00:04Z</time>
   </trkpt>
   <trkpt lat="47.2823820" lon="11.2360640">
    <ele>881.3</ele>
    <time>2026-05-31T06:00:05Z</time>
   </trkpt>
   <trkpt lat="47.2823830" lon="11.2360750">
    <ele>881.4</ele>
    <time>2026-05-31T06:00:06Z</time>
   </trkpt>
   <trkpt lat="47.2823820" lon="11.2360840">
    <ele>881.5</ele>
    <time>2026-05-31T06:00:07Z</time>
   </trkpt>
   <trkpt lat="47.2823940" lon="11.2361010">
    <ele>881.9</ele>
    <time>2026-05-31T06:00:08Z</time>
   </trkpt>
   <trkpt lat="47.2823930" lon="11.2360950">
    <ele>882.0</ele>
    <time>2026-05-31T06:00:09Z</time>
   </trkpt>
   <trkpt lat="47.2823970" lon="11.2360930">
    <ele>882.1</ele>
    <time>2026-05-31T06:00:10Z</time>
   </trkpt>
   <trkpt lat="47.2824080" lon="11.2360990">
    <ele>882.3</ele>
    <time>2026-05-31T06:00:11Z</time>
   </trkpt>
   <trkpt lat="47.2824210" lon="11.2361170">
    <ele>882.7</ele>
    <time>2026-05-31T06:00:12Z</time>
   </trkpt>
   <trkpt lat="47.2824270" lon="11.2361280">
    <ele>882.8</ele>
    <time>2026-05-31T06:00:13Z</time>
   </trkpt>
   <trkpt lat="47.2824320" lon="11.2361310">
    <ele>882.9</ele>
    <time>2026-05-31T06:00:14Z</time>
   </trkpt>
   <trkpt lat="47.2824400" lon="11.2361270">
    <ele>883.1</ele>
    <time>2026-05-31T06:00:15Z</time>
   </trkpt>
   <trkpt lat="47.2824550" lon="11.2361310">
    <ele>883.4</ele>
    <time>2026-05-31T06:00:16Z</time>
   </trkpt>
   <trkpt lat="47.2824620" lon="11.2361290">
    <ele>883.5</ele>
    <time>2026-05-31T06:00:17Z</time>
   </trkpt>
   <trkpt lat="47.2824640" lon="11.2361270">
    <ele>883.6</ele>
    <time>2026-05-31T06:00:18Z</time>
   </trkpt>
   <trkpt lat="47.2824760" lon="11.2361260">
    <ele>883.8</ele>
    <time>2026-05-31T06:00:19Z</time>
   </trkpt>
   <trkpt lat="47.2824850" lon="11.2361190">
    <ele>884.0</ele>
    <time>2026-05-31T06:00:20Z</time>
   </trkpt>
   <trkpt lat="47.2824890" lon="11.2361210">
    <ele>884.0</ele>
    <time>2026-05-31T06:00:21Z</time>
   </trkpt>
   <trkpt lat="47.2824980" lon="11.2361220">
    <ele>884.2</ele>
    <time>2026-05-31T06:00:22Z</time>
   </trkpt>
   <trkpt lat="47.2825150" lon="11.2361170">
    <ele>884.5</ele>
    <time>2026-05-31T06:00:23Z</time>
   </trkpt>
   <trkpt lat="47.2825250" lon="11.2361200">
    <ele>884.7</ele>
    <time>2026-05-31T06:00:24Z</time>
   </trkpt>
   <trkpt lat="47.2825470" lon="11.2361130">
    <ele>885.1</ele>
    <time>2026-05-31T06:00:25Z</time>
   </trkpt>
   <trkpt lat="47.2825630" lon="11.2360940">
    <ele>885.4</ele>
    <time>2026-05-31T06:00:26Z</time>
   </trkpt>
   <trkpt lat="47.2825700" lon="11.2360890">
    <ele>885.6</ele>
    <time>2026-05-31T06:00:27Z</time>
   </trkpt>
   <trkpt lat="47.2825780" lon="11.2360850">
    <ele>885.7</ele>
    <time>2026-05-31T06:00:28Z</time>
   </trkpt>
   <trkpt lat="47.2825700" lon="11.2360940">
    <ele>885.9</ele>
    <time>2026-05-31T06:00:29Z</time>
   </trkpt>
   <trkpt lat="47.2825980" lon="11.2360920">
    <ele>886.4</ele>
    <time>2026-05-31T06:00:30Z</time>
   </trkpt>
   <trkpt lat="47.2826070" lon="11.2360930">
    <ele>886.5</ele>
    <time>2026-05-31T06:00:31Z</time>
   </trkpt>
   <trkpt lat="47.2826230" lon="11.2360920">
    <ele>886.8</ele>
    <time>2026-05-31T06:00:32Z</time>
   </trkpt>
   <trkpt lat="47.2826340" lon="11.2360900">
    <ele>887.0</ele>
    <time>2026-05-31T06:00:33Z</time>
   </trkpt>
   <trkpt lat="47.2826530" lon="11.2360890">
    <ele>887.3</ele>
    <time>2026-05-31T06:00:34Z</time>
   </trkpt>
   <trkpt lat="47.2826630" lon="11.2360870">
    <ele>887.5</ele>
    <time>2026-05-31T06:00:35Z</time>
   </trkpt>
   <trkpt lat="47.2826740" lon="11.2360720">
    <ele>887.8</ele>
    <time>2026-05-31T06:00:36Z</time>
   </trkpt>
   <trkpt lat="47.2826800" lon="11.2360650">
    <ele>887.9</ele>
    <time>2026-05-31T06:00:37Z</time>
   </trkpt>
   <trkpt lat="47.2826870" lon="11.2360570">
    <ele>888.1</ele>
    <time>2026-05-31T06:00:38Z</time>
   </trkpt>
   <trkpt lat="47.2826930" lon="11.2360500">
    <ele>888.2</ele>
    <time>2026-05-31T06:00:39Z</time>
   </trkpt>
   <trkpt lat="47.2827010" lon="11.2360450">
    <ele>888.3</ele>
    <time>2026-05-31T06:00:40Z</time>
   </trkpt>
   <trkpt lat="47.2827130" lon="11.2360200">
    <ele>888.7</ele>
    <time>2026-05-31T06:00:41Z</time>
   </trkpt>
   <trkpt lat="47.2827130" lon="11.2360080">
    <ele>888.8</ele>
    <time>2026-05-31T06:00:42Z</time>
   </trkpt>
   <trkpt lat="47.2827060" lon="11.2360050">
    <ele>888.9</ele>
    <time>2026-05-31T06:00:43Z</time>
   </trkpt>
   <trkpt lat="47.2827030" lon="11.2359910">
    <ele>889.1</ele>
    <time>2026-05-31T06:00:44Z</time>
   </trkpt>
   <trkpt lat="47.2826990" lon="11.2359800">
    <ele>889.2</ele>
    <time>2026-05-31T06:00:45Z</time>
   </trkpt>
   <trkpt lat="47.2826860" lon="11.2359490">
    <ele>889.6</ele>
    <time>2026-05-31T06:00:46Z</time>
   </trkpt>
   <trkpt lat="47.2826860" lon="11.2359370">
    <ele>889.8</ele>
    <time>2026-05-31T06:00:47Z</time>
   </trkpt>
   <trkpt lat="47.2826660" lon="11.2359230">
    <ele>890.1</ele>
    <time>2026-05-31T06:00:48Z</time>
   </trkpt>
   <trkpt lat="47.2826600" lon="11.2359180">
    <ele>890.2</ele>
    <time>2026-05-31T06:00:49Z</time>
   </trkpt>
   <trkpt lat="47.2826530" lon="11.2359120">
    <ele>890.4</ele>
    <time>2026-05-31T06:00:50Z</time>
   </trkpt>
   <trkpt lat="47.2826510" lon="11.2359020">
    <ele>890.5</ele>
    <time>2026-05-31T06:00:51Z</time>
   </trkpt>
   <trkpt lat="47.2826400" lon="11.2358910">
    <ele>890.7</ele>
    <time>2026-05-31T06:00:52Z</time>
   </trkpt>
   <trkpt lat="47.2826400" lon="11.2358770">
    <ele>890.8</ele>
    <time>2026-05-31T06:00:53Z</time>
   </trkpt>
   <trkpt lat="47.2826430" lon="11.2358730">
    <ele>890.9</ele>
    <time>2026-05-31T06:00:54Z</time>
   </trkpt>
   <trkpt lat="47.2826430" lon="11.2358730">
    <ele>890.9</ele>
    <time>2026-05-31T06:00:55Z</time>
   </trkpt>
   <trkpt lat="47.2826310" lon="11.2358540">
    <ele>891.1</ele>
    <time>2026-05-31T06:00:56Z</time>
   </trkpt>
   <trkpt lat="47.2826270" lon="11.2358460">
    <ele>891.2</ele>
    <time>2026-05-31T06:00:57Z</time>
   </trkpt>
   <trkpt lat="47.2826290" lon="11.2358290">
    <ele>891.4</ele>
    <time>2026-05-31T06:00:58Z</time>
   </trkpt>
   <trkpt lat="47.2826190" lon="11.2358250">
    <ele>891.5</ele>
    <time>2026-05-31T06:00:59Z</time>
   </trkpt>
   <trkpt lat="47.2826070" lon="11.2358110">
    <ele>891.8</ele>
    <time>2026-05-31T06:01:00Z</time>
   </trkpt>
   <trkpt lat="47.2825990" lon="11.2358060">
    <ele>891.9</ele>
    <time>2026-05-31T06:01:01Z</time>
   </trkpt>
   <trkpt lat="47.2825840" lon="11.2357890">
    <ele>892.2</ele>
    <time>2026-05-31T06:01:02Z</time>
   </trkpt>
   <trkpt lat="47.2825800" lon="11.2357830">
    <ele>892.2</ele>
    <time>2026-05-31T06:01:03Z</time>
   </trkpt>
   <trkpt lat="47.2825750" lon="11.2357760">
    <ele>892.3</ele>
    <time>2026-05-31T06:01:04Z</time>
   </trkpt>
   <trkpt lat="47.2825710" lon="11.2357700">
    <ele>892.4</ele>
    <time>2026-05-31T06:01:05Z</time>
   </trkpt>
   <trkpt lat="47.2825660" lon="11.2357630">
    <ele>892.5</ele>
    <time>2026-05-31T06:01:06Z</time>
   </trkpt>
   <trkpt lat="47.2825530" lon="11.2357500">
    <ele>892.7</ele>
    <time>2026-05-31T06:01:07Z</time>
   </trkpt>
   <trkpt lat="47.2825390" lon="11.2357390">
    <ele>892.9</ele>
    <time>2026-05-31T06:01:08Z</time>
   </trkpt>
   <trkpt lat="47.2825250" lon="11.2357280">
    <ele>893.1</ele>
    <time>2026-05-31T06:01:09Z</time>
   </trkpt>
   <trkpt lat="47.2825220" lon="11.2357030">
    <ele>893.3</ele>
    <time>2026-05-31T06:01:10Z</time>
   </trkpt>
   <trkpt lat="47.2825190" lon="11.2356790">
    <ele>893.5</ele>
    <time>2026-05-31T06:01:11Z</time>
   </trkpt>
   <trkpt lat="47.2825200" lon="11.2356720">
    <ele>893.6</ele>
    <time>2026-05-31T06:01:12Z</time>
   </trkpt>
   <trkpt lat="47.2825090" lon="11.2356570">
    <ele>893.8</ele>
    <time>2026-05-31T06:01:13Z</time>
   </trkpt>
   <trkpt lat="47.2825030" lon="11.2356520">
    <ele>893.8</ele>
    <time>2026-05-31T06:01:14Z</time>
   </trkpt>
   <trkpt lat="47.2824950" lon="11.2356220">
    <ele>894.1</ele>
    <time>2026-05-31T06:01:15Z</time>
   </trkpt>
   <trkpt lat="47.2824890" lon="11.2355940">
    <ele>894.3</ele>
    <time>2026-05-31T06:01:16Z</time>
   </trkpt>
   <trkpt lat="47.2824840" lon="11.2355790">
    <ele>894.4</ele>
    <time>2026-05-31T06:01:17Z</time>
   </trkpt>
   <trkpt lat="47.2824850" lon="11.2355720">
    <ele>894.5</ele>
    <time>2026-05-31T06:01:18Z</time>
   </trkpt>
   <trkpt lat="47.2824880" lon="11.2355610">
    <ele>894.5</ele>
    <time>2026-05-31T06:01:19Z</time>
   </trkpt>
   <trkpt lat="47.2824870" lon="11.2355680">
    <ele>894.6</ele>
    <time>2026-05-31T06:01:20Z</time>
   </trkpt>
   <trkpt lat="47.2824880" lon="11.2355640">
    <ele>894.6</ele>
    <time>2026-05-31T06:01:21Z</time>
   </trkpt>
   <trkpt lat="47.2824810" lon="11.2355270">
    <ele>894.9</ele>
    <time>2026-05-31T06:01:22Z</time>
   </trkpt>
   <trkpt lat="47.2824680" lon="11.2354890">
    <ele>895.2</ele>
    <time>2026-05-31T06:01:23Z</time>
   </trkpt>
   <trkpt lat="47.2824650" lon="11.2354770">
    <ele>895.3</ele>
    <time>2026-05-31T06:01:24Z</time>
   </trkpt>
   <trkpt lat="47.2824540" lon="11.2354530">
    <ele>895.5</ele>
    <time>2026-05-31T06:01:25Z</time>
   </trkpt>
   <trkpt lat="47.2824530" lon="11.2354340">
    <ele>895.7</ele>
    <time>2026-05-31T06:01:26Z</time>
   </trkpt>
   <trkpt lat="47.2824720" lon="11.2354160">
    <ele>896.0</ele>
    <time>2026-05-31T06:01:27Z</time>
   </trkpt>
   <trkpt lat="47.2824760" lon="11.2354120">
    <ele>896.0</ele>
    <time>2026-05-31T06:01:28Z</time>
   </trkpt>
   <trkpt lat="47.2824810" lon="11.2354090">
    <ele>896.1</ele>
    <time>2026-05-31T06:01:29Z</time>
   </trkpt>
   <trkpt lat="47.2824850" lon="11.2354050">
    <ele>896.2</ele>
    <time>2026-05-31T06:01:30Z</time>
   </trkpt>
   <trkpt lat="47.2824900" lon="11.2354010">
    <ele>896.2</ele>
    <time>2026-05-31T06:01:31Z</time>
   </trkpt>
   <trkpt lat="47.2824890" lon="11.2353950">
    <ele>896.3</ele>
    <time>2026-05-31T06:01:32Z</time>
   </trkpt>
   <trkpt lat="47.2825030" lon="11.2353760">
    <ele>896.6</ele>
    <time>2026-05-31T06:01:33Z</time>
   </trkpt>
   <trkpt lat="47.2825120" lon="11.2353710">
    <ele>896.7</ele>
    <time>2026-05-31T06:01:34Z</time>
   </trkpt>
   <trkpt lat="47.2825080" lon="11.2353790">
    <ele>896.9</ele>
    <time>2026-05-31T06:01:35Z</time>
   </trkpt>
   <trkpt lat="47.2825020" lon="11.2353870">
    <ele>897.0</ele>
    <time>2026-05-31T06:01:36Z</time>
   </trkpt>
   <trkpt lat="47.2825180" lon="11.2353990">
    <ele>897.3</ele>
    <time>2026-05-31T06:01:37Z</time>
   </trkpt>
   <trkpt lat="47.2825310" lon="11.2353980">
    <ele>897.5</ele>
    <time>2026-05-31T06:01:38Z</time>
   </trkpt>
   <trkpt lat="47.2825330" lon="11.2354070">
    <ele>897.6</ele>
    <time>2026-05-31T06:01:39Z</time>
   </trkpt>
   <trkpt lat="47.2825290" lon="11.2354010">
    <ele>897.7</ele>
    <time>2026-05-31T06:01:40Z</time>
   </trkpt>
   <trkpt lat="47.2825260" lon="11.2354130">
    <ele>897.9</ele>
    <time>2026-05-31T06:01:41Z</time>
   </trkpt>
   <trkpt lat="47.2825320" lon="11.2354050">
    <ele>898.0</ele>
    <time>2026-05-31T06:01:42Z</time>
   </trkpt>
   <trkpt lat="47.2825390" lon="11.2354060">
    <ele>898.1</ele>
    <time>2026-05-31T06:01:43Z</time>
   </trkpt>
   <trkpt lat="47.2825530" lon="11.2354190">
    <ele>898.5</ele>
    <time>2026-05-31T06:01:44Z</time>
   </trkpt>
   <trkpt lat="47.2825550" lon="11.2354200">
    <ele>898.5</ele>
    <time>2026-05-31T06:01:45Z</time>
   </trkpt>
   <trkpt lat="47.2825500" lon="11.2354310">
    <ele>898.7</ele>
    <time>2026-05-31T06:01:46Z</time>
   </trkpt>
   <trkpt lat="47.2825740" lon="11.2354260">
    <ele>899.2</ele>
    <time>2026-05-31T06:01:47Z</time>
   </trkpt>
   <trkpt lat="47.2825890" lon="11.2354320">
    <ele>899.5</ele>
    <time>2026-05-31T06:01:48Z</time>
   </trkpt>
   <trkpt lat="47.2825780" lon="11.2354630">
    <ele>900.0</ele>
    <time>2026-05-31T06:01:49Z</time>
   </trkpt>
   <trkpt lat="47.2825750" lon="11.2354750">
    <ele>900.2</ele>
    <time>2026-05-31T06:01:50Z</time>
   </trkpt>
   <trkpt lat="47.2825720" lon="11.2354880">
    <ele>900.4</ele>
    <time>2026-05-31T06:01:51Z</time>
   </trkpt>
   <trkpt lat="47.2825620" lon="11.2355100">
    <ele>900.8</ele>
    <time>2026-05-31T06:01:52Z</time>
   </trkpt>
   <trkpt lat="47.2825670" lon="11.2355280">
    <ele>901.1</ele>
    <time>2026-05-31T06:01:53Z</time>
   </trkpt>
   <trkpt lat="47.2825850" lon="11.2355410">
    <ele>901.5</ele>
    <time>2026-05-31T06:01:54Z</time>
   </trkpt>
   <trkpt lat="47.2825960" lon="11.2355480">
    <ele>901.8</ele>
    <time>2026-05-31T06:01:55Z</time>
   </trkpt>
   <trkpt lat="47.2826080" lon="11.2355550">
    <ele>902.1</ele>
    <time>2026-05-31T06:01:56Z</time>
   </trkpt>
   <trkpt lat="47.2826470" lon="11.2354800">
    <ele>903.4</ele>
    <time>2026-05-31T06:01:57Z</time>
   </trkpt>
   <trkpt lat="47.2826650" lon="11.2354810">
    <ele>903.7</ele>
    <time>2026-05-31T06:01:58Z</time>
   </trkpt>
   <trkpt lat="47.2826730" lon="11.2354820">
    <ele>903.8</ele>
    <time>2026-05-31T06:01:59Z</time>
   </trkpt>
   <trkpt lat="47.2826800" lon="11.2354880">
    <ele>904.0</ele>
    <time>2026-05-31T06:02:00Z</time>
   </trkpt>
   <trkpt lat="47.2826970" lon="11.2354970">
    <ele>904.3</ele>
    <time>2026-05-31T06:02:01Z</time>
   </trkpt>
   <trkpt lat="47.2827060" lon="11.2355030">
    <ele>904.5</ele>
    <time>2026-05-31T06:02:02Z</time>
   </trkpt>
   <trkpt lat="47.2827070" lon="11.2355160">
    <ele>904.6</ele>
    <time>2026-05-31T06:02:03Z</time>
   </trkpt>
   <trkpt lat="47.2827210" lon="11.2355370">
    <ele>904.9</ele>
    <time>2026-05-31T06:02:04Z</time>
   </trkpt>
   <trkpt lat="47.2827340" lon="11.2355530">
    <ele>905.2</ele>
    <time>2026-05-31T06:02:05Z</time>
   </trkpt>
   <trkpt lat="47.2827430" lon="11.2355580">
    <ele>905.3</ele>
    <time>2026-05-31T06:02:06Z</time>
   </trkpt>
   <trkpt lat="47.2827530" lon="11.2355570">
    <ele>905.5</ele>
    <time>2026-05-31T06:02:07Z</time>
   </trkpt>
   <trkpt lat="47.2827650" lon="11.2355780">
    <ele>905.7</ele>
    <time>2026-05-31T06:02:08Z</time>
   </trkpt>
   <trkpt lat="47.2827710" lon="11.2355890">
    <ele>905.9</ele>
    <time>2026-05-31T06:02:09Z</time>
   </trkpt>
   <trkpt lat="47.2827880" lon="11.2355940">
    <ele>906.1</ele>
    <time>2026-05-31T06:02:10Z</time>
   </trkpt>
   <trkpt lat="47.2828010" lon="11.2355800">
    <ele>906.4</ele>
    <time>2026-05-31T06:02:11Z</time>
   </trkpt>
   <trkpt lat="47.2828170" lon="11.2355910">
    <ele>906.6</ele>
    <time>2026-05-31T06:02:12Z</time>
   </trkpt>
   <trkpt lat="47.2828060" lon="11.2355850">
    <ele>906.8</ele>
    <time>2026-05-31T06:02:13Z</time>
   </trkpt>
   <trkpt lat="47.2828260" lon="11.2355950">
    <ele>907.1</ele>
    <time>2026-05-31T06:02:14Z</time>
   </trkpt>
   <trkpt lat="47.2828350" lon="11.2355900">
    <ele>907.3</ele>
    <time>2026-05-31T06:02:15Z</time>
   </trkpt>
   <trkpt lat="47.2828440" lon="11.2356100">
    <ele>907.5</ele>
    <time>2026-05-31T06:02:16Z</time>
   </trkpt>
   <trkpt lat="47.2828550" lon="11.2356170">
    <ele>907.7</ele>
    <time>2026-05-31T06:02:17Z</time>
   </trkpt>
   <trkpt lat="47.2828600" lon="11.2356250">
    <ele>907.8</ele>
    <time>2026-05-31T06:02:18Z</time>
   </trkpt>
   <trkpt lat="47.2828510" lon="11.2356090">
    <ele>908.0</ele>
    <time>2026-05-31T06:02:19Z</time>
   </trkpt>
   <trkpt lat="47.2828740" lon="11.2355980">
    <ele>908.4</ele>
    <time>2026-05-31T06:02:20Z</time>
   </trkpt>
   <trkpt lat="47.2828850" lon="11.2356040">
    <ele>908.6</ele>
    <time>2026-05-31T06:02:21Z</time>
   </trkpt>
   <trkpt lat="47.2828810" lon="11.2355950">
    <ele>908.7</ele>
    <time>2026-05-31T06:02:22Z</time>
   </trkpt>
   <trkpt lat="47.2828730" lon="11.2355920">
    <ele>908.8</ele>
    <time>2026-05-31T06:02:23Z</time>
   </trkpt>
   <trkpt lat="47.2828620" lon="11.2355860">
    <ele>909.0</ele>
    <time>2026-05-31T06:02:24Z</time>
   </trkpt>
   <trkpt lat="47.2828540" lon="11.2355810">
    <ele>909.1</ele>
    <time>2026-05-31T06:02:25Z</time>
   </trkpt>
   <trkpt lat="47.2828490" lon="11.2355710">
    <ele>909.3</ele>
    <time>2026-05-31T06:02:26Z</time>
   </trkpt>
   <trkpt lat="47.2828450" lon="11.2355600">
    <ele>909.4</ele>
    <time>2026-05-31T06:02:27Z</time>
   </trkpt>
   <trkpt lat="47.2828410" lon="11.2355400">
    <ele>909.6</ele>
    <time>2026-05-31T06:02:28Z</time>
   </trkpt>
   <trkpt lat="47.2828350" lon="11.2355300">
    <ele>909.8</ele>
    <time>2026-05-31T06:02:29Z</time>
   </trkpt>
   <trkpt lat="47.2828230" lon="11.2355080">
    <ele>910.1</ele>
    <time>2026-05-31T06:02:30Z</time>
   </trkpt>
   <trkpt lat="47.2828170" lon="11.2355030">
    <ele>910.2</ele>
    <time>2026-05-31T06:02:31Z</time>
   </trkpt>
   <trkpt lat="47.2828160" lon="11.2354890">
    <ele>910.3</ele>
    <time>2026-05-31T06:02:32Z</time>
   </trkpt>
   <trkpt lat="47.2828100" lon="11.2354710">
    <ele>910.5</ele>
    <time>2026-05-31T06:02:33Z</time>
   </trkpt>
   <trkpt lat="47.2827940" lon="11.2354600">
    <ele>910.8</ele>
    <time>2026-05-31T06:02:34Z</time>
   </trkpt>
   <trkpt lat="47.2827980" lon="11.2354450">
    <ele>911.0</ele>
    <time>2026-05-31T06:02:35Z</time>
   </trkpt>
   <trkpt lat="47.2828140" lon="11.2354260">
    <ele>911.3</ele>
    <time>2026-05-31T06:02:36Z</time>
   </trkpt>
   <trkpt lat="47.2828220" lon="11.2354320">
    <ele>911.5</ele>
    <time>2026-05-31T06:02:37Z</time>
   </trkpt>
   <trkpt lat="47.2828320" lon="11.2354370">
    <ele>911.7</ele>
    <time>2026-05-31T06:02:38Z</time>
   </trkpt>
   <trkpt lat="47.2828430" lon="11.2354400">
    <ele>912.0</ele>
    <time>2026-05-31T06:02:39Z</time>
   </trkpt>
   <trkpt lat="47.2828540" lon="11.2354540">
    <ele>912.3</ele>
    <time>2026-05-31T06:02:40Z</time>
   </trkpt>
   <trkpt lat="47.2828620" lon="11.2354670">
    <ele>912.5</ele>
    <time>2026-05-31T06:02:41Z</time>
   </trkpt>
   <trkpt lat="47.2828750" lon="11.2354630">
    <ele>912.8</ele>
    <time>2026-05-31T06:02:42Z</time>
   </trkpt>
   <trkpt lat="47.2828810" lon="11.2354650">
    <ele>912.9</ele>
    <time>2026-05-31T06:02:43Z</time>
   </trkpt>
   <trkpt lat="47.2828920" lon="11.2354630">
    <ele>913.1</ele>
    <time>2026-05-31T06:02:44Z</time>
   </trkpt>
   <trkpt lat="47.2828970" lon="11.2354650">
    <ele>913.2</ele>
    <time>2026-05-31T06:02:45Z</time>
   </trkpt>
   <trkpt lat="47.2829070" lon="11.2354620">
    <ele>913.4</ele>
    <time>2026-05-31T06:02:46Z</time>
   </trkpt>
   <trkpt lat="47.2829210" lon="11.2354560">
    <ele>913.7</ele>
    <time>2026-05-31T06:02:47Z</time>
   </trkpt>
   <trkpt lat="47.2829280" lon="11.2354520">
    <ele>913.8</ele>
    <time>2026-05-31T06:02:48Z</time>
   </trkpt>
   <trkpt lat="47.2829360" lon="11.2354490">
    <ele>914.0</ele>
    <time>2026-05-31T06:02:49Z</time>
   </trkpt>
   <trkpt lat="47.2829430" lon="11.2354450">
    <ele>914.1</ele>
    <time>2026-05-31T06:02:50Z</time>
   </trkpt>
   <trkpt lat="47.2829550" lon="11.2354360">
    <ele>914.3</ele>
    <time>2026-05-31T06:02:51Z</time>
   </trkpt>
   <trkpt lat="47.2829590" lon="11.2354280">
    <ele>914.4</ele>
    <time>2026-05-31T06:02:52Z</time>
   </trkpt>
   <trkpt lat="47.2829630" lon="11.2354200">
    <ele>914.5</ele>
    <time>2026-05-31T06:02:53Z</time>
   </trkpt>
   <trkpt lat="47.2829670" lon="11.2354120">
    <ele>914.6</ele>
    <time>2026-05-31T06:02:54Z</time>
   </trkpt>
   <trkpt lat="47.2829710" lon="11.2354040">
    <ele>914.7</ele>
    <time>2026-05-31T06:02:55Z</time>
   </trkpt>
   <trkpt lat="47.2829680" lon="11.2354070">
    <ele>914.8</ele>
    <time>2026-05-31T06:02:56Z</time>
   </trkpt>
   <trkpt lat="47.2829820" lon="11.2353890">
    <ele>915.0</ele>
    <time>2026-05-31T06:02:57Z</time>
   </trkpt>
   <trkpt lat="47.2829970" lon="11.2353770">
    <ele>915.2</ele>
    <time>2026-05-31T06:02:58Z</time>
   </trkpt>
   <trkpt lat="47.2830170" lon="11.2353610">
    <ele>915.5</ele>
    <time>2026-05-31T06:02:59Z</time>
   </trkpt>
   <trkpt lat="47.2830220" lon="11.2353600">
    <ele>915.5</ele>
    <time>2026-05-31T06:03:00Z</time>
   </trkpt>
   <trkpt lat="47.2830260" lon="11.2353580">
    <ele>915.6</ele>
    <time>2026-05-31T06:03:01Z</time>
   </trkpt>
   <trkpt lat="47.2830310" lon="11.2353560">
    <ele>915.6</ele>
    <time>2026-05-31T06:03:02Z</time>
   </trkpt>
   <trkpt lat="47.2830430" lon="11.2353340">
    <ele>915.8</ele>
    <time>2026-05-31T06:03:03Z</time>
   </trkpt>
   <trkpt lat="47.2830480" lon="11.2353250">
    <ele>915.9</ele>
    <time>2026-05-31T06:03:04Z</time>
   </trkpt>
   <trkpt lat="47.2830600" lon="11.2353050">
    <ele>916.0</ele>
    <time>2026-05-31T06:03:05Z</time>
   </trkpt>
   <trkpt lat="47.2830620" lon="11.2352880">
    <ele>916.1</ele>
    <time>2026-05-31T06:03:06Z</time>
   </trkpt>
   <trkpt lat="47.2830710" lon="11.2352640">
    <ele>916.2</ele>
    <time>2026-05-31T06:03:07Z</time>
   </trkpt>
   <trkpt lat="47.2830750" lon="11.2352380">
    <ele>916.4</ele>
    <time>2026-05-31T06:03:08Z</time>
   </trkpt>
   <trkpt lat="47.2830780" lon="11.2352190">
    <ele>916.4</ele>
    <time>2026-05-31T06:03:09Z</time>
   </trkpt>
   <trkpt lat="47.2830770" lon="11.2352100">
    <ele>916.5</ele>
    <time>2026-05-31T06:03:10Z</time>
   </trkpt>
   <trkpt lat="47.2830760" lon="11.2352000">
    <ele>916.5</ele>
    <time>2026-05-31T06:03:11Z</time>
   </trkpt>
   <trkpt lat="47.2830740" lon="11.2351910">
    <ele>916.6</ele>
    <time>2026-05-31T06:03:12Z</time>
   </trkpt>
   <trkpt lat="47.2830730" lon="11.2351820">
    <ele>916.6</ele>
    <time>2026-05-31T06:03:13Z</time>
   </trkpt>
   <trkpt lat="47.2830720" lon="11.2351730">
    <ele>916.6</ele>
    <time>2026-05-31T06:03:14Z</time>
   </trkpt>
   <trkpt lat="47.2830750" lon="11.2351380">
    <ele>916.8</ele>
    <time>2026-05-31T06:03:15Z</time>
   </trkpt>
   <trkpt lat="47.2830800" lon="11.2351150">
    <ele>916.9</ele>
    <time>2026-05-31T06:03:16Z</time>
   </trkpt>
   <trkpt lat="47.2830970" lon="11.2350650">
    <ele>917.2</ele>
    <time>2026-05-31T06:03:17Z</time>
   </trkpt>
   <trkpt lat="47.2831030" lon="11.2350500">
    <ele>917.3</ele>
    <time>2026-05-31T06:03:18Z</time>
   </trkpt>
   <trkpt lat="47.2831080" lon="11.2350390">
    <ele>917.4</ele>
    <time>2026-05-31T06:03:19Z</time>
   </trkpt>
   <trkpt lat="47.2831110" lon="11.2350320">
    <ele>917.4</ele>
    <time>2026-05-31T06:03:20Z</time>
   </trkpt>
   <trkpt lat="47.2831290" lon="11.2350320">
    <ele>917.6</ele>
    <time>2026-05-31T06:03:21Z</time>
   </trkpt>
   <trkpt lat="47.2831290" lon="11.2350360">
    <ele>917.6</ele>
    <time>2026-05-31T06:03:22Z</time>
   </trkpt>
   <trkpt lat="47.2831390" lon="11.2350270">
    <ele>917.7</ele>
    <time>2026-05-31T06:03:23Z</time>
   </trkpt>
   <trkpt lat="47.2831470" lon="11.2350030">
    <ele>918.0</ele>
    <time>2026-05-31T06:03:24Z</time>
   </trkpt>
   <trkpt lat="47.2831590" lon="11.2349910">
    <ele>918.2</ele>
    <time>2026-05-31T06:03:25Z</time>
   </trkpt>
   <trkpt lat="47.2831540" lon="11.2349610">
    <ele>918.4</ele>
    <time>2026-05-31T06:03:26Z</time>
   </trkpt>
   <trkpt lat="47.2831600" lon="11.2349550">
    <ele>918.5</ele>
    <time>2026-05-31T06:03:27Z</time>
   </trkpt>
   <trkpt lat="47.2831670" lon="11.2349580">
    <ele>918.7</ele>
    <time>2026-05-31T06:03:28Z</time>
   </trkpt>
   <trkpt lat="47.2831560" lon="11.2349550">
    <ele>918.8</ele>
    <time>2026-05-31T06:03:29Z</time>
   </trkpt>
   <trkpt lat="47.2831630" lon="11.2349410">
    <ele>919.0</ele>
    <time>2026-05-31T06:03:30Z</time>
   </trkpt>
   <trkpt lat="47.2831640" lon="11.2349290">
    <ele>919.1</ele>
    <time>2026-05-31T06:03:31Z</time>
   </trkpt>
   <trkpt lat="47.2831710" lon="11.2349170">
    <ele>919.3</ele>
    <time>2026-05-31T06:03:32Z</time>
   </trkpt>
   <trkpt lat="47.2831790" lon="11.2349120">
    <ele>919.5</ele>
    <time>2026-05-31T06:03:33Z</time>
   </trkpt>
   <trkpt lat="47.2831720" lon="11.2349180">
    <ele>919.6</ele>
    <time>2026-05-31T06:03:34Z</time>
   </trkpt>
   <trkpt lat="47.2831790" lon="11.2349190">
    <ele>919.7</ele>
    <time>2026-05-31T06:03:35Z</time>
   </trkpt>
   <trkpt lat="47.2831740" lon="11.2349220">
    <ele>919.8</ele>
    <time>2026-05-31T06:03:36Z</time>
   </trkpt>
   <trkpt lat="47.2831760" lon="11.2349030">
    <ele>920.1</ele>
    <time>2026-05-31T06:03:37Z</time>
   </trkpt>
   <trkpt lat="47.2831780" lon="11.2348650">
    <ele>920.5</ele>
    <time>2026-05-31T06:03:38Z</time>
   </trkpt>
   <trkpt lat="47.2831850" lon="11.2347960">
    <ele>921.4</ele>
    <time>2026-05-31T06:03:39Z</time>
   </trkpt>
   <trkpt lat="47.2831770" lon="11.2347440">
    <ele>922.1</ele>
    <time>2026-05-31T06:03:40Z</time>
   </trkpt>
   <trkpt lat="47.2831820" lon="11.2347720">
    <ele>922.5</ele>
    <time>2026-05-31T06:03:41Z</time>
   </trkpt>
   <trkpt lat="47.2831890" lon="11.2347630">
    <ele>922.6</ele>
    <time>2026-05-31T06:03:42Z</time>
   </trkpt>
   <trkpt lat="47.2831890" lon="11.2347630">
    <ele>922.6</ele>
    <time>2026-05-31T06:03:43Z</time>
   </trkpt>
   <trkpt lat="47.2831780" lon="11.2347160">
    <ele>923.2</ele>
    <time>2026-05-31T06:03:44Z</time>
   </trkpt>
   <trkpt lat="47.2831860" lon="11.2347070">
    <ele>923.4</ele>
    <time>2026-05-31T06:03:45Z</time>
   </trkpt>
   <trkpt lat="47.2831950" lon="11.2347110">
    <ele>923.5</ele>
    <time>2026-05-31T06:03:46Z</time>
   </trkpt>
   <trkpt lat="47.2832050" lon="11.2347200">
    <ele>923.7</ele>
    <time>2026-05-31T06:03:47Z</time>
   </trkpt>
   <trkpt lat="47.2832110" lon="11.2347390">
    <ele>923.9</ele>
    <time>2026-05-31T06:03:48Z</time>
   </trkpt>
   <trkpt lat="47.2832210" lon="11.2347430">
    <ele>924.0</ele>
    <time>2026-05-31T06:03:49Z</time>
   </trkpt>
   <trkpt lat="47.2832460" lon="11.2347350">
    <ele>924.3</ele>
    <time>2026-05-31T06:03:50Z</time>
   </trkpt>
   <trkpt lat="47.2832610" lon="11.2347290">
    <ele>924.5</ele>
    <time>2026-05-31T06:03:51Z</time>
   </trkpt>
   <trkpt lat="47.2832600" lon="11.2347260">
    <ele>924.5</ele>
    <time>2026-05-31T06:03:52Z</time>
   </trkpt>
   <trkpt lat="47.2832640" lon="11.2347330">
    <ele>924.6</ele>
    <time>2026-05-31T06:03:53Z</time>
   </trkpt>
   <trkpt lat="47.2832790" lon="11.2347310">
    <ele>924.7</ele>
    <time>2026-05-31T06:03:54Z</time>
   </trkpt>
   <trkpt lat="47.2832960" lon="11.2347160">
    <ele>924.9</ele>
    <time>2026-05-31T06:03:55Z</time>
   </trkpt>
   <trkpt lat="47.2833080" lon="11.2347020">
    <ele>925.1</ele>
    <time>2026-05-31T06:03:56Z</time>
   </trkpt>
   <trkpt lat="47.2833110" lon="11.2347010">
    <ele>925.1</ele>
    <time>2026-05-31T06:03:57Z</time>
   </trkpt>
   <trkpt lat="47.2833230" lon="11.2346910">
    <ele>925.1</ele>
    <time>2026-05-31T06:03:58Z</time>
   </trkpt>
   <trkpt lat="47.2833520" lon="11.2346800">
    <ele>925.1</ele>
    <time>2026-05-31T06:03:59Z</time>
   </trkpt>
   <trkpt lat="47.2833680" lon="11.2346750">
    <ele>925.1</ele>
    <time>2026-05-31T06:04:00Z</time>
   </trkpt>
   <trkpt lat="47.2833830" lon="11.2346690">
    <ele>925.2</ele>
    <time>2026-05-31T06:04:01Z</time>
   </trkpt>
   <trkpt lat="47.2833810" lon="11.2346610">
    <ele>925.2</ele>
    <time>2026-05-31T06:04:02Z</time>
   </trkpt>
   <trkpt lat="47.2833870" lon="11.2346430">
    <ele>925.3</ele>
    <time>2026-05-31T06:04:03Z</time>
   </trkpt>
   <trkpt lat="47.2834100" lon="11.2346350">
    <ele>925.4</ele>
    <time>2026-05-31T06:04:04Z</time>
   </trkpt>
   <trkpt lat="47.2834280" lon="11.2346140">
    <ele>925.5</ele>
    <time>2026-05-31T06:04:05Z</time>
   </trkpt>
   <trkpt lat="47.2834380" lon="11.2346020">
    <ele>925.6</ele>
    <time>2026-05-31T06:04:06Z</time>
   </trkpt>
   <trkpt lat="47.2834470" lon="11.2345900">
    <ele>925.7</ele>
    <time>2026-05-31T06:04:07Z</time>
   </trkpt>
   <trkpt lat="47.2834580" lon="11.2345790">
    <ele>925.8</ele>
    <time>2026-05-31T06:04:08Z</time>
   </trkpt>
   <trkpt lat="47.2834670" lon="11.2345750">
    <ele>925.8</ele>
    <time>2026-05-31T06:04:09Z</time>
   </trkpt>
   <trkpt lat="47.2834750" lon="11.2345710">
    <ele>925.9</ele>
    <time>2026-05-31T06:04:10Z</time>
   </trkpt>
   <trkpt lat="47.2834830" lon="11.2345670">
    <ele>926.0</ele>
    <time>2026-05-31T06:04:11Z</time>
   </trkpt>
   <trkpt lat="47.2835050" lon="11.2345600">
    <ele>926.2</ele>
    <time>2026-05-31T06:04:12Z</time>
   </trkpt>
   <trkpt lat="47.2835150" lon="11.2345560">
    <ele>926.3</ele>
    <time>2026-05-31T06:04:13Z</time>
   </trkpt>
   <trkpt lat="47.2835240" lon="11.2345530">
    <ele>926.4</ele>
    <time>2026-05-31T06:04:14Z</time>
   </trkpt>
   <trkpt lat="47.2835400" lon="11.2345400">
    <ele>926.5</ele>
    <time>2026-05-31T06:04:15Z</time>
   </trkpt>
   <trkpt lat="47.2835530" lon="11.2345310">
    <ele>926.7</ele>
    <time>2026-05-31T06:04:16Z</time>
   </trkpt>
   <trkpt lat="47.2835660" lon="11.2345230">
    <ele>926.8</ele>
    <time>2026-05-31T06:04:17Z</time>
   </trkpt>
   <trkpt lat="47.2835730" lon="11.2345160">
    <ele>926.9</ele>
    <time>2026-05-31T06:04:18Z</time>
   </trkpt>
   <trkpt lat="47.2835810" lon="11.2345130">
    <ele>927.0</ele>
    <time>2026-05-31T06:04:19Z</time>
   </trkpt>
   <trkpt lat="47.2836090" lon="11.2345140">
    <ele>927.3</ele>
    <time>2026-05-31T06:04:20Z</time>
   </trkpt>
   <trkpt lat="47.2836180" lon="11.2345130">
    <ele>927.4</ele>
    <time>2026-05-31T06:04:21Z</time>
   </trkpt>
   <trkpt lat="47.2836400" lon="11.2345040">
    <ele>927.6</ele>
    <time>2026-05-31T06:04:22Z</time>
   </trkpt>
   <trkpt lat="47.2836470" lon="11.2345000">
    <ele>927.7</ele>
    <time>2026-05-31T06:04:23Z</time>
   </trkpt>
   <trkpt lat="47.2836540" lon="11.2344970">
    <ele>927.7</ele>
    <time>2026-05-31T06:04:24Z</time>
   </trkpt>
   <trkpt lat="47.2836600" lon="11.2344860">
    <ele>927.8</ele>
    <time>2026-05-31T06:04:25Z</time>
   </trkpt>
   <trkpt lat="47.2836790" lon="11.2344780">
    <ele>928.0</ele>
    <time>2026-05-31T06:04:26Z</time>
   </trkpt>
   <trkpt lat="47.2836990" lon="11.2344730">
    <ele>928.3</ele>
    <time>2026-05-31T06:04:27Z</time>
   </trkpt>
   <trkpt lat="47.2837070" lon="11.2344680">
    <ele>928.3</ele>
    <time>2026-05-31T06:04:28Z</time>
   </trkpt>
   <trkpt lat="47.2837160" lon="11.2344640">
    <ele>928.5</ele>
    <time>2026-05-31T06:04:29Z</time>
   </trkpt>
   <trkpt lat="47.2837270" lon="11.2344580">
    <ele>928.6</ele>
    <time>2026-05-31T06:04:30Z</time>
   </trkpt>
   <trkpt lat="47.2837390" lon="11.2344500">
    <ele>928.8</ele>
    <time>2026-05-31T06:04:31Z</time>
   </trkpt>
   <trkpt lat="47.2837470" lon="11.2344440">
    <ele>928.9</ele>
    <time>2026-05-31T06:04:32Z</time>
   </trkpt>
   <trkpt lat="47.2837590" lon="11.2344330">
    <ele>929.1</ele>
    <time>2026-05-31T06:04:33Z</time>
   </trkpt>
   <trkpt lat="47.2837650" lon="11.2344320">
    <ele>929.1</ele>
    <time>2026-05-31T06:04:34Z</time>
   </trkpt>
   <trkpt lat="47.2837790" lon="11.2344220">
    <ele>929.3</ele>
    <time>2026-05-31T06:04:35Z</time>
   </trkpt>
   <trkpt lat="47.2837880" lon="11.2344200">
    <ele>929.5</ele>
    <time>2026-05-31T06:04:36Z</time>
   </trkpt>
   <trkpt lat="47.2837980" lon="11.2344170">
    <ele>929.6</ele>
    <time>2026-05-31T06:04:37Z</time>
   </trkpt>
   <trkpt lat="47.2838110" lon="11.2344130">
    <ele>929.8</ele>
    <time>2026-05-31T06:04:38Z</time>
   </trkpt>
   <trkpt lat="47.2838220" lon="11.2344040">
    <ele>930.0</ele>
    <time>2026-05-31T06:04:39Z</time>
   </trkpt>
   <trkpt lat="47.2838370" lon="11.2343930">
    <ele>930.3</ele>
    <time>2026-05-31T06:04:40Z</time>
   </trkpt>
   <trkpt lat="47.2838510" lon="11.2343820">
    <ele>930.5</ele>
    <time>2026-05-31T06:04:41Z</time>
   </trkpt>
   <trkpt lat="47.2838640" lon="11.2343750">
    <ele>930.8</ele>
    <time>2026-05-31T06:04:42Z</time>
   </trkpt>
   <trkpt lat="47.2838730" lon="11.2343590">
    <ele>931.0</ele>
    <time>2026-05-31T06:04:43Z</time>
   </trkpt>
   <trkpt lat="47.2838840" lon="11.2343530">
    <ele>931.3</ele>
    <time>2026-05-31T06:04:44Z</time>
   </trkpt>
   <trkpt lat="47.2838910" lon="11.2343460">
    <ele>931.4</ele>
    <time>2026-05-31T06:04:45Z</time>
   </trkpt>
   <trkpt lat="47.2838970" lon="11.2343310">
    <ele>931.6</ele>
    <time>2026-05-31T06:04:46Z</time>
   </trkpt>
   <trkpt lat="47.2839060" lon="11.2343310">
    <ele>931.8</ele>
    <time>2026-05-31T06:04:47Z</time>
   </trkpt>
   <trkpt lat="47.2839130" lon="11.2343220">
    <ele>932.0</ele>
    <time>2026-05-31T06:04:48Z</time>
   </trkpt>
   <trkpt lat="47.2839200" lon="11.2343120">
    <ele>932.2</ele>
    <time>2026-05-31T06:04:49Z</time>
   </trkpt>
   <trkpt lat="47.2839240" lon="11.2343130">
    <ele>932.2</ele>
    <time>2026-05-31T06:04:50Z</time>
   </trkpt>
   <trkpt lat="47.2839300" lon="11.2343110">
    <ele>932.4</ele>
    <time>2026-05-31T06:04:51Z</time>
   </trkpt>
   <trkpt lat="47.2839430" lon="11.2343140">
    <ele>932.6</ele>
    <time>2026-05-31T06:04:52Z</time>
   </trkpt>
   <trkpt lat="47.2839580" lon="11.2343090">
    <ele>932.9</ele>
    <time>2026-05-31T06:04:53Z</time>
   </trkpt>
   <trkpt lat="47.2839710" lon="11.2343000">
    <ele>933.2</ele>
    <time>2026-05-31T06:04:54Z</time>
   </trkpt>
   <trkpt lat="47.2839870" lon="11.2342910">
    <ele>933.5</ele>
    <time>2026-05-31T06:04:55Z</time>
   </trkpt>
   <trkpt lat="47.2840010" lon="11.2342860">
    <ele>933.7</ele>
    <time>2026-05-31T06:04:56Z</time>
   </trkpt>
   <trkpt lat="47.2840120" lon="11.2342800">
    <ele>934.0</ele>
    <time>2026-05-31T06:04:57Z</time>
   </trkpt>
   <trkpt lat="47.2840190" lon="11.2342780">
    <ele>934.1</ele>
    <time>2026-05-31T06:04:58Z</time>
   </trkpt>
   <trkpt lat="47.2840290" lon="11.2342750">
    <ele>934.3</ele>
    <time>2026-05-31T06:04:59Z</time>
   </trkpt>
   <trkpt lat="47.2840420" lon="11.2342710">
    <ele>934.5</ele>
    <time>2026-05-31T06:05:00Z</time>
   </trkpt>
   <trkpt lat="47.2840550" lon="11.2342590">
    <ele>934.8</ele>
    <time>2026-05-31T06:05:01Z</time>
   </trkpt>
   <trkpt lat="47.2840770" lon="11.2342410">
    <ele>935.2</ele>
    <time>2026-05-31T06:05:02Z</time>
   </trkpt>
   <trkpt lat="47.2840840" lon="11.2342360">
    <ele>935.3</ele>
    <time>2026-05-31T06:05:03Z</time>
   </trkpt>
   <trkpt lat="47.2840910" lon="11.2342320">
    <ele>935.4</ele>
    <time>2026-05-31T06:05:04Z</time>
   </trkpt>
   <trkpt lat="47.2841030" lon="11.2342280">
    <ele>935.6</ele>
    <time>2026-05-31T06:05:05Z</time>
   </trkpt>
   <trkpt lat="47.2841120" lon="11.2342250">
    <ele>935.7</ele>
    <time>2026-05-31T06:05:06Z</time>
   </trkpt>
   <trkpt lat="47.2841090" lon="11.2342430">
    <ele>935.9</ele>
    <time>2026-05-31T06:05:07Z</time>
   </trkpt>
   <trkpt lat="47.2841250" lon="11.2342140">
    <ele>936.3</ele>
    <time>2026-05-31T06:05:08Z</time>
   </trkpt>
   <trkpt lat="47.2841340" lon="11.2341960">
    <ele>936.5</ele>
    <time>2026-05-31T06:05:09Z</time>
   </trkpt>
   <trkpt lat="47.2841470" lon="11.2341870">
    <ele>936.8</ele>
    <time>2026-05-31T06:05:10Z</time>
   </trkpt>
   <trkpt lat="47.2841570" lon="11.2341850">
    <ele>936.9</ele>
    <time>2026-05-31T06:05:11Z</time>
   </trkpt>
   <trkpt lat="47.2841740" lon="11.2341710">
    <ele>937.2</ele>
    <time>2026-05-31T06:05:12Z</time>
   </trkpt>
   <trkpt lat="47.2841890" lon="11.2341490">
    <ele>937.5</ele>
    <time>2026-05-31T06:05:13Z</time>
   </trkpt>
   <trkpt lat="47.2841950" lon="11.2341420">
    <ele>937.6</ele>
    <time>2026-05-31T06:05:14Z</time>
   </trkpt>
   <trkpt lat="47.2842020" lon="11.2341360">
    <ele>937.8</ele>
    <time>2026-05-31T06:05:15Z</time>
   </trkpt>
   <trkpt lat="47.2842190" lon="11.2341090">
    <ele>938.1</ele>
    <time>2026-05-31T06:05:16Z</time>
   </trkpt>
   <trkpt lat="47.2842270" lon="11.2340960">
    <ele>938.3</ele>
    <time>2026-05-31T06:05:17Z</time>
   </trkpt>
   <trkpt lat="47.2842360" lon="11.2340840">
    <ele>938.5</ele>
    <time>2026-05-31T06:05:18Z</time>
   </trkpt>
   <trkpt lat="47.2842450" lon="11.2340770">
    <ele>938.7</ele>
    <time>2026-05-31T06:05:19Z</time>
   </trkpt>
   <trkpt lat="47.2842600" lon="11.2340500">
    <ele>939.1</ele>
    <time>2026-05-31T06:05:20Z</time>
   </trkpt>
   <trkpt lat="47.2842720" lon="11.2340440">
    <ele>939.3</ele>
    <time>2026-05-31T06:05:21Z</time>
   </trkpt>
   <trkpt lat="47.2842770" lon="11.2340240">
    <ele>939.6</ele>
    <time>2026-05-31T06:05:22Z</time>
   </trkpt>
   <trkpt lat="47.2842880" lon="11.2340320">
    <ele>939.8</ele>
    <time>2026-05-31T06:05:23Z</time>
   </trkpt>
   <trkpt lat="47.2842990" lon="11.2340340">
    <ele>940.0</ele>
    <time>2026-05-31T06:05:24Z</time>
   </trkpt>
   <trkpt lat="47.2843040" lon="11.2340340">
    <ele>940.1</ele>
    <time>2026-05-31T06:05:25Z</time>
   </trkpt>
   <trkpt lat="47.2843120" lon="11.2340210">
    <ele>940.3</ele>
    <time>2026-05-31T06:05:26Z</time>
   </trkpt>
   <trkpt lat="47.2843200" lon="11.2340200">
    <ele>940.4</ele>
    <time>2026-05-31T06:05:27Z</time>
   </trkpt>
   <trkpt lat="47.2843380" lon="11.2340140">
    <ele>940.8</ele>
    <time>2026-05-31T06:05:28Z</time>
   </trkpt>
   <trkpt lat="47.2843510" lon="11.2340200">
    <ele>941.0</ele>
    <time>2026-05-31T06:05:29Z</time>
   </trkpt>
   <trkpt lat="47.2843620" lon="11.2340220">
    <ele>941.3</ele>
    <time>2026-05-31T06:05:30Z</time>
   </trkpt>
   <trkpt lat="47.2843790" lon="11.2340310">
    <ele>941.6</ele>
    <time>2026-05-31T06:05:31Z</time>
   </trkpt>
   <trkpt lat="47.2843850" lon="11.2340290">
    <ele>941.7</ele>
    <time>2026-05-31T06:05:32Z</time>
   </trkpt>
   <trkpt lat="47.2843970" lon="11.2340360">
    <ele>942.0</ele>
    <time>2026-05-31T06:05:33Z</time>
   </trkpt>
   <trkpt lat="47.2844090" lon="11.2340360">
    <ele>942.2</ele>
    <time>2026-05-31T06:05:34Z</time>
   </trkpt>
   <trkpt lat="47.2844200" lon="11.2340280">
    <ele>942.4</ele>
    <time>2026-05-31T06:05:35Z</time>
   </trkpt>
   <trkpt lat="47.2844270" lon="11.2340230">
    <ele>942.5</ele>
    <time>2026-05-31T06:05:36Z</time>
   </trkpt>
   <trkpt lat="47.2844310" lon="11.2340080">
    <ele>942.7</ele>
    <time>2026-05-31T06:05:37Z</time>
   </trkpt>
   <trkpt lat="47.2844360" lon="11.2339930">
    <ele>942.9</ele>
    <time>2026-05-31T06:05:38Z</time>
   </trkpt>
   <trkpt lat="47.2844490" lon="11.2339720">
    <ele>943.2</ele>
    <time>2026-05-31T06:05:39Z</time>
   </trkpt>
   <trkpt lat="47.2844720" lon="11.2339430">
    <ele>943.7</ele>
    <time>2026-05-31T06:05:40Z</time>
   </trkpt>
   <trkpt lat="47.2844770" lon="11.2339350">
    <ele>943.8</ele>
    <time>2026-05-31T06:05:41Z</time>
   </trkpt>
   <trkpt lat="47.2845000" lon="11.2339200">
    <ele>944.2</ele>
    <time>2026-05-31T06:05:42Z</time>
   </trkpt>
   <trkpt lat="47.2845060" lon="11.2339160">
    <ele>944.3</ele>
    <time>2026-05-31T06:05:43Z</time>
   </trkpt>
   <trkpt lat="47.2845130" lon="11.2339110">
    <ele>944.4</ele>
    <time>2026-05-31T06:05:44Z</time>
   </trkpt>
   <trkpt lat="47.2845190" lon="11.2339070">
    <ele>944.5</ele>
    <time>2026-05-31T06:05:45Z</time>
   </trkpt>
   <trkpt lat="47.2845320" lon="11.2339020">
    <ele>944.7</ele>
    <time>2026-05-31T06:05:46Z</time>
   </trkpt>
   <trkpt lat="47.2845410" lon="11.2338900">
    <ele>944.9</ele>
    <time>2026-05-31T06:05:47Z</time>
   </trkpt>
   <trkpt lat="47.2845470" lon="11.2338830">
    <ele>945.0</ele>
    <time>2026-05-31T06:05:48Z</time>
   </trkpt>
   <trkpt lat="47.2845640" lon="11.2338750">
    <ele>945.2</ele>
    <time>2026-05-31T06:05:49Z</time>
   </trkpt>
   <trkpt lat="47.2845720" lon="11.2338650">
    <ele>945.3</ele>
    <time>2026-05-31T06:05:50Z</time>
   </trkpt>
   <trkpt lat="47.2845830" lon="11.2338550">
    <ele>945.5</ele>
    <time>2026-05-31T06:05:51Z</time>
   </trkpt>
   <trkpt lat="47.2845840" lon="11.2338480">
    <ele>945.6</ele>
    <time>2026-05-31T06:05:52Z</time>
   </trkpt>
   <trkpt lat="47.2846010" lon="11.2338390">
    <ele>945.8</ele>
    <time>2026-05-31T06:05:53Z</time>
   </trkpt>
   <trkpt lat="47.2846210" lon="11.2338210">
    <ele>946.0</ele>
    <time>2026-05-31T06:05:54Z</time>
   </trkpt>
   <trkpt lat="47.2846320" lon="11.2338140">
    <ele>946.2</ele>
    <time>2026-05-31T06:05:55Z</time>
   </trkpt>
   <trkpt lat="47.2846440" lon="11.2338080">
    <ele>946.3</ele>
    <time>2026-05-31T06:05:56Z</time>
   </trkpt>
   <trkpt lat="47.2846520" lon="11.2338060">
    <ele>946.4</ele>
    <time>2026-05-31T06:05:57Z</time>
   </trkpt>
   <trkpt lat="47.2846640" lon="11.2337980">
    <ele>946.5</ele>
    <time>2026-05-31T06:05:58Z</time>
   </trkpt>
   <trkpt lat="47.2846720" lon="11.2337880">
    <ele>946.6</ele>
    <time>2026-05-31T06:05:59Z</time>
   </trkpt>
   <trkpt lat="47.2846760" lon="11.2337760">
    <ele>946.7</ele>
    <time>2026-05-31T06:06:00Z</time>
   </trkpt>
   <trkpt lat="47.2846830" lon="11.2337520">
    <ele>946.8</ele>
    <time>2026-05-31T06:06:01Z</time>
   </trkpt>
   <trkpt lat="47.2846860" lon="11.2337280">
    <ele>947.0</ele>
    <time>2026-05-31T06:06:02Z</time>
   </trkpt>
   <trkpt lat="47.2846960" lon="11.2337110">
    <ele>947.1</ele>
    <time>2026-05-31T06:06:03Z</time>
   </trkpt>
   <trkpt lat="47.2846980" lon="11.2336990">
    <ele>947.1</ele>
    <time>2026-05-31T06:06:04Z</time>
   </trkpt>
   <trkpt lat="47.2847110" lon="11.2336770">
    <ele>947.3</ele>
    <time>2026-05-31T06:06:05Z</time>
   </trkpt>
   <trkpt lat="47.2847240" lon="11.2336550">
    <ele>947.4</ele>
    <time>2026-05-31T06:06:06Z</time>
   </trkpt>
   <trkpt lat="47.2847340" lon="11.2336490">
    <ele>947.5</ele>
    <time>2026-05-31T06:06:07Z</time>
   </trkpt>
   <trkpt lat="47.2847460" lon="11.2336440">
    <ele>947.6</ele>
    <time>2026-05-31T06:06:08Z</time>
   </trkpt>
   <trkpt lat="47.2847620" lon="11.2336350">
    <ele>947.7</ele>
    <time>2026-05-31T06:06:09Z</time>
   </trkpt>
   <trkpt lat="47.2847750" lon="11.2336080">
    <ele>947.9</ele>
    <time>2026-05-31T06:06:10Z</time>
   </trkpt>
   <trkpt lat="47.2847830" lon="11.2335910">
    <ele>948.0</ele>
    <time>2026-05-31T06:06:11Z</time>
   </trkpt>
   <trkpt lat="47.2847830" lon="11.2335700">
    <ele>948.2</ele>
    <time>2026-05-31T06:06:12Z</time>
   </trkpt>
   <trkpt lat="47.2847930" lon="11.2335600">
    <ele>948.3</ele>
    <time>2026-05-31T06:06:13Z</time>
   </trkpt>
   <trkpt lat="47.2848020" lon="11.2335490">
    <ele>948.4</ele>
    <time>2026-05-31T06:06:14Z</time>
   </trkpt>
   <trkpt lat="47.2848260" lon="11.2335340">
    <ele>948.7</ele>
    <time>2026-05-31T06:06:15Z</time>
   </trkpt>
   <trkpt lat="47.2848340" lon="11.2335310">
    <ele>948.8</ele>
    <time>2026-05-31T06:06:16Z</time>
   </trkpt>
   <trkpt lat="47.2848410" lon="11.2335270">
    <ele>948.8</ele>
    <time>2026-05-31T06:06:17Z</time>
   </trkpt>
   <trkpt lat="47.2848530" lon="11.2335160">
    <ele>949.0</ele>
    <time>2026-05-31T06:06:18Z</time>
   </trkpt>
   <trkpt lat="47.2848630" lon="11.2335020">
    <ele>949.2</ele>
    <time>2026-05-31T06:06:19Z</time>
   </trkpt>
   <trkpt lat="47.2848720" lon="11.2335000">
    <ele>949.3</ele>
    <time>2026-05-31T06:06:20Z</time>
   </trkpt>
   <trkpt lat="47.2848720" lon="11.2334820">
    <ele>949.4</ele>
    <time>2026-05-31T06:06:21Z</time>
   </trkpt>
   <trkpt lat="47.2848840" lon="11.2334610">
    <ele>949.7</ele>
    <time>2026-05-31T06:06:22Z</time>
   </trkpt>
   <trkpt lat="47.2848960" lon="11.2334440">
    <ele>949.9</ele>
    <time>2026-05-31T06:06:23Z</time>
   </trkpt>
   <trkpt lat="47.2848980" lon="11.2334220">
    <ele>950.1</ele>
    <time>2026-05-31T06:06:24Z</time>
   </trkpt>
   <trkpt lat="47.2849040" lon="11.2334030">
    <ele>950.3</ele>
    <time>2026-05-31T06:06:25Z</time>
   </trkpt>
   <trkpt lat="47.2849130" lon="11.2333950">
    <ele>950.4</ele>
    <time>2026-05-31T06:06:26Z</time>
   </trkpt>
   <trkpt lat="47.2849200" lon="11.2333850">
    <ele>950.6</ele>
    <time>2026-05-31T06:06:27Z</time>
   </trkpt>
   <trkpt lat="47.2849310" lon="11.2333680">
    <ele>950.8</ele>
    <time>2026-05-31T06:06:28Z</time>
   </trkpt>
   <trkpt lat="47.2849380" lon="11.2333450">
    <ele>951.0</ele>
    <time>2026-05-31T06:06:29Z</time>
   </trkpt>
   <trkpt lat="47.2849570" lon="11.2333350">
    <ele>951.3</ele>
    <time>2026-05-31T06:06:30Z</time>
   </trkpt>
   <trkpt lat="47.2849630" lon="11.2333270">
    <ele>951.4</ele>
    <time>2026-05-31T06:06:31Z</time>
   </trkpt>
   <trkpt lat="47.2849700" lon="11.2333200">
    <ele>951.5</ele>
    <time>2026-05-31T06:06:32Z</time>
   </trkpt>
   <trkpt lat="47.2849790" lon="11.2332950">
    <ele>951.8</ele>
    <time>2026-05-31T06:06:33Z</time>
   </trkpt>
   <trkpt lat="47.2849930" lon="11.2332940">
    <ele>952.0</ele>
    <time>2026-05-31T06:06:34Z</time>
   </trkpt>
   <trkpt lat="47.2850090" lon="11.2332910">
    <ele>952.2</ele>
    <time>2026-05-31T06:06:35Z</time>
   </trkpt>
   <trkpt lat="47.2850210" lon="11.2332870">
    <ele>952.4</ele>
    <time>2026-05-31T06:06:36Z</time>
   </trkpt>
   <trkpt lat="47.2850300" lon="11.2332800">
    <ele>952.5</ele>
    <time>2026-05-31T06:06:37Z</time>
   </trkpt>
   <trkpt lat="47.2850480" lon="11.2332740">
    <ele>952.8</ele>
    <time>2026-05-31T06:06:38Z</time>
   </trkpt>
   <trkpt lat="47.2850590" lon="11.2332680">
    <ele>952.9</ele>
    <time>2026-05-31T06:06:39Z</time>
   </trkpt>
   <trkpt lat="47.2850740" lon="11.2332630">
    <ele>953.2</ele>
    <time>2026-05-31T06:06:40Z</time>
   </trkpt>
   <trkpt lat="47.2850840" lon="11.2332550">
    <ele>953.3</ele>
    <time>2026-05-31T06:06:41Z</time>
   </trkpt>
   <trkpt lat="47.2850900" lon="11.2332430">
    <ele>953.5</ele>
    <time>2026-05-31T06:06:42Z</time>
   </trkpt>
   <trkpt lat="47.2850990" lon="11.2332340">
    <ele>953.6</ele>
    <time>2026-05-31T06:06:43Z</time>
   </trkpt>
   <trkpt lat="47.2851090" lon="11.2332270">
    <ele>953.8</ele>
    <time>2026-05-31T06:06:44Z</time>
   </trkpt>
   <trkpt lat="47.2851220" lon="11.2332280">
    <ele>953.9</ele>
    <time>2026-05-31T06:06:45Z</time>
   </trkpt>
   <trkpt lat="47.2851270" lon="11.2332210">
    <ele>954.0</ele>
    <time>2026-05-31T06:06:46Z</time>
   </trkpt>
   <trkpt lat="47.2851470" lon="11.2332060">
    <ele>954.4</ele>
    <time>2026-05-31T06:06:47Z</time>
   </trkpt>
   <trkpt lat="47.2851550" lon="11.2332010">
    <ele>954.5</ele>
    <time>2026-05-31T06:06:48Z</time>
   </trkpt>
   <trkpt lat="47.2851620" lon="11.2331970">
    <ele>954.6</ele>
    <time>2026-05-31T06:06:49Z</time>
   </trkpt>
   <trkpt lat="47.2851730" lon="11.2331830">
    <ele>954.8</ele>
    <time>2026-05-31T06:06:50Z</time>
   </trkpt>
   <trkpt lat="47.2851830" lon="11.2331740">
    <ele>954.9</ele>
    <time>2026-05-31T06:06:51Z</time>
   </trkpt>
   <trkpt lat="47.2851950" lon="11.2331630">
    <ele>955.1</ele>
    <time>2026-05-31T06:06:52Z</time>
   </trkpt>
   <trkpt lat="47.2852070" lon="11.2331470">
    <ele>955.3</ele>
    <time>2026-05-31T06:06:53Z</time>
   </trkpt>
   <trkpt lat="47.2852180" lon="11.2331340">
    <ele>955.5</ele>
    <time>2026-05-31T06:06:54Z</time>
   </trkpt>
   <trkpt lat="47.2852270" lon="11.2331210">
    <ele>955.7</ele>
    <time>2026-05-31T06:06:55Z</time>
   </trkpt>
   <trkpt lat="47.2852350" lon="11.2331180">
    <ele>955.8</ele>
    <time>2026-05-31T06:06:56Z</time>
   </trkpt>
   <trkpt lat="47.2852470" lon="11.2330970">
    <ele>956.1</ele>
    <time>2026-05-31T06:06:57Z</time>
   </trkpt>
   <trkpt lat="47.2852550" lon="11.2330860">
    <ele>956.2</ele>
    <time>2026-05-31T06:06:58Z</time>
   </trkpt>
   <trkpt lat="47.2852680" lon="11.2330690">
    <ele>956.4</ele>
    <time>2026-05-31T06:06:59Z</time>
   </trkpt>
   <trkpt lat="47.2852790" lon="11.2330540">
    <ele>956.6</ele>
    <time>2026-05-31T06:07:00Z</time>
   </trkpt>
   <trkpt lat="47.2852880" lon="11.2330360">
    <ele>956.8</ele>
    <time>2026-05-31T06:07:01Z</time>
   </trkpt>
   <trkpt lat="47.2853000" lon="11.2330170">
    <ele>957.0</ele>
    <time>2026-05-31T06:07:02Z</time>
   </trkpt>
   <trkpt lat="47.2853090" lon="11.2330020">
    <ele>957.2</ele>
    <time>2026-05-31T06:07:03Z</time>
   </trkpt>
   <trkpt lat="47.2853190" lon="11.2329820">
    <ele>957.4</ele>
    <time>2026-05-31T06:07:04Z</time>
   </trkpt>
   <trkpt lat="47.2853270" lon="11.2329610">
    <ele>957.6</ele>
    <time>2026-05-31T06:07:05Z</time>
   </trkpt>
   <trkpt lat="47.2853360" lon="11.2329460">
    <ele>957.8</ele>
    <time>2026-05-31T06:07:06Z</time>
   </trkpt>
   <trkpt lat="47.2853510" lon="11.2329340">
    <ele>958.0</ele>
    <time>2026-05-31T06:07:07Z</time>
   </trkpt>
   <trkpt lat="47.2853640" lon="11.2329230">
    <ele>958.1</ele>
    <time>2026-05-31T06:07:08Z</time>
   </trkpt>
   <trkpt lat="47.2853750" lon="11.2329140">
    <ele>958.3</ele>
    <time>2026-05-31T06:07:09Z</time>
   </trkpt>
   <trkpt lat="47.2853850" lon="11.2328980">
    <ele>958.5</ele>
    <time>2026-05-31T06:07:10Z</time>
   </trkpt>
   <trkpt lat="47.2854020" lon="11.2328760">
    <ele>958.7</ele>
    <time>2026-05-31T06:07:11Z</time>
   </trkpt>
   <trkpt lat="47.2854070" lon="11.2328650">
    <ele>958.8</ele>
    <time>2026-05-31T06:07:12Z</time>
   </trkpt>
   <trkpt lat="47.2854130" lon="11.2328550">
    <ele>958.9</ele>
    <time>2026-05-31T06:07:13Z</time>
   </trkpt>
   <trkpt lat="47.2854230" lon="11.2328400">
    <ele>959.1</ele>
    <time>2026-05-31T06:07:14Z</time>
   </trkpt>
   <trkpt lat="47.2854340" lon="11.2328270">
    <ele>959.3</ele>
    <time>2026-05-31T06:07:15Z</time>
   </trkpt>
   <trkpt lat="47.2854440" lon="11.2328120">
    <ele>959.4</ele>
    <time>2026-05-31T06:07:16Z</time>
   </trkpt>
   <trkpt lat="47.2854530" lon="11.2327940">
    <ele>959.6</ele>
    <time>2026-05-31T06:07:17Z</time>
   </trkpt>
   <trkpt lat="47.2854640" lon="11.2327790">
    <ele>959.8</ele>
    <time>2026-05-31T06:07:18Z</time>
   </trkpt>
   <trkpt lat="47.2854740" lon="11.2327670">
    <ele>959.9</ele>
    <time>2026-05-31T06:07:19Z</time>
   </trkpt>
   <trkpt lat="47.2854860" lon="11.2327550">
    <ele>960.1</ele>
    <time>2026-05-31T06:07:20Z</time>
   </trkpt>
   <trkpt lat="47.2854970" lon="11.2327420">
    <ele>960.3</ele>
    <time>2026-05-31T06:07:21Z</time>
   </trkpt>
   <trkpt lat="47.2855050" lon="11.2327280">
    <ele>960.4</ele>
    <time>2026-05-31T06:07:22Z</time>
   </trkpt>
   <trkpt lat="47.2855190" lon="11.2327150">
    <ele>960.6</ele>
    <time>2026-05-31T06:07:23Z</time>
   </trkpt>
   <trkpt lat="47.2855300" lon="11.2327050">
    <ele>960.7</ele>
    <time>2026-05-31T06:07:24Z</time>
   </trkpt>
   <trkpt lat="47.2855290" lon="11.2326830">
    <ele>960.9</ele>
    <time>2026-05-31T06:07:25Z</time>
   </trkpt>
   <trkpt lat="47.2855300" lon="11.2326650">
    <ele>961.0</ele>
    <time>2026-05-31T06:07:26Z</time>
   </trkpt>
   <trkpt lat="47.2855500" lon="11.2326580">
    <ele>961.3</ele>
    <time>2026-05-31T06:07:27Z</time>
   </trkpt>
   <trkpt lat="47.2855570" lon="11.2326460">
    <ele>961.4</ele>
    <time>2026-05-31T06:07:28Z</time>
   </trkpt>
   <trkpt lat="47.2855720" lon="11.2326190">
    <ele>961.7</ele>
    <time>2026-05-31T06:07:29Z</time>
   </trkpt>
   <trkpt lat="47.2855760" lon="11.2326060">
    <ele>961.8</ele>
    <time>2026-05-31T06:07:30Z</time>
   </trkpt>
   <trkpt lat="47.2855810" lon="11.2325930">
    <ele>961.9</ele>
    <time>2026-05-31T06:07:31Z</time>
   </trkpt>
   <trkpt lat="47.2855790" lon="11.2325640">
    <ele>962.1</ele>
    <time>2026-05-31T06:07:32Z</time>
   </trkpt>
   <trkpt lat="47.2855810" lon="11.2325500">
    <ele>962.2</ele>
    <time>2026-05-31T06:07:33Z</time>
   </trkpt>
   <trkpt lat="47.2855870" lon="11.2325310">
    <ele>962.3</ele>
    <time>2026-05-31T06:07:34Z</time>
   </trkpt>
   <trkpt lat="47.2855950" lon="11.2325140">
    <ele>962.5</ele>
    <time>2026-05-31T06:07:35Z</time>
   </trkpt>
   <trkpt lat="47.2856060" lon="11.2324900">
    <ele>962.7</ele>
    <time>2026-05-31T06:07:36Z</time>
   </trkpt>
   <trkpt lat="47.2856140" lon="11.2324710">
    <ele>962.8</ele>
    <time>2026-05-31T06:07:37Z</time>
   </trkpt>
   <trkpt lat="47.2856270" lon="11.2324590">
    <ele>963.0</ele>
    <time>2026-05-31T06:07:38Z</time>
   </trkpt>
   <trkpt lat="47.2856340" lon="11.2324400">
    <ele>963.2</ele>
    <time>2026-05-31T06:07:39Z</time>
   </trkpt>
   <trkpt lat="47.2856470" lon="11.2324200">
    <ele>963.3</ele>
    <time>2026-05-31T06:07:40Z</time>
   </trkpt>
   <trkpt lat="47.2856540" lon="11.2324110">
    <ele>963.4</ele>
    <time>2026-05-31T06:07:41Z</time>
   </trkpt>
   <trkpt lat="47.2856600" lon="11.2324010">
    <ele>963.5</ele>
    <time>2026-05-31T06:07:42Z</time>
   </trkpt>
   <trkpt lat="47.2856620" lon="11.2323770">
    <ele>963.7</ele>
    <time>2026-05-31T06:07:43Z</time>
   </trkpt>
   <trkpt lat="47.2856680" lon="11.2323580">
    <ele>963.8</ele>
    <time>2026-05-31T06:07:44Z</time>
   </trkpt>
   <trkpt lat="47.2856800" lon="11.2323300">
    <ele>964.1</ele>
    <time>2026-05-31T06:07:45Z</time>
   </trkpt>
   <trkpt lat="47.2856850" lon="11.2323190">
    <ele>964.1</ele>
    <time>2026-05-31T06:07:46Z</time>
   </trkpt>
   <trkpt lat="47.2856900" lon="11.2323080">
    <ele>964.2</ele>
    <time>2026-05-31T06:07:47Z</time>
   </trkpt>
   <trkpt lat="47.2856990" lon="11.2322800">
    <ele>964.4</ele>
    <time>2026-05-31T06:07:48Z</time>
   </trkpt>
   <trkpt lat="47.2857020" lon="11.2322650">
    <ele>964.5</ele>
    <time>2026-05-31T06:07:49Z</time>
   </trkpt>
   <trkpt lat="47.2857050" lon="11.2322510">
    <ele>964.6</ele>
    <time>2026-05-31T06:07:50Z</time>
   </trkpt>
   <trkpt lat="47.2857060" lon="11.2322250">
    <ele>964.8</ele>
    <time>2026-05-31T06:07:51Z</time>
   </trkpt>
   <trkpt lat="47.2857040" lon="11.2322030">
    <ele>965.0</ele>
    <time>2026-05-31T06:07:52Z</time>
   </trkpt>
   <trkpt lat="47.2857050" lon="11.2321880">
    <ele>965.1</ele>
    <time>2026-05-31T06:07:53Z</time>
   </trkpt>
   <trkpt lat="47.2857110" lon="11.2321690">
    <ele>965.2</ele>
    <time>2026-05-31T06:07:54Z</time>
   </trkpt>
   <trkpt lat="47.2857230" lon="11.2321590">
    <ele>965.4</ele>
    <time>2026-05-31T06:07:55Z</time>
   </trkpt>
   <trkpt lat="47.2857300" lon="11.2321440">
    <ele>965.5</ele>
    <time>2026-05-31T06:07:56Z</time>
   </trkpt>
   <trkpt lat="47.2857380" lon="11.2321230">
    <ele>965.7</ele>
    <time>2026-05-31T06:07:57Z</time>
   </trkpt>
   <trkpt lat="47.2857440" lon="11.2321130">
    <ele>965.8</ele>
    <time>2026-05-31T06:07:58Z</time>
   </trkpt>
   <trkpt lat="47.2857450" lon="11.2321000">
    <ele>965.9</ele>
    <time>2026-05-31T06:07:59Z</time>
   </trkpt>
   <trkpt lat="47.2857530" lon="11.2320800">
    <ele>966.0</ele>
    <time>2026-05-31T06:08:00Z</time>
   </trkpt>
   <trkpt lat="47.2857590" lon="11.2320530">
    <ele>966.3</ele>
    <time>2026-05-31T06:08:01Z</time>
   </trkpt>
   <trkpt lat="47.2857700" lon="11.2320400">
    <ele>966.5</ele>
    <time>2026-05-31T06:08:02Z</time>
   </trkpt>
   <trkpt lat="47.2857790" lon="11.2320160">
    <ele>966.7</ele>
    <time>2026-05-31T06:08:03Z</time>
   </trkpt>
   <trkpt lat="47.2857840" lon="11.2319960">
    <ele>966.9</ele>
    <time>2026-05-31T06:08:04Z</time>
   </trkpt>
   <trkpt lat="47.2857960" lon="11.2319840">
    <ele>967.1</ele>
    <time>2026-05-31T06:08:05Z</time>
   </trkpt>
   <trkpt lat="47.2858130" lon="11.2319700">
    <ele>967.4</ele>
    <time>2026-05-31T06:08:06Z</time>
   </trkpt>
   <trkpt lat="47.2858160" lon="11.2319580">
    <ele>967.6</ele>
    <time>2026-05-31T06:08:07Z</time>
   </trkpt>
   <trkpt lat="47.2858220" lon="11.2319390">
    <ele>967.8</ele>
    <time>2026-05-31T06:08:08Z</time>
   </trkpt>
   <trkpt lat="47.2858290" lon="11.2319260">
    <ele>968.0</ele>
    <time>2026-05-31T06:08:09Z</time>
   </trkpt>
   <trkpt lat="47.2858400" lon="11.2319170">
    <ele>968.2</ele>
    <time>2026-05-31T06:08:10Z</time>
   </trkpt>
   <trkpt lat="47.2858410" lon="11.2319060">
    <ele>968.4</ele>
    <time>2026-05-31T06:08:11Z</time>
   </trkpt>
   <trkpt lat="47.2858570" lon="11.2319140">
    <ele>968.7</ele>
    <time>2026-05-31T06:08:12Z</time>
   </trkpt>
   <trkpt lat="47.2858670" lon="11.2319060">
    <ele>968.9</ele>
    <time>2026-05-31T06:08:13Z</time>
   </trkpt>
   <trkpt lat="47.2858800" lon="11.2319000">
    <ele>969.2</ele>
    <time>2026-05-31T06:08:14Z</time>
   </trkpt>
   <trkpt lat="47.2858870" lon="11.2318850">
    <ele>969.5</ele>
    <time>2026-05-31T06:08:15Z</time>
   </trkpt>
   <trkpt lat="47.2858990" lon="11.2318880">
    <ele>969.7</ele>
    <time>2026-05-31T06:08:16Z</time>
   </trkpt>
   <trkpt lat="47.2859060" lon="11.2318860">
    <ele>969.9</ele>
    <time>2026-05-31T06:08:17Z</time>
   </trkpt>
   <trkpt lat="47.2859100" lon="11.2318860">
    <ele>970.0</ele>
    <time>2026-05-31T06:08:18Z</time>
   </trkpt>
   <trkpt lat="47.2859200" lon="11.2318800">
    <ele>970.2</ele>
    <time>2026-05-31T06:08:19Z</time>
   </trkpt>
   <trkpt lat="47.2859240" lon="11.2318700">
    <ele>970.3</ele>
    <time>2026-05-31T06:08:20Z</time>
   </trkpt>
   <trkpt lat="47.2859400" lon="11.2318740">
    <ele>970.7</ele>
    <time>2026-05-31T06:08:21Z</time>
   </trkpt>
   <trkpt lat="47.2859500" lon="11.2318690">
    <ele>970.9</ele>
    <time>2026-05-31T06:08:22Z</time>
   </trkpt>
   <trkpt lat="47.2859630" lon="11.2318710">
    <ele>971.2</ele>
    <time>2026-05-31T06:08:23Z</time>
   </trkpt>
   <trkpt lat="47.2859630" lon="11.2318670">
    <ele>971.2</ele>
    <time>2026-05-31T06:08:24Z</time>
   </trkpt>
   <trkpt lat="47.2859750" lon="11.2318690">
    <ele>971.5</ele>
    <time>2026-05-31T06:08:25Z</time>
   </trkpt>
   <trkpt lat="47.2859720" lon="11.2318680">
    <ele>971.5</ele>
    <time>2026-05-31T06:08:26Z</time>
   </trkpt>
   <trkpt lat="47.2859840" lon="11.2318830">
    <ele>971.8</ele>
    <time>2026-05-31T06:08:27Z</time>
   </trkpt>
   <trkpt lat="47.2859980" lon="11.2319020">
    <ele>972.2</ele>
    <time>2026-05-31T06:08:28Z</time>
   </trkpt>
   <trkpt lat="47.2859990" lon="11.2319020">
    <ele>972.2</ele>
    <time>2026-05-31T06:08:29Z</time>
   </trkpt>
   <trkpt lat="47.2860020" lon="11.2319040">
    <ele>972.3</ele>
    <time>2026-05-31T06:08:30Z</time>
   </trkpt>
   <trkpt lat="47.2860070" lon="11.2319210">
    <ele>972.5</ele>
    <time>2026-05-31T06:08:31Z</time>
   </trkpt>
   <trkpt lat="47.2860220" lon="11.2319440">
    <ele>973.0</ele>
    <time>2026-05-31T06:08:32Z</time>
   </trkpt>
   <trkpt lat="47.2860290" lon="11.2319510">
    <ele>973.1</ele>
    <time>2026-05-31T06:08:33Z</time>
   </trkpt>
   <trkpt lat="47.2860360" lon="11.2319590">
    <ele>973.3</ele>
    <time>2026-05-31T06:08:34Z</time>
   </trkpt>
   <trkpt lat="47.2860550" lon="11.2319580">
    <ele>973.7</ele>
    <time>2026-05-31T06:08:35Z</time>
   </trkpt>
   <trkpt lat="47.2860690" lon="11.2319690">
    <ele>974.0</ele>
    <time>2026-05-31T06:08:36Z</time>
   </trkpt>
   <trkpt lat="47.2860860" lon="11.2320040">
    <ele>974.6</ele>
    <time>2026-05-31T06:08:37Z</time>
   </trkpt>
   <trkpt lat="47.2860900" lon="11.2320140">
    <ele>974.8</ele>
    <time>2026-05-31T06:08:38Z</time>
   </trkpt>
   <trkpt lat="47.2861090" lon="11.2320230">
    <ele>975.2</ele>
    <time>2026-05-31T06:08:39Z</time>
   </trkpt>
   <trkpt lat="47.2861180" lon="11.2320410">
    <ele>975.5</ele>
    <time>2026-05-31T06:08:40Z</time>
   </trkpt>
   <trkpt lat="47.2861400" lon="11.2320440">
    <ele>976.0</ele>
    <time>2026-05-31T06:08:41Z</time>
   </trkpt>
   <trkpt lat="47.2861500" lon="11.2320520">
    <ele>976.3</ele>
    <time>2026-05-31T06:08:42Z</time>
   </trkpt>
   <trkpt lat="47.2861590" lon="11.2320610">
    <ele>976.5</ele>
    <time>2026-05-31T06:08:43Z</time>
   </trkpt>
   <trkpt lat="47.2861680" lon="11.2320700">
    <ele>976.8</ele>
    <time>2026-05-31T06:08:44Z</time>
   </trkpt>
   <trkpt lat="47.2861690" lon="11.2320760">
    <ele>976.9</ele>
    <time>2026-05-31T06:08:45Z</time>
   </trkpt>
   <trkpt lat="47.2861820" lon="11.2320790">
    <ele>977.2</ele>
    <time>2026-05-31T06:08:46Z</time>
   </trkpt>
   <trkpt lat="47.2861870" lon="11.2320990">
    <ele>977.6</ele>
    <time>2026-05-31T06:08:47Z</time>
   </trkpt>
   <trkpt lat="47.2862040" lon="11.2321150">
    <ele>978.1</ele>
    <time>2026-05-31T06:08:48Z</time>
   </trkpt>
   <trkpt lat="47.2862150" lon="11.2321310">
    <ele>978.5</ele>
    <time>2026-05-31T06:08:49Z</time>
   </trkpt>
   <trkpt lat="47.2862270" lon="11.2321460">
    <ele>979.0</ele>
    <time>2026-05-31T06:08:50Z</time>
   </trkpt>
   <trkpt lat="47.2862280" lon="11.2321520">
    <ele>979.1</ele>
    <time>2026-05-31T06:08:51Z</time>
   </trkpt>
   <trkpt lat="47.2862330" lon="11.2321540">
    <ele>979.2</ele>
    <time>2026-05-31T06:08:52Z</time>
   </trkpt>
   <trkpt lat="47.2862380" lon="11.2321550">
    <ele>979.3</ele>
    <time>2026-05-31T06:08:53Z</time>
   </trkpt>
   <trkpt lat="47.2862430" lon="11.2321570">
    <ele>979.5</ele>
    <time>2026-05-31T06:08:54Z</time>
   </trkpt>
   <trkpt lat="47.2862470" lon="11.2321590">
    <ele>979.6</ele>
    <time>2026-05-31T06:08:55Z</time>
   </trkpt>
   <trkpt lat="47.2862520" lon="11.2321610">
    <ele>979.7</ele>
    <time>2026-05-31T06:08:56Z</time>
   </trkpt>
   <trkpt lat="47.2862570" lon="11.2321620">
    <ele>979.9</ele>
    <time>2026-05-31T06:08:57Z</time>
   </trkpt>
   <trkpt lat="47.2862620" lon="11.2321640">
    <ele>980.0</ele>
    <time>2026-05-31T06:08:58Z</time>
   </trkpt>
   <trkpt lat="47.2862670" lon="11.2321660">
    <ele>980.1</ele>
    <time>2026-05-31T06:08:59Z</time>
   </trkpt>
   <trkpt lat="47.2862970" lon="11.2321770">
    <ele>980.7</ele>
    <time>2026-05-31T06:09:00Z</time>
   </trkpt>
   <trkpt lat="47.2863060" lon="11.2321800">
    <ele>980.9</ele>
    <time>2026-05-31T06:09:01Z</time>
   </trkpt>
   <trkpt lat="47.2863190" lon="11.2321870">
    <ele>981.2</ele>
    <time>2026-05-31T06:09:02Z</time>
   </trkpt>
   <trkpt lat="47.2863360" lon="11.2321930">
    <ele>981.5</ele>
    <time>2026-05-31T06:09:03Z</time>
   </trkpt>
   <trkpt lat="47.2863470" lon="11.2321900">
    <ele>981.7</ele>
    <time>2026-05-31T06:09:04Z</time>
   </trkpt>
   <trkpt lat="47.2863510" lon="11.2321800">
    <ele>981.8</ele>
    <time>2026-05-31T06:09:05Z</time>
   </trkpt>
   <trkpt lat="47.2863590" lon="11.2321750">
    <ele>982.0</ele>
    <time>2026-05-31T06:09:06Z</time>
   </trkpt>
   <trkpt lat="47.2863680" lon="11.2321740">
    <ele>982.1</ele>
    <time>2026-05-31T06:09:07Z</time>
   </trkpt>
   <trkpt lat="47.2863850" lon="11.2321720">
    <ele>982.4</ele>
    <time>2026-05-31T06:09:08Z</time>
   </trkpt>
   <trkpt lat="47.2863930" lon="11.2321640">
    <ele>982.6</ele>
    <time>2026-05-31T06:09:09Z</time>
   </trkpt>
   <trkpt lat="47.2864020" lon="11.2321570">
    <ele>982.7</ele>
    <time>2026-05-31T06:09:10Z</time>
   </trkpt>
   <trkpt lat="47.2864120" lon="11.2321620">
    <ele>982.9</ele>
    <time>2026-05-31T06:09:11Z</time>
   </trkpt>
   <trkpt lat="47.2864160" lon="11.2321740">
    <ele>983.0</ele>
    <time>2026-05-31T06:09:12Z</time>
   </trkpt>
   <trkpt lat="47.2864330" lon="11.2321770">
    <ele>983.3</ele>
    <time>2026-05-31T06:09:13Z</time>
   </trkpt>
   <trkpt lat="47.2864520" lon="11.2321940">
    <ele>983.6</ele>
    <time>2026-05-31T06:09:14Z</time>
   </trkpt>
   <trkpt lat="47.2864600" lon="11.2321940">
    <ele>983.7</ele>
    <time>2026-05-31T06:09:15Z</time>
   </trkpt>
   <trkpt lat="47.2864760" lon="11.2321960">
    <ele>983.9</ele>
    <time>2026-05-31T06:09:16Z</time>
   </trkpt>
   <trkpt lat="47.2864880" lon="11.2322040">
    <ele>984.1</ele>
    <time>2026-05-31T06:09:17Z</time>
   </trkpt>
   <trkpt lat="47.2865000" lon="11.2322250">
    <ele>984.3</ele>
    <time>2026-05-31T06:09:18Z</time>
   </trkpt>
   <trkpt lat="47.2865130" lon="11.2322330">
    <ele>984.5</ele>
    <time>2026-05-31T06:09:19Z</time>
   </trkpt>
   <trkpt lat="47.2865290" lon="11.2322370">
    <ele>984.7</ele>
    <time>2026-05-31T06:09:20Z</time>
   </trkpt>
   <trkpt lat="47.2865390" lon="11.2322400">
    <ele>984.8</ele>
    <time>2026-05-31T06:09:21Z</time>
   </trkpt>
   <trkpt lat="47.2865500" lon="11.2322420">
    <ele>985.0</ele>
    <time>2026-05-31T06:09:22Z</time>
   </trkpt>
   <trkpt lat="47.2865620" lon="11.2322530">
    <ele>985.1</ele>
    <time>2026-05-31T06:09:23Z</time>
   </trkpt>
   <trkpt lat="47.2865750" lon="11.2322600">
    <ele>985.3</ele>
    <time>2026-05-31T06:09:24Z</time>
   </trkpt>
   <trkpt lat="47.2865920" lon="11.2322650">
    <ele>985.5</ele>
    <time>2026-05-31T06:09:25Z</time>
   </trkpt>
   <trkpt lat="47.2866040" lon="11.2322720">
    <ele>985.6</ele>
    <time>2026-05-31T06:09:26Z</time>
   </trkpt>
   <trkpt lat="47.2866260" lon="11.2322690">
    <ele>985.8</ele>
    <time>2026-05-31T06:09:27Z</time>
   </trkpt>
   <trkpt lat="47.2866390" lon="11.2322600">
    <ele>986.0</ele>
    <time>2026-05-31T06:09:28Z</time>
   </trkpt>
   <trkpt lat="47.2866630" lon="11.2322630">
    <ele>986.2</ele>
    <time>2026-05-31T06:09:29Z</time>
   </trkpt>
   <trkpt lat="47.2866710" lon="11.2322650">
    <ele>986.3</ele>
    <time>2026-05-31T06:09:30Z</time>
   </trkpt>
   <trkpt lat="47.2866790" lon="11.2322670">
    <ele>986.4</ele>
    <time>2026-05-31T06:09:31Z</time>
   </trkpt>
   <trkpt lat="47.2866830" lon="11.2322840">
    <ele>986.5</ele>
    <time>2026-05-31T06:09:32Z</time>
   </trkpt>
   <trkpt lat="47.2866940" lon="11.2323040">
    <ele>986.7</ele>
    <time>2026-05-31T06:09:33Z</time>
   </trkpt>
   <trkpt lat="47.2866960" lon="11.2322940">
    <ele>986.7</ele>
    <time>2026-05-31T06:09:34Z</time>
   </trkpt>
   <trkpt lat="47.2867190" lon="11.2323060">
    <ele>986.9</ele>
    <time>2026-05-31T06:09:35Z</time>
   </trkpt>
   <trkpt lat="47.2867270" lon="11.2323260">
    <ele>987.1</ele>
    <time>2026-05-31T06:09:36Z</time>
   </trkpt>
   <trkpt lat="47.2867510" lon="11.2323260">
    <ele>987.3</ele>
    <time>2026-05-31T06:09:37Z</time>
   </trkpt>
   <trkpt lat="47.2867610" lon="11.2323290">
    <ele>987.4</ele>
    <time>2026-05-31T06:09:38Z</time>
   </trkpt>
   <trkpt lat="47.2867710" lon="11.2323310">
    <ele>987.5</ele>
    <time>2026-05-31T06:09:39Z</time>
   </trkpt>
   <trkpt lat="47.2867790" lon="11.2323390">
    <ele>987.5</ele>
    <time>2026-05-31T06:09:40Z</time>
   </trkpt>
   <trkpt lat="47.2867910" lon="11.2323440">
    <ele>987.6</ele>
    <time>2026-05-31T06:09:41Z</time>
   </trkpt>
   <trkpt lat="47.2867990" lon="11.2323410">
    <ele>987.7</ele>
    <time>2026-05-31T06:09:42Z</time>
   </trkpt>
   <trkpt lat="47.2868140" lon="11.2323350">
    <ele>987.8</ele>
    <time>2026-05-31T06:09:43Z</time>
   </trkpt>
   <trkpt lat="47.2868300" lon="11.2323330">
    <ele>987.9</ele>
    <time>2026-05-31T06:09:44Z</time>
   </trkpt>
   <trkpt lat="47.2868410" lon="11.2323270">
    <ele>988.0</ele>
    <time>2026-05-31T06:09:45Z</time>
   </trkpt>
   <trkpt lat="47.2868650" lon="11.2323410">
    <ele>988.2</ele>
    <time>2026-05-31T06:09:46Z</time>
   </trkpt>
   <trkpt lat="47.2868920" lon="11.2323430">
    <ele>988.4</ele>
    <time>2026-05-31T06:09:47Z</time>
   </trkpt>
   <trkpt lat="47.2869000" lon="11.2323450">
    <ele>988.5</ele>
    <time>2026-05-31T06:09:48Z</time>
   </trkpt>
   <trkpt lat="47.2869080" lon="11.2323460">
    <ele>988.5</ele>
    <time>2026-05-31T06:09:49Z</time>
   </trkpt>
   <trkpt lat="47.2869250" lon="11.2323510">
    <ele>988.7</ele>
    <time>2026-05-31T06:09:50Z</time>
   </trkpt>
   <trkpt lat="47.2869350" lon="11.2323660">
    <ele>988.8</ele>
    <time>2026-05-31T06:09:51Z</time>
   </trkpt>
   <trkpt lat="47.2869530" lon="11.2323760">
    <ele>988.9</ele>
    <time>2026-05-31T06:09:52Z</time>
   </trkpt>
   <trkpt lat="47.2869610" lon="11.2323780">
    <ele>989.0</ele>
    <time>2026-05-31T06:09:53Z</time>
   </trkpt>
   <trkpt lat="47.2869680" lon="11.2323790">
    <ele>989.0</ele>
    <time>2026-05-31T06:09:54Z</time>
   </trkpt>
   <trkpt lat="47.2869760" lon="11.2323810">
    <ele>989.1</ele>
    <time>2026-05-31T06:09:55Z</time>
   </trkpt>
   <trkpt lat="47.2869910" lon="11.2323820">
    <ele>989.2</ele>
    <time>2026-05-31T06:09:56Z</time>
   </trkpt>
   <trkpt lat="47.2870050" lon="11.2323880">
    <ele>989.3</ele>
    <time>2026-05-31T06:09:57Z</time>
   </trkpt>
   <trkpt lat="47.2870180" lon="11.2323950">
    <ele>989.4</ele>
    <time>2026-05-31T06:09:58Z</time>
   </trkpt>
   <trkpt lat="47.2870170" lon="11.2324120">
    <ele>989.4</ele>
    <time>2026-05-31T06:09:59Z</time>
   </trkpt>
   <trkpt lat="47.2870200" lon="11.2324070">
    <ele>989.5</ele>
    <time>2026-05-31T06:10:00Z</time>
   </trkpt>
   <trkpt lat="47.2870320" lon="11.2324040">
    <ele>989.6</ele>
    <time>2026-05-31T06:10:01Z</time>
   </trkpt>
   <trkpt lat="47.2870490" lon="11.2324110">
    <ele>989.7</ele>
    <time>2026-05-31T06:10:02Z</time>
   </trkpt>
   <trkpt lat="47.2870620" lon="11.2324100">
    <ele>989.8</ele>
    <time>2026-05-31T06:10:03Z</time>
   </trkpt>
   <trkpt lat="47.2870760" lon="11.2324120">
    <ele>989.9</ele>
    <time>2026-05-31T06:10:04Z</time>
   </trkpt>
   <trkpt lat="47.2870860" lon="11.2323960">
    <ele>990.0</ele>
    <time>2026-05-31T06:10:05Z</time>
   </trkpt>
   <trkpt lat="47.2870950" lon="11.2323960">
    <ele>990.1</ele>
    <time>2026-05-31T06:10:06Z</time>
   </trkpt>
   <trkpt lat="47.2871170" lon="11.2323750">
    <ele>990.3</ele>
    <time>2026-05-31T06:10:07Z</time>
   </trkpt>
   <trkpt lat="47.2871230" lon="11.2323600">
    <ele>990.4</ele>
    <time>2026-05-31T06:10:08Z</time>
   </trkpt>
   <trkpt lat="47.2871350" lon="11.2323570">
    <ele>990.5</ele>
    <time>2026-05-31T06:10:09Z</time>
   </trkpt>
   <trkpt lat="47.2871440" lon="11.2323540">
    <ele>990.6</ele>
    <time>2026-05-31T06:10:10Z</time>
   </trkpt>
   <trkpt lat="47.2871550" lon="11.2323550">
    <ele>990.7</ele>
    <time>2026-05-31T06:10:11Z</time>
   </trkpt>
   <trkpt lat="47.2871580" lon="11.2323470">
    <ele>990.8</ele>
    <time>2026-05-31T06:10:12Z</time>
   </trkpt>
   <trkpt lat="47.2871760" lon="11.2323470">
    <ele>990.9</ele>
    <time>2026-05-31T06:10:13Z</time>
   </trkpt>
   <trkpt lat="47.2871890" lon="11.2323490">
    <ele>991.0</ele>
    <time>2026-05-31T06:10:14Z</time>
   </trkpt>
   <trkpt lat="47.2872180" lon="11.2323420">
    <ele>991.3</ele>
    <time>2026-05-31T06:10:15Z</time>
   </trkpt>
   <trkpt lat="47.2872300" lon="11.2323420">
    <ele>991.4</ele>
    <time>2026-05-31T06:10:16Z</time>
   </trkpt>
   <trkpt lat="47.2872420" lon="11.2323430">
    <ele>991.6</ele>
    <time>2026-05-31T06:10:17Z</time>
   </trkpt>
   <trkpt lat="47.2872650" lon="11.2323680">
    <ele>991.9</ele>
    <time>2026-05-31T06:10:18Z</time>
   </trkpt>
   <trkpt lat="47.2872750" lon="11.2323700">
    <ele>992.0</ele>
    <time>2026-05-31T06:10:19Z</time>
   </trkpt>
   <trkpt lat="47.2873020" lon="11.2323570">
    <ele>992.3</ele>
    <time>2026-05-31T06:10:20Z</time>
   </trkpt>
   <trkpt lat="47.2873330" lon="11.2323560">
    <ele>992.6</ele>
    <time>2026-05-31T06:10:21Z</time>
   </trkpt>
   <trkpt lat="47.2873430" lon="11.2323540">
    <ele>992.7</ele>
    <time>2026-05-31T06:10:22Z</time>
   </trkpt>
   <trkpt lat="47.2873580" lon="11.2323540">
    <ele>992.9</ele>
    <time>2026-05-31T06:10:23Z</time>
   </trkpt>
   <trkpt lat="47.2873740" lon="11.2323570">
    <ele>993.1</ele>
    <time>2026-05-31T06:10:24Z</time>
   </trkpt>
   <trkpt lat="47.2873860" lon="11.2323530">
    <ele>993.2</ele>
    <time>2026-05-31T06:10:25Z</time>
   </trkpt>
   <trkpt lat="47.2874040" lon="11.2323490">
    <ele>993.4</ele>
    <time>2026-05-31T06:10:26Z</time>
   </trkpt>
   <trkpt lat="47.2874350" lon="11.2323450">
    <ele>993.8</ele>
    <time>2026-05-31T06:10:27Z</time>
   </trkpt>
   <trkpt lat="47.2874650" lon="11.2323620">
    <ele>994.2</ele>
    <time>2026-05-31T06:10:28Z</time>
   </trkpt>
   <trkpt lat="47.2874760" lon="11.2323680">
    <ele>994.3</ele>
    <time>2026-05-31T06:10:29Z</time>
   </trkpt>
   <trkpt lat="47.2875190" lon="11.2323660">
    <ele>994.9</ele>
    <time>2026-05-31T06:10:30Z</time>
   </trkpt>
   <trkpt lat="47.2875360" lon="11.2323610">
    <ele>995.1</ele>
    <time>2026-05-31T06:10:31Z</time>
   </trkpt>
   <trkpt lat="47.2875680" lon="11.2323510">
    <ele>995.5</ele>
    <time>2026-05-31T06:10:32Z</time>
   </trkpt>
   <trkpt lat="47.2876050" lon="11.2323420">
    <ele>996.0</ele>
    <time>2026-05-31T06:10:33Z</time>
   </trkpt>
   <trkpt lat="47.2876160" lon="11.2323340">
    <ele>996.1</ele>
    <time>2026-05-31T06:10:34Z</time>
   </trkpt>
   <trkpt lat="47.2876190" lon="11.2323390">
    <ele>996.2</ele>
    <time>2026-05-31T06:10:35Z</time>
   </trkpt>
   <trkpt lat="47.2876270" lon="11.2323430">
    <ele>996.3</ele>
    <time>2026-05-31T06:10:36Z</time>
   </trkpt>
   <trkpt lat="47.2876440" lon="11.2323610">
    <ele>996.6</ele>
    <time>2026-05-31T06:10:37Z</time>
   </trkpt>
   <trkpt lat="47.2876760" lon="11.2323740">
    <ele>997.0</ele>
    <time>2026-05-31T06:10:38Z</time>
   </trkpt>
   <trkpt lat="47.2876830" lon="11.2323730">
    <ele>997.1</ele>
    <time>2026-05-31T06:10:39Z</time>
   </trkpt>
   <trkpt lat="47.2877000" lon="11.2323780">
    <ele>997.3</ele>
    <time>2026-05-31T06:10:40Z</time>
   </trkpt>
   <trkpt lat="47.2877160" lon="11.2323780">
    <ele>997.5</ele>
    <time>2026-05-31T06:10:41Z</time>
   </trkpt>
   <trkpt lat="47.2877460" lon="11.2323770">
    <ele>997.9</ele>
    <time>2026-05-31T06:10:42Z</time>
   </trkpt>
   <trkpt lat="47.2877540" lon="11.2323740">
    <ele>998.0</ele>
    <time>2026-05-31T06:10:43Z</time>
   </trkpt>
   <trkpt lat="47.2877810" lon="11.2323760">
    <ele>998.3</ele>
    <time>2026-05-31T06:10:44Z</time>
   </trkpt>
   <trkpt lat="47.2878110" lon="11.2323700">
    <ele>998.7</ele>
    <time>2026-05-31T06:10:45Z</time>
   </trkpt>
   <trkpt lat="47.2878220" lon="11.2323720">
    <ele>998.8</ele>
    <time>2026-05-31T06:10:46Z</time>
   </trkpt>
   <trkpt lat="47.2878500" lon="11.2323920">
    <ele>999.3</ele>
    <time>2026-05-31T06:10:47Z</time>
   </trkpt>
   <trkpt lat="47.2878580" lon="11.2324000">
    <ele>999.4</ele>
    <time>2026-05-31T06:10:48Z</time>
   </trkpt>
   <trkpt lat="47.2878880" lon="11.2324030">
    <ele>999.8</ele>
    <time>2026-05-31T06:10:49Z</time>
   </trkpt>
   <trkpt lat="47.2879120" lon="11.2324140">
    <ele>1000.1</ele>
    <time>2026-05-31T06:10:50Z</time>
   </trkpt>
   <trkpt lat="47.2879160" lon="11.2324300">
    <ele>1000.3</ele>
    <time>2026-05-31T06:10:51Z</time>
   </trkpt>
   <trkpt lat="47.2879360" lon="11.2324540">
    <ele>1000.7</ele>
    <time>2026-05-31T06:10:52Z</time>
   </trkpt>
   <trkpt lat="47.2879440" lon="11.2324600">
    <ele>1000.8</ele>
    <time>2026-05-31T06:10:53Z</time>
   </trkpt>
   <trkpt lat="47.2879520" lon="11.2324660">
    <ele>1000.9</ele>
    <time>2026-05-31T06:10:54Z</time>
   </trkpt>
   <trkpt lat="47.2879650" lon="11.2324760">
    <ele>1001.1</ele>
    <time>2026-05-31T06:10:55Z</time>
   </trkpt>
   <trkpt lat="47.2879720" lon="11.2324790">
    <ele>1001.2</ele>
    <time>2026-05-31T06:10:56Z</time>
   </trkpt>
   <trkpt lat="47.2879840" lon="11.2324850">
    <ele>1001.4</ele>
    <time>2026-05-31T06:10:57Z</time>
   </trkpt>
   <trkpt lat="47.2880090" lon="11.2324980">
    <ele>1001.8</ele>
    <time>2026-05-31T06:10:58Z</time>
   </trkpt>
   <trkpt lat="47.2880130" lon="11.2325040">
    <ele>1001.9</ele>
    <time>2026-05-31T06:10:59Z</time>
   </trkpt>
   <trkpt lat="47.2880310" lon="11.2325100">
    <ele>1002.2</ele>
    <time>2026-05-31T06:11:00Z</time>
   </trkpt>
   <trkpt lat="47.2880440" lon="11.2325160">
    <ele>1002.4</ele>
    <time>2026-05-31T06:11:01Z</time>
   </trkpt>
   <trkpt lat="47.2880580" lon="11.2325210">
    <ele>1002.6</ele>
    <time>2026-05-31T06:11:02Z</time>
   </trkpt>
   <trkpt lat="47.2880750" lon="11.2325310">
    <ele>1002.9</ele>
    <time>2026-05-31T06:11:03Z</time>
   </trkpt>
   <trkpt lat="47.2880870" lon="11.2325390">
    <ele>1003.1</ele>
    <time>2026-05-31T06:11:04Z</time>
   </trkpt>
   <trkpt lat="47.2880980" lon="11.2325460">
    <ele>1003.2</ele>
    <time>2026-05-31T06:11:05Z</time>
   </trkpt>
   <trkpt lat="47.2881260" lon="11.2325280">
    <ele>1003.7</ele>
    <time>2026-05-31T06:11:06Z</time>
   </trkpt>
   <trkpt lat="47.2881310" lon="11.2325580">
    <ele>1004.0</ele>
    <time>2026-05-31T06:11:07Z</time>
   </trkpt>
   <trkpt lat="47.2881510" lon="11.2325600">
    <ele>1004.4</ele>
    <time>2026-05-31T06:11:08Z</time>
   </trkpt>
   <trkpt lat="47.2881780" lon="11.2325580">
    <ele>1004.8</ele>
    <time>2026-05-31T06:11:09Z</time>
   </trkpt>
   <trkpt lat="47.2881870" lon="11.2325650">
    <ele>1005.0</ele>
    <time>2026-05-31T06:11:10Z</time>
   </trkpt>
   <trkpt lat="47.2882000" lon="11.2325690">
    <ele>1005.2</ele>
    <time>2026-05-31T06:11:11Z</time>
   </trkpt>
   <trkpt lat="47.2882160" lon="11.2325810">
    <ele>1005.4</ele>
    <time>2026-05-31T06:11:12Z</time>
   </trkpt>
   <trkpt lat="47.2882330" lon="11.2325910">
    <ele>1005.7</ele>
    <time>2026-05-31T06:11:13Z</time>
   </trkpt>
   <trkpt lat="47.2882500" lon="11.2326000">
    <ele>1006.0</ele>
    <time>2026-05-31T06:11:14Z</time>
   </trkpt>
   <trkpt lat="47.2882820" lon="11.2326120">
    <ele>1006.5</ele>
    <time>2026-05-31T06:11:15Z</time>
   </trkpt>
   <trkpt lat="47.2883010" lon="11.2326210">
    <ele>1006.9</ele>
    <time>2026-05-31T06:11:16Z</time>
   </trkpt>
   <trkpt lat="47.2883190" lon="11.2326320">
    <ele>1007.2</ele>
    <time>2026-05-31T06:11:17Z</time>
   </trkpt>
   <trkpt lat="47.2883320" lon="11.2326340">
    <ele>1007.4</ele>
    <time>2026-05-31T06:11:18Z</time>
   </trkpt>
   <trkpt lat="47.2883450" lon="11.2326540">
    <ele>1007.7</ele>
    <time>2026-05-31T06:11:19Z</time>
   </trkpt>
   <trkpt lat="47.2883530" lon="11.2326630">
    <ele>1007.9</ele>
    <time>2026-05-31T06:11:20Z</time>
   </trkpt>
   <trkpt lat="47.2883600" lon="11.2326720">
    <ele>1008.0</ele>
    <time>2026-05-31T06:11:21Z</time>
   </trkpt>
   <trkpt lat="47.2883660" lon="11.2326700">
    <ele>1008.1</ele>
    <time>2026-05-31T06:11:22Z</time>
   </trkpt>
   <trkpt lat="47.2883740" lon="11.2326730">
    <ele>1008.3</ele>
    <time>2026-05-31T06:11:23Z</time>
   </trkpt>
   <trkpt lat="47.2883890" lon="11.2326810">
    <ele>1008.5</ele>
    <time>2026-05-31T06:11:24Z</time>
   </trkpt>
   <trkpt lat="47.2884020" lon="11.2326800">
    <ele>1008.8</ele>
    <time>2026-05-31T06:11:25Z</time>
   </trkpt>
   <trkpt lat="47.2884140" lon="11.2326660">
    <ele>1009.0</ele>
    <time>2026-05-31T06:11:26Z</time>
   </trkpt>
   <trkpt lat="47.2884260" lon="11.2326550">
    <ele>1009.3</ele>
    <time>2026-05-31T06:11:27Z</time>
   </trkpt>
   <trkpt lat="47.2884420" lon="11.2326400">
    <ele>1009.5</ele>
    <time>2026-05-31T06:11:28Z</time>
   </trkpt>
   <trkpt lat="47.2884590" lon="11.2326030">
    <ele>1009.8</ele>
    <time>2026-05-31T06:11:29Z</time>
   </trkpt>
   <trkpt lat="47.2884630" lon="11.2325930">
    <ele>1009.9</ele>
    <time>2026-05-31T06:11:30Z</time>
   </trkpt>
   <trkpt lat="47.2884750" lon="11.2325820">
    <ele>1010.1</ele>
    <time>2026-05-31T06:11:31Z</time>
   </trkpt>
   <trkpt lat="47.2884770" lon="11.2325710">
    <ele>1010.2</ele>
    <time>2026-05-31T06:11:32Z</time>
   </trkpt>
   <trkpt lat="47.2884700" lon="11.2325450">
    <ele>1010.4</ele>
    <time>2026-05-31T06:11:33Z</time>
   </trkpt>
   <trkpt lat="47.2884620" lon="11.2325180">
    <ele>1010.7</ele>
    <time>2026-05-31T06:11:34Z</time>
   </trkpt>
   <trkpt lat="47.2884490" lon="11.2325060">
    <ele>1010.8</ele>
    <time>2026-05-31T06:11:35Z</time>
   </trkpt>
   <trkpt lat="47.2884370" lon="11.2324840">
    <ele>1011.0</ele>
    <time>2026-05-31T06:11:36Z</time>
   </trkpt>
   <trkpt lat="47.2884330" lon="11.2324780">
    <ele>1011.1</ele>
    <time>2026-05-31T06:11:37Z</time>
   </trkpt>
   <trkpt lat="47.2884280" lon="11.2324720">
    <ele>1011.2</ele>
    <time>2026-05-31T06:11:38Z</time>
   </trkpt>
   <trkpt lat="47.2884240" lon="11.2324660">
    <ele>1011.2</ele>
    <time>2026-05-31T06:11:39Z</time>
   </trkpt>
   <trkpt lat="47.2884040" lon="11.2324610">
    <ele>1011.4</ele>
    <time>2026-05-31T06:11:40Z</time>
   </trkpt>
   <trkpt lat="47.2883950" lon="11.2324580">
    <ele>1011.5</ele>
    <time>2026-05-31T06:11:41Z</time>
   </trkpt>
   <trkpt lat="47.2883850" lon="11.2324550">
    <ele>1011.6</ele>
    <time>2026-05-31T06:11:42Z</time>
   </trkpt>
   <trkpt lat="47.2883570" lon="11.2324270">
    <ele>1012.0</ele>
    <time>2026-05-31T06:11:43Z</time>
   </trkpt>
   <trkpt lat="47.2883390" lon="11.2324190">
    <ele>1012.1</ele>
    <time>2026-05-31T06:11:44Z</time>
   </trkpt>
   <trkpt lat="47.2883360" lon="11.2324090">
    <ele>1012.2</ele>
    <time>2026-05-31T06:11:45Z</time>
   </trkpt>
   <trkpt lat="47.2883320" lon="11.2323990">
    <ele>1012.3</ele>
    <time>2026-05-31T06:11:46Z</time>
   </trkpt>
   <trkpt lat="47.2883280" lon="11.2323890">
    <ele>1012.4</ele>
    <time>2026-05-31T06:11:47Z</time>
   </trkpt>
   <trkpt lat="47.2883180" lon="11.2323540">
    <ele>1012.6</ele>
    <time>2026-05-31T06:11:48Z</time>
   </trkpt>
   <trkpt lat="47.2883150" lon="11.2323400">
    <ele>1012.7</ele>
    <time>2026-05-31T06:11:49Z</time>
   </trkpt>
   <trkpt lat="47.2883110" lon="11.2323260">
    <ele>1012.8</ele>
    <time>2026-05-31T06:11:50Z</time>
   </trkpt>
   <trkpt lat="47.2883090" lon="11.2323040">
    <ele>1013.0</ele>
    <time>2026-05-31T06:11:51Z</time>
   </trkpt>
   <trkpt lat="47.2883090" lon="11.2322770">
    <ele>1013.1</ele>
    <time>2026-05-31T06:11:52Z</time>
   </trkpt>
   <trkpt lat="47.2883110" lon="11.2322500">
    <ele>1013.3</ele>
    <time>2026-05-31T06:11:53Z</time>
   </trkpt>
   <trkpt lat="47.2883130" lon="11.2322340">
    <ele>1013.4</ele>
    <time>2026-05-31T06:11:54Z</time>
   </trkpt>
   <trkpt lat="47.2883130" lon="11.2322170">
    <ele>1013.6</ele>
    <time>2026-05-31T06:11:55Z</time>
   </trkpt>
   <trkpt lat="47.2882970" lon="11.2321920">
    <ele>1013.8</ele>
    <time>2026-05-31T06:11:56Z</time>
   </trkpt>
   <trkpt lat="47.2882990" lon="11.2321720">
    <ele>1013.9</ele>
    <time>2026-05-31T06:11:57Z</time>
   </trkpt>
   <trkpt lat="47.2883030" lon="11.2321500">
    <ele>1014.1</ele>
    <time>2026-05-31T06:11:58Z</time>
   </trkpt>
   <trkpt lat="47.2883020" lon="11.2321380">
    <ele>1014.2</ele>
    <time>2026-05-31T06:11:59Z</time>
   </trkpt>
   <trkpt lat="47.2883040" lon="11.2321270">
    <ele>1014.3</ele>
    <time>2026-05-31T06:12:00Z</time>
   </trkpt>
   <trkpt lat="47.2883030" lon="11.2321100">
    <ele>1014.4</ele>
    <time>2026-05-31T06:12:01Z</time>
   </trkpt>
   <trkpt lat="47.2882990" lon="11.2320940">
    <ele>1014.5</ele>
    <time>2026-05-31T06:12:02Z</time>
   </trkpt>
   <trkpt lat="47.2882850" lon="11.2320710">
    <ele>1014.8</ele>
    <time>2026-05-31T06:12:03Z</time>
   </trkpt>
   <trkpt lat="47.2882770" lon="11.2320460">
    <ele>1015.0</ele>
    <time>2026-05-31T06:12:04Z</time>
   </trkpt>
   <trkpt lat="47.2882750" lon="11.2320210">
    <ele>1015.2</ele>
    <time>2026-05-31T06:12:05Z</time>
   </trkpt>
   <trkpt lat="47.2882770" lon="11.2320010">
    <ele>1015.3</ele>
    <time>2026-05-31T06:12:06Z</time>
   </trkpt>
   <trkpt lat="47.2882790" lon="11.2319820">
    <ele>1015.5</ele>
    <time>2026-05-31T06:12:07Z</time>
   </trkpt>
   <trkpt lat="47.2882760" lon="11.2319540">
    <ele>1015.7</ele>
    <time>2026-05-31T06:12:08Z</time>
   </trkpt>
   <trkpt lat="47.2882720" lon="11.2319370">
    <ele>1015.8</ele>
    <time>2026-05-31T06:12:09Z</time>
   </trkpt>
   <trkpt lat="47.2882680" lon="11.2319160">
    <ele>1016.0</ele>
    <time>2026-05-31T06:12:10Z</time>
   </trkpt>
   <trkpt lat="47.2882710" lon="11.2318940">
    <ele>1016.1</ele>
    <time>2026-05-31T06:12:11Z</time>
   </trkpt>
   <trkpt lat="47.2882710" lon="11.2318720">
    <ele>1016.3</ele>
    <time>2026-05-31T06:12:12Z</time>
   </trkpt>
   <trkpt lat="47.2882730" lon="11.2318470">
    <ele>1016.5</ele>
    <time>2026-05-31T06:12:13Z</time>
   </trkpt>
   <trkpt lat="47.2882750" lon="11.2318180">
    <ele>1016.7</ele>
    <time>2026-05-31T06:12:14Z</time>
   </trkpt>
   <trkpt lat="47.2882770" lon="11.2318010">
    <ele>1016.8</ele>
    <time>2026-05-31T06:12:15Z</time>
   </trkpt>
   <trkpt lat="47.2882790" lon="11.2317840">
    <ele>1017.0</ele>
    <time>2026-05-31T06:12:16Z</time>
   </trkpt>
   <trkpt lat="47.2882830" lon="11.2317780">
    <ele>1017.0</ele>
    <time>2026-05-31T06:12:17Z</time>
   </trkpt>
   <trkpt lat="47.2882820" lon="11.2317560">
    <ele>1017.2</ele>
    <time>2026-05-31T06:12:18Z</time>
   </trkpt>
   <trkpt lat="47.2882820" lon="11.2317390">
    <ele>1017.3</ele>
    <time>2026-05-31T06:12:19Z</time>
   </trkpt>
   <trkpt lat="47.2882850" lon="11.2317140">
    <ele>1017.5</ele>
    <time>2026-05-31T06:12:20Z</time>
   </trkpt>
   <trkpt lat="47.2882860" lon="11.2317030">
    <ele>1017.6</ele>
    <time>2026-05-31T06:12:21Z</time>
   </trkpt>
   <trkpt lat="47.2882870" lon="11.2316910">
    <ele>1017.7</ele>
    <time>2026-05-31T06:12:22Z</time>
   </trkpt>
   <trkpt lat="47.2882880" lon="11.2316790">
    <ele>1017.7</ele>
    <time>2026-05-31T06:12:23Z</time>
   </trkpt>
   <trkpt lat="47.2882860" lon="11.2316590">
    <ele>1017.9</ele>
    <time>2026-05-31T06:12:24Z</time>
   </trkpt>
   <trkpt lat="47.2882880" lon="11.2316410">
    <ele>1018.0</ele>
    <time>2026-05-31T06:12:25Z</time>
   </trkpt>
   <trkpt lat="47.2882890" lon="11.2316230">
    <ele>1018.1</ele>
    <time>2026-05-31T06:12:26Z</time>
   </trkpt>
   <trkpt lat="47.2882910" lon="11.2315970">
    <ele>1018.3</ele>
    <time>2026-05-31T06:12:27Z</time>
   </trkpt>
   <trkpt lat="47.2882880" lon="11.2315790">
    <ele>1018.5</ele>
    <time>2026-05-31T06:12:28Z</time>
   </trkpt>
   <trkpt lat="47.2882910" lon="11.2315650">
    <ele>1018.6</ele>
    <time>2026-05-31T06:12:29Z</time>
   </trkpt>
   <trkpt lat="47.2882900" lon="11.2315460">
    <ele>1018.7</ele>
    <time>2026-05-31T06:12:30Z</time>
   </trkpt>
   <trkpt lat="47.2882890" lon="11.2315270">
    <ele>1018.8</ele>
    <time>2026-05-31T06:12:31Z</time>
   </trkpt>
   <trkpt lat="47.2882930" lon="11.2314870">
    <ele>1019.1</ele>
    <time>2026-05-31T06:12:32Z</time>
   </trkpt>
   <trkpt lat="47.2883000" lon="11.2314710">
    <ele>1019.3</ele>
    <time>2026-05-31T06:12:33Z</time>
   </trkpt>
   <trkpt lat="47.2883010" lon="11.2314450">
    <ele>1019.4</ele>
    <time>2026-05-31T06:12:34Z</time>
   </trkpt>
   <trkpt lat="47.2883030" lon="11.2314300">
    <ele>1019.6</ele>
    <time>2026-05-31T06:12:35Z</time>
   </trkpt>
   <trkpt lat="47.2883040" lon="11.2314150">
    <ele>1019.7</ele>
    <time>2026-05-31T06:12:36Z</time>
   </trkpt>
   <trkpt lat="47.2883080" lon="11.2313900">
    <ele>1019.8</ele>
    <time>2026-05-31T06:12:37Z</time>
   </trkpt>
   <trkpt lat="47.2883070" lon="11.2313770">
    <ele>1019.9</ele>
    <time>2026-05-31T06:12:38Z</time>
   </trkpt>
   <trkpt lat="47.2883110" lon="11.2313660">
    <ele>1020.0</ele>
    <time>2026-05-31T06:12:39Z</time>
   </trkpt>
   <trkpt lat="47.2883190" lon="11.2313200">
    <ele>1020.4</ele>
    <time>2026-05-31T06:12:40Z</time>
   </trkpt>
   <trkpt lat="47.2883180" lon="11.2312690">
    <ele>1020.7</ele>
    <time>2026-05-31T06:12:41Z</time>
   </trkpt>
   <trkpt lat="47.2883190" lon="11.2312560">
    <ele>1020.8</ele>
    <time>2026-05-31T06:12:42Z</time>
   </trkpt>
   <trkpt lat="47.2883220" lon="11.2312030">
    <ele>1021.2</ele>
    <time>2026-05-31T06:12:43Z</time>
   </trkpt>
   <trkpt lat="47.2883260" lon="11.2311840">
    <ele>1021.3</ele>
    <time>2026-05-31T06:12:44Z</time>
   </trkpt>
   <trkpt lat="47.2883310" lon="11.2311290">
    <ele>1021.8</ele>
    <time>2026-05-31T06:12:45Z</time>
   </trkpt>
   <trkpt lat="47.2883300" lon="11.2311030">
    <ele>1022.0</ele>
    <time>2026-05-31T06:12:46Z</time>
   </trkpt>
   <trkpt lat="47.2883360" lon="11.2310910">
    <ele>1022.1</ele>
    <time>2026-05-31T06:12:47Z</time>
   </trkpt>
   <trkpt lat="47.2883370" lon="11.2310640">
    <ele>1022.3</ele>
    <time>2026-05-31T06:12:48Z</time>
   </trkpt>
   <trkpt lat="47.2883440" lon="11.2310300">
    <ele>1022.5</ele>
    <time>2026-05-31T06:12:49Z</time>
   </trkpt>
   <trkpt lat="47.2883430" lon="11.2310130">
    <ele>1022.7</ele>
    <time>2026-05-31T06:12:50Z</time>
   </trkpt>
   <trkpt lat="47.2883470" lon="11.2309860">
    <ele>1022.9</ele>
    <time>2026-05-31T06:12:51Z</time>
   </trkpt>
   <trkpt lat="47.2883480" lon="11.2309620">
    <ele>1023.1</ele>
    <time>2026-05-31T06:12:52Z</time>
   </trkpt>
   <trkpt lat="47.2883500" lon="11.2309480">
    <ele>1023.2</ele>
    <time>2026-05-31T06:12:53Z</time>
   </trkpt>
   <trkpt lat="47.2883530" lon="11.2309380">
    <ele>1023.3</ele>
    <time>2026-05-31T06:12:54Z</time>
   </trkpt>
   <trkpt lat="47.2883530" lon="11.2309100">
    <ele>1023.5</ele>
    <time>2026-05-31T06:12:55Z</time>
   </trkpt>
   <trkpt lat="47.2883530" lon="11.2308860">
    <ele>1023.7</ele>
    <time>2026-05-31T06:12:56Z</time>
   </trkpt>
   <trkpt lat="47.2883540" lon="11.2308580">
    <ele>1023.9</ele>
    <time>2026-05-31T06:12:57Z</time>
   </trkpt>
   <trkpt lat="47.2883570" lon="11.2308070">
    <ele>1024.3</ele>
    <time>2026-05-31T06:12:58Z</time>
   </trkpt>
   <trkpt lat="47.2883630" lon="11.2307890">
    <ele>1024.4</ele>
    <time>2026-05-31T06:12:59Z</time>
   </trkpt>
   <trkpt lat="47.2883650" lon="11.2307550">
    <ele>1024.7</ele>
    <time>2026-05-31T06:13:00Z</time>
   </trkpt>
   <trkpt lat="47.2883660" lon="11.2307280">
    <ele>1024.9</ele>
    <time>2026-05-31T06:13:01Z</time>
   </trkpt>
   <trkpt lat="47.2883730" lon="11.2307220">
    <ele>1025.0</ele>
    <time>2026-05-31T06:13:02Z</time>
   </trkpt>
   <trkpt lat="47.2883760" lon="11.2307150">
    <ele>1025.1</ele>
    <time>2026-05-31T06:13:03Z</time>
   </trkpt>
   <trkpt lat="47.2883720" lon="11.2307010">
    <ele>1025.2</ele>
    <time>2026-05-31T06:13:04Z</time>
   </trkpt>
   <trkpt lat="47.2883710" lon="11.2306850">
    <ele>1025.3</ele>
    <time>2026-05-31T06:13:05Z</time>
   </trkpt>
   <trkpt lat="47.2883700" lon="11.2306700">
    <ele>1025.4</ele>
    <time>2026-05-31T06:13:06Z</time>
   </trkpt>
   <trkpt lat="47.2883690" lon="11.2306550">
    <ele>1025.5</ele>
    <time>2026-05-31T06:13:07Z</time>
   </trkpt>
   <trkpt lat="47.2883780" lon="11.2306020">
    <ele>1025.9</ele>
    <time>2026-05-31T06:13:08Z</time>
   </trkpt>
   <trkpt lat="47.2883800" lon="11.2305760">
    <ele>1026.1</ele>
    <time>2026-05-31T06:13:09Z</time>
   </trkpt>
   <trkpt lat="47.2883870" lon="11.2305200">
    <ele>1026.5</ele>
    <time>2026-05-31T06:13:10Z</time>
   </trkpt>
   <trkpt lat="47.2883890" lon="11.2305000">
    <ele>1026.6</ele>
    <time>2026-05-31T06:13:11Z</time>
   </trkpt>
   <trkpt lat="47.2883980" lon="11.2304570">
    <ele>1026.9</ele>
    <time>2026-05-31T06:13:12Z</time>
   </trkpt>
   <trkpt lat="47.2883990" lon="11.2304400">
    <ele>1027.0</ele>
    <time>2026-05-31T06:13:13Z</time>
   </trkpt>
   <trkpt lat="47.2884090" lon="11.2303970">
    <ele>1027.4</ele>
    <time>2026-05-31T06:13:14Z</time>
   </trkpt>
   <trkpt lat="47.2884100" lon="11.2303860">
    <ele>1027.4</ele>
    <time>2026-05-31T06:13:15Z</time>
   </trkpt>
   <trkpt lat="47.2884110" lon="11.2303390">
    <ele>1027.8</ele>
    <time>2026-05-31T06:13:16Z</time>
   </trkpt>
   <trkpt lat="47.2884110" lon="11.2303250">
    <ele>1027.9</ele>
    <time>2026-05-31T06:13:17Z</time>
   </trkpt>
   <trkpt lat="47.2884110" lon="11.2302740">
    <ele>1028.2</ele>
    <time>2026-05-31T06:13:18Z</time>
   </trkpt>
   <trkpt lat="47.2884110" lon="11.2302590">
    <ele>1028.3</ele>
    <time>2026-05-31T06:13:19Z</time>
   </trkpt>
   <trkpt lat="47.2884110" lon="11.2302560">
    <ele>1028.4</ele>
    <time>2026-05-31T06:13:20Z</time>
   </trkpt>
   <trkpt lat="47.2884140" lon="11.2302380">
    <ele>1028.5</ele>
    <time>2026-05-31T06:13:21Z</time>
   </trkpt>
   <trkpt lat="47.2884190" lon="11.2302140">
    <ele>1028.7</ele>
    <time>2026-05-31T06:13:22Z</time>
   </trkpt>
   <trkpt lat="47.2884290" lon="11.2302010">
    <ele>1028.8</ele>
    <time>2026-05-31T06:13:23Z</time>
   </trkpt>
   <trkpt lat="47.2884480" lon="11.2302060">
    <ele>1029.0</ele>
    <time>2026-05-31T06:13:24Z</time>
   </trkpt>
   <trkpt lat="47.2884700" lon="11.2302090">
    <ele>1029.3</ele>
    <time>2026-05-31T06:13:25Z</time>
   </trkpt>
   <trkpt lat="47.2884810" lon="11.2302160">
    <ele>1029.4</ele>
    <time>2026-05-31T06:13:26Z</time>
   </trkpt>
   <trkpt lat="47.2884910" lon="11.2302220">
    <ele>1029.5</ele>
    <time>2026-05-31T06:13:27Z</time>
   </trkpt>
   <trkpt lat="47.2885080" lon="11.2302330">
    <ele>1029.7</ele>
    <time>2026-05-31T06:13:28Z</time>
   </trkpt>
   <trkpt lat="47.2885230" lon="11.2302400">
    <ele>1029.9</ele>
    <time>2026-05-31T06:13:29Z</time>
   </trkpt>
   <trkpt lat="47.2885310" lon="11.2302600">
    <ele>1030.1</ele>
    <time>2026-05-31T06:13:30Z</time>
   </trkpt>
   <trkpt lat="47.2885430" lon="11.2302690">
    <ele>1030.2</ele>
    <time>2026-05-31T06:13:31Z</time>
   </trkpt>
   <trkpt lat="47.2885520" lon="11.2302760">
    <ele>1030.4</ele>
    <time>2026-05-31T06:13:32Z</time>
   </trkpt>
   <trkpt lat="47.2885580" lon="11.2302810">
    <ele>1030.4</ele>
    <time>2026-05-31T06:13:33Z</time>
   </trkpt>
   <trkpt lat="47.2885690" lon="11.2302860">
    <ele>1030.6</ele>
    <time>2026-05-31T06:13:34Z</time>
   </trkpt>
   <trkpt lat="47.2885780" lon="11.2302900">
    <ele>1030.7</ele>
    <time>2026-05-31T06:13:35Z</time>
   </trkpt>
   <trkpt lat="47.2885900" lon="11.2302940">
    <ele>1030.8</ele>
    <time>2026-05-31T06:13:36Z</time>
   </trkpt>
   <trkpt lat="47.2886000" lon="11.2302970">
    <ele>1030.9</ele>
    <time>2026-05-31T06:13:37Z</time>
   </trkpt>
   <trkpt lat="47.2886270" lon="11.2303110">
    <ele>1031.3</ele>
    <time>2026-05-31T06:13:38Z</time>
   </trkpt>
   <trkpt lat="47.2886450" lon="11.2303230">
    <ele>1031.5</ele>
    <time>2026-05-31T06:13:39Z</time>
   </trkpt>
   <trkpt lat="47.2886630" lon="11.2303340">
    <ele>1032.0</ele>
    <time>2026-05-31T06:13:40Z</time>
   </trkpt>
   <trkpt lat="47.2886840" lon="11.2303200">
    <ele>1032.6</ele>
    <time>2026-05-31T06:13:41Z</time>
   </trkpt>
   <trkpt lat="47.2886940" lon="11.2303230">
    <ele>1032.8</ele>
    <time>2026-05-31T06:13:42Z</time>
   </trkpt>
   <trkpt lat="47.2887040" lon="11.2303270">
    <ele>1033.1</ele>
    <time>2026-05-31T06:13:43Z</time>
   </trkpt>
   <trkpt lat="47.2887210" lon="11.2303220">
    <ele>1033.5</ele>
    <time>2026-05-31T06:13:44Z</time>
   </trkpt>
   <trkpt lat="47.2887340" lon="11.2303110">
    <ele>1033.9</ele>
    <time>2026-05-31T06:13:45Z</time>
   </trkpt>
   <trkpt lat="47.2887270" lon="11.2303070">
    <ele>1034.1</ele>
    <time>2026-05-31T06:13:46Z</time>
   </trkpt>
   <trkpt lat="47.2887110" lon="11.2303110">
    <ele>1034.5</ele>
    <time>2026-05-31T06:13:47Z</time>
   </trkpt>
   <trkpt lat="47.2887110" lon="11.2303110">
    <ele>1034.5</ele>
    <time>2026-05-31T06:13:48Z</time>
   </trkpt>
   <trkpt lat="47.2887120" lon="11.2303040">
    <ele>1034.6</ele>
    <time>2026-05-31T06:13:49Z</time>
   </trkpt>
   <trkpt lat="47.2887130" lon="11.2303020">
    <ele>1034.6</ele>
    <time>2026-05-31T06:13:50Z</time>
   </trkpt>
   <trkpt lat="47.2887070" lon="11.2303010">
    <ele>1034.8</ele>
    <time>2026-05-31T06:13:51Z</time>
   </trkpt>
   <trkpt lat="47.2886930" lon="11.2302880">
    <ele>1035.1</ele>
    <time>2026-05-31T06:13:52Z</time>
   </trkpt>
   <trkpt lat="47.2886960" lon="11.2302780">
    <ele>1035.3</ele>
    <time>2026-05-31T06:13:53Z</time>
   </trkpt>
   <trkpt lat="47.2886990" lon="11.2302790">
    <ele>1035.4</ele>
    <time>2026-05-31T06:13:54Z</time>
   </trkpt>
   <trkpt lat="47.2887120" lon="11.2302890">
    <ele>1035.7</ele>
    <time>2026-05-31T06:13:55Z</time>
   </trkpt>
   <trkpt lat="47.2887210" lon="11.2302950">
    <ele>1035.9</ele>
    <time>2026-05-31T06:13:56Z</time>
   </trkpt>
   <trkpt lat="47.2887390" lon="11.2303050">
    <ele>1036.3</ele>
    <time>2026-05-31T06:13:57Z</time>
   </trkpt>
   <trkpt lat="47.2887550" lon="11.2303080">
    <ele>1036.7</ele>
    <time>2026-05-31T06:13:58Z</time>
   </trkpt>
   <trkpt lat="47.2887620" lon="11.2303060">
    <ele>1036.8</ele>
    <time>2026-05-31T06:13:59Z</time>
   </trkpt>
   <trkpt lat="47.2887690" lon="11.2303050">
    <ele>1037.0</ele>
    <time>2026-05-31T06:14:00Z</time>
   </trkpt>
   <trkpt lat="47.2887750" lon="11.2303030">
    <ele>1037.1</ele>
    <time>2026-05-31T06:14:01Z</time>
   </trkpt>
   <trkpt lat="47.2887820" lon="11.2303020">
    <ele>1037.3</ele>
    <time>2026-05-31T06:14:02Z</time>
   </trkpt>
   <trkpt lat="47.2887890" lon="11.2303000">
    <ele>1037.4</ele>
    <time>2026-05-31T06:14:03Z</time>
   </trkpt>
   <trkpt lat="47.2888000" lon="11.2302810">
    <ele>1037.8</ele>
    <time>2026-05-31T06:14:04Z</time>
   </trkpt>
   <trkpt lat="47.2888060" lon="11.2302570">
    <ele>1038.1</ele>
    <time>2026-05-31T06:14:05Z</time>
   </trkpt>
   <trkpt lat="47.2888080" lon="11.2302670">
    <ele>1038.2</ele>
    <time>2026-05-31T06:14:06Z</time>
   </trkpt>
   <trkpt lat="47.2888070" lon="11.2302750">
    <ele>1038.3</ele>
    <time>2026-05-31T06:14:07Z</time>
   </trkpt>
   <trkpt lat="47.2888170" lon="11.2302560">
    <ele>1038.6</ele>
    <time>2026-05-31T06:14:08Z</time>
   </trkpt>
   <trkpt lat="47.2888300" lon="11.2302480">
    <ele>1038.9</ele>
    <time>2026-05-31T06:14:09Z</time>
   </trkpt>
   <trkpt lat="47.2888370" lon="11.2302380">
    <ele>1039.1</ele>
    <time>2026-05-31T06:14:10Z</time>
   </trkpt>
   <trkpt lat="47.2888370" lon="11.2302350">
    <ele>1039.1</ele>
    <time>2026-05-31T06:14:11Z</time>
   </trkpt>
   <trkpt lat="47.2888400" lon="11.2302290">
    <ele>1039.2</ele>
    <time>2026-05-31T06:14:12Z</time>
   </trkpt>
   <trkpt lat="47.2888250" lon="11.2302440">
    <ele>1039.5</ele>
    <time>2026-05-31T06:14:13Z</time>
   </trkpt>
   <trkpt lat="47.2888370" lon="11.2302230">
    <ele>1039.8</ele>
    <time>2026-05-31T06:14:14Z</time>
   </trkpt>
   <trkpt lat="47.2888440" lon="11.2302090">
    <ele>1040.0</ele>
    <time>2026-05-31T06:14:15Z</time>
   </trkpt>
   <trkpt lat="47.2888450" lon="11.2301890">
    <ele>1040.3</ele>
    <time>2026-05-31T06:14:16Z</time>
   </trkpt>
   <trkpt lat="47.2888490" lon="11.2301920">
    <ele>1040.3</ele>
    <time>2026-05-31T06:14:17Z</time>
   </trkpt>
   <trkpt lat="47.2888510" lon="11.2301610">
    <ele>1040.7</ele>
    <time>2026-05-31T06:14:18Z</time>
   </trkpt>
   <trkpt lat="47.2888530" lon="11.2301410">
    <ele>1040.9</ele>
    <time>2026-05-31T06:14:19Z</time>
   </trkpt>
   <trkpt lat="47.2888500" lon="11.2301530">
    <ele>1041.0</ele>
    <time>2026-05-31T06:14:20Z</time>
   </trkpt>
   <trkpt lat="47.2888560" lon="11.2301480">
    <ele>1041.2</ele>
    <time>2026-05-31T06:14:21Z</time>
   </trkpt>
   <trkpt lat="47.2888730" lon="11.2301320">
    <ele>1041.5</ele>
    <time>2026-05-31T06:14:22Z</time>
   </trkpt>
   <trkpt lat="47.2888800" lon="11.2301130">
    <ele>1041.7</ele>
    <time>2026-05-31T06:14:23Z</time>
   </trkpt>
   <trkpt lat="47.2888890" lon="11.2300880">
    <ele>1042.0</ele>
    <time>2026-05-31T06:14:24Z</time>
   </trkpt>
   <trkpt lat="47.2888890" lon="11.2300700">
    <ele>1042.2</ele>
    <time>2026-05-31T06:14:25Z</time>
   </trkpt>
   <trkpt lat="47.2889340" lon="11.2300080">
    <ele>1043.2</ele>
    <time>2026-05-31T06:14:26Z</time>
   </trkpt>
   <trkpt lat="47.2889490" lon="11.2299670">
    <ele>1043.7</ele>
    <time>2026-05-31T06:14:27Z</time>
   </trkpt>
   <trkpt lat="47.2889520" lon="11.2299620">
    <ele>1043.8</ele>
    <time>2026-05-31T06:14:28Z</time>
   </trkpt>
   <trkpt lat="47.2889490" lon="11.2299500">
    <ele>1043.9</ele>
    <time>2026-05-31T06:14:29Z</time>
   </trkpt>
   <trkpt lat="47.2889510" lon="11.2299280">
    <ele>1044.2</ele>
    <time>2026-05-31T06:14:30Z</time>
   </trkpt>
   <trkpt lat="47.2889540" lon="11.2298960">
    <ele>1044.5</ele>
    <time>2026-05-31T06:14:31Z</time>
   </trkpt>
   <trkpt lat="47.2889470" lon="11.2298830">
    <ele>1044.7</ele>
    <time>2026-05-31T06:14:32Z</time>
   </trkpt>
   <trkpt lat="47.2889460" lon="11.2298730">
    <ele>1044.8</ele>
    <time>2026-05-31T06:14:33Z</time>
   </trkpt>
   <trkpt lat="47.2889520" lon="11.2298650">
    <ele>1044.9</ele>
    <time>2026-05-31T06:14:34Z</time>
   </trkpt>
   <trkpt lat="47.2889570" lon="11.2298490">
    <ele>1045.0</ele>
    <time>2026-05-31T06:14:35Z</time>
   </trkpt>
   <trkpt lat="47.2889550" lon="11.2298500">
    <ele>1045.1</ele>
    <time>2026-05-31T06:14:36Z</time>
   </trkpt>
   <trkpt lat="47.2889550" lon="11.2298340">
    <ele>1045.2</ele>
    <time>2026-05-31T06:14:37Z</time>
   </trkpt>
   <trkpt lat="47.2889630" lon="11.2298310">
    <ele>1045.3</ele>
    <time>2026-05-31T06:14:38Z</time>
   </trkpt>
   <trkpt lat="47.2889740" lon="11.2298100">
    <ele>1045.5</ele>
    <time>2026-05-31T06:14:39Z</time>
   </trkpt>
   <trkpt lat="47.2889800" lon="11.2298030">
    <ele>1045.5</ele>
    <time>2026-05-31T06:14:40Z</time>
   </trkpt>
   <trkpt lat="47.2889770" lon="11.2298160">
    <ele>1045.6</ele>
    <time>2026-05-31T06:14:41Z</time>
   </trkpt>
   <trkpt lat="47.2889740" lon="11.2298080">
    <ele>1045.7</ele>
    <time>2026-05-31T06:14:42Z</time>
   </trkpt>
   <trkpt lat="47.2889710" lon="11.2298060">
    <ele>1045.7</ele>
    <time>2026-05-31T06:14:43Z</time>
   </trkpt>
   <trkpt lat="47.2889910" lon="11.2297850">
    <ele>1045.9</ele>
    <time>2026-05-31T06:14:44Z</time>
   </trkpt>
   <trkpt lat="47.2890100" lon="11.2297740">
    <ele>1046.0</ele>
    <time>2026-05-31T06:14:45Z</time>
   </trkpt>
   <trkpt lat="47.2890220" lon="11.2297670">
    <ele>1046.1</ele>
    <time>2026-05-31T06:14:46Z</time>
   </trkpt>
   <trkpt lat="47.2890410" lon="11.2297550">
    <ele>1046.2</ele>
    <time>2026-05-31T06:14:47Z</time>
   </trkpt>
   <trkpt lat="47.2890430" lon="11.2297310">
    <ele>1046.3</ele>
    <time>2026-05-31T06:14:48Z</time>
   </trkpt>
   <trkpt lat="47.2890540" lon="11.2297110">
    <ele>1046.2</ele>
    <time>2026-05-31T06:14:49Z</time>
   </trkpt>
   <trkpt lat="47.2890540" lon="11.2296660">
    <ele>1046.0</ele>
    <time>2026-05-31T06:14:50Z</time>
   </trkpt>
   <trkpt lat="47.2890540" lon="11.2296620">
    <ele>1046.0</ele>
    <time>2026-05-31T06:14:51Z</time>
   </trkpt>
   <trkpt lat="47.2890600" lon="11.2296260">
    <ele>1045.9</ele>
    <time>2026-05-31T06:14:52Z</time>
   </trkpt>
   <trkpt lat="47.2890590" lon="11.2296080">
    <ele>1045.8</ele>
    <time>2026-05-31T06:14:53Z</time>
   </trkpt>
   <trkpt lat="47.2890550" lon="11.2295820">
    <ele>1045.6</ele>
    <time>2026-05-31T06:14:54Z</time>
   </trkpt>
   <trkpt lat="47.2890410" lon="11.2295670">
    <ele>1045.5</ele>
    <time>2026-05-31T06:14:55Z</time>
   </trkpt>
   <trkpt lat="47.2890350" lon="11.2295530">
    <ele>1045.4</ele>
    <time>2026-05-31T06:14:56Z</time>
   </trkpt>
   <trkpt lat="47.2890240" lon="11.2295300">
    <ele>1045.3</ele>
    <time>2026-05-31T06:14:57Z</time>
   </trkpt>
   <trkpt lat="47.2890090" lon="11.2295180">
    <ele>1045.1</ele>
    <time>2026-05-31T06:14:58Z</time>
   </trkpt>
   <trkpt lat="47.2889880" lon="11.2294870">
    <ele>1044.8</ele>
    <time>2026-05-31T06:14:59Z</time>
   </trkpt>
   <trkpt lat="47.2889840" lon="11.2294730">
    <ele>1044.7</ele>
    <time>2026-05-31T06:15:00Z</time>
   </trkpt>
   <trkpt lat="47.2889730" lon="11.2294310">
    <ele>1044.4</ele>
    <time>2026-05-31T06:15:01Z</time>
   </trkpt>
   <trkpt lat="47.2889680" lon="11.2294170">
    <ele>1044.3</ele>
    <time>2026-05-31T06:15:02Z</time>
   </trkpt>
   <trkpt lat="47.2889620" lon="11.2293650">
    <ele>1044.0</ele>
    <time>2026-05-31T06:15:03Z</time>
   </trkpt>
   <trkpt lat="47.2889620" lon="11.2293410">
    <ele>1043.8</ele>
    <time>2026-05-31T06:15:04Z</time>
   </trkpt>
   <trkpt lat="47.2889670" lon="11.2292920">
    <ele>1043.5</ele>
    <time>2026-05-31T06:15:05Z</time>
   </trkpt>
   <trkpt lat="47.2889630" lon="11.2292690">
    <ele>1043.4</ele>
    <time>2026-05-31T06:15:06Z</time>
   </trkpt>
   <trkpt lat="47.2889500" lon="11.2292100">
    <ele>1043.1</ele>
    <time>2026-05-31T06:15:07Z</time>
   </trkpt>
   <trkpt lat="47.2889440" lon="11.2291870">
    <ele>1043.0</ele>
    <time>2026-05-31T06:15:08Z</time>
   </trkpt>
   <trkpt lat="47.2889440" lon="11.2291320">
    <ele>1042.7</ele>
    <time>2026-05-31T06:15:09Z</time>
   </trkpt>
   <trkpt lat="47.2889460" lon="11.2291140">
    <ele>1042.7</ele>
    <time>2026-05-31T06:15:10Z</time>
   </trkpt>
   <trkpt lat="47.2889490" lon="11.2290660">
    <ele>1042.5</ele>
    <time>2026-05-31T06:15:11Z</time>
   </trkpt>
   <trkpt lat="47.2889470" lon="11.2290470">
    <ele>1042.4</ele>
    <time>2026-05-31T06:15:12Z</time>
   </trkpt>
   <trkpt lat="47.2889490" lon="11.2289960">
    <ele>1042.2</ele>
    <time>2026-05-31T06:15:13Z</time>
   </trkpt>
   <trkpt lat="47.2889480" lon="11.2289780">
    <ele>1042.1</ele>
    <time>2026-05-31T06:15:14Z</time>
   </trkpt>
   <trkpt lat="47.2889300" lon="11.2289190">
    <ele>1041.9</ele>
    <time>2026-05-31T06:15:15Z</time>
   </trkpt>
   <trkpt lat="47.2889240" lon="11.2288960">
    <ele>1041.8</ele>
    <time>2026-05-31T06:15:16Z</time>
   </trkpt>
   <trkpt lat="47.2889370" lon="11.2288570">
    <ele>1041.6</ele>
    <time>2026-05-31T06:15:17Z</time>
   </trkpt>
   <trkpt lat="47.2889480" lon="11.2288080">
    <ele>1041.4</ele>
    <time>2026-05-31T06:15:18Z</time>
   </trkpt>
   <trkpt lat="47.2889570" lon="11.2287660">
    <ele>1041.3</ele>
    <time>2026-05-31T06:15:19Z</time>
   </trkpt>
   <trkpt lat="47.2889710" lon="11.2287190">
    <ele>1041.1</ele>
    <time>2026-05-31T06:15:20Z</time>
   </trkpt>
   <trkpt lat="47.2889710" lon="11.2287040">
    <ele>1041.0</ele>
    <time>2026-05-31T06:15:21Z</time>
   </trkpt>
   <trkpt lat="47.2889740" lon="11.2286360">
    <ele>1040.8</ele>
    <time>2026-05-31T06:15:22Z</time>
   </trkpt>
   <trkpt lat="47.2889750" lon="11.2286050">
    <ele>1040.7</ele>
    <time>2026-05-31T06:15:23Z</time>
   </trkpt>
   <trkpt lat="47.2889800" lon="11.2285550">
    <ele>1040.6</ele>
    <time>2026-05-31T06:15:24Z</time>
   </trkpt>
   <trkpt lat="47.2889770" lon="11.2285300">
    <ele>1040.5</ele>
    <time>2026-05-31T06:15:25Z</time>
   </trkpt>
   <trkpt lat="47.2889860" lon="11.2284900">
    <ele>1040.5</ele>
    <time>2026-05-31T06:15:26Z</time>
   </trkpt>
   <trkpt lat="47.2889950" lon="11.2284390">
    <ele>1040.5</ele>
    <time>2026-05-31T06:15:27Z</time>
   </trkpt>
   <trkpt lat="47.2890000" lon="11.2284250">
    <ele>1040.5</ele>
    <time>2026-05-31T06:15:28Z</time>
   </trkpt>
   <trkpt lat="47.2890070" lon="11.2283860">
    <ele>1040.5</ele>
    <time>2026-05-31T06:15:29Z</time>
   </trkpt>
   <trkpt lat="47.2890280" lon="11.2283430">
    <ele>1040.5</ele>
    <time>2026-05-31T06:15:30Z</time>
   </trkpt>
   <trkpt lat="47.2890330" lon="11.2283250">
    <ele>1040.6</ele>
    <time>2026-05-31T06:15:31Z</time>
   </trkpt>
   <trkpt lat="47.2890360" lon="11.2282820">
    <ele>1040.7</ele>
    <time>2026-05-31T06:15:32Z</time>
   </trkpt>
   <trkpt lat="47.2890420" lon="11.2282650">
    <ele>1040.7</ele>
    <time>2026-05-31T06:15:33Z</time>
   </trkpt>
   <trkpt lat="47.2890620" lon="11.2282380">
    <ele>1040.8</ele>
    <time>2026-05-31T06:15:34Z</time>
   </trkpt>
   <trkpt lat="47.2890550" lon="11.2281750">
    <ele>1041.1</ele>
    <time>2026-05-31T06:15:35Z</time>
   </trkpt>
   <trkpt lat="47.2890770" lon="11.2281460">
    <ele>1041.2</ele>
    <time>2026-05-31T06:15:36Z</time>
   </trkpt>
   <trkpt lat="47.2890870" lon="11.2281350">
    <ele>1041.3</ele>
    <time>2026-05-31T06:15:37Z</time>
   </trkpt>
   <trkpt lat="47.2891090" lon="11.2281010">
    <ele>1041.5</ele>
    <time>2026-05-31T06:15:38Z</time>
   </trkpt>
   <trkpt lat="47.2891100" lon="11.2280830">
    <ele>1041.6</ele>
    <time>2026-05-31T06:15:39Z</time>
   </trkpt>
   <trkpt lat="47.2891430" lon="11.2280620">
    <ele>1041.9</ele>
    <time>2026-05-31T06:15:40Z</time>
   </trkpt>
   <trkpt lat="47.2891560" lon="11.2280470">
    <ele>1042.0</ele>
    <time>2026-05-31T06:15:41Z</time>
   </trkpt>
   <trkpt lat="47.2891680" lon="11.2280320">
    <ele>1042.2</ele>
    <time>2026-05-31T06:15:42Z</time>
   </trkpt>
   <trkpt lat="47.2891970" lon="11.2280040">
    <ele>1042.5</ele>
    <time>2026-05-31T06:15:43Z</time>
   </trkpt>
   <trkpt lat="47.2891970" lon="11.2280040">
    <ele>1042.5</ele>
    <time>2026-05-31T06:15:44Z</time>
   </trkpt>
   <trkpt lat="47.2892230" lon="11.2280130">
    <ele>1042.8</ele>
    <time>2026-05-31T06:15:45Z</time>
   </trkpt>
   <trkpt lat="47.2892010" lon="11.2279820">
    <ele>1043.1</ele>
    <time>2026-05-31T06:15:46Z</time>
   </trkpt>
   <trkpt lat="47.2892080" lon="11.2279570">
    <ele>1043.3</ele>
    <time>2026-05-31T06:15:47Z</time>
   </trkpt>
   <trkpt lat="47.2892060" lon="11.2279230">
    <ele>1043.5</ele>
    <time>2026-05-31T06:15:48Z</time>
   </trkpt>
   <trkpt lat="47.2892110" lon="11.2279120">
    <ele>1043.6</ele>
    <time>2026-05-31T06:15:49Z</time>
   </trkpt>
   <trkpt lat="47.2892150" lon="11.2279000">
    <ele>1043.7</ele>
    <time>2026-05-31T06:15:50Z</time>
   </trkpt>
   <trkpt lat="47.2892240" lon="11.2278820">
    <ele>1043.8</ele>
    <time>2026-05-31T06:15:51Z</time>
   </trkpt>
   <trkpt lat="47.2892330" lon="11.2278580">
    <ele>1043.9</ele>
    <time>2026-05-31T06:15:52Z</time>
   </trkpt>
   <trkpt lat="47.2892500" lon="11.2278260">
    <ele>1044.2</ele>
    <time>2026-05-31T06:15:53Z</time>
   </trkpt>
   <trkpt lat="47.2892590" lon="11.2278090">
    <ele>1044.3</ele>
    <time>2026-05-31T06:15:54Z</time>
   </trkpt>
   <trkpt lat="47.2892720" lon="11.2277670">
    <ele>1044.5</ele>
    <time>2026-05-31T06:15:55Z</time>
   </trkpt>
   <trkpt lat="47.2892770" lon="11.2277580">
    <ele>1044.5</ele>
    <time>2026-05-31T06:15:56Z</time>
   </trkpt>
   <trkpt lat="47.2892810" lon="11.2277190">
    <ele>1044.7</ele>
    <time>2026-05-31T06:15:57Z</time>
   </trkpt>
   <trkpt lat="47.2892830" lon="11.2277050">
    <ele>1044.8</ele>
    <time>2026-05-31T06:15:58Z</time>
   </trkpt>
   <trkpt lat="47.2892950" lon="11.2276570">
    <ele>1045.0</ele>
    <time>2026-05-31T06:15:59Z</time>
   </trkpt>
   <trkpt lat="47.2893010" lon="11.2276430">
    <ele>1045.1</ele>
    <time>2026-05-31T06:16:00Z</time>
   </trkpt>
   <trkpt lat="47.2893370" lon="11.2276280">
    <ele>1045.3</ele>
    <time>2026-05-31T06:16:01Z</time>
   </trkpt>
   <trkpt lat="47.2893520" lon="11.2276190">
    <ele>1045.4</ele>
    <time>2026-05-31T06:16:02Z</time>
   </trkpt>
   <trkpt lat="47.2893560" lon="11.2275970">
    <ele>1045.5</ele>
    <time>2026-05-31T06:16:03Z</time>
   </trkpt>
   <trkpt lat="47.2893520" lon="11.2275760">
    <ele>1045.6</ele>
    <time>2026-05-31T06:16:04Z</time>
   </trkpt>
   <trkpt lat="47.2893480" lon="11.2275560">
    <ele>1045.7</ele>
    <time>2026-05-31T06:16:05Z</time>
   </trkpt>
   <trkpt lat="47.2893630" lon="11.2275200">
    <ele>1045.9</ele>
    <time>2026-05-31T06:16:06Z</time>
   </trkpt>
   <trkpt lat="47.2893730" lon="11.2274820">
    <ele>1046.0</ele>
    <time>2026-05-31T06:16:07Z</time>
   </trkpt>
   <trkpt lat="47.2893740" lon="11.2274650">
    <ele>1046.1</ele>
    <time>2026-05-31T06:16:08Z</time>
   </trkpt>
   <trkpt lat="47.2893970" lon="11.2274390">
    <ele>1046.3</ele>
    <time>2026-05-31T06:16:09Z</time>
   </trkpt>
   <trkpt lat="47.2894040" lon="11.2274320">
    <ele>1046.4</ele>
    <time>2026-05-31T06:16:10Z</time>
   </trkpt>
   <trkpt lat="47.2894200" lon="11.2274160">
    <ele>1046.5</ele>
    <time>2026-05-31T06:16:11Z</time>
   </trkpt>
   <trkpt lat="47.2894300" lon="11.2273950">
    <ele>1046.6</ele>
    <time>2026-05-31T06:16:12Z</time>
   </trkpt>
   <trkpt lat="47.2894470" lon="11.2273600">
    <ele>1046.8</ele>
    <time>2026-05-31T06:16:13Z</time>
   </trkpt>
   <trkpt lat="47.2894440" lon="11.2273450">
    <ele>1046.9</ele>
    <time>2026-05-31T06:16:14Z</time>
   </trkpt>
   <trkpt lat="47.2894460" lon="11.2273310">
    <ele>1046.9</ele>
    <time>2026-05-31T06:16:15Z</time>
   </trkpt>
   <trkpt lat="47.2894550" lon="11.2273000">
    <ele>1047.1</ele>
    <time>2026-05-31T06:16:16Z</time>
   </trkpt>
   <trkpt lat="47.2894700" lon="11.2272620">
    <ele>1047.2</ele>
    <time>2026-05-31T06:16:17Z</time>
   </trkpt>
   <trkpt lat="47.2894720" lon="11.2272410">
    <ele>1047.3</ele>
    <time>2026-05-31T06:16:18Z</time>
   </trkpt>
   <trkpt lat="47.2894790" lon="11.2272160">
    <ele>1047.4</ele>
    <time>2026-05-31T06:16:19Z</time>
   </trkpt>
   <trkpt lat="47.2894790" lon="11.2272010">
    <ele>1047.5</ele>
    <time>2026-05-31T06:16:20Z</time>
   </trkpt>
   <trkpt lat="47.2894980" lon="11.2271690">
    <ele>1047.7</ele>
    <time>2026-05-31T06:16:21Z</time>
   </trkpt>
   <trkpt lat="47.2895220" lon="11.2271440">
    <ele>1047.9</ele>
    <time>2026-05-31T06:16:22Z</time>
   </trkpt>
   <trkpt lat="47.2895360" lon="11.2271040">
    <ele>1048.1</ele>
    <time>2026-05-31T06:16:23Z</time>
   </trkpt>
   <trkpt lat="47.2895410" lon="11.2270780">
    <ele>1048.2</ele>
    <time>2026-05-31T06:16:24Z</time>
   </trkpt>
   <trkpt lat="47.2895480" lon="11.2270620">
    <ele>1048.3</ele>
    <time>2026-05-31T06:16:25Z</time>
   </trkpt>
   <trkpt lat="47.2895540" lon="11.2270450">
    <ele>1048.4</ele>
    <time>2026-05-31T06:16:26Z</time>
   </trkpt>
   <trkpt lat="47.2895630" lon="11.2270300">
    <ele>1048.5</ele>
    <time>2026-05-31T06:16:27Z</time>
   </trkpt>
   <trkpt lat="47.2895710" lon="11.2270050">
    <ele>1048.7</ele>
    <time>2026-05-31T06:16:28Z</time>
   </trkpt>
   <trkpt lat="47.2895800" lon="11.2269830">
    <ele>1048.8</ele>
    <time>2026-05-31T06:16:29Z</time>
   </trkpt>
   <trkpt lat="47.2895890" lon="11.2269600">
    <ele>1049.0</ele>
    <time>2026-05-31T06:16:30Z</time>
   </trkpt>
   <trkpt lat="47.2895990" lon="11.2269380">
    <ele>1049.1</ele>
    <time>2026-05-31T06:16:31Z</time>
   </trkpt>
   <trkpt lat="47.2896010" lon="11.2269100">
    <ele>1049.2</ele>
    <time>2026-05-31T06:16:32Z</time>
   </trkpt>
   <trkpt lat="47.2896190" lon="11.2268730">
    <ele>1049.5</ele>
    <time>2026-05-31T06:16:33Z</time>
   </trkpt>
   <trkpt lat="47.2896250" lon="11.2268540">
    <ele>1049.6</ele>
    <time>2026-05-31T06:16:34Z</time>
   </trkpt>
   <trkpt lat="47.2896320" lon="11.2268330">
    <ele>1049.8</ele>
    <time>2026-05-31T06:16:35Z</time>
   </trkpt>
   <trkpt lat="47.2896440" lon="11.2267850">
    <ele>1050.1</ele>
    <time>2026-05-31T06:16:36Z</time>
   </trkpt>
   <trkpt lat="47.2896520" lon="11.2267660">
    <ele>1050.2</ele>
    <time>2026-05-31T06:16:37Z</time>
   </trkpt>
   <trkpt lat="47.2896600" lon="11.2267150">
    <ele>1050.6</ele>
    <time>2026-05-31T06:16:38Z</time>
   </trkpt>
   <trkpt lat="47.2896580" lon="11.2266980">
    <ele>1050.7</ele>
    <time>2026-05-31T06:16:39Z</time>
   </trkpt>
   <trkpt lat="47.2896800" lon="11.2266590">
    <ele>1051.0</ele>
    <time>2026-05-31T06:16:40Z</time>
   </trkpt>
   <trkpt lat="47.2896860" lon="11.2266510">
    <ele>1051.1</ele>
    <time>2026-05-31T06:16:41Z</time>
   </trkpt>
   <trkpt lat="47.2897100" lon="11.2266340">
    <ele>1051.3</ele>
    <time>2026-05-31T06:16:42Z</time>
   </trkpt>
   <trkpt lat="47.2897050" lon="11.2266070">
    <ele>1051.5</ele>
    <time>2026-05-31T06:16:43Z</time>
   </trkpt>
   <trkpt lat="47.2897110" lon="11.2265740">
    <ele>1051.8</ele>
    <time>2026-05-31T06:16:44Z</time>
   </trkpt>
   <trkpt lat="47.2897110" lon="11.2265490">
    <ele>1051.9</ele>
    <time>2026-05-31T06:16:45Z</time>
   </trkpt>
   <trkpt lat="47.2897120" lon="11.2265230">
    <ele>1052.1</ele>
    <time>2026-05-31T06:16:46Z</time>
   </trkpt>
   <trkpt lat="47.2897190" lon="11.2264900">
    <ele>1052.3</ele>
    <time>2026-05-31T06:16:47Z</time>
   </trkpt>
   <trkpt lat="47.2897250" lon="11.2264730">
    <ele>1052.5</ele>
    <time>2026-05-31T06:16:48Z</time>
   </trkpt>
   <trkpt lat="47.2897330" lon="11.2264230">
    <ele>1052.8</ele>
    <time>2026-05-31T06:16:49Z</time>
   </trkpt>
   <trkpt lat="47.2897370" lon="11.2264090">
    <ele>1052.9</ele>
    <time>2026-05-31T06:16:50Z</time>
   </trkpt>
   <trkpt lat="47.2897430" lon="11.2263850">
    <ele>1053.0</ele>
    <time>2026-05-31T06:16:51Z</time>
   </trkpt>
   <trkpt lat="47.2897440" lon="11.2263660">
    <ele>1053.1</ele>
    <time>2026-05-31T06:16:52Z</time>
   </trkpt>
   <trkpt lat="47.2897430" lon="11.2263210">
    <ele>1053.4</ele>
    <time>2026-05-31T06:16:53Z</time>
   </trkpt>
   <trkpt lat="47.2897480" lon="11.2263030">
    <ele>1053.5</ele>
    <time>2026-05-31T06:16:54Z</time>
   </trkpt>
   <trkpt lat="47.2897600" lon="11.2262790">
    <ele>1053.7</ele>
    <time>2026-05-31T06:16:55Z</time>
   </trkpt>
   <trkpt lat="47.2897460" lon="11.2262520">
    <ele>1053.8</ele>
    <time>2026-05-31T06:16:56Z</time>
   </trkpt>
   <trkpt lat="47.2897500" lon="11.2262380">
    <ele>1053.9</ele>
    <time>2026-05-31T06:16:57Z</time>
   </trkpt>
   <trkpt lat="47.2897580" lon="11.2262080">
    <ele>1054.1</ele>
    <time>2026-05-31T06:16:58Z</time>
   </trkpt>
   <trkpt lat="47.2897630" lon="11.2261680">
    <ele>1054.3</ele>
    <time>2026-05-31T06:16:59Z</time>
   </trkpt>
   <trkpt lat="47.2897660" lon="11.2261550">
    <ele>1054.4</ele>
    <time>2026-05-31T06:17:00Z</time>
   </trkpt>
   <trkpt lat="47.2897730" lon="11.2261160">
    <ele>1054.5</ele>
    <time>2026-05-31T06:17:01Z</time>
   </trkpt>
   <trkpt lat="47.2897790" lon="11.2261000">
    <ele>1054.6</ele>
    <time>2026-05-31T06:17:02Z</time>
   </trkpt>
   <trkpt lat="47.2897920" lon="11.2260740">
    <ele>1054.8</ele>
    <time>2026-05-31T06:17:03Z</time>
   </trkpt>
   <trkpt lat="47.2897890" lon="11.2260500">
    <ele>1054.9</ele>
    <time>2026-05-31T06:17:04Z</time>
   </trkpt>
   <trkpt lat="47.2898030" lon="11.2260160">
    <ele>1055.1</ele>
    <time>2026-05-31T06:17:05Z</time>
   </trkpt>
   <trkpt lat="47.2898080" lon="11.2260030">
    <ele>1055.1</ele>
    <time>2026-05-31T06:17:06Z</time>
   </trkpt>
   <trkpt lat="47.2898140" lon="11.2259770">
    <ele>1055.3</ele>
    <time>2026-05-31T06:17:07Z</time>
   </trkpt>
   <trkpt lat="47.2898100" lon="11.2259520">
    <ele>1055.4</ele>
    <time>2026-05-31T06:17:08Z</time>
   </trkpt>
   <trkpt lat="47.2898140" lon="11.2259120">
    <ele>1055.6</ele>
    <time>2026-05-31T06:17:09Z</time>
   </trkpt>
   <trkpt lat="47.2898240" lon="11.2258890">
    <ele>1055.7</ele>
    <time>2026-05-31T06:17:10Z</time>
   </trkpt>
   <trkpt lat="47.2898350" lon="11.2258700">
    <ele>1055.8</ele>
    <time>2026-05-31T06:17:11Z</time>
   </trkpt>
   <trkpt lat="47.2898400" lon="11.2258520">
    <ele>1055.9</ele>
    <time>2026-05-31T06:17:12Z</time>
   </trkpt>
   <trkpt lat="47.2898480" lon="11.2258250">
    <ele>1056.0</ele>
    <time>2026-05-31T06:17:13Z</time>
   </trkpt>
   <trkpt lat="47.2898580" lon="11.2257990">
    <ele>1056.1</ele>
    <time>2026-05-31T06:17:14Z</time>
   </trkpt>
   <trkpt lat="47.2898650" lon="11.2257800">
    <ele>1056.2</ele>
    <time>2026-05-31T06:17:15Z</time>
   </trkpt>
   <trkpt lat="47.2898590" lon="11.2257550">
    <ele>1056.4</ele>
    <time>2026-05-31T06:17:16Z</time>
   </trkpt>
   <trkpt lat="47.2898560" lon="11.2257400">
    <ele>1056.4</ele>
    <time>2026-05-31T06:17:17Z</time>
   </trkpt>
   <trkpt lat="47.2898600" lon="11.2257310">
    <ele>1056.5</ele>
    <time>2026-05-31T06:17:18Z</time>
   </trkpt>
   <trkpt lat="47.2898700" lon="11.2257020">
    <ele>1056.6</ele>
    <time>2026-05-31T06:17:19Z</time>
   </trkpt>
   <trkpt lat="47.2898780" lon="11.2256540">
    <ele>1056.8</ele>
    <time>2026-05-31T06:17:20Z</time>
   </trkpt>
   <trkpt lat="47.2898840" lon="11.2256390">
    <ele>1056.9</ele>
    <time>2026-05-31T06:17:21Z</time>
   </trkpt>
   <trkpt lat="47.2898890" lon="11.2256250">
    <ele>1057.0</ele>
    <time>2026-05-31T06:17:22Z</time>
   </trkpt>
   <trkpt lat="47.2899040" lon="11.2255740">
    <ele>1057.2</ele>
    <time>2026-05-31T06:17:23Z</time>
   </trkpt>
   <trkpt lat="47.2899100" lon="11.2255540">
    <ele>1057.3</ele>
    <time>2026-05-31T06:17:24Z</time>
   </trkpt>
   <trkpt lat="47.2899230" lon="11.2255280">
    <ele>1057.5</ele>
    <time>2026-05-31T06:17:25Z</time>
   </trkpt>
   <trkpt lat="47.2899240" lon="11.2255120">
    <ele>1057.5</ele>
    <time>2026-05-31T06:17:26Z</time>
   </trkpt>
   <trkpt lat="47.2899260" lon="11.2254970">
    <ele>1057.6</ele>
    <time>2026-05-31T06:17:27Z</time>
   </trkpt>
   <trkpt lat="47.2899270" lon="11.2254640">
    <ele>1057.7</ele>
    <time>2026-05-31T06:17:28Z</time>
   </trkpt>
   <trkpt lat="47.2899370" lon="11.2254470">
    <ele>1057.8</ele>
    <time>2026-05-31T06:17:29Z</time>
   </trkpt>
   <trkpt lat="47.2899430" lon="11.2253960">
    <ele>1058.0</ele>
    <time>2026-05-31T06:17:30Z</time>
   </trkpt>
   <trkpt lat="47.2899430" lon="11.2253810">
    <ele>1058.1</ele>
    <time>2026-05-31T06:17:31Z</time>
   </trkpt>
   <trkpt lat="47.2899310" lon="11.2253350">
    <ele>1058.2</ele>
    <time>2026-05-31T06:17:32Z</time>
   </trkpt>
   <trkpt lat="47.2899290" lon="11.2253260">
    <ele>1058.2</ele>
    <time>2026-05-31T06:17:33Z</time>
   </trkpt>
   <trkpt lat="47.2899240" lon="11.2253040">
    <ele>1058.3</ele>
    <time>2026-05-31T06:17:34Z</time>
   </trkpt>
   <trkpt lat="47.2899280" lon="11.2252760">
    <ele>1058.3</ele>
    <time>2026-05-31T06:17:35Z</time>
   </trkpt>
   <trkpt lat="47.2899360" lon="11.2252290">
    <ele>1058.4</ele>
    <time>2026-05-31T06:17:36Z</time>
   </trkpt>
   <trkpt lat="47.2899410" lon="11.2251840">
    <ele>1058.4</ele>
    <time>2026-05-31T06:17:37Z</time>
   </trkpt>
   <trkpt lat="47.2899440" lon="11.2251710">
    <ele>1058.4</ele>
    <time>2026-05-31T06:17:38Z</time>
   </trkpt>
   <trkpt lat="47.2899540" lon="11.2251310">
    <ele>1058.4</ele>
    <time>2026-05-31T06:17:39Z</time>
   </trkpt>
   <trkpt lat="47.2899560" lon="11.2251120">
    <ele>1058.4</ele>
    <time>2026-05-31T06:17:40Z</time>
   </trkpt>
   <trkpt lat="47.2899540" lon="11.2250580">
    <ele>1058.3</ele>
    <time>2026-05-31T06:17:41Z</time>
   </trkpt>
   <trkpt lat="47.2899560" lon="11.2250350">
    <ele>1058.3</ele>
    <time>2026-05-31T06:17:42Z</time>
   </trkpt>
   <trkpt lat="47.2899600" lon="11.2250110">
    <ele>1058.3</ele>
    <time>2026-05-31T06:17:43Z</time>
   </trkpt>
   <trkpt lat="47.2899630" lon="11.2249880">
    <ele>1058.2</ele>
    <time>2026-05-31T06:17:44Z</time>
   </trkpt>
   <trkpt lat="47.2899670" lon="11.2249640">
    <ele>1058.2</ele>
    <time>2026-05-31T06:17:45Z</time>
   </trkpt>
   <trkpt lat="47.2899750" lon="11.2249250">
    <ele>1058.2</ele>
    <time>2026-05-31T06:17:46Z</time>
   </trkpt>
   <trkpt lat="47.2899750" lon="11.2249110">
    <ele>1058.2</ele>
    <time>2026-05-31T06:17:47Z</time>
   </trkpt>
   <trkpt lat="47.2899850" lon="11.2248610">
    <ele>1058.1</ele>
    <time>2026-05-31T06:17:48Z</time>
   </trkpt>
   <trkpt lat="47.2899870" lon="11.2248420">
    <ele>1058.1</ele>
    <time>2026-05-31T06:17:49Z</time>
   </trkpt>
   <trkpt lat="47.2899920" lon="11.2247930">
    <ele>1058.0</ele>
    <time>2026-05-31T06:17:50Z</time>
   </trkpt>
   <trkpt lat="47.2899950" lon="11.2247800">
    <ele>1058.0</ele>
    <time>2026-05-31T06:17:51Z</time>
   </trkpt>
   <trkpt lat="47.2900180" lon="11.2247360">
    <ele>1057.9</ele>
    <time>2026-05-31T06:17:52Z</time>
   </trkpt>
   <trkpt lat="47.2900250" lon="11.2247200">
    <ele>1057.9</ele>
    <time>2026-05-31T06:17:53Z</time>
   </trkpt>
   <trkpt lat="47.2900320" lon="11.2246750">
    <ele>1057.9</ele>
    <time>2026-05-31T06:17:54Z</time>
   </trkpt>
   <trkpt lat="47.2900350" lon="11.2246600">
    <ele>1057.9</ele>
    <time>2026-05-31T06:17:55Z</time>
   </trkpt>
   <trkpt lat="47.2900390" lon="11.2246190">
    <ele>1057.9</ele>
    <time>2026-05-31T06:17:56Z</time>
   </trkpt>
   <trkpt lat="47.2900420" lon="11.2246050">
    <ele>1057.9</ele>
    <time>2026-05-31T06:17:57Z</time>
   </trkpt>
   <trkpt lat="47.2900520" lon="11.2245570">
    <ele>1058.0</ele>
    <time>2026-05-31T06:17:58Z</time>
   </trkpt>
   <trkpt lat="47.2900590" lon="11.2245430">
    <ele>1058.0</ele>
    <time>2026-05-31T06:17:59Z</time>
   </trkpt>
   <trkpt lat="47.2900610" lon="11.2245190">
    <ele>1058.0</ele>
    <time>2026-05-31T06:18:00Z</time>
   </trkpt>
   <trkpt lat="47.2900590" lon="11.2244950">
    <ele>1058.0</ele>
    <time>2026-05-31T06:18:01Z</time>
   </trkpt>
   <trkpt lat="47.2900750" lon="11.2244520">
    <ele>1058.1</ele>
    <time>2026-05-31T06:18:02Z</time>
   </trkpt>
   <trkpt lat="47.2900790" lon="11.2244350">
    <ele>1058.1</ele>
    <time>2026-05-31T06:18:03Z</time>
   </trkpt>
   <trkpt lat="47.2900850" lon="11.2243770">
    <ele>1058.2</ele>
    <time>2026-05-31T06:18:04Z</time>
   </trkpt>
   <trkpt lat="47.2900880" lon="11.2243570">
    <ele>1058.3</ele>
    <time>2026-05-31T06:18:05Z</time>
   </trkpt>
   <trkpt lat="47.2901000" lon="11.2243470">
    <ele>1058.3</ele>
    <time>2026-05-31T06:18:06Z</time>
   </trkpt>
   <trkpt lat="47.2901120" lon="11.2243210">
    <ele>1058.3</ele>
    <time>2026-05-31T06:18:07Z</time>
   </trkpt>
   <trkpt lat="47.2901160" lon="11.2242790">
    <ele>1058.4</ele>
    <time>2026-05-31T06:18:08Z</time>
   </trkpt>
   <trkpt lat="47.2901200" lon="11.2242680">
    <ele>1058.4</ele>
    <time>2026-05-31T06:18:09Z</time>
   </trkpt>
   <trkpt lat="47.2901380" lon="11.2242250">
    <ele>1058.4</ele>
    <time>2026-05-31T06:18:10Z</time>
   </trkpt>
   <trkpt lat="47.2901450" lon="11.2242080">
    <ele>1058.5</ele>
    <time>2026-05-31T06:18:11Z</time>
   </trkpt>
   <trkpt lat="47.2901670" lon="11.2241510">
    <ele>1058.5</ele>
    <time>2026-05-31T06:18:12Z</time>
   </trkpt>
   <trkpt lat="47.2901730" lon="11.2241000">
    <ele>1058.5</ele>
    <time>2026-05-31T06:18:13Z</time>
   </trkpt>
   <trkpt lat="47.2901890" lon="11.2241000">
    <ele>1058.5</ele>
    <time>2026-05-31T06:18:14Z</time>
   </trkpt>
   <trkpt lat="47.2901730" lon="11.2240540">
    <ele>1058.5</ele>
    <time>2026-05-31T06:18:15Z</time>
   </trkpt>
   <trkpt lat="47.2901720" lon="11.2240000">
    <ele>1058.0</ele>
    <time>2026-05-31T06:18:16Z</time>
   </trkpt>
   <trkpt lat="47.2901700" lon="11.2239820">
    <ele>1057.9</ele>
    <time>2026-05-31T06:18:17Z</time>
   </trkpt>
   <trkpt lat="47.2901660" lon="11.2239380">
    <ele>1057.4</ele>
    <time>2026-05-31T06:18:18Z</time>
   </trkpt>
   <trkpt lat="47.2901680" lon="11.2238860">
    <ele>1056.9</ele>
    <time>2026-05-31T06:18:19Z</time>
   </trkpt>
   <trkpt lat="47.2901690" lon="11.2238650">
    <ele>1056.7</ele>
    <time>2026-05-31T06:18:20Z</time>
   </trkpt>
   <trkpt lat="47.2901840" lon="11.2238250">
    <ele>1056.2</ele>
    <time>2026-05-31T06:18:21Z</time>
   </trkpt>
   <trkpt lat="47.2901880" lon="11.2238160">
    <ele>1056.0</ele>
    <time>2026-05-31T06:18:22Z</time>
   </trkpt>
   <trkpt lat="47.2901920" lon="11.2237610">
    <ele>1055.4</ele>
    <time>2026-05-31T06:18:23Z</time>
   </trkpt>
   <trkpt lat="47.2902020" lon="11.2237120">
    <ele>1054.8</ele>
    <time>2026-05-31T06:18:24Z</time>
   </trkpt>
   <trkpt lat="47.2902080" lon="11.2236990">
    <ele>1054.7</ele>
    <time>2026-05-31T06:18:25Z</time>
   </trkpt>
   <trkpt lat="47.2902270" lon="11.2236610">
    <ele>1054.1</ele>
    <time>2026-05-31T06:18:26Z</time>
   </trkpt>
   <trkpt lat="47.2902320" lon="11.2236380">
    <ele>1053.8</ele>
    <time>2026-05-31T06:18:27Z</time>
   </trkpt>
   <trkpt lat="47.2902580" lon="11.2235990">
    <ele>1053.2</ele>
    <time>2026-05-31T06:18:28Z</time>
   </trkpt>
   <trkpt lat="47.2902690" lon="11.2235850">
    <ele>1053.0</ele>
    <time>2026-05-31T06:18:29Z</time>
   </trkpt>
   <trkpt lat="47.2902870" lon="11.2235460">
    <ele>1052.4</ele>
    <time>2026-05-31T06:18:30Z</time>
   </trkpt>
   <trkpt lat="47.2902960" lon="11.2235370">
    <ele>1052.2</ele>
    <time>2026-05-31T06:18:31Z</time>
   </trkpt>
   <trkpt lat="47.2903120" lon="11.2234930">
    <ele>1051.7</ele>
    <time>2026-05-31T06:18:32Z</time>
   </trkpt>
   <trkpt lat="47.2903280" lon="11.2234560">
    <ele>1051.2</ele>
    <time>2026-05-31T06:18:33Z</time>
   </trkpt>
   <trkpt lat="47.2903360" lon="11.2234430">
    <ele>1051.0</ele>
    <time>2026-05-31T06:18:34Z</time>
   </trkpt>
   <trkpt lat="47.2903500" lon="11.2234010">
    <ele>1050.4</ele>
    <time>2026-05-31T06:18:35Z</time>
   </trkpt>
   <trkpt lat="47.2903710" lon="11.2233530">
    <ele>1049.8</ele>
    <time>2026-05-31T06:18:36Z</time>
   </trkpt>
   <trkpt lat="47.2903770" lon="11.2233340">
    <ele>1049.5</ele>
    <time>2026-05-31T06:18:37Z</time>
   </trkpt>
   <trkpt lat="47.2904040" lon="11.2233160">
    <ele>1049.1</ele>
    <time>2026-05-31T06:18:38Z</time>
   </trkpt>
   <trkpt lat="47.2904070" lon="11.2233030">
    <ele>1048.9</ele>
    <time>2026-05-31T06:18:39Z</time>
   </trkpt>
   <trkpt lat="47.2904270" lon="11.2232570">
    <ele>1048.3</ele>
    <time>2026-05-31T06:18:40Z</time>
   </trkpt>
   <trkpt lat="47.2904300" lon="11.2232380">
    <ele>1048.1</ele>
    <time>2026-05-31T06:18:41Z</time>
   </trkpt>
   <trkpt lat="47.2904380" lon="11.2231800">
    <ele>1047.4</ele>
    <time>2026-05-31T06:18:42Z</time>
   </trkpt>
   <trkpt lat="47.2904360" lon="11.2231560">
    <ele>1047.2</ele>
    <time>2026-05-31T06:18:43Z</time>
   </trkpt>
   <trkpt lat="47.2904310" lon="11.2230970">
    <ele>1046.6</ele>
    <time>2026-05-31T06:18:44Z</time>
   </trkpt>
   <trkpt lat="47.2904130" lon="11.2230640">
    <ele>1046.4</ele>
    <time>2026-05-31T06:18:45Z</time>
   </trkpt>
   <trkpt lat="47.2903970" lon="11.2230230">
    <ele>1046.2</ele>
    <time>2026-05-31T06:18:46Z</time>
   </trkpt>
   <trkpt lat="47.2903920" lon="11.2230110">
    <ele>1046.1</ele>
    <time>2026-05-31T06:18:47Z</time>
   </trkpt>
   <trkpt lat="47.2903840" lon="11.2229620">
    <ele>1045.9</ele>
    <time>2026-05-31T06:18:48Z</time>
   </trkpt>
   <trkpt lat="47.2903720" lon="11.2229530">
    <ele>1045.8</ele>
    <time>2026-05-31T06:18:49Z</time>
   </trkpt>
   <trkpt lat="47.2903460" lon="11.2229080">
    <ele>1045.5</ele>
    <time>2026-05-31T06:18:50Z</time>
   </trkpt>
   <trkpt lat="47.2903340" lon="11.2228950">
    <ele>1045.5</ele>
    <time>2026-05-31T06:18:51Z</time>
   </trkpt>
   <trkpt lat="47.2903390" lon="11.2228370">
    <ele>1045.5</ele>
    <time>2026-05-31T06:18:52Z</time>
   </trkpt>
   <trkpt lat="47.2903300" lon="11.2227840">
    <ele>1045.5</ele>
    <time>2026-05-31T06:18:53Z</time>
   </trkpt>
   <trkpt lat="47.2903260" lon="11.2227640">
    <ele>1045.5</ele>
    <time>2026-05-31T06:18:54Z</time>
   </trkpt>
   <trkpt lat="47.2903140" lon="11.2227500">
    <ele>1045.5</ele>
    <time>2026-05-31T06:18:55Z</time>
   </trkpt>
   <trkpt lat="47.2903150" lon="11.2227460">
    <ele>1045.5</ele>
    <time>2026-05-31T06:18:56Z</time>
   </trkpt>
   <trkpt lat="47.2903140" lon="11.2227320">
    <ele>1045.5</ele>
    <time>2026-05-31T06:18:57Z</time>
   </trkpt>
   <trkpt lat="47.2903240" lon="11.2227320">
    <ele>1045.5</ele>
    <time>2026-05-31T06:18:58Z</time>
   </trkpt>
   <trkpt lat="47.2903140" lon="11.2227390">
    <ele>1045.5</ele>
    <time>2026-05-31T06:18:59Z</time>
   </trkpt>
   <trkpt lat="47.2903230" lon="11.2227370">
    <ele>1045.5</ele>
    <time>2026-05-31T06:19:00Z</time>
   </trkpt>
   <trkpt lat="47.2903200" lon="11.2227630">
    <ele>1045.5</ele>
    <time>2026-05-31T06:19:01Z</time>
   </trkpt>
   <trkpt lat="47.2903240" lon="11.2228140">
    <ele>1045.6</ele>
    <time>2026-05-31T06:19:02Z</time>
   </trkpt>
   <trkpt lat="47.2903330" lon="11.2228560">
    <ele>1045.6</ele>
    <time>2026-05-31T06:19:03Z</time>
   </trkpt>
   <trkpt lat="47.2903380" lon="11.2228650">
    <ele>1045.6</ele>
    <time>2026-05-31T06:19:04Z</time>
   </trkpt>
   <trkpt lat="47.2903490" lon="11.2229170">
    <ele>1045.6</ele>
    <time>2026-05-31T06:19:05Z</time>
   </trkpt>
   <trkpt lat="47.2903510" lon="11.2229360">
    <ele>1045.6</ele>
    <time>2026-05-31T06:19:06Z</time>
   </trkpt>
   <trkpt lat="47.2903740" lon="11.2229680">
    <ele>1045.8</ele>
    <time>2026-05-31T06:19:07Z</time>
   </trkpt>
   <trkpt lat="47.2903800" lon="11.2229800">
    <ele>1045.9</ele>
    <time>2026-05-31T06:19:08Z</time>
   </trkpt>
   <trkpt lat="47.2904050" lon="11.2230160">
    <ele>1046.1</ele>
    <time>2026-05-31T06:19:09Z</time>
   </trkpt>
   <trkpt lat="47.2904130" lon="11.2230270">
    <ele>1046.2</ele>
    <time>2026-05-31T06:19:10Z</time>
   </trkpt>
   <trkpt lat="47.2904340" lon="11.2230630">
    <ele>1046.3</ele>
    <time>2026-05-31T06:19:11Z</time>
   </trkpt>
   <trkpt lat="47.2904410" lon="11.2230760">
    <ele>1046.4</ele>
    <time>2026-05-31T06:19:12Z</time>
   </trkpt>
   <trkpt lat="47.2904620" lon="11.2231050">
    <ele>1046.6</ele>
    <time>2026-05-31T06:19:13Z</time>
   </trkpt>
   <trkpt lat="47.2904700" lon="11.2231100">
    <ele>1046.6</ele>
    <time>2026-05-31T06:19:14Z</time>
   </trkpt>
   <trkpt lat="47.2904570" lon="11.2231540">
    <ele>1047.1</ele>
    <time>2026-05-31T06:19:15Z</time>
   </trkpt>
   <trkpt lat="47.2904430" lon="11.2232230">
    <ele>1047.7</ele>
    <time>2026-05-31T06:19:16Z</time>
   </trkpt>
   <trkpt lat="47.2904630" lon="11.2232170">
    <ele>1048.0</ele>
    <time>2026-05-31T06:19:17Z</time>
   </trkpt>
   <trkpt lat="47.2904930" lon="11.2232070">
    <ele>1048.4</ele>
    <time>2026-05-31T06:19:18Z</time>
   </trkpt>
   <trkpt lat="47.2904730" lon="11.2232500">
    <ele>1048.9</ele>
    <time>2026-05-31T06:19:19Z</time>
   </trkpt>
   <trkpt lat="47.2904660" lon="11.2233010">
    <ele>1049.4</ele>
    <time>2026-05-31T06:19:20Z</time>
   </trkpt>
   <trkpt lat="47.2904540" lon="11.2233130">
    <ele>1049.6</ele>
    <time>2026-05-31T06:19:21Z</time>
   </trkpt>
   <trkpt lat="47.2904420" lon="11.2233670">
    <ele>1050.2</ele>
    <time>2026-05-31T06:19:22Z</time>
   </trkpt>
   <trkpt lat="47.2904370" lon="11.2233890">
    <ele>1050.4</ele>
    <time>2026-05-31T06:19:23Z</time>
   </trkpt>
   <trkpt lat="47.2904100" lon="11.2234040">
    <ele>1050.8</ele>
    <time>2026-05-31T06:19:24Z</time>
   </trkpt>
   <trkpt lat="47.2903960" lon="11.2234040">
    <ele>1051.0</ele>
    <time>2026-05-31T06:19:25Z</time>
   </trkpt>
   <trkpt lat="47.2903870" lon="11.2234280">
    <ele>1051.3</ele>
    <time>2026-05-31T06:19:26Z</time>
   </trkpt>
   <trkpt lat="47.2903780" lon="11.2234490">
    <ele>1051.5</ele>
    <time>2026-05-31T06:19:27Z</time>
   </trkpt>
   <trkpt lat="47.2903570" lon="11.2234750">
    <ele>1051.9</ele>
    <time>2026-05-31T06:19:28Z</time>
   </trkpt>
   <trkpt lat="47.2903500" lon="11.2234880">
    <ele>1052.1</ele>
    <time>2026-05-31T06:19:29Z</time>
   </trkpt>
   <trkpt lat="47.2903270" lon="11.2235170">
    <ele>1052.5</ele>
    <time>2026-05-31T06:19:30Z</time>
   </trkpt>
   <trkpt lat="47.2903240" lon="11.2235300">
    <ele>1052.7</ele>
    <time>2026-05-31T06:19:31Z</time>
   </trkpt>
   <trkpt lat="47.2903210" lon="11.2235460">
    <ele>1052.8</ele>
    <time>2026-05-31T06:19:32Z</time>
   </trkpt>
   <trkpt lat="47.2903110" lon="11.2235650">
    <ele>1053.1</ele>
    <time>2026-05-31T06:19:33Z</time>
   </trkpt>
   <trkpt lat="47.2903050" lon="11.2235720">
    <ele>1053.2</ele>
    <time>2026-05-31T06:19:34Z</time>
   </trkpt>
   <trkpt lat="47.2902950" lon="11.2236000">
    <ele>1053.5</ele>
    <time>2026-05-31T06:19:35Z</time>
   </trkpt>
   <trkpt lat="47.2902920" lon="11.2236270">
    <ele>1053.7</ele>
    <time>2026-05-31T06:19:36Z</time>
   </trkpt>
   <trkpt lat="47.2902930" lon="11.2236400">
    <ele>1053.9</ele>
    <time>2026-05-31T06:19:37Z</time>
   </trkpt>
   <trkpt lat="47.2902790" lon="11.2236630">
    <ele>1054.2</ele>
    <time>2026-05-31T06:19:38Z</time>
   </trkpt>
   <trkpt lat="47.2902740" lon="11.2236760">
    <ele>1054.3</ele>
    <time>2026-05-31T06:19:39Z</time>
   </trkpt>
   <trkpt lat="47.2902700" lon="11.2236880">
    <ele>1054.4</ele>
    <time>2026-05-31T06:19:40Z</time>
   </trkpt>
   <trkpt lat="47.2902560" lon="11.2237120">
    <ele>1054.8</ele>
    <time>2026-05-31T06:19:41Z</time>
   </trkpt>
   <trkpt lat="47.2902500" lon="11.2237270">
    <ele>1054.9</ele>
    <time>2026-05-31T06:19:42Z</time>
   </trkpt>
   <trkpt lat="47.2902390" lon="11.2237400">
    <ele>1055.1</ele>
    <time>2026-05-31T06:19:43Z</time>
   </trkpt>
   <trkpt lat="47.2902340" lon="11.2237630">
    <ele>1055.4</ele>
    <time>2026-05-31T06:19:44Z</time>
   </trkpt>
   <trkpt lat="47.2902250" lon="11.2237850">
    <ele>1055.6</ele>
    <time>2026-05-31T06:19:45Z</time>
   </trkpt>
   <trkpt lat="47.2902230" lon="11.2238110">
    <ele>1055.9</ele>
    <time>2026-05-31T06:19:46Z</time>
   </trkpt>
   <trkpt lat="47.2902190" lon="11.2238460">
    <ele>1056.2</ele>
    <time>2026-05-31T06:19:47Z</time>
   </trkpt>
   <trkpt lat="47.2902160" lon="11.2238550">
    <ele>1056.3</ele>
    <time>2026-05-31T06:19:48Z</time>
   </trkpt>
   <trkpt lat="47.2902130" lon="11.2238630">
    <ele>1056.4</ele>
    <time>2026-05-31T06:19:49Z</time>
   </trkpt>
   <trkpt lat="47.2902100" lon="11.2238720">
    <ele>1056.5</ele>
    <time>2026-05-31T06:19:50Z</time>
   </trkpt>
   <trkpt lat="47.2902090" lon="11.2238930">
    <ele>1056.7</ele>
    <time>2026-05-31T06:19:51Z</time>
   </trkpt>
   <trkpt lat="47.2902010" lon="11.2239150">
    <ele>1056.9</ele>
    <time>2026-05-31T06:19:52Z</time>
   </trkpt>
   <trkpt lat="47.2901950" lon="11.2239290">
    <ele>1057.0</ele>
    <time>2026-05-31T06:19:53Z</time>
   </trkpt>
   <trkpt lat="47.2901930" lon="11.2239610">
    <ele>1057.3</ele>
    <time>2026-05-31T06:19:54Z</time>
   </trkpt>
   <trkpt lat="47.2902030" lon="11.2239780">
    <ele>1057.5</ele>
    <time>2026-05-31T06:19:55Z</time>
   </trkpt>
   <trkpt lat="47.2902080" lon="11.2240010">
    <ele>1057.7</ele>
    <time>2026-05-31T06:19:56Z</time>
   </trkpt>
   <trkpt lat="47.2902050" lon="11.2240220">
    <ele>1057.9</ele>
    <time>2026-05-31T06:19:57Z</time>
   </trkpt>
   <trkpt lat="47.2902120" lon="11.2240520">
    <ele>1058.2</ele>
    <time>2026-05-31T06:19:58Z</time>
   </trkpt>
   <trkpt lat="47.2902140" lon="11.2240710">
    <ele>1058.3</ele>
    <time>2026-05-31T06:19:59Z</time>
   </trkpt>
   <trkpt lat="47.2902280" lon="11.2240860">
    <ele>1058.5</ele>
    <time>2026-05-31T06:20:00Z</time>
   </trkpt>
   <trkpt lat="47.2902560" lon="11.2240730">
    <ele>1058.7</ele>
    <time>2026-05-31T06:20:01Z</time>
   </trkpt>
   <trkpt lat="47.2902630" lon="11.2240660">
    <ele>1058.8</ele>
    <time>2026-05-31T06:20:02Z</time>
   </trkpt>
   <trkpt lat="47.2902750" lon="11.2240590">
    <ele>1058.8</ele>
    <time>2026-05-31T06:20:03Z</time>
   </trkpt>
   <trkpt lat="47.2902870" lon="11.2240480">
    <ele>1058.9</ele>
    <time>2026-05-31T06:20:04Z</time>
   </trkpt>
   <trkpt lat="47.2903090" lon="11.2240150">
    <ele>1059.1</ele>
    <time>2026-05-31T06:20:05Z</time>
   </trkpt>
   <trkpt lat="47.2903150" lon="11.2240050">
    <ele>1059.1</ele>
    <time>2026-05-31T06:20:06Z</time>
   </trkpt>
   <trkpt lat="47.2903350" lon="11.2239890">
    <ele>1059.3</ele>
    <time>2026-05-31T06:20:07Z</time>
   </trkpt>
   <trkpt lat="47.2903460" lon="11.2239830">
    <ele>1059.3</ele>
    <time>2026-05-31T06:20:08Z</time>
   </trkpt>
   <trkpt lat="47.2903560" lon="11.2239760">
    <ele>1059.4</ele>
    <time>2026-05-31T06:20:09Z</time>
   </trkpt>
   <trkpt lat="47.2903740" lon="11.2239660">
    <ele>1059.5</ele>
    <time>2026-05-31T06:20:10Z</time>
   </trkpt>
   <trkpt lat="47.2903880" lon="11.2239590">
    <ele>1059.6</ele>
    <time>2026-05-31T06:20:11Z</time>
   </trkpt>
   <trkpt lat="47.2904110" lon="11.2239320">
    <ele>1059.8</ele>
    <time>2026-05-31T06:20:12Z</time>
   </trkpt>
   <trkpt lat="47.2904210" lon="11.2239270">
    <ele>1059.9</ele>
    <time>2026-05-31T06:20:13Z</time>
   </trkpt>
   <trkpt lat="47.2904340" lon="11.2238900">
    <ele>1060.1</ele>
    <time>2026-05-31T06:20:14Z</time>
   </trkpt>
   <trkpt lat="47.2904470" lon="11.2238540">
    <ele>1060.3</ele>
    <time>2026-05-31T06:20:15Z</time>
   </trkpt>
   <trkpt lat="47.2904530" lon="11.2238420">
    <ele>1060.4</ele>
    <time>2026-05-31T06:20:16Z</time>
   </trkpt>
   <trkpt lat="47.2904830" lon="11.2238040">
    <ele>1060.6</ele>
    <time>2026-05-31T06:20:17Z</time>
   </trkpt>
   <trkpt lat="47.2904970" lon="11.2237810">
    <ele>1060.8</ele>
    <time>2026-05-31T06:20:18Z</time>
   </trkpt>
   <trkpt lat="47.2905060" lon="11.2237700">
    <ele>1060.9</ele>
    <time>2026-05-31T06:20:19Z</time>
   </trkpt>
   <trkpt lat="47.2905310" lon="11.2237510">
    <ele>1061.1</ele>
    <time>2026-05-31T06:20:20Z</time>
   </trkpt>
   <trkpt lat="47.2905370" lon="11.2237330">
    <ele>1061.2</ele>
    <time>2026-05-31T06:20:21Z</time>
   </trkpt>
   <trkpt lat="47.2905510" lon="11.2236940">
    <ele>1061.5</ele>
    <time>2026-05-31T06:20:22Z</time>
   </trkpt>
   <trkpt lat="47.2905560" lon="11.2236780">
    <ele>1061.6</ele>
    <time>2026-05-31T06:20:23Z</time>
   </trkpt>
   <trkpt lat="47.2905790" lon="11.2236430">
    <ele>1061.9</ele>
    <time>2026-05-31T06:20:24Z</time>
   </trkpt>
   <trkpt lat="47.2905840" lon="11.2236350">
    <ele>1061.9</ele>
    <time>2026-05-31T06:20:25Z</time>
   </trkpt>
   <trkpt lat="47.2905950" lon="11.2236270">
    <ele>1062.0</ele>
    <time>2026-05-31T06:20:26Z</time>
   </trkpt>
   <trkpt lat="47.2906110" lon="11.2236120">
    <ele>1062.2</ele>
    <time>2026-05-31T06:20:27Z</time>
   </trkpt>
   <trkpt lat="47.2906290" lon="11.2235740">
    <ele>1062.5</ele>
    <time>2026-05-31T06:20:28Z</time>
   </trkpt>
   <trkpt lat="47.2906300" lon="11.2235540">
    <ele>1062.6</ele>
    <time>2026-05-31T06:20:29Z</time>
   </trkpt>
   <trkpt lat="47.2906490" lon="11.2235480">
    <ele>1062.8</ele>
    <time>2026-05-31T06:20:30Z</time>
   </trkpt>
   <trkpt lat="47.2906550" lon="11.2235210">
    <ele>1062.9</ele>
    <time>2026-05-31T06:20:31Z</time>
   </trkpt>
   <trkpt lat="47.2906640" lon="11.2234850">
    <ele>1063.2</ele>
    <time>2026-05-31T06:20:32Z</time>
   </trkpt>
   <trkpt lat="47.2906720" lon="11.2234730">
    <ele>1063.3</ele>
    <time>2026-05-31T06:20:33Z</time>
   </trkpt>
   <trkpt lat="47.2906900" lon="11.2234360">
    <ele>1063.5</ele>
    <time>2026-05-31T06:20:34Z</time>
   </trkpt>
   <trkpt lat="47.2906920" lon="11.2234190">
    <ele>1063.6</ele>
    <time>2026-05-31T06:20:35Z</time>
   </trkpt>
   <trkpt lat="47.2907020" lon="11.2233800">
    <ele>1063.9</ele>
    <time>2026-05-31T06:20:36Z</time>
   </trkpt>
   <trkpt lat="47.2907060" lon="11.2233640">
    <ele>1064.0</ele>
    <time>2026-05-31T06:20:37Z</time>
   </trkpt>
   <trkpt lat="47.2907100" lon="11.2233420">
    <ele>1064.1</ele>
    <time>2026-05-31T06:20:38Z</time>
   </trkpt>
   <trkpt lat="47.2907220" lon="11.2233190">
    <ele>1064.2</ele>
    <time>2026-05-31T06:20:39Z</time>
   </trkpt>
   <trkpt lat="47.2907260" lon="11.2232810">
    <ele>1064.5</ele>
    <time>2026-05-31T06:20:40Z</time>
   </trkpt>
   <trkpt lat="47.2907340" lon="11.2232760">
    <ele>1064.5</ele>
    <time>2026-05-31T06:20:41Z</time>
   </trkpt>
   <trkpt lat="47.2907420" lon="11.2232710">
    <ele>1064.6</ele>
    <time>2026-05-31T06:20:42Z</time>
   </trkpt>
   <trkpt lat="47.2907540" lon="11.2232240">
    <ele>1064.9</ele>
    <time>2026-05-31T06:20:43Z</time>
   </trkpt>
   <trkpt lat="47.2907550" lon="11.2232080">
    <ele>1065.0</ele>
    <time>2026-05-31T06:20:44Z</time>
   </trkpt>
   <trkpt lat="47.2907630" lon="11.2231690">
    <ele>1065.2</ele>
    <time>2026-05-31T06:20:45Z</time>
   </trkpt>
   <trkpt lat="47.2907670" lon="11.2231570">
    <ele>1065.3</ele>
    <time>2026-05-31T06:20:46Z</time>
   </trkpt>
   <trkpt lat="47.2907700" lon="11.2231370">
    <ele>1065.4</ele>
    <time>2026-05-31T06:20:47Z</time>
   </trkpt>
   <trkpt lat="47.2907730" lon="11.2231100">
    <ele>1065.6</ele>
    <time>2026-05-31T06:20:48Z</time>
   </trkpt>
   <trkpt lat="47.2907710" lon="11.2230850">
    <ele>1065.8</ele>
    <time>2026-05-31T06:20:49Z</time>
   </trkpt>
   <trkpt lat="47.2907760" lon="11.2230580">
    <ele>1065.9</ele>
    <time>2026-05-31T06:20:50Z</time>
   </trkpt>
   <trkpt lat="47.2907820" lon="11.2230370">
    <ele>1066.1</ele>
    <time>2026-05-31T06:20:51Z</time>
   </trkpt>
   <trkpt lat="47.2907810" lon="11.2230180">
    <ele>1066.2</ele>
    <time>2026-05-31T06:20:52Z</time>
   </trkpt>
   <trkpt lat="47.2907840" lon="11.2229930">
    <ele>1066.4</ele>
    <time>2026-05-31T06:20:53Z</time>
   </trkpt>
   <trkpt lat="47.2907890" lon="11.2229760">
    <ele>1066.5</ele>
    <time>2026-05-31T06:20:54Z</time>
   </trkpt>
   <trkpt lat="47.2908000" lon="11.2229610">
    <ele>1066.6</ele>
    <time>2026-05-31T06:20:55Z</time>
   </trkpt>
   <trkpt lat="47.2907960" lon="11.2229300">
    <ele>1066.8</ele>
    <time>2026-05-31T06:20:56Z</time>
   </trkpt>
   <trkpt lat="47.2907970" lon="11.2229150">
    <ele>1066.9</ele>
    <time>2026-05-31T06:20:57Z</time>
   </trkpt>
   <trkpt lat="47.2908010" lon="11.2228900">
    <ele>1067.1</ele>
    <time>2026-05-31T06:20:58Z</time>
   </trkpt>
   <trkpt lat="47.2908060" lon="11.2228680">
    <ele>1067.2</ele>
    <time>2026-05-31T06:20:59Z</time>
   </trkpt>
   <trkpt lat="47.2908140" lon="11.2228510">
    <ele>1067.4</ele>
    <time>2026-05-31T06:21:00Z</time>
   </trkpt>
   <trkpt lat="47.2908210" lon="11.2228390">
    <ele>1067.5</ele>
    <time>2026-05-31T06:21:01Z</time>
   </trkpt>
   <trkpt lat="47.2908230" lon="11.2227990">
    <ele>1067.7</ele>
    <time>2026-05-31T06:21:02Z</time>
   </trkpt>
   <trkpt lat="47.2908290" lon="11.2227610">
    <ele>1067.9</ele>
    <time>2026-05-31T06:21:03Z</time>
   </trkpt>
   <trkpt lat="47.2908290" lon="11.2227490">
    <ele>1068.0</ele>
    <time>2026-05-31T06:21:04Z</time>
   </trkpt>
   <trkpt lat="47.2908300" lon="11.2227370">
    <ele>1068.1</ele>
    <time>2026-05-31T06:21:05Z</time>
   </trkpt>
   <trkpt lat="47.2908330" lon="11.2227160">
    <ele>1068.2</ele>
    <time>2026-05-31T06:21:06Z</time>
   </trkpt>
   <trkpt lat="47.2908380" lon="11.2226950">
    <ele>1068.3</ele>
    <time>2026-05-31T06:21:07Z</time>
   </trkpt>
   <trkpt lat="47.2908510" lon="11.2226700">
    <ele>1068.5</ele>
    <time>2026-05-31T06:21:08Z</time>
   </trkpt>
   <trkpt lat="47.2908450" lon="11.2226460">
    <ele>1068.6</ele>
    <time>2026-05-31T06:21:09Z</time>
   </trkpt>
   <trkpt lat="47.2908420" lon="11.2226270">
    <ele>1068.7</ele>
    <time>2026-05-31T06:21:10Z</time>
   </trkpt>
   <trkpt lat="47.2908470" lon="11.2225990">
    <ele>1068.9</ele>
    <time>2026-05-31T06:21:11Z</time>
   </trkpt>
   <trkpt lat="47.2908670" lon="11.2225700">
    <ele>1069.1</ele>
    <time>2026-05-31T06:21:12Z</time>
   </trkpt>
   <trkpt lat="47.2908750" lon="11.2225580">
    <ele>1069.2</ele>
    <time>2026-05-31T06:21:13Z</time>
   </trkpt>
   <trkpt lat="47.2908830" lon="11.2225420">
    <ele>1069.3</ele>
    <time>2026-05-31T06:21:14Z</time>
   </trkpt>
   <trkpt lat="47.2908790" lon="11.2225180">
    <ele>1069.4</ele>
    <time>2026-05-31T06:21:15Z</time>
   </trkpt>
   <trkpt lat="47.2908810" lon="11.2224900">
    <ele>1069.6</ele>
    <time>2026-05-31T06:21:16Z</time>
   </trkpt>
   <trkpt lat="47.2908860" lon="11.2224710">
    <ele>1069.7</ele>
    <time>2026-05-31T06:21:17Z</time>
   </trkpt>
   <trkpt lat="47.2908880" lon="11.2224490">
    <ele>1069.8</ele>
    <time>2026-05-31T06:21:18Z</time>
   </trkpt>
   <trkpt lat="47.2908890" lon="11.2224240">
    <ele>1070.0</ele>
    <time>2026-05-31T06:21:19Z</time>
   </trkpt>
   <trkpt lat="47.2908960" lon="11.2223970">
    <ele>1070.1</ele>
    <time>2026-05-31T06:21:20Z</time>
   </trkpt>
   <trkpt lat="47.2909120" lon="11.2223910">
    <ele>1070.3</ele>
    <time>2026-05-31T06:21:21Z</time>
   </trkpt>
   <trkpt lat="47.2909230" lon="11.2223740">
    <ele>1070.4</ele>
    <time>2026-05-31T06:21:22Z</time>
   </trkpt>
   <trkpt lat="47.2909300" lon="11.2223470">
    <ele>1070.6</ele>
    <time>2026-05-31T06:21:23Z</time>
   </trkpt>
   <trkpt lat="47.2909490" lon="11.2223310">
    <ele>1070.8</ele>
    <time>2026-05-31T06:21:24Z</time>
   </trkpt>
   <trkpt lat="47.2909520" lon="11.2223140">
    <ele>1070.9</ele>
    <time>2026-05-31T06:21:25Z</time>
   </trkpt>
   <trkpt lat="47.2909600" lon="11.2222950">
    <ele>1071.0</ele>
    <time>2026-05-31T06:21:26Z</time>
   </trkpt>
   <trkpt lat="47.2909640" lon="11.2222700">
    <ele>1071.1</ele>
    <time>2026-05-31T06:21:27Z</time>
   </trkpt>
   <trkpt lat="47.2909800" lon="11.2222360">
    <ele>1071.4</ele>
    <time>2026-05-31T06:21:28Z</time>
   </trkpt>
   <trkpt lat="47.2909870" lon="11.2222230">
    <ele>1071.5</ele>
    <time>2026-05-31T06:21:29Z</time>
   </trkpt>
   <trkpt lat="47.2910030" lon="11.2221910">
    <ele>1071.7</ele>
    <time>2026-05-31T06:21:30Z</time>
   </trkpt>
   <trkpt lat="47.2910110" lon="11.2221810">
    <ele>1071.8</ele>
    <time>2026-05-31T06:21:31Z</time>
   </trkpt>
   <trkpt lat="47.2910290" lon="11.2221470">
    <ele>1072.1</ele>
    <time>2026-05-31T06:21:32Z</time>
   </trkpt>
   <trkpt lat="47.2910350" lon="11.2221340">
    <ele>1072.2</ele>
    <time>2026-05-31T06:21:33Z</time>
   </trkpt>
   <trkpt lat="47.2910400" lon="11.2221180">
    <ele>1072.3</ele>
    <time>2026-05-31T06:21:34Z</time>
   </trkpt>
   <trkpt lat="47.2910430" lon="11.2220950">
    <ele>1072.5</ele>
    <time>2026-05-31T06:21:35Z</time>
   </trkpt>
   <trkpt lat="47.2910540" lon="11.2220530">
    <ele>1072.8</ele>
    <time>2026-05-31T06:21:36Z</time>
   </trkpt>
   <trkpt lat="47.2910580" lon="11.2220320">
    <ele>1072.9</ele>
    <time>2026-05-31T06:21:37Z</time>
   </trkpt>
   <trkpt lat="47.2910680" lon="11.2220180">
    <ele>1073.0</ele>
    <time>2026-05-31T06:21:38Z</time>
   </trkpt>
   <trkpt lat="47.2910730" lon="11.2219980">
    <ele>1073.2</ele>
    <time>2026-05-31T06:21:39Z</time>
   </trkpt>
   <trkpt lat="47.2910940" lon="11.2219710">
    <ele>1073.4</ele>
    <time>2026-05-31T06:21:40Z</time>
   </trkpt>
   <trkpt lat="47.2911010" lon="11.2219620">
    <ele>1073.5</ele>
    <time>2026-05-31T06:21:41Z</time>
   </trkpt>
   <trkpt lat="47.2911050" lon="11.2219380">
    <ele>1073.6</ele>
    <time>2026-05-31T06:21:42Z</time>
   </trkpt>
   <trkpt lat="47.2911120" lon="11.2219250">
    <ele>1073.7</ele>
    <time>2026-05-31T06:21:43Z</time>
   </trkpt>
   <trkpt lat="47.2911240" lon="11.2218820">
    <ele>1074.0</ele>
    <time>2026-05-31T06:21:44Z</time>
   </trkpt>
   <trkpt lat="47.2911280" lon="11.2218690">
    <ele>1074.1</ele>
    <time>2026-05-31T06:21:45Z</time>
   </trkpt>
   <trkpt lat="47.2911430" lon="11.2218290">
    <ele>1074.4</ele>
    <time>2026-05-31T06:21:46Z</time>
   </trkpt>
   <trkpt lat="47.2911480" lon="11.2218140">
    <ele>1074.5</ele>
    <time>2026-05-31T06:21:47Z</time>
   </trkpt>
   <trkpt lat="47.2911600" lon="11.2217850">
    <ele>1074.7</ele>
    <time>2026-05-31T06:21:48Z</time>
   </trkpt>
   <trkpt lat="47.2911650" lon="11.2217680">
    <ele>1074.8</ele>
    <time>2026-05-31T06:21:49Z</time>
   </trkpt>
   <trkpt lat="47.2911710" lon="11.2217500">
    <ele>1074.9</ele>
    <time>2026-05-31T06:21:50Z</time>
   </trkpt>
   <trkpt lat="47.2911730" lon="11.2217240">
    <ele>1075.1</ele>
    <time>2026-05-31T06:21:51Z</time>
   </trkpt>
   <trkpt lat="47.2911890" lon="11.2217060">
    <ele>1075.3</ele>
    <time>2026-05-31T06:21:52Z</time>
   </trkpt>
   <trkpt lat="47.2912020" lon="11.2216720">
    <ele>1075.5</ele>
    <time>2026-05-31T06:21:53Z</time>
   </trkpt>
   <trkpt lat="47.2912070" lon="11.2216590">
    <ele>1075.6</ele>
    <time>2026-05-31T06:21:54Z</time>
   </trkpt>
   <trkpt lat="47.2912070" lon="11.2216590">
    <ele>1075.6</ele>
    <time>2026-05-31T06:21:55Z</time>
   </trkpt>
   <trkpt lat="47.2912220" lon="11.2216410">
    <ele>1075.8</ele>
    <time>2026-05-31T06:21:56Z</time>
   </trkpt>
   <trkpt lat="47.2912310" lon="11.2216200">
    <ele>1075.9</ele>
    <time>2026-05-31T06:21:57Z</time>
   </trkpt>
   <trkpt lat="47.2912330" lon="11.2216030">
    <ele>1076.0</ele>
    <time>2026-05-31T06:21:58Z</time>
   </trkpt>
   <trkpt lat="47.2912450" lon="11.2215800">
    <ele>1076.2</ele>
    <time>2026-05-31T06:21:59Z</time>
   </trkpt>
   <trkpt lat="47.2912500" lon="11.2215530">
    <ele>1076.4</ele>
    <time>2026-05-31T06:22:00Z</time>
   </trkpt>
   <trkpt lat="47.2912730" lon="11.2215450">
    <ele>1076.6</ele>
    <time>2026-05-31T06:22:01Z</time>
   </trkpt>
   <trkpt lat="47.2912870" lon="11.2215370">
    <ele>1076.8</ele>
    <time>2026-05-31T06:22:02Z</time>
   </trkpt>
   <trkpt lat="47.2912960" lon="11.2215150">
    <ele>1077.0</ele>
    <time>2026-05-31T06:22:03Z</time>
   </trkpt>
   <trkpt lat="47.2913100" lon="11.2214780">
    <ele>1077.3</ele>
    <time>2026-05-31T06:22:04Z</time>
   </trkpt>
   <trkpt lat="47.2913130" lon="11.2214660">
    <ele>1077.4</ele>
    <time>2026-05-31T06:22:05Z</time>
   </trkpt>
   <trkpt lat="47.2913270" lon="11.2214760">
    <ele>1077.5</ele>
    <time>2026-05-31T06:22:06Z</time>
   </trkpt>
   <trkpt lat="47.2913340" lon="11.2214740">
    <ele>1077.6</ele>
    <time>2026-05-31T06:22:07Z</time>
   </trkpt>
   <trkpt lat="47.2913420" lon="11.2214660">
    <ele>1077.7</ele>
    <time>2026-05-31T06:22:08Z</time>
   </trkpt>
   <trkpt lat="47.2913560" lon="11.2214490">
    <ele>1077.9</ele>
    <time>2026-05-31T06:22:09Z</time>
   </trkpt>
   <trkpt lat="47.2913670" lon="11.2214430">
    <ele>1078.1</ele>
    <time>2026-05-31T06:22:10Z</time>
   </trkpt>
   <trkpt lat="47.2913820" lon="11.2214250">
    <ele>1078.3</ele>
    <time>2026-05-31T06:22:11Z</time>
   </trkpt>
   <trkpt lat="47.2913830" lon="11.2214270">
    <ele>1078.3</ele>
    <time>2026-05-31T06:22:12Z</time>
   </trkpt>
   <trkpt lat="47.2913800" lon="11.2214180">
    <ele>1078.4</ele>
    <time>2026-05-31T06:22:13Z</time>
   </trkpt>
   <trkpt lat="47.2913830" lon="11.2214010">
    <ele>1078.5</ele>
    <time>2026-05-31T06:22:14Z</time>
   </trkpt>
   <trkpt lat="47.2913920" lon="11.2213760">
    <ele>1078.8</ele>
    <time>2026-05-31T06:22:15Z</time>
   </trkpt>
   <trkpt lat="47.2913850" lon="11.2213520">
    <ele>1079.0</ele>
    <time>2026-05-31T06:22:16Z</time>
   </trkpt>
   <trkpt lat="47.2913800" lon="11.2213250">
    <ele>1079.2</ele>
    <time>2026-05-31T06:22:17Z</time>
   </trkpt>
   <trkpt lat="47.2914010" lon="11.2213050">
    <ele>1079.5</ele>
    <time>2026-05-31T06:22:18Z</time>
   </trkpt>
   <trkpt lat="47.2914110" lon="11.2212800">
    <ele>1079.7</ele>
    <time>2026-05-31T06:22:19Z</time>
   </trkpt>
   <trkpt lat="47.2914240" lon="11.2212670">
    <ele>1079.9</ele>
    <time>2026-05-31T06:22:20Z</time>
   </trkpt>
   <trkpt lat="47.2914400" lon="11.2212420">
    <ele>1080.1</ele>
    <time>2026-05-31T06:22:21Z</time>
   </trkpt>
   <trkpt lat="47.2914470" lon="11.2212220">
    <ele>1080.3</ele>
    <time>2026-05-31T06:22:22Z</time>
   </trkpt>
   <trkpt lat="47.2914550" lon="11.2211740">
    <ele>1080.6</ele>
    <time>2026-05-31T06:22:23Z</time>
   </trkpt>
   <trkpt lat="47.2914600" lon="11.2211640">
    <ele>1080.7</ele>
    <time>2026-05-31T06:22:24Z</time>
   </trkpt>
   <trkpt lat="47.2914600" lon="11.2211340">
    <ele>1080.9</ele>
    <time>2026-05-31T06:22:25Z</time>
   </trkpt>
   <trkpt lat="47.2914600" lon="11.2211120">
    <ele>1081.0</ele>
    <time>2026-05-31T06:22:26Z</time>
   </trkpt>
   <trkpt lat="47.2914670" lon="11.2210710">
    <ele>1081.3</ele>
    <time>2026-05-31T06:22:27Z</time>
   </trkpt>
   <trkpt lat="47.2914680" lon="11.2210130">
    <ele>1081.6</ele>
    <time>2026-05-31T06:22:28Z</time>
   </trkpt>
   <trkpt lat="47.2914710" lon="11.2209820">
    <ele>1081.8</ele>
    <time>2026-05-31T06:22:29Z</time>
   </trkpt>
   <trkpt lat="47.2914750" lon="11.2209580">
    <ele>1082.0</ele>
    <time>2026-05-31T06:22:30Z</time>
   </trkpt>
   <trkpt lat="47.2914730" lon="11.2209400">
    <ele>1082.1</ele>
    <time>2026-05-31T06:22:31Z</time>
   </trkpt>
   <trkpt lat="47.2914760" lon="11.2209140">
    <ele>1082.2</ele>
    <time>2026-05-31T06:22:32Z</time>
   </trkpt>
   <trkpt lat="47.2914690" lon="11.2208980">
    <ele>1082.3</ele>
    <time>2026-05-31T06:22:33Z</time>
   </trkpt>
   <trkpt lat="47.2914600" lon="11.2208570">
    <ele>1082.5</ele>
    <time>2026-05-31T06:22:34Z</time>
   </trkpt>
   <trkpt lat="47.2914550" lon="11.2208420">
    <ele>1082.6</ele>
    <time>2026-05-31T06:22:35Z</time>
   </trkpt>
   <trkpt lat="47.2914460" lon="11.2208170">
    <ele>1082.7</ele>
    <time>2026-05-31T06:22:36Z</time>
   </trkpt>
   <trkpt lat="47.2914420" lon="11.2208050">
    <ele>1082.7</ele>
    <time>2026-05-31T06:22:37Z</time>
   </trkpt>
   <trkpt lat="47.2914380" lon="11.2207930">
    <ele>1082.7</ele>
    <time>2026-05-31T06:22:38Z</time>
   </trkpt>
   <trkpt lat="47.2914320" lon="11.2207740">
    <ele>1082.8</ele>
    <time>2026-05-31T06:22:39Z</time>
   </trkpt>
   <trkpt lat="47.2914290" lon="11.2207440">
    <ele>1082.9</ele>
    <time>2026-05-31T06:22:40Z</time>
   </trkpt>
   <trkpt lat="47.2914330" lon="11.2207190">
    <ele>1082.9</ele>
    <time>2026-05-31T06:22:41Z</time>
   </trkpt>
   <trkpt lat="47.2914300" lon="11.2206910">
    <ele>1082.9</ele>
    <time>2026-05-31T06:22:42Z</time>
   </trkpt>
   <trkpt lat="47.2914330" lon="11.2206770">
    <ele>1082.9</ele>
    <time>2026-05-31T06:22:43Z</time>
   </trkpt>
   <trkpt lat="47.2914330" lon="11.2206420">
    <ele>1083.0</ele>
    <time>2026-05-31T06:22:44Z</time>
   </trkpt>
   <trkpt lat="47.2914330" lon="11.2205990">
    <ele>1083.0</ele>
    <time>2026-05-31T06:22:45Z</time>
   </trkpt>
   <trkpt lat="47.2914350" lon="11.2205870">
    <ele>1083.0</ele>
    <time>2026-05-31T06:22:46Z</time>
   </trkpt>
   <trkpt lat="47.2914520" lon="11.2205340">
    <ele>1083.0</ele>
    <time>2026-05-31T06:22:47Z</time>
   </trkpt>
   <trkpt lat="47.2914500" lon="11.2205100">
    <ele>1083.0</ele>
    <time>2026-05-31T06:22:48Z</time>
   </trkpt>
   <trkpt lat="47.2914350" lon="11.2204900">
    <ele>1083.0</ele>
    <time>2026-05-31T06:22:49Z</time>
   </trkpt>
   <trkpt lat="47.2914430" lon="11.2204630">
    <ele>1083.0</ele>
    <time>2026-05-31T06:22:50Z</time>
   </trkpt>
   <trkpt lat="47.2914510" lon="11.2204340">
    <ele>1083.0</ele>
    <time>2026-05-31T06:22:51Z</time>
   </trkpt>
   <trkpt lat="47.2914570" lon="11.2204210">
    <ele>1083.0</ele>
    <time>2026-05-31T06:22:52Z</time>
   </trkpt>
   <trkpt lat="47.2914620" lon="11.2204080">
    <ele>1083.0</ele>
    <time>2026-05-31T06:22:53Z</time>
   </trkpt>
   <trkpt lat="47.2914610" lon="11.2203630">
    <ele>1083.0</ele>
    <time>2026-05-31T06:22:54Z</time>
   </trkpt>
   <trkpt lat="47.2914630" lon="11.2203470">
    <ele>1083.0</ele>
    <time>2026-05-31T06:22:55Z</time>
   </trkpt>
   <trkpt lat="47.2914680" lon="11.2202950">
    <ele>1083.0</ele>
    <time>2026-05-31T06:22:56Z</time>
   </trkpt>
   <trkpt lat="47.2914730" lon="11.2202760">
    <ele>1083.0</ele>
    <time>2026-05-31T06:22:57Z</time>
   </trkpt>
   <trkpt lat="47.2914890" lon="11.2202420">
    <ele>1083.0</ele>
    <time>2026-05-31T06:22:58Z</time>
   </trkpt>
   <trkpt lat="47.2914920" lon="11.2202270">
    <ele>1083.0</ele>
    <time>2026-05-31T06:22:59Z</time>
   </trkpt>
   <trkpt lat="47.2915160" lon="11.2201780">
    <ele>1082.9</ele>
    <time>2026-05-31T06:23:00Z</time>
   </trkpt>
   <trkpt lat="47.2915270" lon="11.2201580">
    <ele>1082.9</ele>
    <time>2026-05-31T06:23:01Z</time>
   </trkpt>
   <trkpt lat="47.2915360" lon="11.2201250">
    <ele>1082.9</ele>
    <time>2026-05-31T06:23:02Z</time>
   </trkpt>
   <trkpt lat="47.2915440" lon="11.2201210">
    <ele>1082.8</ele>
    <time>2026-05-31T06:23:03Z</time>
   </trkpt>
   <trkpt lat="47.2915410" lon="11.2200730">
    <ele>1082.8</ele>
    <time>2026-05-31T06:23:04Z</time>
   </trkpt>
   <trkpt lat="47.2915380" lon="11.2200500">
    <ele>1082.8</ele>
    <time>2026-05-31T06:23:05Z</time>
   </trkpt>
   <trkpt lat="47.2915430" lon="11.2200070">
    <ele>1082.7</ele>
    <time>2026-05-31T06:23:06Z</time>
   </trkpt>
   <trkpt lat="47.2915460" lon="11.2199890">
    <ele>1082.7</ele>
    <time>2026-05-31T06:23:07Z</time>
   </trkpt>
   <trkpt lat="47.2915610" lon="11.2199420">
    <ele>1082.7</ele>
    <time>2026-05-31T06:23:08Z</time>
   </trkpt>
   <trkpt lat="47.2915660" lon="11.2199240">
    <ele>1082.7</ele>
    <time>2026-05-31T06:23:09Z</time>
   </trkpt>
   <trkpt lat="47.2915840" lon="11.2198720">
    <ele>1082.6</ele>
    <time>2026-05-31T06:23:10Z</time>
   </trkpt>
   <trkpt lat="47.2915840" lon="11.2198500">
    <ele>1082.6</ele>
    <time>2026-05-31T06:23:11Z</time>
   </trkpt>
   <trkpt lat="47.2915860" lon="11.2197880">
    <ele>1082.6</ele>
    <time>2026-05-31T06:23:12Z</time>
   </trkpt>
   <trkpt lat="47.2915830" lon="11.2197640">
    <ele>1082.6</ele>
    <time>2026-05-31T06:23:13Z</time>
   </trkpt>
   <trkpt lat="47.2916020" lon="11.2197270">
    <ele>1082.6</ele>
    <time>2026-05-31T06:23:14Z</time>
   </trkpt>
   <trkpt lat="47.2916080" lon="11.2196830">
    <ele>1082.6</ele>
    <time>2026-05-31T06:23:15Z</time>
   </trkpt>
   <trkpt lat="47.2916120" lon="11.2196550">
    <ele>1082.5</ele>
    <time>2026-05-31T06:23:16Z</time>
   </trkpt>
   <trkpt lat="47.2916160" lon="11.2196360">
    <ele>1082.5</ele>
    <time>2026-05-31T06:23:17Z</time>
   </trkpt>
   <trkpt lat="47.2916180" lon="11.2196040">
    <ele>1082.5</ele>
    <time>2026-05-31T06:23:18Z</time>
   </trkpt>
   <trkpt lat="47.2916210" lon="11.2195560">
    <ele>1082.5</ele>
    <time>2026-05-31T06:23:19Z</time>
   </trkpt>
   <trkpt lat="47.2916230" lon="11.2195340">
    <ele>1082.5</ele>
    <time>2026-05-31T06:23:20Z</time>
   </trkpt>
   <trkpt lat="47.2916270" lon="11.2194940">
    <ele>1082.5</ele>
    <time>2026-05-31T06:23:21Z</time>
   </trkpt>
   <trkpt lat="47.2916360" lon="11.2194800">
    <ele>1082.5</ele>
    <time>2026-05-31T06:23:22Z</time>
   </trkpt>
   <trkpt lat="47.2916350" lon="11.2194360">
    <ele>1082.5</ele>
    <time>2026-05-31T06:23:23Z</time>
   </trkpt>
   <trkpt lat="47.2916370" lon="11.2193950">
    <ele>1082.4</ele>
    <time>2026-05-31T06:23:24Z</time>
   </trkpt>
   <trkpt lat="47.2916330" lon="11.2193790">
    <ele>1082.4</ele>
    <time>2026-05-31T06:23:25Z</time>
   </trkpt>
   <trkpt lat="47.2916330" lon="11.2193330">
    <ele>1082.4</ele>
    <time>2026-05-31T06:23:26Z</time>
   </trkpt>
   <trkpt lat="47.2916340" lon="11.2192790">
    <ele>1082.4</ele>
    <time>2026-05-31T06:23:27Z</time>
   </trkpt>
   <trkpt lat="47.2916320" lon="11.2192530">
    <ele>1082.4</ele>
    <time>2026-05-31T06:23:28Z</time>
   </trkpt>
   <trkpt lat="47.2916290" lon="11.2192030">
    <ele>1082.4</ele>
    <time>2026-05-31T06:23:29Z</time>
   </trkpt>
   <trkpt lat="47.2916270" lon="11.2191910">
    <ele>1082.4</ele>
    <time>2026-05-31T06:23:30Z</time>
   </trkpt>
   <trkpt lat="47.2916360" lon="11.2191470">
    <ele>1082.4</ele>
    <time>2026-05-31T06:23:31Z</time>
   </trkpt>
   <trkpt lat="47.2916330" lon="11.2191270">
    <ele>1082.4</ele>
    <time>2026-05-31T06:23:32Z</time>
   </trkpt>
   <trkpt lat="47.2916290" lon="11.2190760">
    <ele>1082.4</ele>
    <time>2026-05-31T06:23:33Z</time>
   </trkpt>
   <trkpt lat="47.2916180" lon="11.2190420">
    <ele>1082.5</ele>
    <time>2026-05-31T06:23:34Z</time>
   </trkpt>
   <trkpt lat="47.2916110" lon="11.2190220">
    <ele>1082.5</ele>
    <time>2026-05-31T06:23:35Z</time>
   </trkpt>
   <trkpt lat="47.2916140" lon="11.2189800">
    <ele>1082.5</ele>
    <time>2026-05-31T06:23:36Z</time>
   </trkpt>
   <trkpt lat="47.2916130" lon="11.2189670">
    <ele>1082.5</ele>
    <time>2026-05-31T06:23:37Z</time>
   </trkpt>
   <trkpt lat="47.2916030" lon="11.2189240">
    <ele>1082.5</ele>
    <time>2026-05-31T06:23:38Z</time>
   </trkpt>
   <trkpt lat="47.2915930" lon="11.2188700">
    <ele>1082.6</ele>
    <time>2026-05-31T06:23:39Z</time>
   </trkpt>
   <trkpt lat="47.2915900" lon="11.2188290">
    <ele>1082.6</ele>
    <time>2026-05-31T06:23:40Z</time>
   </trkpt>
   <trkpt lat="47.2915920" lon="11.2188170">
    <ele>1082.6</ele>
    <time>2026-05-31T06:23:41Z</time>
   </trkpt>
   <trkpt lat="47.2915840" lon="11.2187930">
    <ele>1082.6</ele>
    <time>2026-05-31T06:23:42Z</time>
   </trkpt>
   <trkpt lat="47.2915940" lon="11.2187680">
    <ele>1082.7</ele>
    <time>2026-05-31T06:23:43Z</time>
   </trkpt>
   <trkpt lat="47.2915960" lon="11.2187150">
    <ele>1082.7</ele>
    <time>2026-05-31T06:23:44Z</time>
   </trkpt>
   <trkpt lat="47.2915980" lon="11.2186990">
    <ele>1082.7</ele>
    <time>2026-05-31T06:23:45Z</time>
   </trkpt>
   <trkpt lat="47.2916020" lon="11.2186590">
    <ele>1082.8</ele>
    <time>2026-05-31T06:23:46Z</time>
   </trkpt>
   <trkpt lat="47.2916020" lon="11.2186420">
    <ele>1082.8</ele>
    <time>2026-05-31T06:23:47Z</time>
   </trkpt>
   <trkpt lat="47.2916110" lon="11.2186220">
    <ele>1082.8</ele>
    <time>2026-05-31T06:23:48Z</time>
   </trkpt>
   <trkpt lat="47.2916140" lon="11.2186010">
    <ele>1082.8</ele>
    <time>2026-05-31T06:23:49Z</time>
   </trkpt>
   <trkpt lat="47.2916140" lon="11.2185550">
    <ele>1082.9</ele>
    <time>2026-05-31T06:23:50Z</time>
   </trkpt>
   <trkpt lat="47.2916040" lon="11.2185040">
    <ele>1083.0</ele>
    <time>2026-05-31T06:23:51Z</time>
   </trkpt>
   <trkpt lat="47.2916040" lon="11.2184870">
    <ele>1083.0</ele>
    <time>2026-05-31T06:23:52Z</time>
   </trkpt>
   <trkpt lat="47.2916200" lon="11.2184500">
    <ele>1083.1</ele>
    <time>2026-05-31T06:23:53Z</time>
   </trkpt>
   <trkpt lat="47.2916240" lon="11.2184350">
    <ele>1083.1</ele>
    <time>2026-05-31T06:23:54Z</time>
   </trkpt>
   <trkpt lat="47.2916320" lon="11.2184080">
    <ele>1083.1</ele>
    <time>2026-05-31T06:23:55Z</time>
   </trkpt>
   <trkpt lat="47.2916400" lon="11.2183900">
    <ele>1083.2</ele>
    <time>2026-05-31T06:23:56Z</time>
   </trkpt>
   <trkpt lat="47.2916410" lon="11.2183630">
    <ele>1083.2</ele>
    <time>2026-05-31T06:23:57Z</time>
   </trkpt>
   <trkpt lat="47.2916580" lon="11.2183510">
    <ele>1083.2</ele>
    <time>2026-05-31T06:23:58Z</time>
   </trkpt>
   <trkpt lat="47.2916730" lon="11.2183010">
    <ele>1083.3</ele>
    <time>2026-05-31T06:23:59Z</time>
   </trkpt>
   <trkpt lat="47.2916760" lon="11.2182800">
    <ele>1083.3</ele>
    <time>2026-05-31T06:24:00Z</time>
   </trkpt>
   <trkpt lat="47.2916820" lon="11.2182610">
    <ele>1083.4</ele>
    <time>2026-05-31T06:24:01Z</time>
   </trkpt>
   <trkpt lat="47.2916890" lon="11.2182430">
    <ele>1083.4</ele>
    <time>2026-05-31T06:24:02Z</time>
   </trkpt>
   <trkpt lat="47.2916950" lon="11.2182240">
    <ele>1083.4</ele>
    <time>2026-05-31T06:24:03Z</time>
   </trkpt>
   <trkpt lat="47.2917110" lon="11.2182110">
    <ele>1083.4</ele>
    <time>2026-05-31T06:24:04Z</time>
   </trkpt>
   <trkpt lat="47.2917070" lon="11.2181790">
    <ele>1083.5</ele>
    <time>2026-05-31T06:24:05Z</time>
   </trkpt>
   <trkpt lat="47.2917170" lon="11.2181420">
    <ele>1083.5</ele>
    <time>2026-05-31T06:24:06Z</time>
   </trkpt>
   <trkpt lat="47.2917200" lon="11.2181290">
    <ele>1083.6</ele>
    <time>2026-05-31T06:24:07Z</time>
   </trkpt>
   <trkpt lat="47.2917270" lon="11.2180860">
    <ele>1083.6</ele>
    <time>2026-05-31T06:24:08Z</time>
   </trkpt>
   <trkpt lat="47.2917560" lon="11.2180560">
    <ele>1083.7</ele>
    <time>2026-05-31T06:24:09Z</time>
   </trkpt>
   <trkpt lat="47.2917630" lon="11.2180410">
    <ele>1083.7</ele>
    <time>2026-05-31T06:24:10Z</time>
   </trkpt>
   <trkpt lat="47.2917670" lon="11.2180170">
    <ele>1083.8</ele>
    <time>2026-05-31T06:24:11Z</time>
   </trkpt>
   <trkpt lat="47.2917850" lon="11.2180100">
    <ele>1083.8</ele>
    <time>2026-05-31T06:24:12Z</time>
   </trkpt>
   <trkpt lat="47.2917930" lon="11.2179830">
    <ele>1083.9</ele>
    <time>2026-05-31T06:24:13Z</time>
   </trkpt>
   <trkpt lat="47.2918010" lon="11.2179690">
    <ele>1083.9</ele>
    <time>2026-05-31T06:24:14Z</time>
   </trkpt>
   <trkpt lat="47.2918270" lon="11.2179380">
    <ele>1084.0</ele>
    <time>2026-05-31T06:24:15Z</time>
   </trkpt>
   <trkpt lat="47.2918340" lon="11.2179300">
    <ele>1084.0</ele>
    <time>2026-05-31T06:24:16Z</time>
   </trkpt>
   <trkpt lat="47.2918440" lon="11.2178870">
    <ele>1084.1</ele>
    <time>2026-05-31T06:24:17Z</time>
   </trkpt>
   <trkpt lat="47.2918510" lon="11.2178720">
    <ele>1084.2</ele>
    <time>2026-05-31T06:24:18Z</time>
   </trkpt>
   <trkpt lat="47.2918630" lon="11.2178320">
    <ele>1084.2</ele>
    <time>2026-05-31T06:24:19Z</time>
   </trkpt>
   <trkpt lat="47.2918690" lon="11.2177830">
    <ele>1084.3</ele>
    <time>2026-05-31T06:24:20Z</time>
   </trkpt>
   <trkpt lat="47.2918720" lon="11.2177710">
    <ele>1084.3</ele>
    <time>2026-05-31T06:24:21Z</time>
   </trkpt>
   <trkpt lat="47.2919050" lon="11.2177210">
    <ele>1084.4</ele>
    <time>2026-05-31T06:24:22Z</time>
   </trkpt>
   <trkpt lat="47.2919170" lon="11.2176930">
    <ele>1084.4</ele>
    <time>2026-05-31T06:24:23Z</time>
   </trkpt>
   <trkpt lat="47.2919460" lon="11.2176740">
    <ele>1084.4</ele>
    <time>2026-05-31T06:24:24Z</time>
   </trkpt>
   <trkpt lat="47.2919490" lon="11.2176600">
    <ele>1084.4</ele>
    <time>2026-05-31T06:24:25Z</time>
   </trkpt>
   <trkpt lat="47.2919420" lon="11.2175980">
    <ele>1084.4</ele>
    <time>2026-05-31T06:24:26Z</time>
   </trkpt>
   <trkpt lat="47.2919430" lon="11.2175730">
    <ele>1084.4</ele>
    <time>2026-05-31T06:24:27Z</time>
   </trkpt>
   <trkpt lat="47.2919430" lon="11.2175460">
    <ele>1084.4</ele>
    <time>2026-05-31T06:24:28Z</time>
   </trkpt>
   <trkpt lat="47.2919450" lon="11.2175210">
    <ele>1084.4</ele>
    <time>2026-05-31T06:24:29Z</time>
   </trkpt>
   <trkpt lat="47.2919570" lon="11.2174860">
    <ele>1084.4</ele>
    <time>2026-05-31T06:24:30Z</time>
   </trkpt>
   <trkpt lat="47.2919580" lon="11.2174580">
    <ele>1084.3</ele>
    <time>2026-05-31T06:24:31Z</time>
   </trkpt>
   <trkpt lat="47.2919700" lon="11.2174030">
    <ele>1084.3</ele>
    <time>2026-05-31T06:24:32Z</time>
   </trkpt>
   <trkpt lat="47.2919710" lon="11.2173840">
    <ele>1084.3</ele>
    <time>2026-05-31T06:24:33Z</time>
   </trkpt>
   <trkpt lat="47.2919920" lon="11.2173280">
    <ele>1084.3</ele>
    <time>2026-05-31T06:24:34Z</time>
   </trkpt>
   <trkpt lat="47.2920000" lon="11.2172960">
    <ele>1084.3</ele>
    <time>2026-05-31T06:24:35Z</time>
   </trkpt>
   <trkpt lat="47.2919980" lon="11.2172760">
    <ele>1084.3</ele>
    <time>2026-05-31T06:24:36Z</time>
   </trkpt>
   <trkpt lat="47.2919970" lon="11.2172550">
    <ele>1084.2</ele>
    <time>2026-05-31T06:24:37Z</time>
   </trkpt>
   <trkpt lat="47.2920110" lon="11.2172070">
    <ele>1084.2</ele>
    <time>2026-05-31T06:24:38Z</time>
   </trkpt>
   <trkpt lat="47.2920140" lon="11.2171910">
    <ele>1084.2</ele>
    <time>2026-05-31T06:24:39Z</time>
   </trkpt>
   <trkpt lat="47.2920290" lon="11.2171580">
    <ele>1084.3</ele>
    <time>2026-05-31T06:24:40Z</time>
   </trkpt>
   <trkpt lat="47.2920330" lon="11.2171450">
    <ele>1084.3</ele>
    <time>2026-05-31T06:24:41Z</time>
   </trkpt>
   <trkpt lat="47.2920340" lon="11.2171220">
    <ele>1084.3</ele>
    <time>2026-05-31T06:24:42Z</time>
   </trkpt>
   <trkpt lat="47.2920460" lon="11.2171060">
    <ele>1084.3</ele>
    <time>2026-05-31T06:24:43Z</time>
   </trkpt>
   <trkpt lat="47.2920520" lon="11.2170650">
    <ele>1084.3</ele>
    <time>2026-05-31T06:24:44Z</time>
   </trkpt>
   <trkpt lat="47.2920660" lon="11.2170470">
    <ele>1084.3</ele>
    <time>2026-05-31T06:24:45Z</time>
   </trkpt>
   <trkpt lat="47.2920740" lon="11.2170340">
    <ele>1084.3</ele>
    <time>2026-05-31T06:24:46Z</time>
   </trkpt>
   <trkpt lat="47.2920790" lon="11.2169910">
    <ele>1084.4</ele>
    <time>2026-05-31T06:24:47Z</time>
   </trkpt>
   <trkpt lat="47.2920920" lon="11.2169460">
    <ele>1084.5</ele>
    <time>2026-05-31T06:24:48Z</time>
   </trkpt>
   <trkpt lat="47.2920920" lon="11.2169270">
    <ele>1084.5</ele>
    <time>2026-05-31T06:24:49Z</time>
   </trkpt>
   <trkpt lat="47.2920910" lon="11.2168840">
    <ele>1084.6</ele>
    <time>2026-05-31T06:24:50Z</time>
   </trkpt>
   <trkpt lat="47.2920900" lon="11.2168650">
    <ele>1084.6</ele>
    <time>2026-05-31T06:24:51Z</time>
   </trkpt>
   <trkpt lat="47.2920940" lon="11.2168250">
    <ele>1084.7</ele>
    <time>2026-05-31T06:24:52Z</time>
   </trkpt>
   <trkpt lat="47.2920900" lon="11.2168100">
    <ele>1084.7</ele>
    <time>2026-05-31T06:24:53Z</time>
   </trkpt>
   <trkpt lat="47.2921070" lon="11.2167950">
    <ele>1084.7</ele>
    <time>2026-05-31T06:24:54Z</time>
   </trkpt>
   <trkpt lat="47.2921100" lon="11.2167660">
    <ele>1084.8</ele>
    <time>2026-05-31T06:24:55Z</time>
   </trkpt>
   <trkpt lat="47.2921160" lon="11.2167220">
    <ele>1084.9</ele>
    <time>2026-05-31T06:24:56Z</time>
   </trkpt>
   <trkpt lat="47.2921150" lon="11.2167010">
    <ele>1084.9</ele>
    <time>2026-05-31T06:24:57Z</time>
   </trkpt>
   <trkpt lat="47.2921170" lon="11.2166790">
    <ele>1084.9</ele>
    <time>2026-05-31T06:24:58Z</time>
   </trkpt>
   <trkpt lat="47.2921180" lon="11.2166510">
    <ele>1085.0</ele>
    <time>2026-05-31T06:24:59Z</time>
   </trkpt>
   <trkpt lat="47.2921200" lon="11.2166140">
    <ele>1085.1</ele>
    <time>2026-05-31T06:25:00Z</time>
   </trkpt>
   <trkpt lat="47.2921200" lon="11.2165940">
    <ele>1085.1</ele>
    <time>2026-05-31T06:25:01Z</time>
   </trkpt>
   <trkpt lat="47.2921260" lon="11.2165530">
    <ele>1085.2</ele>
    <time>2026-05-31T06:25:02Z</time>
   </trkpt>
   <trkpt lat="47.2921300" lon="11.2165370">
    <ele>1085.2</ele>
    <time>2026-05-31T06:25:03Z</time>
   </trkpt>
   <trkpt lat="47.2921330" lon="11.2165080">
    <ele>1085.2</ele>
    <time>2026-05-31T06:25:04Z</time>
   </trkpt>
   <trkpt lat="47.2921270" lon="11.2164950">
    <ele>1085.3</ele>
    <time>2026-05-31T06:25:05Z</time>
   </trkpt>
   <trkpt lat="47.2921200" lon="11.2164830">
    <ele>1085.3</ele>
    <time>2026-05-31T06:25:06Z</time>
   </trkpt>
   <trkpt lat="47.2921220" lon="11.2164760">
    <ele>1085.3</ele>
    <time>2026-05-31T06:25:07Z</time>
   </trkpt>
   <trkpt lat="47.2921250" lon="11.2164410">
    <ele>1085.3</ele>
    <time>2026-05-31T06:25:08Z</time>
   </trkpt>
   <trkpt lat="47.2921140" lon="11.2163900">
    <ele>1085.4</ele>
    <time>2026-05-31T06:25:09Z</time>
   </trkpt>
   <trkpt lat="47.2921050" lon="11.2163720">
    <ele>1085.4</ele>
    <time>2026-05-31T06:25:10Z</time>
   </trkpt>
   <trkpt lat="47.2921070" lon="11.2163230">
    <ele>1085.5</ele>
    <time>2026-05-31T06:25:11Z</time>
   </trkpt>
   <trkpt lat="47.2921080" lon="11.2163060">
    <ele>1085.5</ele>
    <time>2026-05-31T06:25:12Z</time>
   </trkpt>
   <trkpt lat="47.2921180" lon="11.2162630">
    <ele>1085.5</ele>
    <time>2026-05-31T06:25:13Z</time>
   </trkpt>
   <trkpt lat="47.2921170" lon="11.2162420">
    <ele>1085.5</ele>
    <time>2026-05-31T06:25:14Z</time>
   </trkpt>
   <trkpt lat="47.2921330" lon="11.2161970">
    <ele>1085.6</ele>
    <time>2026-05-31T06:25:15Z</time>
   </trkpt>
   <trkpt lat="47.2921380" lon="11.2161800">
    <ele>1085.6</ele>
    <time>2026-05-31T06:25:16Z</time>
   </trkpt>
   <trkpt lat="47.2921430" lon="11.2161340">
    <ele>1085.7</ele>
    <time>2026-05-31T06:25:17Z</time>
   </trkpt>
   <trkpt lat="47.2921430" lon="11.2161180">
    <ele>1085.7</ele>
    <time>2026-05-31T06:25:18Z</time>
   </trkpt>
   <trkpt lat="47.2921470" lon="11.2160600">
    <ele>1085.8</ele>
    <time>2026-05-31T06:25:19Z</time>
   </trkpt>
   <trkpt lat="47.2921490" lon="11.2160390">
    <ele>1085.8</ele>
    <time>2026-05-31T06:25:20Z</time>
   </trkpt>
   <trkpt lat="47.2921590" lon="11.2159900">
    <ele>1085.9</ele>
    <time>2026-05-31T06:25:21Z</time>
   </trkpt>
   <trkpt lat="47.2921680" lon="11.2159760">
    <ele>1086.0</ele>
    <time>2026-05-31T06:25:22Z</time>
   </trkpt>
   <trkpt lat="47.2921680" lon="11.2159200">
    <ele>1086.1</ele>
    <time>2026-05-31T06:25:23Z</time>
   </trkpt>
   <trkpt lat="47.2921720" lon="11.2159020">
    <ele>1086.1</ele>
    <time>2026-05-31T06:25:24Z</time>
   </trkpt>
   <trkpt lat="47.2921800" lon="11.2158630">
    <ele>1086.2</ele>
    <time>2026-05-31T06:25:25Z</time>
   </trkpt>
   <trkpt lat="47.2922020" lon="11.2158260">
    <ele>1086.4</ele>
    <time>2026-05-31T06:25:26Z</time>
   </trkpt>
   <trkpt lat="47.2922110" lon="11.2158100">
    <ele>1086.4</ele>
    <time>2026-05-31T06:25:27Z</time>
   </trkpt>
   <trkpt lat="47.2922290" lon="11.2157770">
    <ele>1086.5</ele>
    <time>2026-05-31T06:25:28Z</time>
   </trkpt>
   <trkpt lat="47.2922300" lon="11.2157590">
    <ele>1086.6</ele>
    <time>2026-05-31T06:25:29Z</time>
   </trkpt>
   <trkpt lat="47.2922420" lon="11.2157410">
    <ele>1086.6</ele>
    <time>2026-05-31T06:25:30Z</time>
   </trkpt>
   <trkpt lat="47.2922740" lon="11.2157140">
    <ele>1086.7</ele>
    <time>2026-05-31T06:25:31Z</time>
   </trkpt>
   <trkpt lat="47.2922840" lon="11.2157030">
    <ele>1086.7</ele>
    <time>2026-05-31T06:25:32Z</time>
   </trkpt>
   <trkpt lat="47.2923040" lon="11.2156670">
    <ele>1086.8</ele>
    <time>2026-05-31T06:25:33Z</time>
   </trkpt>
   <trkpt lat="47.2923050" lon="11.2156560">
    <ele>1086.9</ele>
    <time>2026-05-31T06:25:34Z</time>
   </trkpt>
   <trkpt lat="47.2923310" lon="11.2156160">
    <ele>1086.9</ele>
    <time>2026-05-31T06:25:35Z</time>
   </trkpt>
   <trkpt lat="47.2923400" lon="11.2156050">
    <ele>1087.0</ele>
    <time>2026-05-31T06:25:36Z</time>
   </trkpt>
   <trkpt lat="47.2923500" lon="11.2155670">
    <ele>1087.0</ele>
    <time>2026-05-31T06:25:37Z</time>
   </trkpt>
   <trkpt lat="47.2923440" lon="11.2155320">
    <ele>1087.1</ele>
    <time>2026-05-31T06:25:38Z</time>
   </trkpt>
   <trkpt lat="47.2923430" lon="11.2155120">
    <ele>1087.1</ele>
    <time>2026-05-31T06:25:39Z</time>
   </trkpt>
   <trkpt lat="47.2923510" lon="11.2154690">
    <ele>1087.2</ele>
    <time>2026-05-31T06:25:40Z</time>
   </trkpt>
   <trkpt lat="47.2923540" lon="11.2154560">
    <ele>1087.2</ele>
    <time>2026-05-31T06:25:41Z</time>
   </trkpt>
   <trkpt lat="47.2923710" lon="11.2154240">
    <ele>1087.3</ele>
    <time>2026-05-31T06:25:42Z</time>
   </trkpt>
   <trkpt lat="47.2923730" lon="11.2153770">
    <ele>1087.4</ele>
    <time>2026-05-31T06:25:43Z</time>
   </trkpt>
   <trkpt lat="47.2923720" lon="11.2153650">
    <ele>1087.4</ele>
    <time>2026-05-31T06:25:44Z</time>
   </trkpt>
   <trkpt lat="47.2923730" lon="11.2153420">
    <ele>1087.4</ele>
    <time>2026-05-31T06:25:45Z</time>
   </trkpt>
   <trkpt lat="47.2923670" lon="11.2153120">
    <ele>1087.5</ele>
    <time>2026-05-31T06:25:46Z</time>
   </trkpt>
   <trkpt lat="47.2923630" lon="11.2152660">
    <ele>1087.6</ele>
    <time>2026-05-31T06:25:47Z</time>
   </trkpt>
   <trkpt lat="47.2923620" lon="11.2152540">
    <ele>1087.6</ele>
    <time>2026-05-31T06:25:48Z</time>
   </trkpt>
   <trkpt lat="47.2923790" lon="11.2152130">
    <ele>1087.7</ele>
    <time>2026-05-31T06:25:49Z</time>
   </trkpt>
   <trkpt lat="47.2923980" lon="11.2151930">
    <ele>1087.7</ele>
    <time>2026-05-31T06:25:50Z</time>
   </trkpt>
   <trkpt lat="47.2923850" lon="11.2151740">
    <ele>1087.8</ele>
    <time>2026-05-31T06:25:51Z</time>
   </trkpt>
   <trkpt lat="47.2923810" lon="11.2151290">
    <ele>1087.9</ele>
    <time>2026-05-31T06:25:52Z</time>
   </trkpt>
   <trkpt lat="47.2923870" lon="11.2150990">
    <ele>1087.9</ele>
    <time>2026-05-31T06:25:53Z</time>
   </trkpt>
   <trkpt lat="47.2923890" lon="11.2150850">
    <ele>1088.0</ele>
    <time>2026-05-31T06:25:54Z</time>
   </trkpt>
   <trkpt lat="47.2923920" lon="11.2150720">
    <ele>1088.0</ele>
    <time>2026-05-31T06:25:55Z</time>
   </trkpt>
   <trkpt lat="47.2924000" lon="11.2150220">
    <ele>1088.1</ele>
    <time>2026-05-31T06:25:56Z</time>
   </trkpt>
   <trkpt lat="47.2923950" lon="11.2150030">
    <ele>1088.1</ele>
    <time>2026-05-31T06:25:57Z</time>
   </trkpt>
   <trkpt lat="47.2923950" lon="11.2149760">
    <ele>1088.2</ele>
    <time>2026-05-31T06:25:58Z</time>
   </trkpt>
   <trkpt lat="47.2923930" lon="11.2149580">
    <ele>1088.2</ele>
    <time>2026-05-31T06:25:59Z</time>
   </trkpt>
   <trkpt lat="47.2923980" lon="11.2149320">
    <ele>1088.2</ele>
    <time>2026-05-31T06:26:00Z</time>
   </trkpt>
   <trkpt lat="47.2923990" lon="11.2149070">
    <ele>1088.3</ele>
    <time>2026-05-31T06:26:01Z</time>
   </trkpt>
   <trkpt lat="47.2924020" lon="11.2148800">
    <ele>1088.3</ele>
    <time>2026-05-31T06:26:02Z</time>
   </trkpt>
   <trkpt lat="47.2924070" lon="11.2148590">
    <ele>1088.4</ele>
    <time>2026-05-31T06:26:03Z</time>
   </trkpt>
   <trkpt lat="47.2924190" lon="11.2148210">
    <ele>1088.4</ele>
    <time>2026-05-31T06:26:04Z</time>
   </trkpt>
   <trkpt lat="47.2924210" lon="11.2148040">
    <ele>1088.5</ele>
    <time>2026-05-31T06:26:05Z</time>
   </trkpt>
   <trkpt lat="47.2924260" lon="11.2147570">
    <ele>1088.5</ele>
    <time>2026-05-31T06:26:06Z</time>
   </trkpt>
   <trkpt lat="47.2924260" lon="11.2147440">
    <ele>1088.5</ele>
    <time>2026-05-31T06:26:07Z</time>
   </trkpt>
   <trkpt lat="47.2924260" lon="11.2147310">
    <ele>1088.6</ele>
    <time>2026-05-31T06:26:08Z</time>
   </trkpt>
   <trkpt lat="47.2924320" lon="11.2146890">
    <ele>1088.6</ele>
    <time>2026-05-31T06:26:09Z</time>
   </trkpt>
   <trkpt lat="47.2924370" lon="11.2146330">
    <ele>1088.7</ele>
    <time>2026-05-31T06:26:10Z</time>
   </trkpt>
   <trkpt lat="47.2924360" lon="11.2146130">
    <ele>1088.7</ele>
    <time>2026-05-31T06:26:11Z</time>
   </trkpt>
   <trkpt lat="47.2924320" lon="11.2146020">
    <ele>1088.8</ele>
    <time>2026-05-31T06:26:12Z</time>
   </trkpt>
   <trkpt lat="47.2924420" lon="11.2145660">
    <ele>1088.8</ele>
    <time>2026-05-31T06:26:13Z</time>
   </trkpt>
   <trkpt lat="47.2924540" lon="11.2145210">
    <ele>1088.9</ele>
    <time>2026-05-31T06:26:14Z</time>
   </trkpt>
   <trkpt lat="47.2924560" lon="11.2145060">
    <ele>1088.9</ele>
    <time>2026-05-31T06:26:15Z</time>
   </trkpt>
   <trkpt lat="47.2924610" lon="11.2144960">
    <ele>1089.0</ele>
    <time>2026-05-31T06:26:16Z</time>
   </trkpt>
   <trkpt lat="47.2924630" lon="11.2144610">
    <ele>1089.0</ele>
    <time>2026-05-31T06:26:17Z</time>
   </trkpt>
   <trkpt lat="47.2924760" lon="11.2144220">
    <ele>1089.1</ele>
    <time>2026-05-31T06:26:18Z</time>
   </trkpt>
   <trkpt lat="47.2924800" lon="11.2144090">
    <ele>1089.1</ele>
    <time>2026-05-31T06:26:19Z</time>
   </trkpt>
   <trkpt lat="47.2924820" lon="11.2143670">
    <ele>1089.2</ele>
    <time>2026-05-31T06:26:20Z</time>
   </trkpt>
   <trkpt lat="47.2924840" lon="11.2143480">
    <ele>1089.2</ele>
    <time>2026-05-31T06:26:21Z</time>
   </trkpt>
   <trkpt lat="47.2925010" lon="11.2143020">
    <ele>1089.3</ele>
    <time>2026-05-31T06:26:22Z</time>
   </trkpt>
   <trkpt lat="47.2925060" lon="11.2142840">
    <ele>1089.4</ele>
    <time>2026-05-31T06:26:23Z</time>
   </trkpt>
   <trkpt lat="47.2925320" lon="11.2142500">
    <ele>1089.5</ele>
    <time>2026-05-31T06:26:24Z</time>
   </trkpt>
   <trkpt lat="47.2925650" lon="11.2142250">
    <ele>1089.6</ele>
    <time>2026-05-31T06:26:25Z</time>
   </trkpt>
   <trkpt lat="47.2925760" lon="11.2142130">
    <ele>1089.6</ele>
    <time>2026-05-31T06:26:26Z</time>
   </trkpt>
   <trkpt lat="47.2925860" lon="11.2141880">
    <ele>1089.7</ele>
    <time>2026-05-31T06:26:27Z</time>
   </trkpt>
   <trkpt lat="47.2926000" lon="11.2141720">
    <ele>1089.7</ele>
    <time>2026-05-31T06:26:28Z</time>
   </trkpt>
   <trkpt lat="47.2926110" lon="11.2141570">
    <ele>1089.8</ele>
    <time>2026-05-31T06:26:29Z</time>
   </trkpt>
   <trkpt lat="47.2926240" lon="11.2141400">
    <ele>1089.8</ele>
    <time>2026-05-31T06:26:30Z</time>
   </trkpt>
   <trkpt lat="47.2926440" lon="11.2141230">
    <ele>1089.9</ele>
    <time>2026-05-31T06:26:31Z</time>
   </trkpt>
   <trkpt lat="47.2926550" lon="11.2141180">
    <ele>1089.9</ele>
    <time>2026-05-31T06:26:32Z</time>
   </trkpt>
   <trkpt lat="47.2926910" lon="11.2141170">
    <ele>1090.1</ele>
    <time>2026-05-31T06:26:33Z</time>
   </trkpt>
   <trkpt lat="47.2927070" lon="11.2141180">
    <ele>1090.1</ele>
    <time>2026-05-31T06:26:34Z</time>
   </trkpt>
   <trkpt lat="47.2927330" lon="11.2140880">
    <ele>1090.2</ele>
    <time>2026-05-31T06:26:35Z</time>
   </trkpt>
   <trkpt lat="47.2927400" lon="11.2140740">
    <ele>1090.3</ele>
    <time>2026-05-31T06:26:36Z</time>
   </trkpt>
   <trkpt lat="47.2927500" lon="11.2140640">
    <ele>1090.3</ele>
    <time>2026-05-31T06:26:37Z</time>
   </trkpt>
   <trkpt lat="47.2927690" lon="11.2140510">
    <ele>1090.4</ele>
    <time>2026-05-31T06:26:38Z</time>
   </trkpt>
   <trkpt lat="47.2927920" lon="11.2140040">
    <ele>1090.5</ele>
    <time>2026-05-31T06:26:39Z</time>
   </trkpt>
   <trkpt lat="47.2927960" lon="11.2139840">
    <ele>1090.6</ele>
    <time>2026-05-31T06:26:40Z</time>
   </trkpt>
   <trkpt lat="47.2928220" lon="11.2139490">
    <ele>1090.7</ele>
    <time>2026-05-31T06:26:41Z</time>
   </trkpt>
   <trkpt lat="47.2928290" lon="11.2139380">
    <ele>1090.8</ele>
    <time>2026-05-31T06:26:42Z</time>
   </trkpt>
   <trkpt lat="47.2928380" lon="11.2138920">
    <ele>1090.9</ele>
    <time>2026-05-31T06:26:43Z</time>
   </trkpt>
   <trkpt lat="47.2928430" lon="11.2138810">
    <ele>1091.0</ele>
    <time>2026-05-31T06:26:44Z</time>
   </trkpt>
   <trkpt lat="47.2928670" lon="11.2138530">
    <ele>1091.1</ele>
    <time>2026-05-31T06:26:45Z</time>
   </trkpt>
   <trkpt lat="47.2928760" lon="11.2138450">
    <ele>1091.1</ele>
    <time>2026-05-31T06:26:46Z</time>
   </trkpt>
   <trkpt lat="47.2929010" lon="11.2138260">
    <ele>1091.2</ele>
    <time>2026-05-31T06:26:47Z</time>
   </trkpt>
   <trkpt lat="47.2929110" lon="11.2138190">
    <ele>1091.3</ele>
    <time>2026-05-31T06:26:48Z</time>
   </trkpt>
   <trkpt lat="47.2929410" lon="11.2138030">
    <ele>1091.4</ele>
    <time>2026-05-31T06:26:49Z</time>
   </trkpt>
   <trkpt lat="47.2929500" lon="11.2138010">
    <ele>1091.4</ele>
    <time>2026-05-31T06:26:50Z</time>
   </trkpt>
   <trkpt lat="47.2929770" lon="11.2138030">
    <ele>1091.5</ele>
    <time>2026-05-31T06:26:51Z</time>
   </trkpt>
   <trkpt lat="47.2929840" lon="11.2137830">
    <ele>1091.6</ele>
    <time>2026-05-31T06:26:52Z</time>
   </trkpt>
   <trkpt lat="47.2929920" lon="11.2137360">
    <ele>1091.7</ele>
    <time>2026-05-31T06:26:53Z</time>
   </trkpt>
   <trkpt lat="47.2930080" lon="11.2136990">
    <ele>1091.8</ele>
    <time>2026-05-31T06:26:54Z</time>
   </trkpt>
   <trkpt lat="47.2930120" lon="11.2136840">
    <ele>1091.8</ele>
    <time>2026-05-31T06:26:55Z</time>
   </trkpt>
   <trkpt lat="47.2930280" lon="11.2136410">
    <ele>1091.9</ele>
    <time>2026-05-31T06:26:56Z</time>
   </trkpt>
   <trkpt lat="47.2930310" lon="11.2136220">
    <ele>1091.9</ele>
    <time>2026-05-31T06:26:57Z</time>
   </trkpt>
   <trkpt lat="47.2930430" lon="11.2135820">
    <ele>1092.0</ele>
    <time>2026-05-31T06:26:58Z</time>
   </trkpt>
   <trkpt lat="47.2930490" lon="11.2135310">
    <ele>1092.2</ele>
    <time>2026-05-31T06:26:59Z</time>
   </trkpt>
   <trkpt lat="47.2930480" lon="11.2135150">
    <ele>1092.2</ele>
    <time>2026-05-31T06:27:00Z</time>
   </trkpt>
   <trkpt lat="47.2930520" lon="11.2135030">
    <ele>1092.3</ele>
    <time>2026-05-31T06:27:01Z</time>
   </trkpt>
   <trkpt lat="47.2930430" lon="11.2134740">
    <ele>1092.4</ele>
    <time>2026-05-31T06:27:02Z</time>
   </trkpt>
   <trkpt lat="47.2930530" lon="11.2134570">
    <ele>1092.4</ele>
    <time>2026-05-31T06:27:03Z</time>
   </trkpt>
   <trkpt lat="47.2930630" lon="11.2134440">
    <ele>1092.5</ele>
    <time>2026-05-31T06:27:04Z</time>
   </trkpt>
   <trkpt lat="47.2930700" lon="11.2134300">
    <ele>1092.5</ele>
    <time>2026-05-31T06:27:05Z</time>
   </trkpt>
   <trkpt lat="47.2930620" lon="11.2134040">
    <ele>1092.6</ele>
    <time>2026-05-31T06:27:06Z</time>
   </trkpt>
   <trkpt lat="47.2930800" lon="11.2133700">
    <ele>1092.7</ele>
    <time>2026-05-31T06:27:07Z</time>
   </trkpt>
   <trkpt lat="47.2930870" lon="11.2133520">
    <ele>1092.8</ele>
    <time>2026-05-31T06:27:08Z</time>
   </trkpt>
   <trkpt lat="47.2930950" lon="11.2133300">
    <ele>1092.9</ele>
    <time>2026-05-31T06:27:09Z</time>
   </trkpt>
   <trkpt lat="47.2930950" lon="11.2133100">
    <ele>1092.9</ele>
    <time>2026-05-31T06:27:10Z</time>
   </trkpt>
   <trkpt lat="47.2931110" lon="11.2132830">
    <ele>1093.0</ele>
    <time>2026-05-31T06:27:11Z</time>
   </trkpt>
   <trkpt lat="47.2931200" lon="11.2132440">
    <ele>1093.1</ele>
    <time>2026-05-31T06:27:12Z</time>
   </trkpt>
   <trkpt lat="47.2931210" lon="11.2132210">
    <ele>1093.2</ele>
    <time>2026-05-31T06:27:13Z</time>
   </trkpt>
   <trkpt lat="47.2931310" lon="11.2132160">
    <ele>1093.2</ele>
    <time>2026-05-31T06:27:14Z</time>
   </trkpt>
   <trkpt lat="47.2931390" lon="11.2132090">
    <ele>1093.3</ele>
    <time>2026-05-31T06:27:15Z</time>
   </trkpt>
   <trkpt lat="47.2931590" lon="11.2131730">
    <ele>1093.4</ele>
    <time>2026-05-31T06:27:16Z</time>
   </trkpt>
   <trkpt lat="47.2931860" lon="11.2131510">
    <ele>1093.5</ele>
    <time>2026-05-31T06:27:17Z</time>
   </trkpt>
   <trkpt lat="47.2932010" lon="11.2131450">
    <ele>1093.5</ele>
    <time>2026-05-31T06:27:18Z</time>
   </trkpt>
   <trkpt lat="47.2932410" lon="11.2131260">
    <ele>1093.7</ele>
    <time>2026-05-31T06:27:19Z</time>
   </trkpt>
   <trkpt lat="47.2932650" lon="11.2131040">
    <ele>1093.8</ele>
    <time>2026-05-31T06:27:20Z</time>
   </trkpt>
   <trkpt lat="47.2932900" lon="11.2130900">
    <ele>1093.8</ele>
    <time>2026-05-31T06:27:21Z</time>
   </trkpt>
   <trkpt lat="47.2933220" lon="11.2130740">
    <ele>1093.9</ele>
    <time>2026-05-31T06:27:22Z</time>
   </trkpt>
   <trkpt lat="47.2933320" lon="11.2130660">
    <ele>1093.9</ele>
    <time>2026-05-31T06:27:23Z</time>
   </trkpt>
   <trkpt lat="47.2933620" lon="11.2130440">
    <ele>1094.0</ele>
    <time>2026-05-31T06:27:24Z</time>
   </trkpt>
   <trkpt lat="47.2933780" lon="11.2130420">
    <ele>1094.0</ele>
    <time>2026-05-31T06:27:25Z</time>
   </trkpt>
   <trkpt lat="47.2934150" lon="11.2130290">
    <ele>1094.1</ele>
    <time>2026-05-31T06:27:26Z</time>
   </trkpt>
   <trkpt lat="47.2934270" lon="11.2130230">
    <ele>1094.2</ele>
    <time>2026-05-31T06:27:27Z</time>
   </trkpt>
   <trkpt lat="47.2934580" lon="11.2130320">
    <ele>1094.3</ele>
    <time>2026-05-31T06:27:28Z</time>
   </trkpt>
   <trkpt lat="47.2934730" lon="11.2129900">
    <ele>1094.4</ele>
    <time>2026-05-31T06:27:29Z</time>
   </trkpt>
   <trkpt lat="47.2934900" lon="11.2129520">
    <ele>1094.5</ele>
    <time>2026-05-31T06:27:30Z</time>
   </trkpt>
   <trkpt lat="47.2934930" lon="11.2129380">
    <ele>1094.6</ele>
    <time>2026-05-31T06:27:31Z</time>
   </trkpt>
   <trkpt lat="47.2935060" lon="11.2129070">
    <ele>1094.7</ele>
    <time>2026-05-31T06:27:32Z</time>
   </trkpt>
   <trkpt lat="47.2935010" lon="11.2128860">
    <ele>1094.8</ele>
    <time>2026-05-31T06:27:33Z</time>
   </trkpt>
   <trkpt lat="47.2935040" lon="11.2128480">
    <ele>1094.9</ele>
    <time>2026-05-31T06:27:34Z</time>
   </trkpt>
   <trkpt lat="47.2935120" lon="11.2128230">
    <ele>1095.0</ele>
    <time>2026-05-31T06:27:35Z</time>
   </trkpt>
   <trkpt lat="47.2935210" lon="11.2127970">
    <ele>1095.1</ele>
    <time>2026-05-31T06:27:36Z</time>
   </trkpt>
   <trkpt lat="47.2935290" lon="11.2127570">
    <ele>1095.3</ele>
    <time>2026-05-31T06:27:37Z</time>
   </trkpt>
   <trkpt lat="47.2935240" lon="11.2127140">
    <ele>1095.5</ele>
    <time>2026-05-31T06:27:38Z</time>
   </trkpt>
   <trkpt lat="47.2935280" lon="11.2127020">
    <ele>1095.5</ele>
    <time>2026-05-31T06:27:39Z</time>
   </trkpt>
   <trkpt lat="47.2935480" lon="11.2126580">
    <ele>1095.7</ele>
    <time>2026-05-31T06:27:40Z</time>
   </trkpt>
   <trkpt lat="47.2935540" lon="11.2126450">
    <ele>1095.8</ele>
    <time>2026-05-31T06:27:41Z</time>
   </trkpt>
   <trkpt lat="47.2935620" lon="11.2125970">
    <ele>1095.9</ele>
    <time>2026-05-31T06:27:42Z</time>
   </trkpt>
   <trkpt lat="47.2935640" lon="11.2125840">
    <ele>1096.0</ele>
    <time>2026-05-31T06:27:43Z</time>
   </trkpt>
   <trkpt lat="47.2935820" lon="11.2125410">
    <ele>1096.2</ele>
    <time>2026-05-31T06:27:44Z</time>
   </trkpt>
   <trkpt lat="47.2935880" lon="11.2125270">
    <ele>1096.2</ele>
    <time>2026-05-31T06:27:45Z</time>
   </trkpt>
   <trkpt lat="47.2935870" lon="11.2124970">
    <ele>1096.4</ele>
    <time>2026-05-31T06:27:46Z</time>
   </trkpt>
   <trkpt lat="47.2936050" lon="11.2124820">
    <ele>1096.5</ele>
    <time>2026-05-31T06:27:47Z</time>
   </trkpt>
   <trkpt lat="47.2936220" lon="11.2124510">
    <ele>1096.6</ele>
    <time>2026-05-31T06:27:48Z</time>
   </trkpt>
   <trkpt lat="47.2936250" lon="11.2124340">
    <ele>1096.7</ele>
    <time>2026-05-31T06:27:49Z</time>
   </trkpt>
   <trkpt lat="47.2936320" lon="11.2124030">
    <ele>1096.8</ele>
    <time>2026-05-31T06:27:50Z</time>
   </trkpt>
   <trkpt lat="47.2936450" lon="11.2123930">
    <ele>1096.8</ele>
    <time>2026-05-31T06:27:51Z</time>
   </trkpt>
   <trkpt lat="47.2936580" lon="11.2123830">
    <ele>1096.9</ele>
    <time>2026-05-31T06:27:52Z</time>
   </trkpt>
   <trkpt lat="47.2936720" lon="11.2123350">
    <ele>1097.0</ele>
    <time>2026-05-31T06:27:53Z</time>
   </trkpt>
   <trkpt lat="47.2936710" lon="11.2123180">
    <ele>1097.1</ele>
    <time>2026-05-31T06:27:54Z</time>
   </trkpt>
   <trkpt lat="47.2936720" lon="11.2122830">
    <ele>1097.1</ele>
    <time>2026-05-31T06:27:55Z</time>
   </trkpt>
   <trkpt lat="47.2936790" lon="11.2122630">
    <ele>1097.2</ele>
    <time>2026-05-31T06:27:56Z</time>
   </trkpt>
   <trkpt lat="47.2936860" lon="11.2122440">
    <ele>1097.2</ele>
    <time>2026-05-31T06:27:57Z</time>
   </trkpt>
   <trkpt lat="47.2937060" lon="11.2122060">
    <ele>1097.3</ele>
    <time>2026-05-31T06:27:58Z</time>
   </trkpt>
   <trkpt lat="47.2937070" lon="11.2121940">
    <ele>1097.3</ele>
    <time>2026-05-31T06:27:59Z</time>
   </trkpt>
   <trkpt lat="47.2937170" lon="11.2121770">
    <ele>1097.4</ele>
    <time>2026-05-31T06:28:00Z</time>
   </trkpt>
   <trkpt lat="47.2937310" lon="11.2121610">
    <ele>1097.4</ele>
    <time>2026-05-31T06:28:01Z</time>
   </trkpt>
   <trkpt lat="47.2937370" lon="11.2121420">
    <ele>1097.5</ele>
    <time>2026-05-31T06:28:02Z</time>
   </trkpt>
   <trkpt lat="47.2937490" lon="11.2121290">
    <ele>1097.5</ele>
    <time>2026-05-31T06:28:03Z</time>
   </trkpt>
   <trkpt lat="47.2937560" lon="11.2120880">
    <ele>1097.6</ele>
    <time>2026-05-31T06:28:04Z</time>
   </trkpt>
   <trkpt lat="47.2937580" lon="11.2120720">
    <ele>1097.6</ele>
    <time>2026-05-31T06:28:05Z</time>
   </trkpt>
   <trkpt lat="47.2937740" lon="11.2120340">
    <ele>1097.7</ele>
    <time>2026-05-31T06:28:06Z</time>
   </trkpt>
   <trkpt lat="47.2937770" lon="11.2120220">
    <ele>1097.7</ele>
    <time>2026-05-31T06:28:07Z</time>
   </trkpt>
   <trkpt lat="47.2937820" lon="11.2119710">
    <ele>1097.8</ele>
    <time>2026-05-31T06:28:08Z</time>
   </trkpt>
   <trkpt lat="47.2937840" lon="11.2119570">
    <ele>1097.9</ele>
    <time>2026-05-31T06:28:09Z</time>
   </trkpt>
   <trkpt lat="47.2937880" lon="11.2119150">
    <ele>1098.0</ele>
    <time>2026-05-31T06:28:10Z</time>
   </trkpt>
   <trkpt lat="47.2937910" lon="11.2119010">
    <ele>1098.0</ele>
    <time>2026-05-31T06:28:11Z</time>
   </trkpt>
   <trkpt lat="47.2937910" lon="11.2118510">
    <ele>1098.1</ele>
    <time>2026-05-31T06:28:12Z</time>
   </trkpt>
   <trkpt lat="47.2937880" lon="11.2118360">
    <ele>1098.2</ele>
    <time>2026-05-31T06:28:13Z</time>
   </trkpt>
   <trkpt lat="47.2937820" lon="11.2117880">
    <ele>1098.3</ele>
    <time>2026-05-31T06:28:14Z</time>
   </trkpt>
   <trkpt lat="47.2937820" lon="11.2117750">
    <ele>1098.3</ele>
    <time>2026-05-31T06:28:15Z</time>
   </trkpt>
   <trkpt lat="47.2937800" lon="11.2117290">
    <ele>1098.4</ele>
    <time>2026-05-31T06:28:16Z</time>
   </trkpt>
   <trkpt lat="47.2937800" lon="11.2117110">
    <ele>1098.5</ele>
    <time>2026-05-31T06:28:17Z</time>
   </trkpt>
   <trkpt lat="47.2937870" lon="11.2116690">
    <ele>1098.6</ele>
    <time>2026-05-31T06:28:18Z</time>
   </trkpt>
   <trkpt lat="47.2937920" lon="11.2116550">
    <ele>1098.6</ele>
    <time>2026-05-31T06:28:19Z</time>
   </trkpt>
   <trkpt lat="47.2938040" lon="11.2116150">
    <ele>1098.7</ele>
    <time>2026-05-31T06:28:20Z</time>
   </trkpt>
   <trkpt lat="47.2938100" lon="11.2115990">
    <ele>1098.8</ele>
    <time>2026-05-31T06:28:21Z</time>
   </trkpt>
   <trkpt lat="47.2938220" lon="11.2115800">
    <ele>1098.8</ele>
    <time>2026-05-31T06:28:22Z</time>
   </trkpt>
   <trkpt lat="47.2938220" lon="11.2115510">
    <ele>1098.9</ele>
    <time>2026-05-31T06:28:23Z</time>
   </trkpt>
   <trkpt lat="47.2938440" lon="11.2115110">
    <ele>1099.0</ele>
    <time>2026-05-31T06:28:24Z</time>
   </trkpt>
   <trkpt lat="47.2938530" lon="11.2114960">
    <ele>1099.0</ele>
    <time>2026-05-31T06:28:25Z</time>
   </trkpt>
   <trkpt lat="47.2938770" lon="11.2114640">
    <ele>1099.1</ele>
    <time>2026-05-31T06:28:27Z</time>
   </trkpt>
   <trkpt lat="47.2939030" lon="11.2114400">
    <ele>1099.2</ele>
    <time>2026-05-31T06:28:28Z</time>
   </trkpt>
   <trkpt lat="47.2939040" lon="11.2114050">
    <ele>1099.2</ele>
    <time>2026-05-31T06:28:29Z</time>
   </trkpt>
   <trkpt lat="47.2939030" lon="11.2113810">
    <ele>1099.3</ele>
    <time>2026-05-31T06:28:30Z</time>
   </trkpt>
   <trkpt lat="47.2939030" lon="11.2113690">
    <ele>1099.3</ele>
    <time>2026-05-31T06:28:31Z</time>
   </trkpt>
   <trkpt lat="47.2939170" lon="11.2113340">
    <ele>1099.4</ele>
    <time>2026-05-31T06:28:32Z</time>
   </trkpt>
   <trkpt lat="47.2939250" lon="11.2112890">
    <ele>1099.5</ele>
    <time>2026-05-31T06:28:33Z</time>
   </trkpt>
   <trkpt lat="47.2939210" lon="11.2112330">
    <ele>1099.6</ele>
    <time>2026-05-31T06:28:34Z</time>
   </trkpt>
   <trkpt lat="47.2939200" lon="11.2112150">
    <ele>1099.6</ele>
    <time>2026-05-31T06:28:35Z</time>
   </trkpt>
   <trkpt lat="47.2939320" lon="11.2111770">
    <ele>1099.7</ele>
    <time>2026-05-31T06:28:36Z</time>
   </trkpt>
   <trkpt lat="47.2939330" lon="11.2111620">
    <ele>1099.7</ele>
    <time>2026-05-31T06:28:37Z</time>
   </trkpt>
   <trkpt lat="47.2939330" lon="11.2111180">
    <ele>1099.8</ele>
    <time>2026-05-31T06:28:38Z</time>
   </trkpt>
   <trkpt lat="47.2939340" lon="11.2111070">
    <ele>1099.8</ele>
    <time>2026-05-31T06:28:39Z</time>
   </trkpt>
   <trkpt lat="47.2939500" lon="11.2110540">
    <ele>1099.9</ele>
    <time>2026-05-31T06:28:40Z</time>
   </trkpt>
   <trkpt lat="47.2939520" lon="11.2110340">
    <ele>1100.0</ele>
    <time>2026-05-31T06:28:41Z</time>
   </trkpt>
   <trkpt lat="47.2939590" lon="11.2109900">
    <ele>1100.1</ele>
    <time>2026-05-31T06:28:42Z</time>
   </trkpt>
   <trkpt lat="47.2939650" lon="11.2109770">
    <ele>1100.1</ele>
    <time>2026-05-31T06:28:43Z</time>
   </trkpt>
   <trkpt lat="47.2939760" lon="11.2109310">
    <ele>1100.2</ele>
    <time>2026-05-31T06:28:44Z</time>
   </trkpt>
   <trkpt lat="47.2939840" lon="11.2109150">
    <ele>1100.3</ele>
    <time>2026-05-31T06:28:45Z</time>
   </trkpt>
   <trkpt lat="47.2939980" lon="11.2108980">
    <ele>1100.3</ele>
    <time>2026-05-31T06:28:46Z</time>
   </trkpt>
   <trkpt lat="47.2940050" lon="11.2108730">
    <ele>1100.4</ele>
    <time>2026-05-31T06:28:47Z</time>
   </trkpt>
   <trkpt lat="47.2940250" lon="11.2108310">
    <ele>1100.6</ele>
    <time>2026-05-31T06:28:48Z</time>
   </trkpt>
   <trkpt lat="47.2940300" lon="11.2108190">
    <ele>1100.6</ele>
    <time>2026-05-31T06:28:49Z</time>
   </trkpt>
   <trkpt lat="47.2940470" lon="11.2107820">
    <ele>1100.8</ele>
    <time>2026-05-31T06:28:50Z</time>
   </trkpt>
   <trkpt lat="47.2940500" lon="11.2107700">
    <ele>1100.8</ele>
    <time>2026-05-31T06:28:51Z</time>
   </trkpt>
   <trkpt lat="47.2940700" lon="11.2107330">
    <ele>1101.0</ele>
    <time>2026-05-31T06:28:52Z</time>
   </trkpt>
   <trkpt lat="47.2940760" lon="11.2107170">
    <ele>1101.1</ele>
    <time>2026-05-31T06:28:53Z</time>
   </trkpt>
   <trkpt lat="47.2940920" lon="11.2106780">
    <ele>1101.3</ele>
    <time>2026-05-31T06:28:54Z</time>
   </trkpt>
   <trkpt lat="47.2940920" lon="11.2106580">
    <ele>1101.4</ele>
    <time>2026-05-31T06:28:55Z</time>
   </trkpt>
   <trkpt lat="47.2941100" lon="11.2106260">
    <ele>1101.6</ele>
    <time>2026-05-31T06:28:56Z</time>
   </trkpt>
   <trkpt lat="47.2941200" lon="11.2106140">
    <ele>1101.7</ele>
    <time>2026-05-31T06:28:57Z</time>
   </trkpt>
   <trkpt lat="47.2941460" lon="11.2105810">
    <ele>1101.9</ele>
    <time>2026-05-31T06:28:58Z</time>
   </trkpt>
   <trkpt lat="47.2941510" lon="11.2105730">
    <ele>1101.9</ele>
    <time>2026-05-31T06:28:59Z</time>
   </trkpt>
   <trkpt lat="47.2941720" lon="11.2105410">
    <ele>1102.1</ele>
    <time>2026-05-31T06:29:00Z</time>
   </trkpt>
   <trkpt lat="47.2941770" lon="11.2105280">
    <ele>1102.2</ele>
    <time>2026-05-31T06:29:01Z</time>
   </trkpt>
   <trkpt lat="47.2941830" lon="11.2104830">
    <ele>1102.3</ele>
    <time>2026-05-31T06:29:02Z</time>
   </trkpt>
   <trkpt lat="47.2942180" lon="11.2104860">
    <ele>1102.5</ele>
    <time>2026-05-31T06:29:03Z</time>
   </trkpt>
   <trkpt lat="47.2942300" lon="11.2104960">
    <ele>1102.5</ele>
    <time>2026-05-31T06:29:04Z</time>
   </trkpt>
   <trkpt lat="47.2942370" lon="11.2104530">
    <ele>1102.7</ele>
    <time>2026-05-31T06:29:05Z</time>
   </trkpt>
   <trkpt lat="47.2942420" lon="11.2104420">
    <ele>1102.7</ele>
    <time>2026-05-31T06:29:06Z</time>
   </trkpt>
   <trkpt lat="47.2942630" lon="11.2104170">
    <ele>1102.8</ele>
    <time>2026-05-31T06:29:07Z</time>
   </trkpt>
   <trkpt lat="47.2942740" lon="11.2103770">
    <ele>1102.9</ele>
    <time>2026-05-31T06:29:08Z</time>
   </trkpt>
   <trkpt lat="47.2942820" lon="11.2103720">
    <ele>1102.9</ele>
    <time>2026-05-31T06:29:09Z</time>
   </trkpt>
   <trkpt lat="47.2943070" lon="11.2103600">
    <ele>1103.0</ele>
    <time>2026-05-31T06:29:10Z</time>
   </trkpt>
   <trkpt lat="47.2943230" lon="11.2103530">
    <ele>1103.0</ele>
    <time>2026-05-31T06:29:11Z</time>
   </trkpt>
   <trkpt lat="47.2943370" lon="11.2103470">
    <ele>1103.1</ele>
    <time>2026-05-31T06:29:12Z</time>
   </trkpt>
   <trkpt lat="47.2943600" lon="11.2103070">
    <ele>1103.2</ele>
    <time>2026-05-31T06:29:13Z</time>
   </trkpt>
   <trkpt lat="47.2943660" lon="11.2102910">
    <ele>1103.2</ele>
    <time>2026-05-31T06:29:14Z</time>
   </trkpt>
   <trkpt lat="47.2943780" lon="11.2102730">
    <ele>1103.3</ele>
    <time>2026-05-31T06:29:15Z</time>
   </trkpt>
   <trkpt lat="47.2943870" lon="11.2102570">
    <ele>1103.3</ele>
    <time>2026-05-31T06:29:16Z</time>
   </trkpt>
   <trkpt lat="47.2943980" lon="11.2102360">
    <ele>1103.4</ele>
    <time>2026-05-31T06:29:17Z</time>
   </trkpt>
   <trkpt lat="47.2944090" lon="11.2102240">
    <ele>1103.4</ele>
    <time>2026-05-31T06:29:18Z</time>
   </trkpt>
   <trkpt lat="47.2944330" lon="11.2101860">
    <ele>1103.6</ele>
    <time>2026-05-31T06:29:19Z</time>
   </trkpt>
   <trkpt lat="47.2944380" lon="11.2101700">
    <ele>1103.6</ele>
    <time>2026-05-31T06:29:20Z</time>
   </trkpt>
   <trkpt lat="47.2944520" lon="11.2101270">
    <ele>1103.8</ele>
    <time>2026-05-31T06:29:21Z</time>
   </trkpt>
   <trkpt lat="47.2944570" lon="11.2101100">
    <ele>1103.8</ele>
    <time>2026-05-31T06:29:22Z</time>
   </trkpt>
   <trkpt lat="47.2944720" lon="11.2100900">
    <ele>1103.9</ele>
    <time>2026-05-31T06:29:23Z</time>
   </trkpt>
   <trkpt lat="47.2944800" lon="11.2100740">
    <ele>1104.0</ele>
    <time>2026-05-31T06:29:24Z</time>
   </trkpt>
   <trkpt lat="47.2944850" lon="11.2100230">
    <ele>1104.1</ele>
    <time>2026-05-31T06:29:25Z</time>
   </trkpt>
   <trkpt lat="47.2944810" lon="11.2100060">
    <ele>1104.2</ele>
    <time>2026-05-31T06:29:26Z</time>
   </trkpt>
   <trkpt lat="47.2944910" lon="11.2099610">
    <ele>1104.3</ele>
    <time>2026-05-31T06:29:27Z</time>
   </trkpt>
   <trkpt lat="47.2944980" lon="11.2099450">
    <ele>1104.4</ele>
    <time>2026-05-31T06:29:28Z</time>
   </trkpt>
   <trkpt lat="47.2944990" lon="11.2098990">
    <ele>1104.6</ele>
    <time>2026-05-31T06:29:29Z</time>
   </trkpt>
   <trkpt lat="47.2945030" lon="11.2098860">
    <ele>1104.6</ele>
    <time>2026-05-31T06:29:30Z</time>
   </trkpt>
   <trkpt lat="47.2945010" lon="11.2098410">
    <ele>1104.8</ele>
    <time>2026-05-31T06:29:31Z</time>
   </trkpt>
   <trkpt lat="47.2945050" lon="11.2098270">
    <ele>1104.9</ele>
    <time>2026-05-31T06:29:32Z</time>
   </trkpt>
   <trkpt lat="47.2945110" lon="11.2097800">
    <ele>1105.1</ele>
    <time>2026-05-31T06:29:33Z</time>
   </trkpt>
   <trkpt lat="47.2945270" lon="11.2097660">
    <ele>1105.2</ele>
    <time>2026-05-31T06:29:34Z</time>
   </trkpt>
   <trkpt lat="47.2945340" lon="11.2097440">
    <ele>1105.3</ele>
    <time>2026-05-31T06:29:35Z</time>
   </trkpt>
   <trkpt lat="47.2945450" lon="11.2097050">
    <ele>1105.5</ele>
    <time>2026-05-31T06:29:36Z</time>
   </trkpt>
   <trkpt lat="47.2945440" lon="11.2096890">
    <ele>1105.6</ele>
    <time>2026-05-31T06:29:37Z</time>
   </trkpt>
   <trkpt lat="47.2945460" lon="11.2096730">
    <ele>1105.7</ele>
    <time>2026-05-31T06:29:38Z</time>
   </trkpt>
   <trkpt lat="47.2945540" lon="11.2096500">
    <ele>1105.8</ele>
    <time>2026-05-31T06:29:39Z</time>
   </trkpt>
   <trkpt lat="47.2945690" lon="11.2096160">
    <ele>1106.0</ele>
    <time>2026-05-31T06:29:40Z</time>
   </trkpt>
   <trkpt lat="47.2945820" lon="11.2096090">
    <ele>1106.1</ele>
    <time>2026-05-31T06:29:41Z</time>
   </trkpt>
   <trkpt lat="47.2945940" lon="11.2095860">
    <ele>1106.2</ele>
    <time>2026-05-31T06:29:42Z</time>
   </trkpt>
   <trkpt lat="47.2945980" lon="11.2095730">
    <ele>1106.3</ele>
    <time>2026-05-31T06:29:43Z</time>
   </trkpt>
   <trkpt lat="47.2946010" lon="11.2095610">
    <ele>1106.3</ele>
    <time>2026-05-31T06:29:44Z</time>
   </trkpt>
   <trkpt lat="47.2946160" lon="11.2095500">
    <ele>1106.4</ele>
    <time>2026-05-31T06:29:45Z</time>
   </trkpt>
   <trkpt lat="47.2946230" lon="11.2095340">
    <ele>1106.5</ele>
    <time>2026-05-31T06:29:46Z</time>
   </trkpt>
   <trkpt lat="47.2946260" lon="11.2095340">
    <ele>1106.5</ele>
    <time>2026-05-31T06:29:47Z</time>
   </trkpt>
   <trkpt lat="47.2946240" lon="11.2095240">
    <ele>1106.6</ele>
    <time>2026-05-31T06:29:48Z</time>
   </trkpt>
   <trkpt lat="47.2946340" lon="11.2095090">
    <ele>1106.6</ele>
    <time>2026-05-31T06:29:49Z</time>
   </trkpt>
   <trkpt lat="47.2946440" lon="11.2094920">
    <ele>1106.6</ele>
    <time>2026-05-31T06:29:50Z</time>
   </trkpt>
   <trkpt lat="47.2946690" lon="11.2094720">
    <ele>1106.5</ele>
    <time>2026-05-31T06:29:51Z</time>
   </trkpt>
   <trkpt lat="47.2946790" lon="11.2094690">
    <ele>1106.5</ele>
    <time>2026-05-31T06:29:52Z</time>
   </trkpt>
   <trkpt lat="47.2947060" lon="11.2094310">
    <ele>1106.4</ele>
    <time>2026-05-31T06:29:53Z</time>
   </trkpt>
   <trkpt lat="47.2947100" lon="11.2094110">
    <ele>1106.3</ele>
    <time>2026-05-31T06:29:54Z</time>
   </trkpt>
   <trkpt lat="47.2947390" lon="11.2093980">
    <ele>1106.1</ele>
    <time>2026-05-31T06:29:55Z</time>
   </trkpt>
   <trkpt lat="47.2947760" lon="11.2093930">
    <ele>1105.8</ele>
    <time>2026-05-31T06:29:56Z</time>
   </trkpt>
   <trkpt lat="47.2947920" lon="11.2093940">
    <ele>1105.6</ele>
    <time>2026-05-31T06:29:57Z</time>
   </trkpt>
   <trkpt lat="47.2948170" lon="11.2093800">
    <ele>1105.4</ele>
    <time>2026-05-31T06:29:58Z</time>
   </trkpt>
   <trkpt lat="47.2948280" lon="11.2093710">
    <ele>1105.3</ele>
    <time>2026-05-31T06:29:59Z</time>
   </trkpt>
   <trkpt lat="47.2948610" lon="11.2093620">
    <ele>1104.9</ele>
    <time>2026-05-31T06:30:00Z</time>
   </trkpt>
   <trkpt lat="47.2948730" lon="11.2093610">
    <ele>1104.8</ele>
    <time>2026-05-31T06:30:01Z</time>
   </trkpt>
   <trkpt lat="47.2948980" lon="11.2093480">
    <ele>1104.5</ele>
    <time>2026-05-31T06:30:02Z</time>
   </trkpt>
   <trkpt lat="47.2949140" lon="11.2093500">
    <ele>1104.3</ele>
    <time>2026-05-31T06:30:03Z</time>
   </trkpt>
   <trkpt lat="47.2949470" lon="11.2093370">
    <ele>1103.9</ele>
    <time>2026-05-31T06:30:04Z</time>
   </trkpt>
   <trkpt lat="47.2949610" lon="11.2093350">
    <ele>1103.8</ele>
    <time>2026-05-31T06:30:05Z</time>
   </trkpt>
   <trkpt lat="47.2949830" lon="11.2093380">
    <ele>1103.5</ele>
    <time>2026-05-31T06:30:06Z</time>
   </trkpt>
   <trkpt lat="47.2949950" lon="11.2093310">
    <ele>1103.3</ele>
    <time>2026-05-31T06:30:07Z</time>
   </trkpt>
   <trkpt lat="47.2950260" lon="11.2093000">
    <ele>1102.9</ele>
    <time>2026-05-31T06:30:08Z</time>
   </trkpt>
   <trkpt lat="47.2950360" lon="11.2092910">
    <ele>1102.7</ele>
    <time>2026-05-31T06:30:09Z</time>
   </trkpt>
   <trkpt lat="47.2950710" lon="11.2092780">
    <ele>1102.3</ele>
    <time>2026-05-31T06:30:10Z</time>
   </trkpt>
   <trkpt lat="47.2950820" lon="11.2092670">
    <ele>1102.1</ele>
    <time>2026-05-31T06:30:11Z</time>
   </trkpt>
   <trkpt lat="47.2951090" lon="11.2092460">
    <ele>1101.7</ele>
    <time>2026-05-31T06:30:12Z</time>
   </trkpt>
   <trkpt lat="47.2951160" lon="11.2092380">
    <ele>1101.6</ele>
    <time>2026-05-31T06:30:13Z</time>
   </trkpt>
   <trkpt lat="47.2951440" lon="11.2092140">
    <ele>1101.2</ele>
    <time>2026-05-31T06:30:14Z</time>
   </trkpt>
   <trkpt lat="47.2951510" lon="11.2092020">
    <ele>1101.0</ele>
    <time>2026-05-31T06:30:15Z</time>
   </trkpt>
   <trkpt lat="47.2951630" lon="11.2091890">
    <ele>1100.8</ele>
    <time>2026-05-31T06:30:16Z</time>
   </trkpt>
   <trkpt lat="47.2951730" lon="11.2091600">
    <ele>1100.5</ele>
    <time>2026-05-31T06:30:17Z</time>
   </trkpt>
   <trkpt lat="47.2951910" lon="11.2091210">
    <ele>1100.1</ele>
    <time>2026-05-31T06:30:18Z</time>
   </trkpt>
   <trkpt lat="47.2951990" lon="11.2091110">
    <ele>1099.9</ele>
    <time>2026-05-31T06:30:19Z</time>
   </trkpt>
   <trkpt lat="47.2952100" lon="11.2090590">
    <ele>1099.4</ele>
    <time>2026-05-31T06:30:20Z</time>
   </trkpt>
   <trkpt lat="47.2952160" lon="11.2090430">
    <ele>1099.2</ele>
    <time>2026-05-31T06:30:21Z</time>
   </trkpt>
   <trkpt lat="47.2952220" lon="11.2090010">
    <ele>1098.8</ele>
    <time>2026-05-31T06:30:22Z</time>
   </trkpt>
   <trkpt lat="47.2952440" lon="11.2089630">
    <ele>1098.3</ele>
    <time>2026-05-31T06:30:23Z</time>
   </trkpt>
   <trkpt lat="47.2952480" lon="11.2089450">
    <ele>1098.1</ele>
    <time>2026-05-31T06:30:24Z</time>
   </trkpt>
   <trkpt lat="47.2952630" lon="11.2089040">
    <ele>1097.7</ele>
    <time>2026-05-31T06:30:25Z</time>
   </trkpt>
   <trkpt lat="47.2952680" lon="11.2088950">
    <ele>1097.6</ele>
    <time>2026-05-31T06:30:26Z</time>
   </trkpt>
   <trkpt lat="47.2952820" lon="11.2088570">
    <ele>1097.2</ele>
    <time>2026-05-31T06:30:27Z</time>
   </trkpt>
   <trkpt lat="47.2952810" lon="11.2088360">
    <ele>1097.1</ele>
    <time>2026-05-31T06:30:28Z</time>
   </trkpt>
   <trkpt lat="47.2952680" lon="11.2087980">
    <ele>1096.2</ele>
    <time>2026-05-31T06:30:29Z</time>
   </trkpt>
   <trkpt lat="47.2952580" lon="11.2087780">
    <ele>1095.9</ele>
    <time>2026-05-31T06:30:30Z</time>
   </trkpt>
   <trkpt lat="47.2952380" lon="11.2087710">
    <ele>1095.7</ele>
    <time>2026-05-31T06:30:31Z</time>
   </trkpt>
   <trkpt lat="47.2952160" lon="11.2087720">
    <ele>1095.4</ele>
    <time>2026-05-31T06:30:32Z</time>
   </trkpt>
   <trkpt lat="47.2952060" lon="11.2087630">
    <ele>1095.2</ele>
    <time>2026-05-31T06:30:33Z</time>
   </trkpt>
   <trkpt lat="47.2952040" lon="11.2087670">
    <ele>1095.2</ele>
    <time>2026-05-31T06:30:34Z</time>
   </trkpt>
   <trkpt lat="47.2952060" lon="11.2087900">
    <ele>1094.9</ele>
    <time>2026-05-31T06:30:35Z</time>
   </trkpt>
   <trkpt lat="47.2951970" lon="11.2088030">
    <ele>1094.8</ele>
    <time>2026-05-31T06:30:36Z</time>
   </trkpt>
   <trkpt lat="47.2951890" lon="11.2088100">
    <ele>1094.6</ele>
    <time>2026-05-31T06:30:37Z</time>
   </trkpt>
   <trkpt lat="47.2951760" lon="11.2088170">
    <ele>1094.5</ele>
    <time>2026-05-31T06:30:38Z</time>
   </trkpt>
   <trkpt lat="47.2951670" lon="11.2088210">
    <ele>1094.3</ele>
    <time>2026-05-31T06:30:39Z</time>
   </trkpt>
   <trkpt lat="47.2951500" lon="11.2088210">
    <ele>1094.1</ele>
    <time>2026-05-31T06:30:40Z</time>
   </trkpt>
   <trkpt lat="47.2951370" lon="11.2088250">
    <ele>1093.9</ele>
    <time>2026-05-31T06:30:41Z</time>
   </trkpt>
   <trkpt lat="47.2951250" lon="11.2088210">
    <ele>1093.7</ele>
    <time>2026-05-31T06:30:42Z</time>
   </trkpt>
   <trkpt lat="47.2951090" lon="11.2088350">
    <ele>1093.5</ele>
    <time>2026-05-31T06:30:43Z</time>
   </trkpt>
   <trkpt lat="47.2950750" lon="11.2088350">
    <ele>1093.0</ele>
    <time>2026-05-31T06:30:44Z</time>
   </trkpt>
   <trkpt lat="47.2950640" lon="11.2088390">
    <ele>1092.9</ele>
    <time>2026-05-31T06:30:45Z</time>
   </trkpt>
   <trkpt lat="47.2950350" lon="11.2088460">
    <ele>1092.5</ele>
    <time>2026-05-31T06:30:46Z</time>
   </trkpt>
   <trkpt lat="47.2950000" lon="11.2088300">
    <ele>1092.0</ele>
    <time>2026-05-31T06:30:47Z</time>
   </trkpt>
   <trkpt lat="47.2949890" lon="11.2088260">
    <ele>1091.9</ele>
    <time>2026-05-31T06:30:48Z</time>
   </trkpt>
   <trkpt lat="47.2949620" lon="11.2088180">
    <ele>1091.5</ele>
    <time>2026-05-31T06:30:49Z</time>
   </trkpt>
   <trkpt lat="47.2949330" lon="11.2088150">
    <ele>1091.1</ele>
    <time>2026-05-31T06:30:50Z</time>
   </trkpt>
   <trkpt lat="47.2949220" lon="11.2088090">
    <ele>1091.0</ele>
    <time>2026-05-31T06:30:51Z</time>
   </trkpt>
   <trkpt lat="47.2948950" lon="11.2087740">
    <ele>1090.5</ele>
    <time>2026-05-31T06:30:52Z</time>
   </trkpt>
   <trkpt lat="47.2948870" lon="11.2087630">
    <ele>1090.4</ele>
    <time>2026-05-31T06:30:53Z</time>
   </trkpt>
   <trkpt lat="47.2948580" lon="11.2087650">
    <ele>1090.1</ele>
    <time>2026-05-31T06:30:54Z</time>
   </trkpt>
   <trkpt lat="47.2948280" lon="11.2087470">
    <ele>1089.7</ele>
    <time>2026-05-31T06:30:55Z</time>
   </trkpt>
   <trkpt lat="47.2948190" lon="11.2087370">
    <ele>1089.5</ele>
    <time>2026-05-31T06:30:56Z</time>
   </trkpt>
   <trkpt lat="47.2947930" lon="11.2087210">
    <ele>1089.2</ele>
    <time>2026-05-31T06:30:57Z</time>
   </trkpt>
   <trkpt lat="47.2947670" lon="11.2087040">
    <ele>1088.9</ele>
    <time>2026-05-31T06:30:58Z</time>
   </trkpt>
   <trkpt lat="47.2947600" lon="11.2086970">
    <ele>1088.8</ele>
    <time>2026-05-31T06:30:59Z</time>
   </trkpt>
   <trkpt lat="47.2947450" lon="11.2086410">
    <ele>1088.3</ele>
    <time>2026-05-31T06:31:00Z</time>
   </trkpt>
   <trkpt lat="47.2947420" lon="11.2086180">
    <ele>1088.1</ele>
    <time>2026-05-31T06:31:01Z</time>
   </trkpt>
   <trkpt lat="47.2947240" lon="11.2085610">
    <ele>1087.6</ele>
    <time>2026-05-31T06:31:02Z</time>
   </trkpt>
   <trkpt lat="47.2947180" lon="11.2085390">
    <ele>1087.4</ele>
    <time>2026-05-31T06:31:03Z</time>
   </trkpt>
   <trkpt lat="47.2946980" lon="11.2085080">
    <ele>1087.0</ele>
    <time>2026-05-31T06:31:04Z</time>
   </trkpt>
   <trkpt lat="47.2946900" lon="11.2085040">
    <ele>1086.9</ele>
    <time>2026-05-31T06:31:05Z</time>
   </trkpt>
   <trkpt lat="47.2946590" lon="11.2084840">
    <ele>1086.5</ele>
    <time>2026-05-31T06:31:06Z</time>
   </trkpt>
   <trkpt lat="47.2946450" lon="11.2084830">
    <ele>1086.3</ele>
    <time>2026-05-31T06:31:07Z</time>
   </trkpt>
   <trkpt lat="47.2946260" lon="11.2084890">
    <ele>1086.1</ele>
    <time>2026-05-31T06:31:08Z</time>
   </trkpt>
   <trkpt lat="47.2946110" lon="11.2084760">
    <ele>1085.9</ele>
    <time>2026-05-31T06:31:09Z</time>
   </trkpt>
   <trkpt lat="47.2945730" lon="11.2084550">
    <ele>1085.4</ele>
    <time>2026-05-31T06:31:10Z</time>
   </trkpt>
   <trkpt lat="47.2945580" lon="11.2084480">
    <ele>1085.2</ele>
    <time>2026-05-31T06:31:11Z</time>
   </trkpt>
   <trkpt lat="47.2945340" lon="11.2084120">
    <ele>1084.6</ele>
    <time>2026-05-31T06:31:12Z</time>
   </trkpt>
   <trkpt lat="47.2945240" lon="11.2083980">
    <ele>1084.4</ele>
    <time>2026-05-31T06:31:13Z</time>
   </trkpt>
   <trkpt lat="47.2945070" lon="11.2083560">
    <ele>1083.8</ele>
    <time>2026-05-31T06:31:14Z</time>
   </trkpt>
   <trkpt lat="47.2944990" lon="11.2083410">
    <ele>1083.6</ele>
    <time>2026-05-31T06:31:15Z</time>
   </trkpt>
   <trkpt lat="47.2944850" lon="11.2083210">
    <ele>1083.2</ele>
    <time>2026-05-31T06:31:16Z</time>
   </trkpt>
   <trkpt lat="47.2944730" lon="11.2083050">
    <ele>1082.8</ele>
    <time>2026-05-31T06:31:17Z</time>
   </trkpt>
   <trkpt lat="47.2944580" lon="11.2083000">
    <ele>1082.5</ele>
    <time>2026-05-31T06:31:18Z</time>
   </trkpt>
   <trkpt lat="47.2944560" lon="11.2082690">
    <ele>1082.0</ele>
    <time>2026-05-31T06:31:19Z</time>
   </trkpt>
   <trkpt lat="47.2944360" lon="11.2082270">
    <ele>1081.1</ele>
    <time>2026-05-31T06:31:20Z</time>
   </trkpt>
   <trkpt lat="47.2944270" lon="11.2082180">
    <ele>1080.8</ele>
    <time>2026-05-31T06:31:21Z</time>
   </trkpt>
   <trkpt lat="47.2944110" lon="11.2082100">
    <ele>1080.4</ele>
    <time>2026-05-31T06:31:22Z</time>
   </trkpt>
   <trkpt lat="47.2944040" lon="11.2081770">
    <ele>1079.7</ele>
    <time>2026-05-31T06:31:23Z</time>
   </trkpt>
   <trkpt lat="47.2943850" lon="11.2081430">
    <ele>1078.8</ele>
    <time>2026-05-31T06:31:24Z</time>
   </trkpt>
   <trkpt lat="47.2943730" lon="11.2081360">
    <ele>1078.5</ele>
    <time>2026-05-31T06:31:25Z</time>
   </trkpt>
   <trkpt lat="47.2943520" lon="11.2080970">
    <ele>1077.5</ele>
    <time>2026-05-31T06:31:26Z</time>
   </trkpt>
   <trkpt lat="47.2943450" lon="11.2080840">
    <ele>1077.2</ele>
    <time>2026-05-31T06:31:27Z</time>
   </trkpt>
   <trkpt lat="47.2943160" lon="11.2080440">
    <ele>1076.0</ele>
    <time>2026-05-31T06:31:28Z</time>
   </trkpt>
   <trkpt lat="47.2943030" lon="11.2080330">
    <ele>1075.6</ele>
    <time>2026-05-31T06:31:29Z</time>
   </trkpt>
   <trkpt lat="47.2942770" lon="11.2080060">
    <ele>1074.7</ele>
    <time>2026-05-31T06:31:30Z</time>
   </trkpt>
   <trkpt lat="47.2942690" lon="11.2080010">
    <ele>1074.5</ele>
    <time>2026-05-31T06:31:31Z</time>
   </trkpt>
   <trkpt lat="47.2942480" lon="11.2079680">
    <ele>1073.7</ele>
    <time>2026-05-31T06:31:32Z</time>
   </trkpt>
   <trkpt lat="47.2942360" lon="11.2079390">
    <ele>1073.1</ele>
    <time>2026-05-31T06:31:33Z</time>
   </trkpt>
   <trkpt lat="47.2942320" lon="11.2079190">
    <ele>1072.8</ele>
    <time>2026-05-31T06:31:34Z</time>
   </trkpt>
   <trkpt lat="47.2942110" lon="11.2078850">
    <ele>1072.1</ele>
    <time>2026-05-31T06:31:35Z</time>
   </trkpt>
   <trkpt lat="47.2942010" lon="11.2078730">
    <ele>1071.8</ele>
    <time>2026-05-31T06:31:36Z</time>
   </trkpt>
   <trkpt lat="47.2941880" lon="11.2078260">
    <ele>1071.1</ele>
    <time>2026-05-31T06:31:37Z</time>
   </trkpt>
   <trkpt lat="47.2941820" lon="11.2078050">
    <ele>1070.8</ele>
    <time>2026-05-31T06:31:38Z</time>
   </trkpt>
   <trkpt lat="47.2941670" lon="11.2077880">
    <ele>1070.4</ele>
    <time>2026-05-31T06:31:39Z</time>
   </trkpt>
   <trkpt lat="47.2941610" lon="11.2078000">
    <ele>1070.2</ele>
    <time>2026-05-31T06:31:40Z</time>
   </trkpt>
   <trkpt lat="47.2941570" lon="11.2078320">
    <ele>1069.8</ele>
    <time>2026-05-31T06:31:41Z</time>
   </trkpt>
   <trkpt lat="47.2941280" lon="11.2078520">
    <ele>1069.4</ele>
    <time>2026-05-31T06:31:42Z</time>
   </trkpt>
   <trkpt lat="47.2941150" lon="11.2078500">
    <ele>1069.2</ele>
    <time>2026-05-31T06:31:43Z</time>
   </trkpt>
   <trkpt lat="47.2941140" lon="11.2078070">
    <ele>1068.8</ele>
    <time>2026-05-31T06:31:44Z</time>
   </trkpt>
   <trkpt lat="47.2941130" lon="11.2077720">
    <ele>1068.5</ele>
    <time>2026-05-31T06:31:45Z</time>
   </trkpt>
   <trkpt lat="47.2941100" lon="11.2077110">
    <ele>1068.2</ele>
    <time>2026-05-31T06:31:46Z</time>
   </trkpt>
   <trkpt lat="47.2940840" lon="11.2076660">
    <ele>1067.9</ele>
    <time>2026-05-31T06:31:47Z</time>
   </trkpt>
   <trkpt lat="47.2940580" lon="11.2076410">
    <ele>1067.7</ele>
    <time>2026-05-31T06:31:48Z</time>
   </trkpt>
   <trkpt lat="47.2940390" lon="11.2076140">
    <ele>1067.5</ele>
    <time>2026-05-31T06:31:49Z</time>
   </trkpt>
   <trkpt lat="47.2940030" lon="11.2075820">
    <ele>1067.2</ele>
    <time>2026-05-31T06:31:50Z</time>
   </trkpt>
   <trkpt lat="47.2939760" lon="11.2075560">
    <ele>1066.9</ele>
    <time>2026-05-31T06:31:51Z</time>
   </trkpt>
   <trkpt lat="47.2939670" lon="11.2075480">
    <ele>1066.8</ele>
    <time>2026-05-31T06:31:52Z</time>
   </trkpt>
   <trkpt lat="47.2939420" lon="11.2075210">
    <ele>1066.5</ele>
    <time>2026-05-31T06:31:53Z</time>
   </trkpt>
   <trkpt lat="47.2939340" lon="11.2075160">
    <ele>1066.4</ele>
    <time>2026-05-31T06:31:54Z</time>
   </trkpt>
   <trkpt lat="47.2939090" lon="11.2074920">
    <ele>1066.1</ele>
    <time>2026-05-31T06:31:55Z</time>
   </trkpt>
   <trkpt lat="47.2938980" lon="11.2074790">
    <ele>1066.0</ele>
    <time>2026-05-31T06:31:56Z</time>
   </trkpt>
   <trkpt lat="47.2938710" lon="11.2074670">
    <ele>1065.7</ele>
    <time>2026-05-31T06:31:57Z</time>
   </trkpt>
   <trkpt lat="47.2938380" lon="11.2074600">
    <ele>1065.3</ele>
    <time>2026-05-31T06:31:58Z</time>
   </trkpt>
   <trkpt lat="47.2938260" lon="11.2074600">
    <ele>1065.2</ele>
    <time>2026-05-31T06:31:59Z</time>
   </trkpt>
   <trkpt lat="47.2937930" lon="11.2074610">
    <ele>1064.9</ele>
    <time>2026-05-31T06:32:00Z</time>
   </trkpt>
   <trkpt lat="47.2937810" lon="11.2074600">
    <ele>1064.7</ele>
    <time>2026-05-31T06:32:01Z</time>
   </trkpt>
   <trkpt lat="47.2937530" lon="11.2074500">
    <ele>1064.4</ele>
    <time>2026-05-31T06:32:02Z</time>
   </trkpt>
   <trkpt lat="47.2937180" lon="11.2074400">
    <ele>1064.0</ele>
    <time>2026-05-31T06:32:03Z</time>
   </trkpt>
   <trkpt lat="47.2937090" lon="11.2074390">
    <ele>1063.9</ele>
    <time>2026-05-31T06:32:04Z</time>
   </trkpt>
   <trkpt lat="47.2936810" lon="11.2074240">
    <ele>1063.6</ele>
    <time>2026-05-31T06:32:05Z</time>
   </trkpt>
   <trkpt lat="47.2936690" lon="11.2074240">
    <ele>1063.5</ele>
    <time>2026-05-31T06:32:06Z</time>
   </trkpt>
   <trkpt lat="47.2936330" lon="11.2074230">
    <ele>1063.1</ele>
    <time>2026-05-31T06:32:07Z</time>
   </trkpt>
   <trkpt lat="47.2936220" lon="11.2074200">
    <ele>1062.9</ele>
    <time>2026-05-31T06:32:08Z</time>
   </trkpt>
   <trkpt lat="47.2935910" lon="11.2074000">
    <ele>1062.5</ele>
    <time>2026-05-31T06:32:09Z</time>
   </trkpt>
   <trkpt lat="47.2935540" lon="11.2074020">
    <ele>1062.1</ele>
    <time>2026-05-31T06:32:10Z</time>
   </trkpt>
   <trkpt lat="47.2935420" lon="11.2074080">
    <ele>1061.9</ele>
    <time>2026-05-31T06:32:11Z</time>
   </trkpt>
   <trkpt lat="47.2935090" lon="11.2073970">
    <ele>1061.5</ele>
    <time>2026-05-31T06:32:12Z</time>
   </trkpt>
   <trkpt lat="47.2934980" lon="11.2073900">
    <ele>1061.3</ele>
    <time>2026-05-31T06:32:13Z</time>
   </trkpt>
   <trkpt lat="47.2934720" lon="11.2074050">
    <ele>1060.9</ele>
    <time>2026-05-31T06:32:14Z</time>
   </trkpt>
   <trkpt lat="47.2934420" lon="11.2074000">
    <ele>1060.5</ele>
    <time>2026-05-31T06:32:15Z</time>
   </trkpt>
   <trkpt lat="47.2934300" lon="11.2074020">
    <ele>1060.4</ele>
    <time>2026-05-31T06:32:16Z</time>
   </trkpt>
   <trkpt lat="47.2933930" lon="11.2074050">
    <ele>1060.0</ele>
    <time>2026-05-31T06:32:17Z</time>
   </trkpt>
   <trkpt lat="47.2933800" lon="11.2074080">
    <ele>1059.9</ele>
    <time>2026-05-31T06:32:18Z</time>
   </trkpt>
   <trkpt lat="47.2933570" lon="11.2074510">
    <ele>1059.5</ele>
    <time>2026-05-31T06:32:19Z</time>
   </trkpt>
   <trkpt lat="47.2933280" lon="11.2074480">
    <ele>1059.1</ele>
    <time>2026-05-31T06:32:20Z</time>
   </trkpt>
   <trkpt lat="47.2933150" lon="11.2074520">
    <ele>1059.0</ele>
    <time>2026-05-31T06:32:21Z</time>
   </trkpt>
   <trkpt lat="47.2932830" lon="11.2074590">
    <ele>1058.5</ele>
    <time>2026-05-31T06:32:22Z</time>
   </trkpt>
   <trkpt lat="47.2932730" lon="11.2074690">
    <ele>1058.4</ele>
    <time>2026-05-31T06:32:23Z</time>
   </trkpt>
   <trkpt lat="47.2932440" lon="11.2074990">
    <ele>1057.9</ele>
    <time>2026-05-31T06:32:24Z</time>
   </trkpt>
   <trkpt lat="47.2932360" lon="11.2075090">
    <ele>1057.8</ele>
    <time>2026-05-31T06:32:25Z</time>
   </trkpt>
   <trkpt lat="47.2932030" lon="11.2075300">
    <ele>1057.3</ele>
    <time>2026-05-31T06:32:26Z</time>
   </trkpt>
   <trkpt lat="47.2931910" lon="11.2075390">
    <ele>1057.2</ele>
    <time>2026-05-31T06:32:27Z</time>
   </trkpt>
   <trkpt lat="47.2931720" lon="11.2075700">
    <ele>1056.8</ele>
    <time>2026-05-31T06:32:28Z</time>
   </trkpt>
   <trkpt lat="47.2931500" lon="11.2075960">
    <ele>1056.4</ele>
    <time>2026-05-31T06:32:29Z</time>
   </trkpt>
   <trkpt lat="47.2931280" lon="11.2076370">
    <ele>1056.0</ele>
    <time>2026-05-31T06:32:30Z</time>
   </trkpt>
   <trkpt lat="47.2931220" lon="11.2076560">
    <ele>1055.9</ele>
    <time>2026-05-31T06:32:31Z</time>
   </trkpt>
   <trkpt lat="47.2931000" lon="11.2076960">
    <ele>1055.5</ele>
    <time>2026-05-31T06:32:32Z</time>
   </trkpt>
   <trkpt lat="47.2930940" lon="11.2077110">
    <ele>1055.4</ele>
    <time>2026-05-31T06:32:33Z</time>
   </trkpt>
   <trkpt lat="47.2930720" lon="11.2077620">
    <ele>1055.0</ele>
    <time>2026-05-31T06:32:34Z</time>
   </trkpt>
   <trkpt lat="47.2930670" lon="11.2077820">
    <ele>1054.9</ele>
    <time>2026-05-31T06:32:35Z</time>
   </trkpt>
   <trkpt lat="47.2930460" lon="11.2078210">
    <ele>1054.7</ele>
    <time>2026-05-31T06:32:36Z</time>
   </trkpt>
   <trkpt lat="47.2930390" lon="11.2078400">
    <ele>1054.6</ele>
    <time>2026-05-31T06:32:37Z</time>
   </trkpt>
   <trkpt lat="47.2930350" lon="11.2079040">
    <ele>1054.4</ele>
    <time>2026-05-31T06:32:38Z</time>
   </trkpt>
   <trkpt lat="47.2930340" lon="11.2079300">
    <ele>1054.3</ele>
    <time>2026-05-31T06:32:39Z</time>
   </trkpt>
   <trkpt lat="47.2930020" lon="11.2079390">
    <ele>1053.4</ele>
    <time>2026-05-31T06:32:40Z</time>
   </trkpt>
   <trkpt lat="47.2929780" lon="11.2079260">
    <ele>1053.1</ele>
    <time>2026-05-31T06:32:41Z</time>
   </trkpt>
   <trkpt lat="47.2929360" lon="11.2079230">
    <ele>1052.6</ele>
    <time>2026-05-31T06:32:42Z</time>
   </trkpt>
   <trkpt lat="47.2929180" lon="11.2079190">
    <ele>1052.5</ele>
    <time>2026-05-31T06:32:43Z</time>
   </trkpt>
   <trkpt lat="47.2928940" lon="11.2078990">
    <ele>1052.2</ele>
    <time>2026-05-31T06:32:44Z</time>
   </trkpt>
   <trkpt lat="47.2928650" lon="11.2078510">
    <ele>1051.9</ele>
    <time>2026-05-31T06:32:45Z</time>
   </trkpt>
   <trkpt lat="47.2928530" lon="11.2078180">
    <ele>1051.7</ele>
    <time>2026-05-31T06:32:46Z</time>
   </trkpt>
   <trkpt lat="47.2928440" lon="11.2077770">
    <ele>1051.5</ele>
    <time>2026-05-31T06:32:47Z</time>
   </trkpt>
   <trkpt lat="47.2928330" lon="11.2077550">
    <ele>1051.4</ele>
    <time>2026-05-31T06:32:48Z</time>
   </trkpt>
   <trkpt lat="47.2928190" lon="11.2077410">
    <ele>1051.4</ele>
    <time>2026-05-31T06:32:49Z</time>
   </trkpt>
   <trkpt lat="47.2928170" lon="11.2076750">
    <ele>1051.2</ele>
    <time>2026-05-31T06:32:50Z</time>
   </trkpt>
   <trkpt lat="47.2928290" lon="11.2076310">
    <ele>1051.1</ele>
    <time>2026-05-31T06:32:51Z</time>
   </trkpt>
   <trkpt lat="47.2928340" lon="11.2075900">
    <ele>1051.1</ele>
    <time>2026-05-31T06:32:52Z</time>
   </trkpt>
   <trkpt lat="47.2928190" lon="11.2075320">
    <ele>1051.1</ele>
    <time>2026-05-31T06:32:53Z</time>
   </trkpt>
   <trkpt lat="47.2928090" lon="11.2075100">
    <ele>1051.1</ele>
    <time>2026-05-31T06:32:54Z</time>
   </trkpt>
   <trkpt lat="47.2927510" lon="11.2075140">
    <ele>1051.1</ele>
    <time>2026-05-31T06:32:55Z</time>
   </trkpt>
   <trkpt lat="47.2927110" lon="11.2075120">
    <ele>1051.2</ele>
    <time>2026-05-31T06:32:56Z</time>
   </trkpt>
   <trkpt lat="47.2926940" lon="11.2075180">
    <ele>1051.2</ele>
    <time>2026-05-31T06:32:57Z</time>
   </trkpt>
   <trkpt lat="47.2926630" lon="11.2075040">
    <ele>1051.2</ele>
    <time>2026-05-31T06:32:58Z</time>
   </trkpt>
   <trkpt lat="47.2926340" lon="11.2075250">
    <ele>1051.3</ele>
    <time>2026-05-31T06:32:59Z</time>
   </trkpt>
   <trkpt lat="47.2926240" lon="11.2075400">
    <ele>1051.3</ele>
    <time>2026-05-31T06:33:00Z</time>
   </trkpt>
   <trkpt lat="47.2926020" lon="11.2075690">
    <ele>1051.3</ele>
    <time>2026-05-31T06:33:01Z</time>
   </trkpt>
   <trkpt lat="47.2925730" lon="11.2075690">
    <ele>1051.3</ele>
    <time>2026-05-31T06:33:02Z</time>
   </trkpt>
   <trkpt lat="47.2925460" lon="11.2075600">
    <ele>1051.2</ele>
    <time>2026-05-31T06:33:03Z</time>
   </trkpt>
   <trkpt lat="47.2925160" lon="11.2075520">
    <ele>1051.2</ele>
    <time>2026-05-31T06:33:04Z</time>
   </trkpt>
   <trkpt lat="47.2925070" lon="11.2075480">
    <ele>1051.2</ele>
    <time>2026-05-31T06:33:05Z</time>
   </trkpt>
   <trkpt lat="47.2924740" lon="11.2075480">
    <ele>1051.1</ele>
    <time>2026-05-31T06:33:06Z</time>
   </trkpt>
   <trkpt lat="47.2924580" lon="11.2075510">
    <ele>1051.1</ele>
    <time>2026-05-31T06:33:07Z</time>
   </trkpt>
   <trkpt lat="47.2924340" lon="11.2075620">
    <ele>1051.1</ele>
    <time>2026-05-31T06:33:08Z</time>
   </trkpt>
   <trkpt lat="47.2924200" lon="11.2075640">
    <ele>1051.0</ele>
    <time>2026-05-31T06:33:09Z</time>
   </trkpt>
   <trkpt lat="47.2923850" lon="11.2075710">
    <ele>1050.9</ele>
    <time>2026-05-31T06:33:10Z</time>
   </trkpt>
   <trkpt lat="47.2923760" lon="11.2075760">
    <ele>1050.9</ele>
    <time>2026-05-31T06:33:11Z</time>
   </trkpt>
   <trkpt lat="47.2923400" lon="11.2075840">
    <ele>1050.8</ele>
    <time>2026-05-31T06:33:12Z</time>
   </trkpt>
   <trkpt lat="47.2923270" lon="11.2075850">
    <ele>1050.7</ele>
    <time>2026-05-31T06:33:13Z</time>
   </trkpt>
   <trkpt lat="47.2922990" lon="11.2075910">
    <ele>1050.6</ele>
    <time>2026-05-31T06:33:14Z</time>
   </trkpt>
   <trkpt lat="47.2922840" lon="11.2075930">
    <ele>1050.5</ele>
    <time>2026-05-31T06:33:15Z</time>
   </trkpt>
   <trkpt lat="47.2922640" lon="11.2076000">
    <ele>1050.5</ele>
    <time>2026-05-31T06:33:16Z</time>
   </trkpt>
   <trkpt lat="47.2922510" lon="11.2076070">
    <ele>1050.4</ele>
    <time>2026-05-31T06:33:17Z</time>
   </trkpt>
   <trkpt lat="47.2922200" lon="11.2076230">
    <ele>1050.3</ele>
    <time>2026-05-31T06:33:18Z</time>
   </trkpt>
   <trkpt lat="47.2922080" lon="11.2076280">
    <ele>1050.2</ele>
    <time>2026-05-31T06:33:19Z</time>
   </trkpt>
   <trkpt lat="47.2921770" lon="11.2076370">
    <ele>1050.2</ele>
    <time>2026-05-31T06:33:20Z</time>
   </trkpt>
   <trkpt lat="47.2921620" lon="11.2076410">
    <ele>1050.1</ele>
    <time>2026-05-31T06:33:21Z</time>
   </trkpt>
   <trkpt lat="47.2921290" lon="11.2076420">
    <ele>1050.0</ele>
    <time>2026-05-31T06:33:22Z</time>
   </trkpt>
   <trkpt lat="47.2921020" lon="11.2076550">
    <ele>1050.0</ele>
    <time>2026-05-31T06:33:23Z</time>
   </trkpt>
   <trkpt lat="47.2920920" lon="11.2076590">
    <ele>1049.9</ele>
    <time>2026-05-31T06:33:24Z</time>
   </trkpt>
   <trkpt lat="47.2920570" lon="11.2076650">
    <ele>1049.9</ele>
    <time>2026-05-31T06:33:25Z</time>
   </trkpt>
   <trkpt lat="47.2920380" lon="11.2076650">
    <ele>1049.8</ele>
    <time>2026-05-31T06:33:26Z</time>
   </trkpt>
   <trkpt lat="47.2920160" lon="11.2076750">
    <ele>1049.7</ele>
    <time>2026-05-31T06:33:27Z</time>
   </trkpt>
   <trkpt lat="47.2920020" lon="11.2076740">
    <ele>1049.7</ele>
    <time>2026-05-31T06:33:28Z</time>
   </trkpt>
   <trkpt lat="47.2919870" lon="11.2076730">
    <ele>1049.6</ele>
    <time>2026-05-31T06:33:29Z</time>
   </trkpt>
   <trkpt lat="47.2919810" lon="11.2076820">
    <ele>1049.6</ele>
    <time>2026-05-31T06:33:30Z</time>
   </trkpt>
   <trkpt lat="47.2919720" lon="11.2076820">
    <ele>1049.6</ele>
    <time>2026-05-31T06:33:31Z</time>
   </trkpt>
   <trkpt lat="47.2919570" lon="11.2076840">
    <ele>1049.5</ele>
    <time>2026-05-31T06:33:32Z</time>
   </trkpt>
   <trkpt lat="47.2919450" lon="11.2076850">
    <ele>1049.4</ele>
    <time>2026-05-31T06:33:33Z</time>
   </trkpt>
   <trkpt lat="47.2919340" lon="11.2076850">
    <ele>1049.4</ele>
    <time>2026-05-31T06:33:34Z</time>
   </trkpt>
   <trkpt lat="47.2919220" lon="11.2076870">
    <ele>1049.3</ele>
    <time>2026-05-31T06:33:35Z</time>
   </trkpt>
   <trkpt lat="47.2919130" lon="11.2076910">
    <ele>1049.3</ele>
    <time>2026-05-31T06:33:36Z</time>
   </trkpt>
   <trkpt lat="47.2919000" lon="11.2076910">
    <ele>1049.2</ele>
    <time>2026-05-31T06:33:37Z</time>
   </trkpt>
   <trkpt lat="47.2918910" lon="11.2076890">
    <ele>1049.1</ele>
    <time>2026-05-31T06:33:38Z</time>
   </trkpt>
   <trkpt lat="47.2918730" lon="11.2076960">
    <ele>1049.0</ele>
    <time>2026-05-31T06:33:39Z</time>
   </trkpt>
   <trkpt lat="47.2918670" lon="11.2076980">
    <ele>1048.9</ele>
    <time>2026-05-31T06:33:40Z</time>
   </trkpt>
   <trkpt lat="47.2918610" lon="11.2077000">
    <ele>1048.9</ele>
    <time>2026-05-31T06:33:41Z</time>
   </trkpt>
   <trkpt lat="47.2918550" lon="11.2077020">
    <ele>1048.8</ele>
    <time>2026-05-31T06:33:42Z</time>
   </trkpt>
   <trkpt lat="47.2918400" lon="11.2077020">
    <ele>1048.7</ele>
    <time>2026-05-31T06:33:43Z</time>
   </trkpt>
   <trkpt lat="47.2918340" lon="11.2077050">
    <ele>1048.6</ele>
    <time>2026-05-31T06:33:44Z</time>
   </trkpt>
   <trkpt lat="47.2918260" lon="11.2077070">
    <ele>1048.6</ele>
    <time>2026-05-31T06:33:45Z</time>
   </trkpt>
   <trkpt lat="47.2918140" lon="11.2077060">
    <ele>1048.5</ele>
    <time>2026-05-31T06:33:46Z</time>
   </trkpt>
   <trkpt lat="47.2918000" lon="11.2077130">
    <ele>1048.3</ele>
    <time>2026-05-31T06:33:47Z</time>
   </trkpt>
   <trkpt lat="47.2917900" lon="11.2077180">
    <ele>1048.3</ele>
    <time>2026-05-31T06:33:48Z</time>
   </trkpt>
   <trkpt lat="47.2917830" lon="11.2077170">
    <ele>1048.2</ele>
    <time>2026-05-31T06:33:49Z</time>
   </trkpt>
   <trkpt lat="47.2917730" lon="11.2077170">
    <ele>1048.1</ele>
    <time>2026-05-31T06:33:50Z</time>
   </trkpt>
   <trkpt lat="47.2917690" lon="11.2077160">
    <ele>1048.1</ele>
    <time>2026-05-31T06:33:51Z</time>
   </trkpt>
   <trkpt lat="47.2917610" lon="11.2077220">
    <ele>1048.0</ele>
    <time>2026-05-31T06:33:52Z</time>
   </trkpt>
   <trkpt lat="47.2917560" lon="11.2077230">
    <ele>1047.9</ele>
    <time>2026-05-31T06:33:53Z</time>
   </trkpt>
   <trkpt lat="47.2917480" lon="11.2077250">
    <ele>1047.9</ele>
    <time>2026-05-31T06:33:54Z</time>
   </trkpt>
   <trkpt lat="47.2917470" lon="11.2077280">
    <ele>1047.9</ele>
    <time>2026-05-31T06:33:55Z</time>
   </trkpt>
   <trkpt lat="47.2917450" lon="11.2077240">
    <ele>1047.8</ele>
    <time>2026-05-31T06:33:56Z</time>
   </trkpt>
   <trkpt lat="47.2917320" lon="11.2077220">
    <ele>1047.7</ele>
    <time>2026-05-31T06:33:57Z</time>
   </trkpt>
   <trkpt lat="47.2917120" lon="11.2077220">
    <ele>1047.5</ele>
    <time>2026-05-31T06:33:58Z</time>
   </trkpt>
   <trkpt lat="47.2917010" lon="11.2077220">
    <ele>1047.4</ele>
    <time>2026-05-31T06:33:59Z</time>
   </trkpt>
   <trkpt lat="47.2916900" lon="11.2077210">
    <ele>1047.3</ele>
    <time>2026-05-31T06:34:00Z</time>
   </trkpt>
   <trkpt lat="47.2916850" lon="11.2077250">
    <ele>1047.3</ele>
    <time>2026-05-31T06:34:01Z</time>
   </trkpt>
   <trkpt lat="47.2916680" lon="11.2077190">
    <ele>1047.1</ele>
    <time>2026-05-31T06:34:02Z</time>
   </trkpt>
   <trkpt lat="47.2916610" lon="11.2077210">
    <ele>1047.0</ele>
    <time>2026-05-31T06:34:03Z</time>
   </trkpt>
   <trkpt lat="47.2916350" lon="11.2077220">
    <ele>1046.8</ele>
    <time>2026-05-31T06:34:04Z</time>
   </trkpt>
   <trkpt lat="47.2916250" lon="11.2077280">
    <ele>1046.7</ele>
    <time>2026-05-31T06:34:05Z</time>
   </trkpt>
   <trkpt lat="47.2916180" lon="11.2077300">
    <ele>1046.6</ele>
    <time>2026-05-31T06:34:06Z</time>
   </trkpt>
   <trkpt lat="47.2915940" lon="11.2077340">
    <ele>1046.3</ele>
    <time>2026-05-31T06:34:07Z</time>
   </trkpt>
   <trkpt lat="47.2915640" lon="11.2077450">
    <ele>1046.0</ele>
    <time>2026-05-31T06:34:08Z</time>
   </trkpt>
   <trkpt lat="47.2915520" lon="11.2077450">
    <ele>1045.8</ele>
    <time>2026-05-31T06:34:09Z</time>
   </trkpt>
   <trkpt lat="47.2915230" lon="11.2077620">
    <ele>1045.4</ele>
    <time>2026-05-31T06:34:10Z</time>
   </trkpt>
   <trkpt lat="47.2915120" lon="11.2077640">
    <ele>1045.3</ele>
    <time>2026-05-31T06:34:11Z</time>
   </trkpt>
   <trkpt lat="47.2914810" lon="11.2077710">
    <ele>1044.9</ele>
    <time>2026-05-31T06:34:12Z</time>
   </trkpt>
   <trkpt lat="47.2914690" lon="11.2077700">
    <ele>1044.7</ele>
    <time>2026-05-31T06:34:13Z</time>
   </trkpt>
   <trkpt lat="47.2914450" lon="11.2077870">
    <ele>1044.3</ele>
    <time>2026-05-31T06:34:14Z</time>
   </trkpt>
   <trkpt lat="47.2914340" lon="11.2077890">
    <ele>1044.2</ele>
    <time>2026-05-31T06:34:15Z</time>
   </trkpt>
   <trkpt lat="47.2914130" lon="11.2077880">
    <ele>1043.8</ele>
    <time>2026-05-31T06:34:16Z</time>
   </trkpt>
   <trkpt lat="47.2914020" lon="11.2077840">
    <ele>1043.7</ele>
    <time>2026-05-31T06:34:17Z</time>
   </trkpt>
   <trkpt lat="47.2913910" lon="11.2077800">
    <ele>1043.5</ele>
    <time>2026-05-31T06:34:18Z</time>
   </trkpt>
   <trkpt lat="47.2913650" lon="11.2078060">
    <ele>1043.0</ele>
    <time>2026-05-31T06:34:19Z</time>
   </trkpt>
   <trkpt lat="47.2913580" lon="11.2078090">
    <ele>1042.9</ele>
    <time>2026-05-31T06:34:20Z</time>
   </trkpt>
   <trkpt lat="47.2913320" lon="11.2078170">
    <ele>1042.5</ele>
    <time>2026-05-31T06:34:21Z</time>
   </trkpt>
   <trkpt lat="47.2913210" lon="11.2078190">
    <ele>1042.3</ele>
    <time>2026-05-31T06:34:22Z</time>
   </trkpt>
   <trkpt lat="47.2912940" lon="11.2078170">
    <ele>1041.9</ele>
    <time>2026-05-31T06:34:23Z</time>
   </trkpt>
   <trkpt lat="47.2912820" lon="11.2078180">
    <ele>1041.7</ele>
    <time>2026-05-31T06:34:24Z</time>
   </trkpt>
   <trkpt lat="47.2912640" lon="11.2078210">
    <ele>1041.4</ele>
    <time>2026-05-31T06:34:25Z</time>
   </trkpt>
   <trkpt lat="47.2912490" lon="11.2078280">
    <ele>1041.1</ele>
    <time>2026-05-31T06:34:26Z</time>
   </trkpt>
   <trkpt lat="47.2912400" lon="11.2078330">
    <ele>1041.0</ele>
    <time>2026-05-31T06:34:27Z</time>
   </trkpt>
   <trkpt lat="47.2912210" lon="11.2078310">
    <ele>1040.6</ele>
    <time>2026-05-31T06:34:28Z</time>
   </trkpt>
   <trkpt lat="47.2911910" lon="11.2078280">
    <ele>1040.1</ele>
    <time>2026-05-31T06:34:29Z</time>
   </trkpt>
   <trkpt lat="47.2911830" lon="11.2078300">
    <ele>1040.0</ele>
    <time>2026-05-31T06:34:30Z</time>
   </trkpt>
   <trkpt lat="47.2911750" lon="11.2078380">
    <ele>1039.8</ele>
    <time>2026-05-31T06:34:31Z</time>
   </trkpt>
   <trkpt lat="47.2911710" lon="11.2078430">
    <ele>1039.7</ele>
    <time>2026-05-31T06:34:32Z</time>
   </trkpt>
   <trkpt lat="47.2911550" lon="11.2078510">
    <ele>1039.4</ele>
    <time>2026-05-31T06:34:33Z</time>
   </trkpt>
   <trkpt lat="47.2911420" lon="11.2078510">
    <ele>1039.2</ele>
    <time>2026-05-31T06:34:34Z</time>
   </trkpt>
   <trkpt lat="47.2911220" lon="11.2078480">
    <ele>1038.8</ele>
    <time>2026-05-31T06:34:35Z</time>
   </trkpt>
   <trkpt lat="47.2911110" lon="11.2078510">
    <ele>1038.6</ele>
    <time>2026-05-31T06:34:36Z</time>
   </trkpt>
   <trkpt lat="47.2910890" lon="11.2078690">
    <ele>1038.2</ele>
    <time>2026-05-31T06:34:37Z</time>
   </trkpt>
   <trkpt lat="47.2910810" lon="11.2078770">
    <ele>1038.0</ele>
    <time>2026-05-31T06:34:38Z</time>
   </trkpt>
   <trkpt lat="47.2910610" lon="11.2078780">
    <ele>1037.6</ele>
    <time>2026-05-31T06:34:39Z</time>
   </trkpt>
   <trkpt lat="47.2910330" lon="11.2078830">
    <ele>1037.0</ele>
    <time>2026-05-31T06:34:40Z</time>
   </trkpt>
   <trkpt lat="47.2910220" lon="11.2078810">
    <ele>1036.7</ele>
    <time>2026-05-31T06:34:41Z</time>
   </trkpt>
   <trkpt lat="47.2909950" lon="11.2078930">
    <ele>1036.0</ele>
    <time>2026-05-31T06:34:42Z</time>
   </trkpt>
   <trkpt lat="47.2909860" lon="11.2078990">
    <ele>1035.8</ele>
    <time>2026-05-31T06:34:43Z</time>
   </trkpt>
   <trkpt lat="47.2909560" lon="11.2078990">
    <ele>1035.0</ele>
    <time>2026-05-31T06:34:44Z</time>
   </trkpt>
   <trkpt lat="47.2909490" lon="11.2079000">
    <ele>1034.8</ele>
    <time>2026-05-31T06:34:45Z</time>
   </trkpt>
   <trkpt lat="47.2909290" lon="11.2079090">
    <ele>1034.2</ele>
    <time>2026-05-31T06:34:46Z</time>
   </trkpt>
   <trkpt lat="47.2909210" lon="11.2079090">
    <ele>1034.0</ele>
    <time>2026-05-31T06:34:47Z</time>
   </trkpt>
   <trkpt lat="47.2909120" lon="11.2079080">
    <ele>1033.7</ele>
    <time>2026-05-31T06:34:48Z</time>
   </trkpt>
   <trkpt lat="47.2908850" lon="11.2079230">
    <ele>1032.8</ele>
    <time>2026-05-31T06:34:49Z</time>
   </trkpt>
   <trkpt lat="47.2908740" lon="11.2079250">
    <ele>1032.5</ele>
    <time>2026-05-31T06:34:50Z</time>
   </trkpt>
   <trkpt lat="47.2908520" lon="11.2079390">
    <ele>1031.6</ele>
    <time>2026-05-31T06:34:51Z</time>
   </trkpt>
   <trkpt lat="47.2908420" lon="11.2079430">
    <ele>1031.3</ele>
    <time>2026-05-31T06:34:52Z</time>
   </trkpt>
   <trkpt lat="47.2908320" lon="11.2079470">
    <ele>1030.9</ele>
    <time>2026-05-31T06:34:53Z</time>
   </trkpt>
   <trkpt lat="47.2908270" lon="11.2079520">
    <ele>1030.7</ele>
    <time>2026-05-31T06:34:54Z</time>
   </trkpt>
   <trkpt lat="47.2908110" lon="11.2079550">
    <ele>1030.1</ele>
    <time>2026-05-31T06:34:55Z</time>
   </trkpt>
   <trkpt lat="47.2907990" lon="11.2079610">
    <ele>1029.7</ele>
    <time>2026-05-31T06:34:56Z</time>
   </trkpt>
   <trkpt lat="47.2907910" lon="11.2079680">
    <ele>1029.4</ele>
    <time>2026-05-31T06:34:57Z</time>
   </trkpt>
   <trkpt lat="47.2907830" lon="11.2079780">
    <ele>1029.0</ele>
    <time>2026-05-31T06:34:58Z</time>
   </trkpt>
   <trkpt lat="47.2907710" lon="11.2079840">
    <ele>1028.5</ele>
    <time>2026-05-31T06:34:59Z</time>
   </trkpt>
   <trkpt lat="47.2907650" lon="11.2079900">
    <ele>1028.2</ele>
    <time>2026-05-31T06:35:00Z</time>
   </trkpt>
   <trkpt lat="47.2907520" lon="11.2079920">
    <ele>1027.7</ele>
    <time>2026-05-31T06:35:01Z</time>
   </trkpt>
   <trkpt lat="47.2907480" lon="11.2079960">
    <ele>1027.5</ele>
    <time>2026-05-31T06:35:02Z</time>
   </trkpt>
   <trkpt lat="47.2907420" lon="11.2080010">
    <ele>1027.2</ele>
    <time>2026-05-31T06:35:03Z</time>
   </trkpt>
   <trkpt lat="47.2907150" lon="11.2079990">
    <ele>1026.2</ele>
    <time>2026-05-31T06:35:04Z</time>
   </trkpt>
   <trkpt lat="47.2907020" lon="11.2079970">
    <ele>1025.7</ele>
    <time>2026-05-31T06:35:05Z</time>
   </trkpt>
   <trkpt lat="47.2906900" lon="11.2079960">
    <ele>1025.2</ele>
    <time>2026-05-31T06:35:06Z</time>
   </trkpt>
   <trkpt lat="47.2906760" lon="11.2080060">
    <ele>1024.6</ele>
    <time>2026-05-31T06:35:07Z</time>
   </trkpt>
   <trkpt lat="47.2906680" lon="11.2080100">
    <ele>1024.3</ele>
    <time>2026-05-31T06:35:08Z</time>
   </trkpt>
   <trkpt lat="47.2906600" lon="11.2080130">
    <ele>1023.9</ele>
    <time>2026-05-31T06:35:09Z</time>
   </trkpt>
   <trkpt lat="47.2906470" lon="11.2080210">
    <ele>1023.4</ele>
    <time>2026-05-31T06:35:10Z</time>
   </trkpt>
   <trkpt lat="47.2906380" lon="11.2080150">
    <ele>1023.0</ele>
    <time>2026-05-31T06:35:11Z</time>
   </trkpt>
   <trkpt lat="47.2906280" lon="11.2080190">
    <ele>1022.6</ele>
    <time>2026-05-31T06:35:12Z</time>
   </trkpt>
   <trkpt lat="47.2906160" lon="11.2080200">
    <ele>1022.2</ele>
    <time>2026-05-31T06:35:13Z</time>
   </trkpt>
   <trkpt lat="47.2905990" lon="11.2080250">
    <ele>1021.5</ele>
    <time>2026-05-31T06:35:14Z</time>
   </trkpt>
   <trkpt lat="47.2905780" lon="11.2080170">
    <ele>1020.8</ele>
    <time>2026-05-31T06:35:15Z</time>
   </trkpt>
   <trkpt lat="47.2905670" lon="11.2080250">
    <ele>1020.3</ele>
    <time>2026-05-31T06:35:16Z</time>
   </trkpt>
   <trkpt lat="47.2905510" lon="11.2080250">
    <ele>1019.8</ele>
    <time>2026-05-31T06:35:17Z</time>
   </trkpt>
   <trkpt lat="47.2905370" lon="11.2080270">
    <ele>1019.3</ele>
    <time>2026-05-31T06:35:18Z</time>
   </trkpt>
   <trkpt lat="47.2905200" lon="11.2080310">
    <ele>1018.7</ele>
    <time>2026-05-31T06:35:19Z</time>
   </trkpt>
   <trkpt lat="47.2905070" lon="11.2080380">
    <ele>1018.2</ele>
    <time>2026-05-31T06:35:20Z</time>
   </trkpt>
   <trkpt lat="47.2904790" lon="11.2080440">
    <ele>1017.3</ele>
    <time>2026-05-31T06:35:21Z</time>
   </trkpt>
   <trkpt lat="47.2904690" lon="11.2080450">
    <ele>1017.0</ele>
    <time>2026-05-31T06:35:22Z</time>
   </trkpt>
   <trkpt lat="47.2904560" lon="11.2080500">
    <ele>1016.6</ele>
    <time>2026-05-31T06:35:23Z</time>
   </trkpt>
   <trkpt lat="47.2904390" lon="11.2080470">
    <ele>1016.0</ele>
    <time>2026-05-31T06:35:24Z</time>
   </trkpt>
   <trkpt lat="47.2904190" lon="11.2080540">
    <ele>1015.4</ele>
    <time>2026-05-31T06:35:25Z</time>
   </trkpt>
   <trkpt lat="47.2904030" lon="11.2080540">
    <ele>1014.9</ele>
    <time>2026-05-31T06:35:26Z</time>
   </trkpt>
   <trkpt lat="47.2903870" lon="11.2080510">
    <ele>1014.4</ele>
    <time>2026-05-31T06:35:27Z</time>
   </trkpt>
   <trkpt lat="47.2903690" lon="11.2080510">
    <ele>1013.9</ele>
    <time>2026-05-31T06:35:28Z</time>
   </trkpt>
   <trkpt lat="47.2903510" lon="11.2080640">
    <ele>1013.4</ele>
    <time>2026-05-31T06:35:29Z</time>
   </trkpt>
   <trkpt lat="47.2903410" lon="11.2080800">
    <ele>1012.9</ele>
    <time>2026-05-31T06:35:30Z</time>
   </trkpt>
   <trkpt lat="47.2903120" lon="11.2080850">
    <ele>1012.1</ele>
    <time>2026-05-31T06:35:31Z</time>
   </trkpt>
   <trkpt lat="47.2902750" lon="11.2081010">
    <ele>1011.1</ele>
    <time>2026-05-31T06:35:32Z</time>
   </trkpt>
   <trkpt lat="47.2902570" lon="11.2081020">
    <ele>1010.6</ele>
    <time>2026-05-31T06:35:33Z</time>
   </trkpt>
   <trkpt lat="47.2902430" lon="11.2081170">
    <ele>1010.1</ele>
    <time>2026-05-31T06:35:34Z</time>
   </trkpt>
   <trkpt lat="47.2902250" lon="11.2081200">
    <ele>1009.6</ele>
    <time>2026-05-31T06:35:35Z</time>
   </trkpt>
   <trkpt lat="47.2901980" lon="11.2081270">
    <ele>1008.9</ele>
    <time>2026-05-31T06:35:36Z</time>
   </trkpt>
   <trkpt lat="47.2901760" lon="11.2081430">
    <ele>1008.3</ele>
    <time>2026-05-31T06:35:37Z</time>
   </trkpt>
   <trkpt lat="47.2901620" lon="11.2081450">
    <ele>1008.0</ele>
    <time>2026-05-31T06:35:38Z</time>
   </trkpt>
   <trkpt lat="47.2901440" lon="11.2081480">
    <ele>1007.5</ele>
    <time>2026-05-31T06:35:39Z</time>
   </trkpt>
   <trkpt lat="47.2901310" lon="11.2081510">
    <ele>1007.2</ele>
    <time>2026-05-31T06:35:40Z</time>
   </trkpt>
   <trkpt lat="47.2901050" lon="11.2081690">
    <ele>1006.5</ele>
    <time>2026-05-31T06:35:41Z</time>
   </trkpt>
   <trkpt lat="47.2900950" lon="11.2081760">
    <ele>1006.3</ele>
    <time>2026-05-31T06:35:42Z</time>
   </trkpt>
   <trkpt lat="47.2900760" lon="11.2081830">
    <ele>1005.8</ele>
    <time>2026-05-31T06:35:43Z</time>
   </trkpt>
   <trkpt lat="47.2900690" lon="11.2082010">
    <ele>1005.5</ele>
    <time>2026-05-31T06:35:44Z</time>
   </trkpt>
   <trkpt lat="47.2900610" lon="11.2082060">
    <ele>1005.3</ele>
    <time>2026-05-31T06:35:45Z</time>
   </trkpt>
   <trkpt lat="47.2900510" lon="11.2081970">
    <ele>1005.0</ele>
    <time>2026-05-31T06:35:46Z</time>
   </trkpt>
   <trkpt lat="47.2900400" lon="11.2081920">
    <ele>1004.8</ele>
    <time>2026-05-31T06:35:47Z</time>
   </trkpt>
   <trkpt lat="47.2900280" lon="11.2081850">
    <ele>1004.5</ele>
    <time>2026-05-31T06:35:48Z</time>
   </trkpt>
   <trkpt lat="47.2900150" lon="11.2081740">
    <ele>1004.1</ele>
    <time>2026-05-31T06:35:49Z</time>
   </trkpt>
   <trkpt lat="47.2899900" lon="11.2081610">
    <ele>1003.5</ele>
    <time>2026-05-31T06:35:50Z</time>
   </trkpt>
   <trkpt lat="47.2899790" lon="11.2081590">
    <ele>1003.3</ele>
    <time>2026-05-31T06:35:51Z</time>
   </trkpt>
   <trkpt lat="47.2899540" lon="11.2081660">
    <ele>1002.7</ele>
    <time>2026-05-31T06:35:52Z</time>
   </trkpt>
   <trkpt lat="47.2899550" lon="11.2081770">
    <ele>1002.5</ele>
    <time>2026-05-31T06:35:53Z</time>
   </trkpt>
   <trkpt lat="47.2899270" lon="11.2082040">
    <ele>1001.7</ele>
    <time>2026-05-31T06:35:54Z</time>
   </trkpt>
   <trkpt lat="47.2899180" lon="11.2082080">
    <ele>1001.5</ele>
    <time>2026-05-31T06:35:55Z</time>
   </trkpt>
   <trkpt lat="47.2898840" lon="11.2082360">
    <ele>1000.5</ele>
    <time>2026-05-31T06:35:56Z</time>
   </trkpt>
   <trkpt lat="47.2898700" lon="11.2082430">
    <ele>1000.1</ele>
    <time>2026-05-31T06:35:57Z</time>
   </trkpt>
   <trkpt lat="47.2898370" lon="11.2082430">
    <ele>999.3</ele>
    <time>2026-05-31T06:35:58Z</time>
   </trkpt>
   <trkpt lat="47.2898010" lon="11.2082480">
    <ele>998.4</ele>
    <time>2026-05-31T06:35:59Z</time>
   </trkpt>
   <trkpt lat="47.2897880" lon="11.2082500">
    <ele>998.1</ele>
    <time>2026-05-31T06:36:00Z</time>
   </trkpt>
   <trkpt lat="47.2897440" lon="11.2082460">
    <ele>997.1</ele>
    <time>2026-05-31T06:36:01Z</time>
   </trkpt>
   <trkpt lat="47.2897260" lon="11.2082440">
    <ele>996.7</ele>
    <time>2026-05-31T06:36:02Z</time>
   </trkpt>
   <trkpt lat="47.2897000" lon="11.2082580">
    <ele>996.1</ele>
    <time>2026-05-31T06:36:03Z</time>
   </trkpt>
   <trkpt lat="47.2896880" lon="11.2082640">
    <ele>995.9</ele>
    <time>2026-05-31T06:36:04Z</time>
   </trkpt>
   <trkpt lat="47.2896550" lon="11.2082720">
    <ele>995.2</ele>
    <time>2026-05-31T06:36:05Z</time>
   </trkpt>
   <trkpt lat="47.2896440" lon="11.2082750">
    <ele>995.0</ele>
    <time>2026-05-31T06:36:06Z</time>
   </trkpt>
   <trkpt lat="47.2896090" lon="11.2082850">
    <ele>994.3</ele>
    <time>2026-05-31T06:36:07Z</time>
   </trkpt>
   <trkpt lat="47.2895960" lon="11.2082860">
    <ele>994.1</ele>
    <time>2026-05-31T06:36:08Z</time>
   </trkpt>
   <trkpt lat="47.2895690" lon="11.2082850">
    <ele>993.5</ele>
    <time>2026-05-31T06:36:09Z</time>
   </trkpt>
   <trkpt lat="47.2895320" lon="11.2082940">
    <ele>992.8</ele>
    <time>2026-05-31T06:36:10Z</time>
   </trkpt>
   <trkpt lat="47.2895180" lon="11.2082940">
    <ele>992.5</ele>
    <time>2026-05-31T06:36:11Z</time>
   </trkpt>
   <trkpt lat="47.2894940" lon="11.2083160">
    <ele>992.0</ele>
    <time>2026-05-31T06:36:12Z</time>
   </trkpt>
   <trkpt lat="47.2894610" lon="11.2083020">
    <ele>991.3</ele>
    <time>2026-05-31T06:36:13Z</time>
   </trkpt>
   <trkpt lat="47.2894500" lon="11.2083020">
    <ele>991.1</ele>
    <time>2026-05-31T06:36:14Z</time>
   </trkpt>
   <trkpt lat="47.2894180" lon="11.2082820">
    <ele>990.4</ele>
    <time>2026-05-31T06:36:15Z</time>
   </trkpt>
   <trkpt lat="47.2894080" lon="11.2082800">
    <ele>990.2</ele>
    <time>2026-05-31T06:36:16Z</time>
   </trkpt>
   <trkpt lat="47.2894010" lon="11.2082710">
    <ele>990.1</ele>
    <time>2026-05-31T06:36:17Z</time>
   </trkpt>
   <trkpt lat="47.2893980" lon="11.2082660">
    <ele>990.0</ele>
    <time>2026-05-31T06:36:18Z</time>
   </trkpt>
   <trkpt lat="47.2894010" lon="11.2082640">
    <ele>989.9</ele>
    <time>2026-05-31T06:36:19Z</time>
   </trkpt>
   <trkpt lat="47.2894030" lon="11.2082650">
    <ele>989.9</ele>
    <time>2026-05-31T06:36:20Z</time>
   </trkpt>
   <trkpt lat="47.2893960" lon="11.2082570">
    <ele>989.7</ele>
    <time>2026-05-31T06:36:21Z</time>
   </trkpt>
   <trkpt lat="47.2893920" lon="11.2082520">
    <ele>989.6</ele>
    <time>2026-05-31T06:36:22Z</time>
   </trkpt>
   <trkpt lat="47.2893920" lon="11.2082520">
    <ele>989.6</ele>
    <time>2026-05-31T06:36:23Z</time>
   </trkpt>
   <trkpt lat="47.2893880" lon="11.2082390">
    <ele>989.4</ele>
    <time>2026-05-31T06:36:24Z</time>
   </trkpt>
   <trkpt lat="47.2893870" lon="11.2082270">
    <ele>989.3</ele>
    <time>2026-05-31T06:36:25Z</time>
   </trkpt>
   <trkpt lat="47.2893910" lon="11.2082170">
    <ele>989.1</ele>
    <time>2026-05-31T06:36:26Z</time>
   </trkpt>
   <trkpt lat="47.2893930" lon="11.2082090">
    <ele>989.0</ele>
    <time>2026-05-31T06:36:27Z</time>
   </trkpt>
   <trkpt lat="47.2893970" lon="11.2081970">
    <ele>988.9</ele>
    <time>2026-05-31T06:36:28Z</time>
   </trkpt>
   <trkpt lat="47.2894040" lon="11.2081850">
    <ele>988.8</ele>
    <time>2026-05-31T06:36:29Z</time>
   </trkpt>
   <trkpt lat="47.2894160" lon="11.2081610">
    <ele>988.6</ele>
    <time>2026-05-31T06:36:30Z</time>
   </trkpt>
   <trkpt lat="47.2894360" lon="11.2081190">
    <ele>988.2</ele>
    <time>2026-05-31T06:36:31Z</time>
   </trkpt>
   <trkpt lat="47.2894350" lon="11.2081020">
    <ele>988.1</ele>
    <time>2026-05-31T06:36:32Z</time>
   </trkpt>
   <trkpt lat="47.2894390" lon="11.2080750">
    <ele>987.9</ele>
    <time>2026-05-31T06:36:33Z</time>
   </trkpt>
   <trkpt lat="47.2894420" lon="11.2080520">
    <ele>987.7</ele>
    <time>2026-05-31T06:36:34Z</time>
   </trkpt>
   <trkpt lat="47.2894380" lon="11.2080070">
    <ele>987.4</ele>
    <time>2026-05-31T06:36:35Z</time>
   </trkpt>
   <trkpt lat="47.2894440" lon="11.2079880">
    <ele>987.3</ele>
    <time>2026-05-31T06:36:36Z</time>
   </trkpt>
   <trkpt lat="47.2894510" lon="11.2079790">
    <ele>987.2</ele>
    <time>2026-05-31T06:36:37Z</time>
   </trkpt>
   <trkpt lat="47.2894510" lon="11.2079610">
    <ele>987.0</ele>
    <time>2026-05-31T06:36:38Z</time>
   </trkpt>
   <trkpt lat="47.2894600" lon="11.2079220">
    <ele>986.7</ele>
    <time>2026-05-31T06:36:39Z</time>
   </trkpt>
   <trkpt lat="47.2894710" lon="11.2078920">
    <ele>986.4</ele>
    <time>2026-05-31T06:36:40Z</time>
   </trkpt>
   <trkpt lat="47.2894770" lon="11.2078820">
    <ele>986.3</ele>
    <time>2026-05-31T06:36:41Z</time>
   </trkpt>
   <trkpt lat="47.2894700" lon="11.2078850">
    <ele>986.2</ele>
    <time>2026-05-31T06:36:42Z</time>
   </trkpt>
   <trkpt lat="47.2894650" lon="11.2078830">
    <ele>986.2</ele>
    <time>2026-05-31T06:36:43Z</time>
   </trkpt>
   <trkpt lat="47.2894660" lon="11.2078860">
    <ele>986.2</ele>
    <time>2026-05-31T06:36:44Z</time>
   </trkpt>
   <trkpt lat="47.2894690" lon="11.2078740">
    <ele>986.1</ele>
    <time>2026-05-31T06:36:45Z</time>
   </trkpt>
   <trkpt lat="47.2894590" lon="11.2078770">
    <ele>985.9</ele>
    <time>2026-05-31T06:36:46Z</time>
   </trkpt>
   <trkpt lat="47.2894630" lon="11.2078670">
    <ele>985.8</ele>
    <time>2026-05-31T06:36:47Z</time>
   </trkpt>
   <trkpt lat="47.2894650" lon="11.2078500">
    <ele>985.7</ele>
    <time>2026-05-31T06:36:48Z</time>
   </trkpt>
   <trkpt lat="47.2894690" lon="11.2078350">
    <ele>985.6</ele>
    <time>2026-05-31T06:36:49Z</time>
   </trkpt>
   <trkpt lat="47.2894770" lon="11.2077940">
    <ele>984.8</ele>
    <time>2026-05-31T06:36:50Z</time>
   </trkpt>
   <trkpt lat="47.2894820" lon="11.2077810">
    <ele>984.5</ele>
    <time>2026-05-31T06:36:51Z</time>
   </trkpt>
   <trkpt lat="47.2894810" lon="11.2077810">
    <ele>984.4</ele>
    <time>2026-05-31T06:36:52Z</time>
   </trkpt>
   <trkpt lat="47.2894660" lon="11.2077710">
    <ele>984.0</ele>
    <time>2026-05-31T06:36:53Z</time>
   </trkpt>
   <trkpt lat="47.2894550" lon="11.2077680">
    <ele>983.7</ele>
    <time>2026-05-31T06:36:54Z</time>
   </trkpt>
   <trkpt lat="47.2894360" lon="11.2077740">
    <ele>983.1</ele>
    <time>2026-05-31T06:36:55Z</time>
   </trkpt>
   <trkpt lat="47.2894280" lon="11.2077730">
    <ele>982.9</ele>
    <time>2026-05-31T06:36:56Z</time>
   </trkpt>
   <trkpt lat="47.2894010" lon="11.2077620">
    <ele>982.0</ele>
    <time>2026-05-31T06:36:57Z</time>
   </trkpt>
   <trkpt lat="47.2893920" lon="11.2077480">
    <ele>981.6</ele>
    <time>2026-05-31T06:36:58Z</time>
   </trkpt>
   <trkpt lat="47.2893830" lon="11.2077350">
    <ele>981.2</ele>
    <time>2026-05-31T06:36:59Z</time>
   </trkpt>
   <trkpt lat="47.2893590" lon="11.2077220">
    <ele>980.3</ele>
    <time>2026-05-31T06:37:00Z</time>
   </trkpt>
   <trkpt lat="47.2893590" lon="11.2076960">
    <ele>979.7</ele>
    <time>2026-05-31T06:37:01Z</time>
   </trkpt>
   <trkpt lat="47.2893540" lon="11.2076680">
    <ele>979.1</ele>
    <time>2026-05-31T06:37:02Z</time>
   </trkpt>
   <trkpt lat="47.2893450" lon="11.2076720">
    <ele>978.8</ele>
    <time>2026-05-31T06:37:03Z</time>
   </trkpt>
   <trkpt lat="47.2893360" lon="11.2076770">
    <ele>978.5</ele>
    <time>2026-05-31T06:37:04Z</time>
   </trkpt>
   <trkpt lat="47.2893280" lon="11.2076720">
    <ele>978.2</ele>
    <time>2026-05-31T06:37:05Z</time>
   </trkpt>
   <trkpt lat="47.2893270" lon="11.2076830">
    <ele>978.1</ele>
    <time>2026-05-31T06:37:06Z</time>
   </trkpt>
   <trkpt lat="47.2893260" lon="11.2077120">
    <ele>977.7</ele>
    <time>2026-05-31T06:37:07Z</time>
   </trkpt>
   <trkpt lat="47.2893040" lon="11.2077540">
    <ele>977.1</ele>
    <time>2026-05-31T06:37:08Z</time>
   </trkpt>
   <trkpt lat="47.2892850" lon="11.2077780">
    <ele>976.6</ele>
    <time>2026-05-31T06:37:09Z</time>
   </trkpt>
   <trkpt lat="47.2892770" lon="11.2077830">
    <ele>976.5</ele>
    <time>2026-05-31T06:37:10Z</time>
   </trkpt>
   <trkpt lat="47.2892570" lon="11.2077760">
    <ele>976.1</ele>
    <time>2026-05-31T06:37:11Z</time>
   </trkpt>
   <trkpt lat="47.2892270" lon="11.2077810">
    <ele>975.6</ele>
    <time>2026-05-31T06:37:12Z</time>
   </trkpt>
   <trkpt lat="47.2892180" lon="11.2077810">
    <ele>975.4</ele>
    <time>2026-05-31T06:37:13Z</time>
   </trkpt>
   <trkpt lat="47.2891880" lon="11.2077900">
    <ele>974.9</ele>
    <time>2026-05-31T06:37:14Z</time>
   </trkpt>
   <trkpt lat="47.2891770" lon="11.2077970">
    <ele>974.7</ele>
    <time>2026-05-31T06:37:15Z</time>
   </trkpt>
   <trkpt lat="47.2891670" lon="11.2078160">
    <ele>974.4</ele>
    <time>2026-05-31T06:37:16Z</time>
   </trkpt>
   <trkpt lat="47.2891500" lon="11.2078290">
    <ele>974.0</ele>
    <time>2026-05-31T06:37:17Z</time>
   </trkpt>
   <trkpt lat="47.2891200" lon="11.2078510">
    <ele>973.4</ele>
    <time>2026-05-31T06:37:18Z</time>
   </trkpt>
   <trkpt lat="47.2890880" lon="11.2078780">
    <ele>972.8</ele>
    <time>2026-05-31T06:37:19Z</time>
   </trkpt>
   <trkpt lat="47.2890780" lon="11.2078840">
    <ele>972.6</ele>
    <time>2026-05-31T06:37:20Z</time>
   </trkpt>
   <trkpt lat="47.2890500" lon="11.2079070">
    <ele>972.1</ele>
    <time>2026-05-31T06:37:21Z</time>
   </trkpt>
   <trkpt lat="47.2890200" lon="11.2079220">
    <ele>971.6</ele>
    <time>2026-05-31T06:37:22Z</time>
   </trkpt>
   <trkpt lat="47.2890070" lon="11.2079270">
    <ele>971.4</ele>
    <time>2026-05-31T06:37:23Z</time>
   </trkpt>
   <trkpt lat="47.2889770" lon="11.2079520">
    <ele>970.9</ele>
    <time>2026-05-31T06:37:24Z</time>
   </trkpt>
   <trkpt lat="47.2889630" lon="11.2079640">
    <ele>970.6</ele>
    <time>2026-05-31T06:37:25Z</time>
   </trkpt>
   <trkpt lat="47.2889310" lon="11.2079880">
    <ele>970.0</ele>
    <time>2026-05-31T06:37:26Z</time>
   </trkpt>
   <trkpt lat="47.2889210" lon="11.2079930">
    <ele>969.9</ele>
    <time>2026-05-31T06:37:27Z</time>
   </trkpt>
   <trkpt lat="47.2888920" lon="11.2080250">
    <ele>969.3</ele>
    <time>2026-05-31T06:37:28Z</time>
   </trkpt>
   <trkpt lat="47.2888750" lon="11.2080310">
    <ele>969.0</ele>
    <time>2026-05-31T06:37:29Z</time>
   </trkpt>
   <trkpt lat="47.2888700" lon="11.2080200">
    <ele>968.8</ele>
    <time>2026-05-31T06:37:30Z</time>
   </trkpt>
   <trkpt lat="47.2888470" lon="11.2080270">
    <ele>968.4</ele>
    <time>2026-05-31T06:37:31Z</time>
   </trkpt>
   <trkpt lat="47.2888130" lon="11.2080370">
    <ele>967.8</ele>
    <time>2026-05-31T06:37:32Z</time>
   </trkpt>
   <trkpt lat="47.2887850" lon="11.2080550">
    <ele>967.2</ele>
    <time>2026-05-31T06:37:33Z</time>
   </trkpt>
   <trkpt lat="47.2887740" lon="11.2080580">
    <ele>967.0</ele>
    <time>2026-05-31T06:37:34Z</time>
   </trkpt>
   <trkpt lat="47.2887500" lon="11.2080790">
    <ele>966.4</ele>
    <time>2026-05-31T06:37:35Z</time>
   </trkpt>
   <trkpt lat="47.2887270" lon="11.2081040">
    <ele>965.8</ele>
    <time>2026-05-31T06:37:36Z</time>
   </trkpt>
   <trkpt lat="47.2886990" lon="11.2081280">
    <ele>965.1</ele>
    <time>2026-05-31T06:37:37Z</time>
   </trkpt>
   <trkpt lat="47.2886720" lon="11.2081640">
    <ele>964.3</ele>
    <time>2026-05-31T06:37:38Z</time>
   </trkpt>
   <trkpt lat="47.2886640" lon="11.2081770">
    <ele>964.0</ele>
    <time>2026-05-31T06:37:39Z</time>
   </trkpt>
   <trkpt lat="47.2886310" lon="11.2082000">
    <ele>963.2</ele>
    <time>2026-05-31T06:37:40Z</time>
   </trkpt>
   <trkpt lat="47.2886200" lon="11.2082110">
    <ele>962.8</ele>
    <time>2026-05-31T06:37:41Z</time>
   </trkpt>
   <trkpt lat="47.2885840" lon="11.2082370">
    <ele>961.9</ele>
    <time>2026-05-31T06:37:42Z</time>
   </trkpt>
   <trkpt lat="47.2885680" lon="11.2082450">
    <ele>961.5</ele>
    <time>2026-05-31T06:37:43Z</time>
   </trkpt>
   <trkpt lat="47.2885410" lon="11.2082650">
    <ele>960.8</ele>
    <time>2026-05-31T06:37:44Z</time>
   </trkpt>
   <trkpt lat="47.2885020" lon="11.2082890">
    <ele>959.8</ele>
    <time>2026-05-31T06:37:45Z</time>
   </trkpt>
   <trkpt lat="47.2884850" lon="11.2082920">
    <ele>959.3</ele>
    <time>2026-05-31T06:37:46Z</time>
   </trkpt>
   <trkpt lat="47.2884580" lon="11.2083180">
    <ele>958.6</ele>
    <time>2026-05-31T06:37:47Z</time>
   </trkpt>
   <trkpt lat="47.2884540" lon="11.2083260">
    <ele>958.4</ele>
    <time>2026-05-31T06:37:48Z</time>
   </trkpt>
   <trkpt lat="47.2884290" lon="11.2083500">
    <ele>957.7</ele>
    <time>2026-05-31T06:37:49Z</time>
   </trkpt>
   <trkpt lat="47.2884140" lon="11.2083570">
    <ele>957.3</ele>
    <time>2026-05-31T06:37:50Z</time>
   </trkpt>
   <trkpt lat="47.2883650" lon="11.2083740">
    <ele>956.0</ele>
    <time>2026-05-31T06:37:51Z</time>
   </trkpt>
   <trkpt lat="47.2883490" lon="11.2083990">
    <ele>955.4</ele>
    <time>2026-05-31T06:37:52Z</time>
   </trkpt>
   <trkpt lat="47.2883390" lon="11.2083920">
    <ele>955.1</ele>
    <time>2026-05-31T06:37:53Z</time>
   </trkpt>
   <trkpt lat="47.2883110" lon="11.2083850">
    <ele>954.4</ele>
    <time>2026-05-31T06:37:54Z</time>
   </trkpt>
   <trkpt lat="47.2882880" lon="11.2084000">
    <ele>953.7</ele>
    <time>2026-05-31T06:37:55Z</time>
   </trkpt>
   <trkpt lat="47.2882750" lon="11.2084000">
    <ele>953.4</ele>
    <time>2026-05-31T06:37:56Z</time>
   </trkpt>
   <trkpt lat="47.2882590" lon="11.2084200">
    <ele>952.9</ele>
    <time>2026-05-31T06:37:57Z</time>
   </trkpt>
   <trkpt lat="47.2882430" lon="11.2084220">
    <ele>952.5</ele>
    <time>2026-05-31T06:37:58Z</time>
   </trkpt>
   <trkpt lat="47.2882280" lon="11.2084290">
    <ele>952.1</ele>
    <time>2026-05-31T06:37:59Z</time>
   </trkpt>
   <trkpt lat="47.2882100" lon="11.2084340">
    <ele>951.6</ele>
    <time>2026-05-31T06:38:00Z</time>
   </trkpt>
   <trkpt lat="47.2882000" lon="11.2084440">
    <ele>951.3</ele>
    <time>2026-05-31T06:38:01Z</time>
   </trkpt>
   <trkpt lat="47.2881860" lon="11.2084560">
    <ele>951.0</ele>
    <time>2026-05-31T06:38:02Z</time>
   </trkpt>
   <trkpt lat="47.2881550" lon="11.2084400">
    <ele>950.2</ele>
    <time>2026-05-31T06:38:03Z</time>
   </trkpt>
   <trkpt lat="47.2881450" lon="11.2084370">
    <ele>950.0</ele>
    <time>2026-05-31T06:38:04Z</time>
   </trkpt>
   <trkpt lat="47.2881190" lon="11.2084480">
    <ele>949.4</ele>
    <time>2026-05-31T06:38:05Z</time>
   </trkpt>
   <trkpt lat="47.2881000" lon="11.2084500">
    <ele>948.9</ele>
    <time>2026-05-31T06:38:06Z</time>
   </trkpt>
   <trkpt lat="47.2880900" lon="11.2084610">
    <ele>948.6</ele>
    <time>2026-05-31T06:38:07Z</time>
   </trkpt>
   <trkpt lat="47.2881020" lon="11.2085170">
    <ele>947.8</ele>
    <time>2026-05-31T06:38:08Z</time>
   </trkpt>
   <trkpt lat="47.2881020" lon="11.2085360">
    <ele>947.5</ele>
    <time>2026-05-31T06:38:09Z</time>
   </trkpt>
   <trkpt lat="47.2880920" lon="11.2085810">
    <ele>946.9</ele>
    <time>2026-05-31T06:38:10Z</time>
   </trkpt>
   <trkpt lat="47.2880900" lon="11.2086370">
    <ele>946.2</ele>
    <time>2026-05-31T06:38:11Z</time>
   </trkpt>
   <trkpt lat="47.2880900" lon="11.2086600">
    <ele>946.0</ele>
    <time>2026-05-31T06:38:12Z</time>
   </trkpt>
   <trkpt lat="47.2880810" lon="11.2087110">
    <ele>945.5</ele>
    <time>2026-05-31T06:38:13Z</time>
   </trkpt>
   <trkpt lat="47.2880730" lon="11.2087270">
    <ele>945.3</ele>
    <time>2026-05-31T06:38:14Z</time>
   </trkpt>
   <trkpt lat="47.2880640" lon="11.2087690">
    <ele>944.9</ele>
    <time>2026-05-31T06:38:15Z</time>
   </trkpt>
   <trkpt lat="47.2880620" lon="11.2087790">
    <ele>944.9</ele>
    <time>2026-05-31T06:38:16Z</time>
   </trkpt>
   <trkpt lat="47.2880590" lon="11.2088270">
    <ele>944.5</ele>
    <time>2026-05-31T06:38:17Z</time>
   </trkpt>
   <trkpt lat="47.2880560" lon="11.2088410">
    <ele>944.4</ele>
    <time>2026-05-31T06:38:18Z</time>
   </trkpt>
   <trkpt lat="47.2880450" lon="11.2088870">
    <ele>944.1</ele>
    <time>2026-05-31T06:38:19Z</time>
   </trkpt>
   <trkpt lat="47.2880450" lon="11.2089020">
    <ele>944.0</ele>
    <time>2026-05-31T06:38:20Z</time>
   </trkpt>
   <trkpt lat="47.2880350" lon="11.2089470">
    <ele>943.7</ele>
    <time>2026-05-31T06:38:21Z</time>
   </trkpt>
   <trkpt lat="47.2880290" lon="11.2089610">
    <ele>943.6</ele>
    <time>2026-05-31T06:38:22Z</time>
   </trkpt>
   <trkpt lat="47.2880180" lon="11.2090150">
    <ele>943.2</ele>
    <time>2026-05-31T06:38:23Z</time>
   </trkpt>
   <trkpt lat="47.2880110" lon="11.2090340">
    <ele>943.1</ele>
    <time>2026-05-31T06:38:24Z</time>
   </trkpt>
   <trkpt lat="47.2879860" lon="11.2090610">
    <ele>942.8</ele>
    <time>2026-05-31T06:38:25Z</time>
   </trkpt>
   <trkpt lat="47.2879830" lon="11.2090710">
    <ele>942.7</ele>
    <time>2026-05-31T06:38:26Z</time>
   </trkpt>
   <trkpt lat="47.2879800" lon="11.2090810">
    <ele>942.6</ele>
    <time>2026-05-31T06:38:27Z</time>
   </trkpt>
   <trkpt lat="47.2879690" lon="11.2091180">
    <ele>942.4</ele>
    <time>2026-05-31T06:38:28Z</time>
   </trkpt>
   <trkpt lat="47.2879570" lon="11.2091610">
    <ele>942.0</ele>
    <time>2026-05-31T06:38:29Z</time>
   </trkpt>
   <trkpt lat="47.2879520" lon="11.2091780">
    <ele>941.9</ele>
    <time>2026-05-31T06:38:30Z</time>
   </trkpt>
   <trkpt lat="47.2879400" lon="11.2092240">
    <ele>941.6</ele>
    <time>2026-05-31T06:38:31Z</time>
   </trkpt>
   <trkpt lat="47.2879140" lon="11.2092700">
    <ele>941.1</ele>
    <time>2026-05-31T06:38:32Z</time>
   </trkpt>
   <trkpt lat="47.2879020" lon="11.2092830">
    <ele>940.9</ele>
    <time>2026-05-31T06:38:33Z</time>
   </trkpt>
   <trkpt lat="47.2878720" lon="11.2093260">
    <ele>940.4</ele>
    <time>2026-05-31T06:38:34Z</time>
   </trkpt>
   <trkpt lat="47.2878590" lon="11.2093390">
    <ele>940.2</ele>
    <time>2026-05-31T06:38:35Z</time>
   </trkpt>
   <trkpt lat="47.2878320" lon="11.2093550">
    <ele>939.8</ele>
    <time>2026-05-31T06:38:36Z</time>
   </trkpt>
   <trkpt lat="47.2878210" lon="11.2093760">
    <ele>939.5</ele>
    <time>2026-05-31T06:38:37Z</time>
   </trkpt>
   <trkpt lat="47.2878030" lon="11.2093770">
    <ele>939.2</ele>
    <time>2026-05-31T06:38:38Z</time>
   </trkpt>
   <trkpt lat="47.2877830" lon="11.2094320">
    <ele>938.6</ele>
    <time>2026-05-31T06:38:39Z</time>
   </trkpt>
   <trkpt lat="47.2877690" lon="11.2094690">
    <ele>938.1</ele>
    <time>2026-05-31T06:38:40Z</time>
   </trkpt>
   <trkpt lat="47.2877550" lon="11.2095130">
    <ele>937.5</ele>
    <time>2026-05-31T06:38:41Z</time>
   </trkpt>
   <trkpt lat="47.2877490" lon="11.2095260">
    <ele>937.3</ele>
    <time>2026-05-31T06:38:42Z</time>
   </trkpt>
   <trkpt lat="47.2877230" lon="11.2095580">
    <ele>936.6</ele>
    <time>2026-05-31T06:38:43Z</time>
   </trkpt>
   <trkpt lat="47.2877100" lon="11.2095750">
    <ele>936.2</ele>
    <time>2026-05-31T06:38:44Z</time>
   </trkpt>
   <trkpt lat="47.2876970" lon="11.2095920">
    <ele>935.9</ele>
    <time>2026-05-31T06:38:45Z</time>
   </trkpt>
   <trkpt lat="47.2876900" lon="11.2096000">
    <ele>935.7</ele>
    <time>2026-05-31T06:38:46Z</time>
   </trkpt>
   <trkpt lat="47.2876820" lon="11.2096080">
    <ele>935.5</ele>
    <time>2026-05-31T06:38:47Z</time>
   </trkpt>
   <trkpt lat="47.2876370" lon="11.2096420">
    <ele>934.3</ele>
    <time>2026-05-31T06:38:48Z</time>
   </trkpt>
   <trkpt lat="47.2876180" lon="11.2096580">
    <ele>933.8</ele>
    <time>2026-05-31T06:38:49Z</time>
   </trkpt>
   <trkpt lat="47.2875990" lon="11.2096740">
    <ele>933.3</ele>
    <time>2026-05-31T06:38:50Z</time>
   </trkpt>
   <trkpt lat="47.2875800" lon="11.2096900">
    <ele>932.7</ele>
    <time>2026-05-31T06:38:51Z</time>
   </trkpt>
   <trkpt lat="47.2875600" lon="11.2097100">
    <ele>932.1</ele>
    <time>2026-05-31T06:38:52Z</time>
   </trkpt>
   <trkpt lat="47.2875330" lon="11.2097380">
    <ele>931.3</ele>
    <time>2026-05-31T06:38:53Z</time>
   </trkpt>
   <trkpt lat="47.2875080" lon="11.2097770">
    <ele>930.5</ele>
    <time>2026-05-31T06:38:54Z</time>
   </trkpt>
   <trkpt lat="47.2875000" lon="11.2097860">
    <ele>930.2</ele>
    <time>2026-05-31T06:38:55Z</time>
   </trkpt>
   <trkpt lat="47.2874710" lon="11.2098250">
    <ele>929.3</ele>
    <time>2026-05-31T06:38:56Z</time>
   </trkpt>
   <trkpt lat="47.2874620" lon="11.2098420">
    <ele>928.9</ele>
    <time>2026-05-31T06:38:57Z</time>
   </trkpt>
   <trkpt lat="47.2874440" lon="11.2098890">
    <ele>928.0</ele>
    <time>2026-05-31T06:38:58Z</time>
   </trkpt>
   <trkpt lat="47.2874340" lon="11.2099080">
    <ele>927.7</ele>
    <time>2026-05-31T06:38:59Z</time>
   </trkpt>
   <trkpt lat="47.2874260" lon="11.2099490">
    <ele>927.0</ele>
    <time>2026-05-31T06:39:00Z</time>
   </trkpt>
   <trkpt lat="47.2874130" lon="11.2099990">
    <ele>926.2</ele>
    <time>2026-05-31T06:39:01Z</time>
   </trkpt>
   <trkpt lat="47.2874150" lon="11.2100240">
    <ele>925.9</ele>
    <time>2026-05-31T06:39:02Z</time>
   </trkpt>
   <trkpt lat="47.2873950" lon="11.2100540">
    <ele>925.4</ele>
    <time>2026-05-31T06:39:03Z</time>
   </trkpt>
   <trkpt lat="47.2873890" lon="11.2100630">
    <ele>925.2</ele>
    <time>2026-05-31T06:39:04Z</time>
   </trkpt>
   <trkpt lat="47.2873800" lon="11.2101160">
    <ele>924.5</ele>
    <time>2026-05-31T06:39:05Z</time>
   </trkpt>
   <trkpt lat="47.2873870" lon="11.2101410">
    <ele>924.1</ele>
    <time>2026-05-31T06:39:06Z</time>
   </trkpt>
   <trkpt lat="47.2873870" lon="11.2101920">
    <ele>923.5</ele>
    <time>2026-05-31T06:39:07Z</time>
   </trkpt>
   <trkpt lat="47.2873830" lon="11.2102160">
    <ele>923.2</ele>
    <time>2026-05-31T06:39:08Z</time>
   </trkpt>
   <trkpt lat="47.2873790" lon="11.2102460">
    <ele>922.8</ele>
    <time>2026-05-31T06:39:09Z</time>
   </trkpt>
   <trkpt lat="47.2873670" lon="11.2102610">
    <ele>922.5</ele>
    <time>2026-05-31T06:39:10Z</time>
   </trkpt>
   <trkpt lat="47.2873440" lon="11.2103020">
    <ele>921.7</ele>
    <time>2026-05-31T06:39:11Z</time>
   </trkpt>
   <trkpt lat="47.2873320" lon="11.2103430">
    <ele>921.1</ele>
    <time>2026-05-31T06:39:12Z</time>
   </trkpt>
   <trkpt lat="47.2873280" lon="11.2103960">
    <ele>920.3</ele>
    <time>2026-05-31T06:39:13Z</time>
   </trkpt>
   <trkpt lat="47.2873250" lon="11.2104120">
    <ele>920.1</ele>
    <time>2026-05-31T06:39:14Z</time>
   </trkpt>
   <trkpt lat="47.2873050" lon="11.2104290">
    <ele>919.6</ele>
    <time>2026-05-31T06:39:15Z</time>
   </trkpt>
   <trkpt lat="47.2872990" lon="11.2104510">
    <ele>919.3</ele>
    <time>2026-05-31T06:39:16Z</time>
   </trkpt>
   <trkpt lat="47.2872940" lon="11.2104730">
    <ele>919.0</ele>
    <time>2026-05-31T06:39:17Z</time>
   </trkpt>
   <trkpt lat="47.2872870" lon="11.2105240">
    <ele>918.2</ele>
    <time>2026-05-31T06:39:18Z</time>
   </trkpt>
   <trkpt lat="47.2872850" lon="11.2105410">
    <ele>918.0</ele>
    <time>2026-05-31T06:39:19Z</time>
   </trkpt>
   <trkpt lat="47.2872710" lon="11.2105840">
    <ele>917.4</ele>
    <time>2026-05-31T06:39:20Z</time>
   </trkpt>
   <trkpt lat="47.2872640" lon="11.2105960">
    <ele>917.2</ele>
    <time>2026-05-31T06:39:21Z</time>
   </trkpt>
   <trkpt lat="47.2872540" lon="11.2106470">
    <ele>916.5</ele>
    <time>2026-05-31T06:39:22Z</time>
   </trkpt>
   <trkpt lat="47.2872470" lon="11.2106640">
    <ele>916.2</ele>
    <time>2026-05-31T06:39:23Z</time>
   </trkpt>
   <trkpt lat="47.2872270" lon="11.2107110">
    <ele>915.6</ele>
    <time>2026-05-31T06:39:24Z</time>
   </trkpt>
   <trkpt lat="47.2872200" lon="11.2107240">
    <ele>915.4</ele>
    <time>2026-05-31T06:39:25Z</time>
   </trkpt>
   <trkpt lat="47.2871990" lon="11.2107820">
    <ele>914.6</ele>
    <time>2026-05-31T06:39:26Z</time>
   </trkpt>
   <trkpt lat="47.2871930" lon="11.2108070">
    <ele>914.3</ele>
    <time>2026-05-31T06:39:27Z</time>
   </trkpt>
   <trkpt lat="47.2871840" lon="11.2108540">
    <ele>913.7</ele>
    <time>2026-05-31T06:39:28Z</time>
   </trkpt>
   <trkpt lat="47.2871810" lon="11.2109170">
    <ele>913.1</ele>
    <time>2026-05-31T06:39:29Z</time>
   </trkpt>
   <trkpt lat="47.2871760" lon="11.2109410">
    <ele>912.9</ele>
    <time>2026-05-31T06:39:30Z</time>
   </trkpt>
   <trkpt lat="47.2871500" lon="11.2109790">
    <ele>912.3</ele>
    <time>2026-05-31T06:39:31Z</time>
   </trkpt>
   <trkpt lat="47.2871350" lon="11.2109950">
    <ele>912.1</ele>
    <time>2026-05-31T06:39:32Z</time>
   </trkpt>
   <trkpt lat="47.2871120" lon="11.2110280">
    <ele>911.6</ele>
    <time>2026-05-31T06:39:33Z</time>
   </trkpt>
   <trkpt lat="47.2871020" lon="11.2110330">
    <ele>911.4</ele>
    <time>2026-05-31T06:39:34Z</time>
   </trkpt>
   <trkpt lat="47.2870790" lon="11.2110780">
    <ele>910.9</ele>
    <time>2026-05-31T06:39:35Z</time>
   </trkpt>
   <trkpt lat="47.2870740" lon="11.2111010">
    <ele>910.6</ele>
    <time>2026-05-31T06:39:36Z</time>
   </trkpt>
   <trkpt lat="47.2870800" lon="11.2111490">
    <ele>910.1</ele>
    <time>2026-05-31T06:39:37Z</time>
   </trkpt>
   <trkpt lat="47.2870610" lon="11.2111810">
    <ele>909.6</ele>
    <time>2026-05-31T06:39:38Z</time>
   </trkpt>
   <trkpt lat="47.2870640" lon="11.2111980">
    <ele>909.4</ele>
    <time>2026-05-31T06:39:39Z</time>
   </trkpt>
   <trkpt lat="47.2870710" lon="11.2112220">
    <ele>909.1</ele>
    <time>2026-05-31T06:39:40Z</time>
   </trkpt>
   <trkpt lat="47.2870660" lon="11.2112380">
    <ele>908.9</ele>
    <time>2026-05-31T06:39:41Z</time>
   </trkpt>
   <trkpt lat="47.2870600" lon="11.2112540">
    <ele>908.8</ele>
    <time>2026-05-31T06:39:42Z</time>
   </trkpt>
   <trkpt lat="47.2870550" lon="11.2112700">
    <ele>908.6</ele>
    <time>2026-05-31T06:39:43Z</time>
   </trkpt>
   <trkpt lat="47.2870370" lon="11.2113110">
    <ele>908.3</ele>
    <time>2026-05-31T06:39:44Z</time>
   </trkpt>
   <trkpt lat="47.2870270" lon="11.2113170">
    <ele>908.2</ele>
    <time>2026-05-31T06:39:45Z</time>
   </trkpt>
   <trkpt lat="47.2869990" lon="11.2113300">
    <ele>907.9</ele>
    <time>2026-05-31T06:39:46Z</time>
   </trkpt>
   <trkpt lat="47.2869730" lon="11.2113540">
    <ele>907.6</ele>
    <time>2026-05-31T06:39:47Z</time>
   </trkpt>
   <trkpt lat="47.2869370" lon="11.2113390">
    <ele>907.3</ele>
    <time>2026-05-31T06:39:48Z</time>
   </trkpt>
   <trkpt lat="47.2869110" lon="11.2113400">
    <ele>907.1</ele>
    <time>2026-05-31T06:39:49Z</time>
   </trkpt>
   <trkpt lat="47.2869040" lon="11.2113450">
    <ele>907.0</ele>
    <time>2026-05-31T06:39:50Z</time>
   </trkpt>
   <trkpt lat="47.2868730" lon="11.2113560">
    <ele>906.7</ele>
    <time>2026-05-31T06:39:51Z</time>
   </trkpt>
   <trkpt lat="47.2868640" lon="11.2113630">
    <ele>906.6</ele>
    <time>2026-05-31T06:39:52Z</time>
   </trkpt>
   <trkpt lat="47.2868410" lon="11.2113890">
    <ele>906.3</ele>
    <time>2026-05-31T06:39:53Z</time>
   </trkpt>
   <trkpt lat="47.2868110" lon="11.2114070">
    <ele>906.0</ele>
    <time>2026-05-31T06:39:54Z</time>
   </trkpt>
   <trkpt lat="47.2868010" lon="11.2114440">
    <ele>905.7</ele>
    <time>2026-05-31T06:39:55Z</time>
   </trkpt>
   <trkpt lat="47.2868040" lon="11.2114640">
    <ele>905.5</ele>
    <time>2026-05-31T06:39:56Z</time>
   </trkpt>
   <trkpt lat="47.2867830" lon="11.2114970">
    <ele>905.2</ele>
    <time>2026-05-31T06:39:57Z</time>
   </trkpt>
   <trkpt lat="47.2867690" lon="11.2115090">
    <ele>905.0</ele>
    <time>2026-05-31T06:39:58Z</time>
   </trkpt>
   <trkpt lat="47.2867520" lon="11.2115470">
    <ele>904.6</ele>
    <time>2026-05-31T06:39:59Z</time>
   </trkpt>
   <trkpt lat="47.2867410" lon="11.2115560">
    <ele>904.4</ele>
    <time>2026-05-31T06:40:00Z</time>
   </trkpt>
   <trkpt lat="47.2867170" lon="11.2115330">
    <ele>904.0</ele>
    <time>2026-05-31T06:40:01Z</time>
   </trkpt>
   <trkpt lat="47.2867090" lon="11.2115290">
    <ele>903.9</ele>
    <time>2026-05-31T06:40:02Z</time>
   </trkpt>
   <trkpt lat="47.2866920" lon="11.2115310">
    <ele>903.7</ele>
    <time>2026-05-31T06:40:03Z</time>
   </trkpt>
   <trkpt lat="47.2866980" lon="11.2115410">
    <ele>903.6</ele>
    <time>2026-05-31T06:40:04Z</time>
   </trkpt>
   <trkpt lat="47.2867100" lon="11.2115510">
    <ele>903.4</ele>
    <time>2026-05-31T06:40:05Z</time>
   </trkpt>
   <trkpt lat="47.2867130" lon="11.2115690">
    <ele>903.2</ele>
    <time>2026-05-31T06:40:06Z</time>
   </trkpt>
   <trkpt lat="47.2867000" lon="11.2115780">
    <ele>903.0</ele>
    <time>2026-05-31T06:40:07Z</time>
   </trkpt>
   <trkpt lat="47.2866880" lon="11.2115940">
    <ele>902.8</ele>
    <time>2026-05-31T06:40:08Z</time>
   </trkpt>
   <trkpt lat="47.2866800" lon="11.2116060">
    <ele>902.6</ele>
    <time>2026-05-31T06:40:09Z</time>
   </trkpt>
   <trkpt lat="47.2866760" lon="11.2116170">
    <ele>902.5</ele>
    <time>2026-05-31T06:40:10Z</time>
   </trkpt>
   <trkpt lat="47.2866680" lon="11.2116340">
    <ele>902.3</ele>
    <time>2026-05-31T06:40:11Z</time>
   </trkpt>
   <trkpt lat="47.2866430" lon="11.2116720">
    <ele>901.7</ele>
    <time>2026-05-31T06:40:12Z</time>
   </trkpt>
   <trkpt lat="47.2866290" lon="11.2116850">
    <ele>901.5</ele>
    <time>2026-05-31T06:40:13Z</time>
   </trkpt>
   <trkpt lat="47.2865930" lon="11.2117060">
    <ele>900.9</ele>
    <time>2026-05-31T06:40:14Z</time>
   </trkpt>
   <trkpt lat="47.2865790" lon="11.2117210">
    <ele>900.7</ele>
    <time>2026-05-31T06:40:15Z</time>
   </trkpt>
   <trkpt lat="47.2865500" lon="11.2117170">
    <ele>900.2</ele>
    <time>2026-05-31T06:40:16Z</time>
   </trkpt>
   <trkpt lat="47.2865140" lon="11.2117160">
    <ele>899.8</ele>
    <time>2026-05-31T06:40:17Z</time>
   </trkpt>
   <trkpt lat="47.2864790" lon="11.2117070">
    <ele>899.3</ele>
    <time>2026-05-31T06:40:18Z</time>
   </trkpt>
   <trkpt lat="47.2864660" lon="11.2117010">
    <ele>899.1</ele>
    <time>2026-05-31T06:40:19Z</time>
   </trkpt>
   <trkpt lat="47.2864480" lon="11.2117280">
    <ele>898.8</ele>
    <time>2026-05-31T06:40:20Z</time>
   </trkpt>
   <trkpt lat="47.2864340" lon="11.2117450">
    <ele>898.5</ele>
    <time>2026-05-31T06:40:21Z</time>
   </trkpt>
   <trkpt lat="47.2864200" lon="11.2117630">
    <ele>898.3</ele>
    <time>2026-05-31T06:40:22Z</time>
   </trkpt>
   <trkpt lat="47.2864000" lon="11.2117980">
    <ele>897.9</ele>
    <time>2026-05-31T06:40:23Z</time>
   </trkpt>
   <trkpt lat="47.2863720" lon="11.2118010">
    <ele>897.6</ele>
    <time>2026-05-31T06:40:24Z</time>
   </trkpt>
   <trkpt lat="47.2863470" lon="11.2117750">
    <ele>897.2</ele>
    <time>2026-05-31T06:40:25Z</time>
   </trkpt>
   <trkpt lat="47.2863190" lon="11.2117810">
    <ele>896.9</ele>
    <time>2026-05-31T06:40:26Z</time>
   </trkpt>
   <trkpt lat="47.2862820" lon="11.2118100">
    <ele>896.5</ele>
    <time>2026-05-31T06:40:27Z</time>
   </trkpt>
   <trkpt lat="47.2862410" lon="11.2118210">
    <ele>896.0</ele>
    <time>2026-05-31T06:40:28Z</time>
   </trkpt>
   <trkpt lat="47.2862250" lon="11.2118190">
    <ele>895.9</ele>
    <time>2026-05-31T06:40:29Z</time>
   </trkpt>
   <trkpt lat="47.2862020" lon="11.2118250">
    <ele>895.6</ele>
    <time>2026-05-31T06:40:30Z</time>
   </trkpt>
   <trkpt lat="47.2861920" lon="11.2118360">
    <ele>895.5</ele>
    <time>2026-05-31T06:40:31Z</time>
   </trkpt>
   <trkpt lat="47.2861820" lon="11.2118460">
    <ele>895.3</ele>
    <time>2026-05-31T06:40:32Z</time>
   </trkpt>
   <trkpt lat="47.2861540" lon="11.2118700">
    <ele>895.0</ele>
    <time>2026-05-31T06:40:33Z</time>
   </trkpt>
   <trkpt lat="47.2861450" lon="11.2118740">
    <ele>894.9</ele>
    <time>2026-05-31T06:40:34Z</time>
   </trkpt>
   <trkpt lat="47.2861170" lon="11.2119020">
    <ele>894.5</ele>
    <time>2026-05-31T06:40:35Z</time>
   </trkpt>
   <trkpt lat="47.2861080" lon="11.2119080">
    <ele>894.4</ele>
    <time>2026-05-31T06:40:36Z</time>
   </trkpt>
   <trkpt lat="47.2860780" lon="11.2119220">
    <ele>894.1</ele>
    <time>2026-05-31T06:40:37Z</time>
   </trkpt>
   <trkpt lat="47.2860490" lon="11.2119330">
    <ele>893.8</ele>
    <time>2026-05-31T06:40:38Z</time>
   </trkpt>
   <trkpt lat="47.2860420" lon="11.2119370">
    <ele>893.7</ele>
    <time>2026-05-31T06:40:39Z</time>
   </trkpt>
   <trkpt lat="47.2860130" lon="11.2119620">
    <ele>893.4</ele>
    <time>2026-05-31T06:40:40Z</time>
   </trkpt>
   <trkpt lat="47.2860060" lon="11.2119760">
    <ele>893.3</ele>
    <time>2026-05-31T06:40:41Z</time>
   </trkpt>
   <trkpt lat="47.2859820" lon="11.2120110">
    <ele>893.0</ele>
    <time>2026-05-31T06:40:42Z</time>
   </trkpt>
   <trkpt lat="47.2859710" lon="11.2120190">
    <ele>892.9</ele>
    <time>2026-05-31T06:40:43Z</time>
   </trkpt>
   <trkpt lat="47.2859590" lon="11.2120540">
    <ele>892.8</ele>
    <time>2026-05-31T06:40:44Z</time>
   </trkpt>
   <trkpt lat="47.2859450" lon="11.2120920">
    <ele>892.5</ele>
    <time>2026-05-31T06:40:45Z</time>
   </trkpt>
   <trkpt lat="47.2859230" lon="11.2121210">
    <ele>892.3</ele>
    <time>2026-05-31T06:40:46Z</time>
   </trkpt>
   <trkpt lat="47.2859080" lon="11.2121550">
    <ele>892.2</ele>
    <time>2026-05-31T06:40:47Z</time>
   </trkpt>
   <trkpt lat="47.2858860" lon="11.2121970">
    <ele>891.9</ele>
    <time>2026-05-31T06:40:48Z</time>
   </trkpt>
   <trkpt lat="47.2858770" lon="11.2122050">
    <ele>891.8</ele>
    <time>2026-05-31T06:40:49Z</time>
   </trkpt>
   <trkpt lat="47.2858670" lon="11.2122130">
    <ele>891.7</ele>
    <time>2026-05-31T06:40:50Z</time>
   </trkpt>
   <trkpt lat="47.2858400" lon="11.2122380">
    <ele>891.5</ele>
    <time>2026-05-31T06:40:51Z</time>
   </trkpt>
   <trkpt lat="47.2858250" lon="11.2122600">
    <ele>891.3</ele>
    <time>2026-05-31T06:40:52Z</time>
   </trkpt>
   <trkpt lat="47.2858150" lon="11.2122750">
    <ele>891.2</ele>
    <time>2026-05-31T06:40:53Z</time>
   </trkpt>
   <trkpt lat="47.2857930" lon="11.2123130">
    <ele>890.8</ele>
    <time>2026-05-31T06:40:54Z</time>
   </trkpt>
   <trkpt lat="47.2857840" lon="11.2123190">
    <ele>890.8</ele>
    <time>2026-05-31T06:40:55Z</time>
   </trkpt>
   <trkpt lat="47.2857630" lon="11.2123680">
    <ele>890.4</ele>
    <time>2026-05-31T06:40:56Z</time>
   </trkpt>
   <trkpt lat="47.2857550" lon="11.2123840">
    <ele>890.3</ele>
    <time>2026-05-31T06:40:57Z</time>
   </trkpt>
   <trkpt lat="47.2857320" lon="11.2124340">
    <ele>889.8</ele>
    <time>2026-05-31T06:40:58Z</time>
   </trkpt>
   <trkpt lat="47.2857280" lon="11.2124570">
    <ele>889.7</ele>
    <time>2026-05-31T06:40:59Z</time>
   </trkpt>
   <trkpt lat="47.2857170" lon="11.2124790">
    <ele>889.5</ele>
    <time>2026-05-31T06:41:00Z</time>
   </trkpt>
   <trkpt lat="47.2857020" lon="11.2125200">
    <ele>889.2</ele>
    <time>2026-05-31T06:41:01Z</time>
   </trkpt>
   <trkpt lat="47.2856790" lon="11.2125530">
    <ele>888.9</ele>
    <time>2026-05-31T06:41:02Z</time>
   </trkpt>
   <trkpt lat="47.2856520" lon="11.2125950">
    <ele>888.4</ele>
    <time>2026-05-31T06:41:03Z</time>
   </trkpt>
   <trkpt lat="47.2856390" lon="11.2126090">
    <ele>888.3</ele>
    <time>2026-05-31T06:41:04Z</time>
   </trkpt>
   <trkpt lat="47.2856260" lon="11.2126350">
    <ele>888.0</ele>
    <time>2026-05-31T06:41:05Z</time>
   </trkpt>
   <trkpt lat="47.2856130" lon="11.2126440">
    <ele>887.9</ele>
    <time>2026-05-31T06:41:06Z</time>
   </trkpt>
   <trkpt lat="47.2855910" lon="11.2127100">
    <ele>887.4</ele>
    <time>2026-05-31T06:41:07Z</time>
   </trkpt>
   <trkpt lat="47.2855780" lon="11.2127390">
    <ele>887.1</ele>
    <time>2026-05-31T06:41:08Z</time>
   </trkpt>
   <trkpt lat="47.2855680" lon="11.2127780">
    <ele>886.8</ele>
    <time>2026-05-31T06:41:09Z</time>
   </trkpt>
   <trkpt lat="47.2855550" lon="11.2128210">
    <ele>886.4</ele>
    <time>2026-05-31T06:41:10Z</time>
   </trkpt>
   <trkpt lat="47.2855510" lon="11.2128670">
    <ele>886.0</ele>
    <time>2026-05-31T06:41:11Z</time>
   </trkpt>
   <trkpt lat="47.2855440" lon="11.2128810">
    <ele>885.9</ele>
    <time>2026-05-31T06:41:12Z</time>
   </trkpt>
   <trkpt lat="47.2855390" lon="11.2129200">
    <ele>885.5</ele>
    <time>2026-05-31T06:41:13Z</time>
   </trkpt>
   <trkpt lat="47.2855260" lon="11.2129550">
    <ele>885.2</ele>
    <time>2026-05-31T06:41:14Z</time>
   </trkpt>
   <trkpt lat="47.2855030" lon="11.2129930">
    <ele>884.8</ele>
    <time>2026-05-31T06:41:15Z</time>
   </trkpt>
   <trkpt lat="47.2854930" lon="11.2130090">
    <ele>884.7</ele>
    <time>2026-05-31T06:41:16Z</time>
   </trkpt>
   <trkpt lat="47.2854690" lon="11.2130440">
    <ele>884.3</ele>
    <time>2026-05-31T06:41:17Z</time>
   </trkpt>
   <trkpt lat="47.2854620" lon="11.2130700">
    <ele>884.1</ele>
    <time>2026-05-31T06:41:18Z</time>
   </trkpt>
   <trkpt lat="47.2854690" lon="11.2131200">
    <ele>883.8</ele>
    <time>2026-05-31T06:41:19Z</time>
   </trkpt>
   <trkpt lat="47.2854630" lon="11.2131370">
    <ele>883.8</ele>
    <time>2026-05-31T06:41:20Z</time>
   </trkpt>
   <trkpt lat="47.2854610" lon="11.2131820">
    <ele>883.5</ele>
    <time>2026-05-31T06:41:21Z</time>
   </trkpt>
   <trkpt lat="47.2854390" lon="11.2132100">
    <ele>883.4</ele>
    <time>2026-05-31T06:41:22Z</time>
   </trkpt>
   <trkpt lat="47.2854160" lon="11.2132540">
    <ele>883.2</ele>
    <time>2026-05-31T06:41:23Z</time>
   </trkpt>
   <trkpt lat="47.2854060" lon="11.2133060">
    <ele>883.0</ele>
    <time>2026-05-31T06:41:24Z</time>
   </trkpt>
   <trkpt lat="47.2854070" lon="11.2133270">
    <ele>882.9</ele>
    <time>2026-05-31T06:41:25Z</time>
   </trkpt>
   <trkpt lat="47.2853920" lon="11.2133720">
    <ele>882.7</ele>
    <time>2026-05-31T06:41:26Z</time>
   </trkpt>
   <trkpt lat="47.2853830" lon="11.2134120">
    <ele>882.5</ele>
    <time>2026-05-31T06:41:27Z</time>
   </trkpt>
   <trkpt lat="47.2853750" lon="11.2134610">
    <ele>882.3</ele>
    <time>2026-05-31T06:41:28Z</time>
   </trkpt>
   <trkpt lat="47.2853550" lon="11.2135080">
    <ele>882.0</ele>
    <time>2026-05-31T06:41:29Z</time>
   </trkpt>
   <trkpt lat="47.2853480" lon="11.2135260">
    <ele>881.9</ele>
    <time>2026-05-31T06:41:30Z</time>
   </trkpt>
   <trkpt lat="47.2853350" lon="11.2135750">
    <ele>881.6</ele>
    <time>2026-05-31T06:41:31Z</time>
   </trkpt>
   <trkpt lat="47.2853080" lon="11.2136050">
    <ele>881.3</ele>
    <time>2026-05-31T06:41:32Z</time>
   </trkpt>
   <trkpt lat="47.2853110" lon="11.2136520">
    <ele>881.0</ele>
    <time>2026-05-31T06:41:33Z</time>
   </trkpt>
   <trkpt lat="47.2853140" lon="11.2137010">
    <ele>880.6</ele>
    <time>2026-05-31T06:41:34Z</time>
   </trkpt>
   <trkpt lat="47.2853080" lon="11.2137210">
    <ele>880.5</ele>
    <time>2026-05-31T06:41:35Z</time>
   </trkpt>
   <trkpt lat="47.2852930" lon="11.2137600">
    <ele>880.1</ele>
    <time>2026-05-31T06:41:36Z</time>
   </trkpt>
   <trkpt lat="47.2852650" lon="11.2138030">
    <ele>879.6</ele>
    <time>2026-05-31T06:41:37Z</time>
   </trkpt>
   <trkpt lat="47.2852640" lon="11.2138680">
    <ele>879.0</ele>
    <time>2026-05-31T06:41:38Z</time>
   </trkpt>
   <trkpt lat="47.2852660" lon="11.2139000">
    <ele>878.7</ele>
    <time>2026-05-31T06:41:39Z</time>
   </trkpt>
   <trkpt lat="47.2852460" lon="11.2139450">
    <ele>878.2</ele>
    <time>2026-05-31T06:41:40Z</time>
   </trkpt>
   <trkpt lat="47.2852390" lon="11.2139580">
    <ele>878.1</ele>
    <time>2026-05-31T06:41:41Z</time>
   </trkpt>
   <trkpt lat="47.2852190" lon="11.2140080">
    <ele>877.5</ele>
    <time>2026-05-31T06:41:42Z</time>
   </trkpt>
   <trkpt lat="47.2852130" lon="11.2140280">
    <ele>877.2</ele>
    <time>2026-05-31T06:41:43Z</time>
   </trkpt>
   <trkpt lat="47.2852050" lon="11.2140710">
    <ele>876.8</ele>
    <time>2026-05-31T06:41:44Z</time>
   </trkpt>
   <trkpt lat="47.2851980" lon="11.2140840">
    <ele>876.6</ele>
    <time>2026-05-31T06:41:45Z</time>
   </trkpt>
   <trkpt lat="47.2852000" lon="11.2141160">
    <ele>876.3</ele>
    <time>2026-05-31T06:41:46Z</time>
   </trkpt>
   <trkpt lat="47.2852000" lon="11.2141370">
    <ele>876.1</ele>
    <time>2026-05-31T06:41:47Z</time>
   </trkpt>
   <trkpt lat="47.2851870" lon="11.2141780">
    <ele>875.6</ele>
    <time>2026-05-31T06:41:48Z</time>
   </trkpt>
   <trkpt lat="47.2851630" lon="11.2142260">
    <ele>875.0</ele>
    <time>2026-05-31T06:41:49Z</time>
   </trkpt>
   <trkpt lat="47.2851580" lon="11.2142470">
    <ele>874.8</ele>
    <time>2026-05-31T06:41:50Z</time>
   </trkpt>
   <trkpt lat="47.2851280" lon="11.2142890">
    <ele>874.2</ele>
    <time>2026-05-31T06:41:51Z</time>
   </trkpt>
   <trkpt lat="47.2851140" lon="11.2143090">
    <ele>873.9</ele>
    <time>2026-05-31T06:41:52Z</time>
   </trkpt>
   <trkpt lat="47.2850950" lon="11.2143450">
    <ele>873.5</ele>
    <time>2026-05-31T06:41:53Z</time>
   </trkpt>
   <trkpt lat="47.2850880" lon="11.2143480">
    <ele>873.4</ele>
    <time>2026-05-31T06:41:54Z</time>
   </trkpt>
   <trkpt lat="47.2850670" lon="11.2143910">
    <ele>873.0</ele>
    <time>2026-05-31T06:41:55Z</time>
   </trkpt>
   <trkpt lat="47.2850520" lon="11.2144090">
    <ele>872.7</ele>
    <time>2026-05-31T06:41:56Z</time>
   </trkpt>
   <trkpt lat="47.2850520" lon="11.2144490">
    <ele>872.4</ele>
    <time>2026-05-31T06:41:57Z</time>
   </trkpt>
   <trkpt lat="47.2850560" lon="11.2144640">
    <ele>872.3</ele>
    <time>2026-05-31T06:41:58Z</time>
   </trkpt>
   <trkpt lat="47.2850460" lon="11.2145020">
    <ele>872.0</ele>
    <time>2026-05-31T06:41:59Z</time>
   </trkpt>
   <trkpt lat="47.2850340" lon="11.2145450">
    <ele>871.6</ele>
    <time>2026-05-31T06:42:00Z</time>
   </trkpt>
   <trkpt lat="47.2850220" lon="11.2145900">
    <ele>871.3</ele>
    <time>2026-05-31T06:42:01Z</time>
   </trkpt>
   <trkpt lat="47.2850160" lon="11.2146070">
    <ele>871.2</ele>
    <time>2026-05-31T06:42:02Z</time>
   </trkpt>
   <trkpt lat="47.2850120" lon="11.2146520">
    <ele>870.9</ele>
    <time>2026-05-31T06:42:03Z</time>
   </trkpt>
   <trkpt lat="47.2849880" lon="11.2146920">
    <ele>870.5</ele>
    <time>2026-05-31T06:42:04Z</time>
   </trkpt>
   <trkpt lat="47.2849750" lon="11.2147060">
    <ele>870.4</ele>
    <time>2026-05-31T06:42:05Z</time>
   </trkpt>
   <trkpt lat="47.2849720" lon="11.2147530">
    <ele>870.0</ele>
    <time>2026-05-31T06:42:06Z</time>
   </trkpt>
   <trkpt lat="47.2849540" lon="11.2148000">
    <ele>869.7</ele>
    <time>2026-05-31T06:42:07Z</time>
   </trkpt>
   <trkpt lat="47.2849350" lon="11.2148360">
    <ele>869.4</ele>
    <time>2026-05-31T06:42:08Z</time>
   </trkpt>
   <trkpt lat="47.2849150" lon="11.2148770">
    <ele>869.1</ele>
    <time>2026-05-31T06:42:09Z</time>
   </trkpt>
   <trkpt lat="47.2849130" lon="11.2148960">
    <ele>869.0</ele>
    <time>2026-05-31T06:42:10Z</time>
   </trkpt>
   <trkpt lat="47.2849080" lon="11.2149430">
    <ele>868.7</ele>
    <time>2026-05-31T06:42:11Z</time>
   </trkpt>
   <trkpt lat="47.2848870" lon="11.2149800">
    <ele>868.4</ele>
    <time>2026-05-31T06:42:12Z</time>
   </trkpt>
   <trkpt lat="47.2848800" lon="11.2149970">
    <ele>868.3</ele>
    <time>2026-05-31T06:42:13Z</time>
   </trkpt>
   <trkpt lat="47.2848710" lon="11.2150500">
    <ele>867.9</ele>
    <time>2026-05-31T06:42:14Z</time>
   </trkpt>
   <trkpt lat="47.2848500" lon="11.2150930">
    <ele>867.6</ele>
    <time>2026-05-31T06:42:15Z</time>
   </trkpt>
   <trkpt lat="47.2848250" lon="11.2151150">
    <ele>867.4</ele>
    <time>2026-05-31T06:42:16Z</time>
   </trkpt>
   <trkpt lat="47.2848200" lon="11.2151370">
    <ele>867.3</ele>
    <time>2026-05-31T06:42:17Z</time>
   </trkpt>
   <trkpt lat="47.2848200" lon="11.2151780">
    <ele>867.1</ele>
    <time>2026-05-31T06:42:18Z</time>
   </trkpt>
   <trkpt lat="47.2847920" lon="11.2152090">
    <ele>866.9</ele>
    <time>2026-05-31T06:42:19Z</time>
   </trkpt>
   <trkpt lat="47.2847750" lon="11.2152480">
    <ele>866.8</ele>
    <time>2026-05-31T06:42:20Z</time>
   </trkpt>
   <trkpt lat="47.2847680" lon="11.2152600">
    <ele>866.8</ele>
    <time>2026-05-31T06:42:21Z</time>
   </trkpt>
   <trkpt lat="47.2847590" lon="11.2153110">
    <ele>866.6</ele>
    <time>2026-05-31T06:42:22Z</time>
   </trkpt>
   <trkpt lat="47.2847520" lon="11.2153520">
    <ele>866.5</ele>
    <time>2026-05-31T06:42:23Z</time>
   </trkpt>
   <trkpt lat="47.2847310" lon="11.2153920">
    <ele>866.4</ele>
    <time>2026-05-31T06:42:24Z</time>
   </trkpt>
   <trkpt lat="47.2847250" lon="11.2154090">
    <ele>866.4</ele>
    <time>2026-05-31T06:42:25Z</time>
   </trkpt>
   <trkpt lat="47.2847200" lon="11.2154660">
    <ele>866.2</ele>
    <time>2026-05-31T06:42:26Z</time>
   </trkpt>
   <trkpt lat="47.2847190" lon="11.2154850">
    <ele>866.2</ele>
    <time>2026-05-31T06:42:27Z</time>
   </trkpt>
   <trkpt lat="47.2846920" lon="11.2155090">
    <ele>866.0</ele>
    <time>2026-05-31T06:42:28Z</time>
   </trkpt>
   <trkpt lat="47.2846810" lon="11.2155130">
    <ele>865.9</ele>
    <time>2026-05-31T06:42:29Z</time>
   </trkpt>
   <trkpt lat="47.2846720" lon="11.2155590">
    <ele>865.7</ele>
    <time>2026-05-31T06:42:30Z</time>
   </trkpt>
   <trkpt lat="47.2846680" lon="11.2155710">
    <ele>865.7</ele>
    <time>2026-05-31T06:42:31Z</time>
   </trkpt>
   <trkpt lat="47.2846660" lon="11.2155910">
    <ele>865.6</ele>
    <time>2026-05-31T06:42:32Z</time>
   </trkpt>
   <trkpt lat="47.2846600" lon="11.2156170">
    <ele>865.4</ele>
    <time>2026-05-31T06:42:33Z</time>
   </trkpt>
   <trkpt lat="47.2846440" lon="11.2156570">
    <ele>865.2</ele>
    <time>2026-05-31T06:42:34Z</time>
   </trkpt>
   <trkpt lat="47.2846380" lon="11.2156700">
    <ele>865.1</ele>
    <time>2026-05-31T06:42:35Z</time>
   </trkpt>
   <trkpt lat="47.2846210" lon="11.2156940">
    <ele>864.9</ele>
    <time>2026-05-31T06:42:36Z</time>
   </trkpt>
   <trkpt lat="47.2846190" lon="11.2157100">
    <ele>864.8</ele>
    <time>2026-05-31T06:42:37Z</time>
   </trkpt>
   <trkpt lat="47.2846160" lon="11.2157250">
    <ele>864.7</ele>
    <time>2026-05-31T06:42:38Z</time>
   </trkpt>
   <trkpt lat="47.2846040" lon="11.2157650">
    <ele>864.4</ele>
    <time>2026-05-31T06:42:39Z</time>
   </trkpt>
   <trkpt lat="47.2845910" lon="11.2158110">
    <ele>864.1</ele>
    <time>2026-05-31T06:42:40Z</time>
   </trkpt>
   <trkpt lat="47.2845780" lon="11.2158240">
    <ele>864.0</ele>
    <time>2026-05-31T06:42:41Z</time>
   </trkpt>
   <trkpt lat="47.2845610" lon="11.2158690">
    <ele>863.6</ele>
    <time>2026-05-31T06:42:42Z</time>
   </trkpt>
   <trkpt lat="47.2845590" lon="11.2158820">
    <ele>863.5</ele>
    <time>2026-05-31T06:42:43Z</time>
   </trkpt>
   <trkpt lat="47.2845470" lon="11.2159190">
    <ele>863.3</ele>
    <time>2026-05-31T06:42:44Z</time>
   </trkpt>
   <trkpt lat="47.2845410" lon="11.2159290">
    <ele>863.2</ele>
    <time>2026-05-31T06:42:45Z</time>
   </trkpt>
   <trkpt lat="47.2845320" lon="11.2159640">
    <ele>862.9</ele>
    <time>2026-05-31T06:42:46Z</time>
   </trkpt>
   <trkpt lat="47.2845320" lon="11.2159640">
    <ele>862.9</ele>
    <time>2026-05-31T06:42:47Z</time>
   </trkpt>
   <trkpt lat="47.2845210" lon="11.2159650">
    <ele>862.8</ele>
    <time>2026-05-31T06:42:48Z</time>
   </trkpt>
   <trkpt lat="47.2845060" lon="11.2160250">
    <ele>862.3</ele>
    <time>2026-05-31T06:42:49Z</time>
   </trkpt>
   <trkpt lat="47.2844870" lon="11.2160720">
    <ele>861.8</ele>
    <time>2026-05-31T06:42:50Z</time>
   </trkpt>
   <trkpt lat="47.2844800" lon="11.2160850">
    <ele>861.7</ele>
    <time>2026-05-31T06:42:51Z</time>
   </trkpt>
   <trkpt lat="47.2844820" lon="11.2160800">
    <ele>861.6</ele>
    <time>2026-05-31T06:42:52Z</time>
   </trkpt>
   <trkpt lat="47.2844860" lon="11.2160720">
    <ele>861.5</ele>
    <time>2026-05-31T06:42:53Z</time>
   </trkpt>
   <trkpt lat="47.2845020" lon="11.2160980">
    <ele>861.2</ele>
    <time>2026-05-31T06:42:54Z</time>
   </trkpt>
   <trkpt lat="47.2845020" lon="11.2160980">
    <ele>861.2</ele>
    <time>2026-05-31T06:42:55Z</time>
   </trkpt>
   <trkpt lat="47.2845010" lon="11.2161190">
    <ele>861.0</ele>
    <time>2026-05-31T06:42:56Z</time>
   </trkpt>
   <trkpt lat="47.2844980" lon="11.2161110">
    <ele>861.0</ele>
    <time>2026-05-31T06:42:57Z</time>
   </trkpt>
   <trkpt lat="47.2844840" lon="11.2161150">
    <ele>860.8</ele>
    <time>2026-05-31T06:42:58Z</time>
   </trkpt>
   <trkpt lat="47.2844780" lon="11.2161460">
    <ele>860.5</ele>
    <time>2026-05-31T06:42:59Z</time>
   </trkpt>
   <trkpt lat="47.2844690" lon="11.2161870">
    <ele>860.1</ele>
    <time>2026-05-31T06:43:00Z</time>
   </trkpt>
   <trkpt lat="47.2844480" lon="11.2162250">
    <ele>859.7</ele>
    <time>2026-05-31T06:43:01Z</time>
   </trkpt>
   <trkpt lat="47.2844440" lon="11.2162380">
    <ele>859.6</ele>
    <time>2026-05-31T06:43:02Z</time>
   </trkpt>
   <trkpt lat="47.2844410" lon="11.2162500">
    <ele>859.5</ele>
    <time>2026-05-31T06:43:03Z</time>
   </trkpt>
   <trkpt lat="47.2844290" lon="11.2162740">
    <ele>859.3</ele>
    <time>2026-05-31T06:43:04Z</time>
   </trkpt>
   <trkpt lat="47.2844150" lon="11.2162890">
    <ele>859.1</ele>
    <time>2026-05-31T06:43:05Z</time>
   </trkpt>
   <trkpt lat="47.2844100" lon="11.2163090">
    <ele>859.0</ele>
    <time>2026-05-31T06:43:06Z</time>
   </trkpt>
   <trkpt lat="47.2844100" lon="11.2163510">
    <ele>858.7</ele>
    <time>2026-05-31T06:43:07Z</time>
   </trkpt>
   <trkpt lat="47.2843940" lon="11.2163960">
    <ele>858.4</ele>
    <time>2026-05-31T06:43:08Z</time>
   </trkpt>
   <trkpt lat="47.2843880" lon="11.2164100">
    <ele>858.4</ele>
    <time>2026-05-31T06:43:09Z</time>
   </trkpt>
   <trkpt lat="47.2843660" lon="11.2164510">
    <ele>858.1</ele>
    <time>2026-05-31T06:43:10Z</time>
   </trkpt>
   <trkpt lat="47.2843580" lon="11.2164640">
    <ele>858.0</ele>
    <time>2026-05-31T06:43:11Z</time>
   </trkpt>
   <trkpt lat="47.2843460" lon="11.2165080">
    <ele>857.8</ele>
    <time>2026-05-31T06:43:12Z</time>
   </trkpt>
   <trkpt lat="47.2843390" lon="11.2165260">
    <ele>857.8</ele>
    <time>2026-05-31T06:43:13Z</time>
   </trkpt>
   <trkpt lat="47.2843240" lon="11.2165600">
    <ele>857.6</ele>
    <time>2026-05-31T06:43:14Z</time>
   </trkpt>
   <trkpt lat="47.2843130" lon="11.2166170">
    <ele>857.4</ele>
    <time>2026-05-31T06:43:15Z</time>
   </trkpt>
   <trkpt lat="47.2843120" lon="11.2166500">
    <ele>857.3</ele>
    <time>2026-05-31T06:43:16Z</time>
   </trkpt>
   <trkpt lat="47.2842940" lon="11.2166880">
    <ele>857.2</ele>
    <time>2026-05-31T06:43:17Z</time>
   </trkpt>
   <trkpt lat="47.2842840" lon="11.2167000">
    <ele>857.2</ele>
    <time>2026-05-31T06:43:18Z</time>
   </trkpt>
   <trkpt lat="47.2842610" lon="11.2167500">
    <ele>857.0</ele>
    <time>2026-05-31T06:43:19Z</time>
   </trkpt>
   <trkpt lat="47.2842520" lon="11.2167650">
    <ele>856.9</ele>
    <time>2026-05-31T06:43:20Z</time>
   </trkpt>
   <trkpt lat="47.2842410" lon="11.2168020">
    <ele>856.8</ele>
    <time>2026-05-31T06:43:21Z</time>
   </trkpt>
   <trkpt lat="47.2842180" lon="11.2168470">
    <ele>856.7</ele>
    <time>2026-05-31T06:43:22Z</time>
   </trkpt>
   <trkpt lat="47.2842050" lon="11.2168700">
    <ele>856.6</ele>
    <time>2026-05-31T06:43:23Z</time>
   </trkpt>
   <trkpt lat="47.2841990" lon="11.2168840">
    <ele>856.6</ele>
    <time>2026-05-31T06:43:24Z</time>
   </trkpt>
   <trkpt lat="47.2841900" lon="11.2169110">
    <ele>856.5</ele>
    <time>2026-05-31T06:43:25Z</time>
   </trkpt>
   <trkpt lat="47.2841770" lon="11.2169530">
    <ele>856.4</ele>
    <time>2026-05-31T06:43:26Z</time>
   </trkpt>
   <trkpt lat="47.2841670" lon="11.2169670">
    <ele>856.4</ele>
    <time>2026-05-31T06:43:27Z</time>
   </trkpt>
   <trkpt lat="47.2841560" lon="11.2170130">
    <ele>856.3</ele>
    <time>2026-05-31T06:43:28Z</time>
   </trkpt>
   <trkpt lat="47.2841520" lon="11.2170210">
    <ele>856.3</ele>
    <time>2026-05-31T06:43:29Z</time>
   </trkpt>
   <trkpt lat="47.2841330" lon="11.2170770">
    <ele>856.3</ele>
    <time>2026-05-31T06:43:30Z</time>
   </trkpt>
   <trkpt lat="47.2841320" lon="11.2171210">
    <ele>856.3</ele>
    <time>2026-05-31T06:43:31Z</time>
   </trkpt>
   <trkpt lat="47.2841100" lon="11.2171520">
    <ele>856.3</ele>
    <time>2026-05-31T06:43:32Z</time>
   </trkpt>
   <trkpt lat="47.2841040" lon="11.2171660">
    <ele>856.3</ele>
    <time>2026-05-31T06:43:33Z</time>
   </trkpt>
   <trkpt lat="47.2841050" lon="11.2172100">
    <ele>856.3</ele>
    <time>2026-05-31T06:43:34Z</time>
   </trkpt>
   <trkpt lat="47.2840810" lon="11.2172260">
    <ele>856.3</ele>
    <time>2026-05-31T06:43:35Z</time>
   </trkpt>
   <trkpt lat="47.2840700" lon="11.2172250">
    <ele>856.4</ele>
    <time>2026-05-31T06:43:36Z</time>
   </trkpt>
   <trkpt lat="47.2840750" lon="11.2172280">
    <ele>856.4</ele>
    <time>2026-05-31T06:43:37Z</time>
   </trkpt>
   <trkpt lat="47.2840650" lon="11.2172750">
    <ele>856.4</ele>
    <time>2026-05-31T06:43:38Z</time>
   </trkpt>
   <trkpt lat="47.2840550" lon="11.2173180">
    <ele>856.5</ele>
    <time>2026-05-31T06:43:39Z</time>
   </trkpt>
   <trkpt lat="47.2840490" lon="11.2173290">
    <ele>856.5</ele>
    <time>2026-05-31T06:43:40Z</time>
   </trkpt>
   <trkpt lat="47.2840370" lon="11.2173580">
    <ele>856.5</ele>
    <time>2026-05-31T06:43:41Z</time>
   </trkpt>
   <trkpt lat="47.2840320" lon="11.2173760">
    <ele>856.5</ele>
    <time>2026-05-31T06:43:42Z</time>
   </trkpt>
   <trkpt lat="47.2840260" lon="11.2173950">
    <ele>856.5</ele>
    <time>2026-05-31T06:43:43Z</time>
   </trkpt>
   <trkpt lat="47.2840070" lon="11.2174320">
    <ele>856.6</ele>
    <time>2026-05-31T06:43:44Z</time>
   </trkpt>
   <trkpt lat="47.2839990" lon="11.2174410">
    <ele>856.6</ele>
    <time>2026-05-31T06:43:45Z</time>
   </trkpt>
   <trkpt lat="47.2839950" lon="11.2174830">
    <ele>856.5</ele>
    <time>2026-05-31T06:43:46Z</time>
   </trkpt>
   <trkpt lat="47.2839990" lon="11.2175250">
    <ele>856.5</ele>
    <time>2026-05-31T06:43:47Z</time>
   </trkpt>
   <trkpt lat="47.2839960" lon="11.2175310">
    <ele>856.5</ele>
    <time>2026-05-31T06:43:48Z</time>
   </trkpt>
   <trkpt lat="47.2839930" lon="11.2175380">
    <ele>856.5</ele>
    <time>2026-05-31T06:43:49Z</time>
   </trkpt>
   <trkpt lat="47.2839880" lon="11.2175550">
    <ele>856.5</ele>
    <time>2026-05-31T06:43:50Z</time>
   </trkpt>
   <trkpt lat="47.2839850" lon="11.2175880">
    <ele>856.4</ele>
    <time>2026-05-31T06:43:51Z</time>
   </trkpt>
   <trkpt lat="47.2839670" lon="11.2176270">
    <ele>856.3</ele>
    <time>2026-05-31T06:43:52Z</time>
   </trkpt>
   <trkpt lat="47.2839490" lon="11.2176580">
    <ele>856.2</ele>
    <time>2026-05-31T06:43:53Z</time>
   </trkpt>
   <trkpt lat="47.2839440" lon="11.2176770">
    <ele>856.2</ele>
    <time>2026-05-31T06:43:54Z</time>
   </trkpt>
   <trkpt lat="47.2839360" lon="11.2177090">
    <ele>856.1</ele>
    <time>2026-05-31T06:43:55Z</time>
   </trkpt>
   <trkpt lat="47.2839300" lon="11.2177120">
    <ele>856.0</ele>
    <time>2026-05-31T06:43:56Z</time>
   </trkpt>
   <trkpt lat="47.2839210" lon="11.2177530">
    <ele>855.9</ele>
    <time>2026-05-31T06:43:57Z</time>
   </trkpt>
   <trkpt lat="47.2839070" lon="11.2177910">
    <ele>855.7</ele>
    <time>2026-05-31T06:43:58Z</time>
   </trkpt>
   <trkpt lat="47.2839030" lon="11.2178140">
    <ele>855.6</ele>
    <time>2026-05-31T06:43:59Z</time>
   </trkpt>
   <trkpt lat="47.2838850" lon="11.2178450">
    <ele>855.4</ele>
    <time>2026-05-31T06:44:00Z</time>
   </trkpt>
   <trkpt lat="47.2838760" lon="11.2178840">
    <ele>855.2</ele>
    <time>2026-05-31T06:44:01Z</time>
   </trkpt>
   <trkpt lat="47.2838610" lon="11.2179220">
    <ele>854.9</ele>
    <time>2026-05-31T06:44:02Z</time>
   </trkpt>
   <trkpt lat="47.2838600" lon="11.2179370">
    <ele>854.8</ele>
    <time>2026-05-31T06:44:03Z</time>
   </trkpt>
   <trkpt lat="47.2838570" lon="11.2179700">
    <ele>854.7</ele>
    <time>2026-05-31T06:44:04Z</time>
   </trkpt>
   <trkpt lat="47.2838560" lon="11.2179920">
    <ele>854.5</ele>
    <time>2026-05-31T06:44:05Z</time>
   </trkpt>
   <trkpt lat="47.2838490" lon="11.2180110">
    <ele>854.4</ele>
    <time>2026-05-31T06:44:06Z</time>
   </trkpt>
   <trkpt lat="47.2838260" lon="11.2180380">
    <ele>854.2</ele>
    <time>2026-05-31T06:44:07Z</time>
   </trkpt>
   <trkpt lat="47.2838120" lon="11.2180640">
    <ele>854.1</ele>
    <time>2026-05-31T06:44:08Z</time>
   </trkpt>
   <trkpt lat="47.2838040" lon="11.2180800">
    <ele>854.0</ele>
    <time>2026-05-31T06:44:09Z</time>
   </trkpt>
   <trkpt lat="47.2837980" lon="11.2181080">
    <ele>853.8</ele>
    <time>2026-05-31T06:44:10Z</time>
   </trkpt>
   <trkpt lat="47.2837960" lon="11.2181180">
    <ele>853.8</ele>
    <time>2026-05-31T06:44:11Z</time>
   </trkpt>
   <trkpt lat="47.2837890" lon="11.2181690">
    <ele>853.6</ele>
    <time>2026-05-31T06:44:12Z</time>
   </trkpt>
   <trkpt lat="47.2837840" lon="11.2181890">
    <ele>853.5</ele>
    <time>2026-05-31T06:44:13Z</time>
   </trkpt>
   <trkpt lat="47.2837850" lon="11.2182150">
    <ele>853.4</ele>
    <time>2026-05-31T06:44:14Z</time>
   </trkpt>
   <trkpt lat="47.2837720" lon="11.2182380">
    <ele>853.3</ele>
    <time>2026-05-31T06:44:15Z</time>
   </trkpt>
   <trkpt lat="47.2837500" lon="11.2182790">
    <ele>853.1</ele>
    <time>2026-05-31T06:44:16Z</time>
   </trkpt>
   <trkpt lat="47.2837460" lon="11.2183000">
    <ele>853.0</ele>
    <time>2026-05-31T06:44:17Z</time>
   </trkpt>
   <trkpt lat="47.2837270" lon="11.2183340">
    <ele>852.9</ele>
    <time>2026-05-31T06:44:18Z</time>
   </trkpt>
   <trkpt lat="47.2837110" lon="11.2183700">
    <ele>852.7</ele>
    <time>2026-05-31T06:44:19Z</time>
   </trkpt>
   <trkpt lat="47.2837090" lon="11.2183800">
    <ele>852.7</ele>
    <time>2026-05-31T06:44:20Z</time>
   </trkpt>
   <trkpt lat="47.2836970" lon="11.2184370">
    <ele>852.4</ele>
    <time>2026-05-31T06:44:21Z</time>
   </trkpt>
   <trkpt lat="47.2836930" lon="11.2184560">
    <ele>852.3</ele>
    <time>2026-05-31T06:44:22Z</time>
   </trkpt>
   <trkpt lat="47.2836810" lon="11.2184770">
    <ele>852.2</ele>
    <time>2026-05-31T06:44:23Z</time>
   </trkpt>
   <trkpt lat="47.2836730" lon="11.2184970">
    <ele>852.2</ele>
    <time>2026-05-31T06:44:24Z</time>
   </trkpt>
   <trkpt lat="47.2836650" lon="11.2185530">
    <ele>851.9</ele>
    <time>2026-05-31T06:44:25Z</time>
   </trkpt>
   <trkpt lat="47.2836600" lon="11.2185740">
    <ele>851.9</ele>
    <time>2026-05-31T06:44:26Z</time>
   </trkpt>
   <trkpt lat="47.2836630" lon="11.2186240">
    <ele>851.7</ele>
    <time>2026-05-31T06:44:27Z</time>
   </trkpt>
   <trkpt lat="47.2836410" lon="11.2186620">
    <ele>851.5</ele>
    <time>2026-05-31T06:44:28Z</time>
   </trkpt>
   <trkpt lat="47.2836330" lon="11.2186600">
    <ele>851.5</ele>
    <time>2026-05-31T06:44:29Z</time>
   </trkpt>
   <trkpt lat="47.2836290" lon="11.2187040">
    <ele>851.3</ele>
    <time>2026-05-31T06:44:30Z</time>
   </trkpt>
   <trkpt lat="47.2836010" lon="11.2187410">
    <ele>851.1</ele>
    <time>2026-05-31T06:44:31Z</time>
   </trkpt>
   <trkpt lat="47.2835930" lon="11.2187580">
    <ele>851.1</ele>
    <time>2026-05-31T06:44:32Z</time>
   </trkpt>
   <trkpt lat="47.2835880" lon="11.2187820">
    <ele>851.0</ele>
    <time>2026-05-31T06:44:33Z</time>
   </trkpt>
   <trkpt lat="47.2835860" lon="11.2187990">
    <ele>851.0</ele>
    <time>2026-05-31T06:44:34Z</time>
   </trkpt>
   <trkpt lat="47.2835840" lon="11.2188150">
    <ele>850.9</ele>
    <time>2026-05-31T06:44:35Z</time>
   </trkpt>
   <trkpt lat="47.2835750" lon="11.2188530">
    <ele>850.8</ele>
    <time>2026-05-31T06:44:36Z</time>
   </trkpt>
   <trkpt lat="47.2835740" lon="11.2188970">
    <ele>850.7</ele>
    <time>2026-05-31T06:44:37Z</time>
   </trkpt>
   <trkpt lat="47.2835750" lon="11.2189160">
    <ele>850.6</ele>
    <time>2026-05-31T06:44:38Z</time>
   </trkpt>
   <trkpt lat="47.2835620" lon="11.2189540">
    <ele>850.5</ele>
    <time>2026-05-31T06:44:39Z</time>
   </trkpt>
   <trkpt lat="47.2835550" lon="11.2189660">
    <ele>850.5</ele>
    <time>2026-05-31T06:44:40Z</time>
   </trkpt>
   <trkpt lat="47.2835500" lon="11.2189900">
    <ele>850.4</ele>
    <time>2026-05-31T06:44:41Z</time>
   </trkpt>
   <trkpt lat="47.2835440" lon="11.2190090">
    <ele>850.3</ele>
    <time>2026-05-31T06:44:42Z</time>
   </trkpt>
   <trkpt lat="47.2835340" lon="11.2190270">
    <ele>850.3</ele>
    <time>2026-05-31T06:44:43Z</time>
   </trkpt>
   <trkpt lat="47.2835220" lon="11.2190500">
    <ele>850.2</ele>
    <time>2026-05-31T06:44:44Z</time>
   </trkpt>
   <trkpt lat="47.2835090" lon="11.2190940">
    <ele>850.0</ele>
    <time>2026-05-31T06:44:45Z</time>
   </trkpt>
   <trkpt lat="47.2835050" lon="11.2191080">
    <ele>850.0</ele>
    <time>2026-05-31T06:44:46Z</time>
   </trkpt>
   <trkpt lat="47.2834990" lon="11.2191310">
    <ele>849.9</ele>
    <time>2026-05-31T06:44:47Z</time>
   </trkpt>
   <trkpt lat="47.2834910" lon="11.2191540">
    <ele>849.8</ele>
    <time>2026-05-31T06:44:48Z</time>
   </trkpt>
   <trkpt lat="47.2834820" lon="11.2191830">
    <ele>849.6</ele>
    <time>2026-05-31T06:44:49Z</time>
   </trkpt>
   <trkpt lat="47.2834750" lon="11.2192010">
    <ele>849.6</ele>
    <time>2026-05-31T06:44:50Z</time>
   </trkpt>
   <trkpt lat="47.2834690" lon="11.2192300">
    <ele>849.4</ele>
    <time>2026-05-31T06:44:51Z</time>
   </trkpt>
   <trkpt lat="47.2834650" lon="11.2192490">
    <ele>849.4</ele>
    <time>2026-05-31T06:44:52Z</time>
   </trkpt>
   <trkpt lat="47.2834530" lon="11.2192900">
    <ele>849.2</ele>
    <time>2026-05-31T06:44:53Z</time>
   </trkpt>
   <trkpt lat="47.2834480" lon="11.2193050">
    <ele>849.1</ele>
    <time>2026-05-31T06:44:54Z</time>
   </trkpt>
   <trkpt lat="47.2834290" lon="11.2193510">
    <ele>848.9</ele>
    <time>2026-05-31T06:44:55Z</time>
   </trkpt>
   <trkpt lat="47.2834260" lon="11.2193740">
    <ele>848.8</ele>
    <time>2026-05-31T06:44:56Z</time>
   </trkpt>
   <trkpt lat="47.2834210" lon="11.2194140">
    <ele>848.6</ele>
    <time>2026-05-31T06:44:57Z</time>
   </trkpt>
   <trkpt lat="47.2834170" lon="11.2194620">
    <ele>848.4</ele>
    <time>2026-05-31T06:44:58Z</time>
   </trkpt>
   <trkpt lat="47.2834230" lon="11.2194780">
    <ele>848.4</ele>
    <time>2026-05-31T06:44:59Z</time>
   </trkpt>
   <trkpt lat="47.2834000" lon="11.2195160">
    <ele>848.2</ele>
    <time>2026-05-31T06:45:00Z</time>
   </trkpt>
   <trkpt lat="47.2834000" lon="11.2195160">
    <ele>848.2</ele>
    <time>2026-05-31T06:45:01Z</time>
   </trkpt>
   <trkpt lat="47.2833750" lon="11.2195490">
    <ele>848.1</ele>
    <time>2026-05-31T06:45:02Z</time>
   </trkpt>
   <trkpt lat="47.2833610" lon="11.2195930">
    <ele>848.0</ele>
    <time>2026-05-31T06:45:03Z</time>
   </trkpt>
   <trkpt lat="47.2833470" lon="11.2196280">
    <ele>847.9</ele>
    <time>2026-05-31T06:45:04Z</time>
   </trkpt>
   <trkpt lat="47.2833420" lon="11.2196460">
    <ele>847.9</ele>
    <time>2026-05-31T06:45:05Z</time>
   </trkpt>
   <trkpt lat="47.2833380" lon="11.2196710">
    <ele>847.8</ele>
    <time>2026-05-31T06:45:06Z</time>
   </trkpt>
   <trkpt lat="47.2833340" lon="11.2196970">
    <ele>847.8</ele>
    <time>2026-05-31T06:45:07Z</time>
   </trkpt>
   <trkpt lat="47.2833330" lon="11.2197240">
    <ele>847.8</ele>
    <time>2026-05-31T06:45:08Z</time>
   </trkpt>
   <trkpt lat="47.2833340" lon="11.2197430">
    <ele>847.7</ele>
    <time>2026-05-31T06:45:09Z</time>
   </trkpt>
   <trkpt lat="47.2833200" lon="11.2197820">
    <ele>847.7</ele>
    <time>2026-05-31T06:45:10Z</time>
   </trkpt>
   <trkpt lat="47.2833150" lon="11.2197960">
    <ele>847.7</ele>
    <time>2026-05-31T06:45:11Z</time>
   </trkpt>
   <trkpt lat="47.2832970" lon="11.2198390">
    <ele>847.6</ele>
    <time>2026-05-31T06:45:12Z</time>
   </trkpt>
   <trkpt lat="47.2832910" lon="11.2198550">
    <ele>847.5</ele>
    <time>2026-05-31T06:45:13Z</time>
   </trkpt>
   <trkpt lat="47.2832810" lon="11.2198920">
    <ele>847.4</ele>
    <time>2026-05-31T06:45:14Z</time>
   </trkpt>
   <trkpt lat="47.2832810" lon="11.2199090">
    <ele>847.3</ele>
    <time>2026-05-31T06:45:15Z</time>
   </trkpt>
   <trkpt lat="47.2832710" lon="11.2199500">
    <ele>847.1</ele>
    <time>2026-05-31T06:45:16Z</time>
   </trkpt>
   <trkpt lat="47.2832670" lon="11.2199660">
    <ele>847.0</ele>
    <time>2026-05-31T06:45:17Z</time>
   </trkpt>
   <trkpt lat="47.2832530" lon="11.2200000">
    <ele>846.8</ele>
    <time>2026-05-31T06:45:18Z</time>
   </trkpt>
   <trkpt lat="47.2832520" lon="11.2200220">
    <ele>846.7</ele>
    <time>2026-05-31T06:45:19Z</time>
   </trkpt>
   <trkpt lat="47.2832520" lon="11.2200430">
    <ele>846.6</ele>
    <time>2026-05-31T06:45:20Z</time>
   </trkpt>
   <trkpt lat="47.2832350" lon="11.2201110">
    <ele>846.2</ele>
    <time>2026-05-31T06:45:21Z</time>
   </trkpt>
   <trkpt lat="47.2832140" lon="11.2201500">
    <ele>845.9</ele>
    <time>2026-05-31T06:45:22Z</time>
   </trkpt>
   <trkpt lat="47.2832050" lon="11.2201610">
    <ele>845.8</ele>
    <time>2026-05-31T06:45:23Z</time>
   </trkpt>
   <trkpt lat="47.2831980" lon="11.2202070">
    <ele>845.5</ele>
    <time>2026-05-31T06:45:24Z</time>
   </trkpt>
   <trkpt lat="47.2831890" lon="11.2202250">
    <ele>845.4</ele>
    <time>2026-05-31T06:45:25Z</time>
   </trkpt>
   <trkpt lat="47.2831740" lon="11.2202560">
    <ele>845.1</ele>
    <time>2026-05-31T06:45:26Z</time>
   </trkpt>
   <trkpt lat="47.2831690" lon="11.2202690">
    <ele>845.0</ele>
    <time>2026-05-31T06:45:27Z</time>
   </trkpt>
   <trkpt lat="47.2831450" lon="11.2203100">
    <ele>844.7</ele>
    <time>2026-05-31T06:45:28Z</time>
   </trkpt>
   <trkpt lat="47.2831310" lon="11.2203300">
    <ele>844.5</ele>
    <time>2026-05-31T06:45:29Z</time>
   </trkpt>
   <trkpt lat="47.2831250" lon="11.2203760">
    <ele>844.2</ele>
    <time>2026-05-31T06:45:30Z</time>
   </trkpt>
   <trkpt lat="47.2831320" lon="11.2204150">
    <ele>843.9</ele>
    <time>2026-05-31T06:45:31Z</time>
   </trkpt>
   <trkpt lat="47.2831320" lon="11.2204620">
    <ele>843.6</ele>
    <time>2026-05-31T06:45:32Z</time>
   </trkpt>
   <trkpt lat="47.2831310" lon="11.2204770">
    <ele>843.5</ele>
    <time>2026-05-31T06:45:33Z</time>
   </trkpt>
   <trkpt lat="47.2831360" lon="11.2204950">
    <ele>843.4</ele>
    <time>2026-05-31T06:45:34Z</time>
   </trkpt>
   <trkpt lat="47.2831320" lon="11.2205230">
    <ele>843.2</ele>
    <time>2026-05-31T06:45:35Z</time>
   </trkpt>
   <trkpt lat="47.2831160" lon="11.2205720">
    <ele>842.8</ele>
    <time>2026-05-31T06:45:36Z</time>
   </trkpt>
   <trkpt lat="47.2831110" lon="11.2205850">
    <ele>842.7</ele>
    <time>2026-05-31T06:45:37Z</time>
   </trkpt>
   <trkpt lat="47.2830920" lon="11.2206210">
    <ele>842.5</ele>
    <time>2026-05-31T06:45:38Z</time>
   </trkpt>
   <trkpt lat="47.2830750" lon="11.2206640">
    <ele>842.2</ele>
    <time>2026-05-31T06:45:39Z</time>
   </trkpt>
   <trkpt lat="47.2830570" lon="11.2207140">
    <ele>842.0</ele>
    <time>2026-05-31T06:45:40Z</time>
   </trkpt>
   <trkpt lat="47.2830450" lon="11.2207290">
    <ele>841.9</ele>
    <time>2026-05-31T06:45:41Z</time>
   </trkpt>
   <trkpt lat="47.2830330" lon="11.2207820">
    <ele>841.7</ele>
    <time>2026-05-31T06:45:42Z</time>
   </trkpt>
   <trkpt lat="47.2830290" lon="11.2207990">
    <ele>841.6</ele>
    <time>2026-05-31T06:45:43Z</time>
   </trkpt>
   <trkpt lat="47.2830330" lon="11.2208480">
    <ele>841.3</ele>
    <time>2026-05-31T06:45:44Z</time>
   </trkpt>
   <trkpt lat="47.2830360" lon="11.2208640">
    <ele>841.3</ele>
    <time>2026-05-31T06:45:45Z</time>
   </trkpt>
   <trkpt lat="47.2830390" lon="11.2208780">
    <ele>841.2</ele>
    <time>2026-05-31T06:45:46Z</time>
   </trkpt>
   <trkpt lat="47.2830340" lon="11.2209120">
    <ele>841.0</ele>
    <time>2026-05-31T06:45:47Z</time>
   </trkpt>
   <trkpt lat="47.2830040" lon="11.2209290">
    <ele>840.7</ele>
    <time>2026-05-31T06:45:48Z</time>
   </trkpt>
   <trkpt lat="47.2829730" lon="11.2209550">
    <ele>840.4</ele>
    <time>2026-05-31T06:45:49Z</time>
   </trkpt>
   <trkpt lat="47.2829660" lon="11.2209760">
    <ele>840.2</ele>
    <time>2026-05-31T06:45:50Z</time>
   </trkpt>
   <trkpt lat="47.2829480" lon="11.2210210">
    <ele>839.9</ele>
    <time>2026-05-31T06:45:51Z</time>
   </trkpt>
   <trkpt lat="47.2829480" lon="11.2210380">
    <ele>839.8</ele>
    <time>2026-05-31T06:45:52Z</time>
   </trkpt>
   <trkpt lat="47.2829570" lon="11.2210880">
    <ele>839.6</ele>
    <time>2026-05-31T06:45:53Z</time>
   </trkpt>
   <trkpt lat="47.2829600" lon="11.2211060">
    <ele>839.5</ele>
    <time>2026-05-31T06:45:54Z</time>
   </trkpt>
   <trkpt lat="47.2829480" lon="11.2211510">
    <ele>839.3</ele>
    <time>2026-05-31T06:45:55Z</time>
   </trkpt>
   <trkpt lat="47.2829350" lon="11.2211590">
    <ele>839.3</ele>
    <time>2026-05-31T06:45:56Z</time>
   </trkpt>
   <trkpt lat="47.2829140" lon="11.2212020">
    <ele>839.2</ele>
    <time>2026-05-31T06:45:57Z</time>
   </trkpt>
   <trkpt lat="47.2829070" lon="11.2212130">
    <ele>839.1</ele>
    <time>2026-05-31T06:45:58Z</time>
   </trkpt>
   <trkpt lat="47.2828990" lon="11.2212370">
    <ele>839.1</ele>
    <time>2026-05-31T06:45:59Z</time>
   </trkpt>
   <trkpt lat="47.2828990" lon="11.2212550">
    <ele>839.1</ele>
    <time>2026-05-31T06:46:00Z</time>
   </trkpt>
   <trkpt lat="47.2828980" lon="11.2212730">
    <ele>839.1</ele>
    <time>2026-05-31T06:46:01Z</time>
   </trkpt>
   <trkpt lat="47.2828920" lon="11.2213110">
    <ele>839.0</ele>
    <time>2026-05-31T06:46:02Z</time>
   </trkpt>
   <trkpt lat="47.2828890" lon="11.2213260">
    <ele>839.0</ele>
    <time>2026-05-31T06:46:03Z</time>
   </trkpt>
   <trkpt lat="47.2828760" lon="11.2213460">
    <ele>839.0</ele>
    <time>2026-05-31T06:46:04Z</time>
   </trkpt>
   <trkpt lat="47.2828720" lon="11.2213630">
    <ele>839.0</ele>
    <time>2026-05-31T06:46:05Z</time>
   </trkpt>
   <trkpt lat="47.2828650" lon="11.2213810">
    <ele>839.0</ele>
    <time>2026-05-31T06:46:06Z</time>
   </trkpt>
   <trkpt lat="47.2828610" lon="11.2214050">
    <ele>838.9</ele>
    <time>2026-05-31T06:46:07Z</time>
   </trkpt>
   <trkpt lat="47.2828440" lon="11.2214410">
    <ele>838.9</ele>
    <time>2026-05-31T06:46:08Z</time>
   </trkpt>
   <trkpt lat="47.2828380" lon="11.2214510">
    <ele>838.9</ele>
    <time>2026-05-31T06:46:09Z</time>
   </trkpt>
   <trkpt lat="47.2828290" lon="11.2214910">
    <ele>838.8</ele>
    <time>2026-05-31T06:46:10Z</time>
   </trkpt>
   <trkpt lat="47.2828310" lon="11.2215380">
    <ele>838.7</ele>
    <time>2026-05-31T06:46:11Z</time>
   </trkpt>
   <trkpt lat="47.2828230" lon="11.2215860">
    <ele>838.6</ele>
    <time>2026-05-31T06:46:12Z</time>
   </trkpt>
   <trkpt lat="47.2828200" lon="11.2216080">
    <ele>838.5</ele>
    <time>2026-05-31T06:46:13Z</time>
   </trkpt>
   <trkpt lat="47.2828070" lon="11.2216440">
    <ele>838.4</ele>
    <time>2026-05-31T06:46:14Z</time>
   </trkpt>
   <trkpt lat="47.2828040" lon="11.2216580">
    <ele>838.4</ele>
    <time>2026-05-31T06:46:15Z</time>
   </trkpt>
   <trkpt lat="47.2827890" lon="11.2216970">
    <ele>838.3</ele>
    <time>2026-05-31T06:46:16Z</time>
   </trkpt>
   <trkpt lat="47.2827830" lon="11.2217340">
    <ele>838.2</ele>
    <time>2026-05-31T06:46:17Z</time>
   </trkpt>
   <trkpt lat="47.2827770" lon="11.2217450">
    <ele>838.1</ele>
    <time>2026-05-31T06:46:18Z</time>
   </trkpt>
   <trkpt lat="47.2827710" lon="11.2217870">
    <ele>838.1</ele>
    <time>2026-05-31T06:46:19Z</time>
   </trkpt>
   <trkpt lat="47.2827680" lon="11.2218040">
    <ele>838.0</ele>
    <time>2026-05-31T06:46:20Z</time>
   </trkpt>
   <trkpt lat="47.2827490" lon="11.2218560">
    <ele>837.9</ele>
    <time>2026-05-31T06:46:21Z</time>
   </trkpt>
   <trkpt lat="47.2827360" lon="11.2218710">
    <ele>837.9</ele>
    <time>2026-05-31T06:46:22Z</time>
   </trkpt>
   <trkpt lat="47.2827320" lon="11.2219200">
    <ele>837.8</ele>
    <time>2026-05-31T06:46:23Z</time>
   </trkpt>
   <trkpt lat="47.2827160" lon="11.2219620">
    <ele>837.5</ele>
    <time>2026-05-31T06:46:24Z</time>
   </trkpt>
   <trkpt lat="47.2827110" lon="11.2219820">
    <ele>837.4</ele>
    <time>2026-05-31T06:46:25Z</time>
   </trkpt>
   <trkpt lat="47.2827070" lon="11.2220250">
    <ele>837.1</ele>
    <time>2026-05-31T06:46:26Z</time>
   </trkpt>
   <trkpt lat="47.2826990" lon="11.2220360">
    <ele>837.0</ele>
    <time>2026-05-31T06:46:27Z</time>
   </trkpt>
   <trkpt lat="47.2826890" lon="11.2220930">
    <ele>836.6</ele>
    <time>2026-05-31T06:46:28Z</time>
   </trkpt>
   <trkpt lat="47.2826470" lon="11.2221130">
    <ele>836.1</ele>
    <time>2026-05-31T06:46:29Z</time>
   </trkpt>
   <trkpt lat="47.2826260" lon="11.2221580">
    <ele>835.7</ele>
    <time>2026-05-31T06:46:30Z</time>
   </trkpt>
   <trkpt lat="47.2826190" lon="11.2221760">
    <ele>835.6</ele>
    <time>2026-05-31T06:46:31Z</time>
   </trkpt>
   <trkpt lat="47.2826020" lon="11.2222320">
    <ele>835.1</ele>
    <time>2026-05-31T06:46:32Z</time>
   </trkpt>
   <trkpt lat="47.2825980" lon="11.2222550">
    <ele>834.9</ele>
    <time>2026-05-31T06:46:33Z</time>
   </trkpt>
   <trkpt lat="47.2825890" lon="11.2222940">
    <ele>834.6</ele>
    <time>2026-05-31T06:46:34Z</time>
   </trkpt>
   <trkpt lat="47.2825670" lon="11.2223260">
    <ele>834.2</ele>
    <time>2026-05-31T06:46:35Z</time>
   </trkpt>
   <trkpt lat="47.2825470" lon="11.2223570">
    <ele>833.9</ele>
    <time>2026-05-31T06:46:36Z</time>
   </trkpt>
   <trkpt lat="47.2825290" lon="11.2224020">
    <ele>833.5</ele>
    <time>2026-05-31T06:46:37Z</time>
   </trkpt>
   <trkpt lat="47.2825210" lon="11.2224180">
    <ele>833.3</ele>
    <time>2026-05-31T06:46:38Z</time>
   </trkpt>
   <trkpt lat="47.2825060" lon="11.2224660">
    <ele>832.9</ele>
    <time>2026-05-31T06:46:39Z</time>
   </trkpt>
   <trkpt lat="47.2824940" lon="11.2224810">
    <ele>832.8</ele>
    <time>2026-05-31T06:46:40Z</time>
   </trkpt>
   <trkpt lat="47.2824690" lon="11.2225040">
    <ele>832.4</ele>
    <time>2026-05-31T06:46:41Z</time>
   </trkpt>
   <trkpt lat="47.2824450" lon="11.2225480">
    <ele>832.0</ele>
    <time>2026-05-31T06:46:42Z</time>
   </trkpt>
   <trkpt lat="47.2824350" lon="11.2225630">
    <ele>831.8</ele>
    <time>2026-05-31T06:46:43Z</time>
   </trkpt>
   <trkpt lat="47.2824170" lon="11.2225970">
    <ele>831.5</ele>
    <time>2026-05-31T06:46:44Z</time>
   </trkpt>
   <trkpt lat="47.2824010" lon="11.2226320">
    <ele>831.1</ele>
    <time>2026-05-31T06:46:45Z</time>
   </trkpt>
   <trkpt lat="47.2823780" lon="11.2226800">
    <ele>830.7</ele>
    <time>2026-05-31T06:46:46Z</time>
   </trkpt>
   <trkpt lat="47.2823700" lon="11.2226970">
    <ele>830.5</ele>
    <time>2026-05-31T06:46:47Z</time>
   </trkpt>
   <trkpt lat="47.2823520" lon="11.2227430">
    <ele>830.0</ele>
    <time>2026-05-31T06:46:48Z</time>
   </trkpt>
   <trkpt lat="47.2823470" lon="11.2227600">
    <ele>829.8</ele>
    <time>2026-05-31T06:46:49Z</time>
   </trkpt>
   <trkpt lat="47.2823190" lon="11.2228030">
    <ele>829.3</ele>
    <time>2026-05-31T06:46:50Z</time>
   </trkpt>
   <trkpt lat="47.2823080" lon="11.2228160">
    <ele>829.1</ele>
    <time>2026-05-31T06:46:51Z</time>
   </trkpt>
   <trkpt lat="47.2822990" lon="11.2228540">
    <ele>828.7</ele>
    <time>2026-05-31T06:46:52Z</time>
   </trkpt>
   <trkpt lat="47.2822720" lon="11.2228970">
    <ele>828.1</ele>
    <time>2026-05-31T06:46:53Z</time>
   </trkpt>
   <trkpt lat="47.2822580" lon="11.2229100">
    <ele>827.9</ele>
    <time>2026-05-31T06:46:54Z</time>
   </trkpt>
   <trkpt lat="47.2822300" lon="11.2229510">
    <ele>827.3</ele>
    <time>2026-05-31T06:46:55Z</time>
   </trkpt>
   <trkpt lat="47.2822190" lon="11.2229620">
    <ele>827.1</ele>
    <time>2026-05-31T06:46:56Z</time>
   </trkpt>
   <trkpt lat="47.2822120" lon="11.2230210">
    <ele>826.6</ele>
    <time>2026-05-31T06:46:57Z</time>
   </trkpt>
   <trkpt lat="47.2822080" lon="11.2230420">
    <ele>826.3</ele>
    <time>2026-05-31T06:46:58Z</time>
   </trkpt>
   <trkpt lat="47.2821880" lon="11.2230900">
    <ele>825.8</ele>
    <time>2026-05-31T06:46:59Z</time>
   </trkpt>
   <trkpt lat="47.2821780" lon="11.2231040">
    <ele>825.6</ele>
    <time>2026-05-31T06:47:00Z</time>
   </trkpt>
   <trkpt lat="47.2821600" lon="11.2231390">
    <ele>825.2</ele>
    <time>2026-05-31T06:47:01Z</time>
   </trkpt>
   <trkpt lat="47.2821390" lon="11.2231700">
    <ele>824.8</ele>
    <time>2026-05-31T06:47:02Z</time>
   </trkpt>
   <trkpt lat="47.2821280" lon="11.2232270">
    <ele>824.3</ele>
    <time>2026-05-31T06:47:03Z</time>
   </trkpt>
   <trkpt lat="47.2821260" lon="11.2232470">
    <ele>824.1</ele>
    <time>2026-05-31T06:47:04Z</time>
   </trkpt>
   <trkpt lat="47.2820960" lon="11.2232830">
    <ele>823.6</ele>
    <time>2026-05-31T06:47:05Z</time>
   </trkpt>
   <trkpt lat="47.2820810" lon="11.2233170">
    <ele>823.3</ele>
    <time>2026-05-31T06:47:06Z</time>
   </trkpt>
   <trkpt lat="47.2820920" lon="11.2233520">
    <ele>822.9</ele>
    <time>2026-05-31T06:47:07Z</time>
   </trkpt>
   <trkpt lat="47.2820710" lon="11.2233620">
    <ele>822.7</ele>
    <time>2026-05-31T06:47:08Z</time>
   </trkpt>
   <trkpt lat="47.2820460" lon="11.2234020">
    <ele>822.2</ele>
    <time>2026-05-31T06:47:09Z</time>
   </trkpt>
   <trkpt lat="47.2820390" lon="11.2234430">
    <ele>821.9</ele>
    <time>2026-05-31T06:47:10Z</time>
   </trkpt>
   <trkpt lat="47.2820280" lon="11.2234750">
    <ele>821.6</ele>
    <time>2026-05-31T06:47:11Z</time>
   </trkpt>
   <trkpt lat="47.2820160" lon="11.2235060">
    <ele>821.3</ele>
    <time>2026-05-31T06:47:12Z</time>
   </trkpt>
   <trkpt lat="47.2819900" lon="11.2235320">
    <ele>820.9</ele>
    <time>2026-05-31T06:47:13Z</time>
   </trkpt>
   <trkpt lat="47.2819840" lon="11.2235520">
    <ele>820.7</ele>
    <time>2026-05-31T06:47:14Z</time>
   </trkpt>
   <trkpt lat="47.2819790" lon="11.2235720">
    <ele>820.5</ele>
    <time>2026-05-31T06:47:15Z</time>
   </trkpt>
   <trkpt lat="47.2819790" lon="11.2235720">
    <ele>820.5</ele>
    <time>2026-05-31T06:47:16Z</time>
   </trkpt>
   <trkpt lat="47.2819600" lon="11.2236060">
    <ele>820.1</ele>
    <time>2026-05-31T06:47:17Z</time>
   </trkpt>
   <trkpt lat="47.2819200" lon="11.2236570">
    <ele>819.3</ele>
    <time>2026-05-31T06:47:18Z</time>
   </trkpt>
   <trkpt lat="47.2819020" lon="11.2236900">
    <ele>818.9</ele>
    <time>2026-05-31T06:47:19Z</time>
   </trkpt>
   <trkpt lat="47.2818870" lon="11.2237060">
    <ele>818.7</ele>
    <time>2026-05-31T06:47:20Z</time>
   </trkpt>
   <trkpt lat="47.2818700" lon="11.2237450">
    <ele>818.2</ele>
    <time>2026-05-31T06:47:21Z</time>
   </trkpt>
   <trkpt lat="47.2818480" lon="11.2237950">
    <ele>817.6</ele>
    <time>2026-05-31T06:47:22Z</time>
   </trkpt>
   <trkpt lat="47.2818350" lon="11.2238080">
    <ele>817.4</ele>
    <time>2026-05-31T06:47:23Z</time>
   </trkpt>
   <trkpt lat="47.2818060" lon="11.2238450">
    <ele>816.8</ele>
    <time>2026-05-31T06:47:24Z</time>
   </trkpt>
   <trkpt lat="47.2817960" lon="11.2238610">
    <ele>816.6</ele>
    <time>2026-05-31T06:47:25Z</time>
   </trkpt>
   <trkpt lat="47.2817960" lon="11.2239110">
    <ele>816.1</ele>
    <time>2026-05-31T06:47:26Z</time>
   </trkpt>
   <trkpt lat="47.2817710" lon="11.2239570">
    <ele>815.5</ele>
    <time>2026-05-31T06:47:27Z</time>
   </trkpt>
   <trkpt lat="47.2817550" lon="11.2239930">
    <ele>815.1</ele>
    <time>2026-05-31T06:47:28Z</time>
   </trkpt>
   <trkpt lat="47.2817400" lon="11.2239980">
    <ele>814.8</ele>
    <time>2026-05-31T06:47:29Z</time>
   </trkpt>
   <trkpt lat="47.2817230" lon="11.2240340">
    <ele>814.4</ele>
    <time>2026-05-31T06:47:30Z</time>
   </trkpt>
   <trkpt lat="47.2816990" lon="11.2240540">
    <ele>814.0</ele>
    <time>2026-05-31T06:47:31Z</time>
   </trkpt>
   <trkpt lat="47.2816680" lon="11.2240670">
    <ele>813.5</ele>
    <time>2026-05-31T06:47:32Z</time>
   </trkpt>
   <trkpt lat="47.2816440" lon="11.2241010">
    <ele>813.0</ele>
    <time>2026-05-31T06:47:33Z</time>
   </trkpt>
   <trkpt lat="47.2816150" lon="11.2241440">
    <ele>812.4</ele>
    <time>2026-05-31T06:47:34Z</time>
   </trkpt>
   <trkpt lat="47.2816030" lon="11.2241650">
    <ele>812.2</ele>
    <time>2026-05-31T06:47:35Z</time>
   </trkpt>
   <trkpt lat="47.2815830" lon="11.2242050">
    <ele>811.7</ele>
    <time>2026-05-31T06:47:36Z</time>
   </trkpt>
   <trkpt lat="47.2815680" lon="11.2242420">
    <ele>811.3</ele>
    <time>2026-05-31T06:47:37Z</time>
   </trkpt>
   <trkpt lat="47.2815350" lon="11.2242760">
    <ele>811.0</ele>
    <time>2026-05-31T06:47:38Z</time>
   </trkpt>
   <trkpt lat="47.2815140" lon="11.2242810">
    <ele>810.9</ele>
    <time>2026-05-31T06:47:39Z</time>
   </trkpt>
   <trkpt lat="47.2815040" lon="11.2242980">
    <ele>810.8</ele>
    <time>2026-05-31T06:47:40Z</time>
   </trkpt>
   <trkpt lat="47.2814830" lon="11.2243300">
    <ele>810.6</ele>
    <time>2026-05-31T06:47:41Z</time>
   </trkpt>
   <trkpt lat="47.2814710" lon="11.2243360">
    <ele>810.6</ele>
    <time>2026-05-31T06:47:42Z</time>
   </trkpt>
   <trkpt lat="47.2814500" lon="11.2243860">
    <ele>810.4</ele>
    <time>2026-05-31T06:47:43Z</time>
   </trkpt>
   <trkpt lat="47.2814430" lon="11.2244030">
    <ele>810.3</ele>
    <time>2026-05-31T06:47:44Z</time>
   </trkpt>
   <trkpt lat="47.2814240" lon="11.2244300">
    <ele>810.2</ele>
    <time>2026-05-31T06:47:45Z</time>
   </trkpt>
   <trkpt lat="47.2814070" lon="11.2244780">
    <ele>810.1</ele>
    <time>2026-05-31T06:47:46Z</time>
   </trkpt>
   <trkpt lat="47.2814020" lon="11.2245260">
    <ele>810.0</ele>
    <time>2026-05-31T06:47:47Z</time>
   </trkpt>
   <trkpt lat="47.2813760" lon="11.2245530">
    <ele>809.9</ele>
    <time>2026-05-31T06:47:48Z</time>
   </trkpt>
   <trkpt lat="47.2813540" lon="11.2246010">
    <ele>809.8</ele>
    <time>2026-05-31T06:47:49Z</time>
   </trkpt>
   <trkpt lat="47.2813500" lon="11.2246230">
    <ele>809.7</ele>
    <time>2026-05-31T06:47:50Z</time>
   </trkpt>
   <trkpt lat="47.2813230" lon="11.2246340">
    <ele>809.6</ele>
    <time>2026-05-31T06:47:51Z</time>
   </trkpt>
   <trkpt lat="47.2812930" lon="11.2246660">
    <ele>809.4</ele>
    <time>2026-05-31T06:47:52Z</time>
   </trkpt>
   <trkpt lat="47.2812600" lon="11.2246920">
    <ele>809.2</ele>
    <time>2026-05-31T06:47:53Z</time>
   </trkpt>
   <trkpt lat="47.2812330" lon="11.2247260">
    <ele>809.0</ele>
    <time>2026-05-31T06:47:54Z</time>
   </trkpt>
   <trkpt lat="47.2812200" lon="11.2247660">
    <ele>808.9</ele>
    <time>2026-05-31T06:47:55Z</time>
   </trkpt>
   <trkpt lat="47.2812190" lon="11.2248160">
    <ele>808.6</ele>
    <time>2026-05-31T06:47:56Z</time>
   </trkpt>
   <trkpt lat="47.2812130" lon="11.2248480">
    <ele>808.5</ele>
    <time>2026-05-31T06:47:57Z</time>
   </trkpt>
   <trkpt lat="47.2812220" lon="11.2248720">
    <ele>808.3</ele>
    <time>2026-05-31T06:47:58Z</time>
   </trkpt>
   <trkpt lat="47.2812050" lon="11.2249220">
    <ele>808.0</ele>
    <time>2026-05-31T06:47:59Z</time>
   </trkpt>
   <trkpt lat="47.2811870" lon="11.2249530">
    <ele>807.7</ele>
    <time>2026-05-31T06:48:00Z</time>
   </trkpt>
   <trkpt lat="47.2811810" lon="11.2249980">
    <ele>807.4</ele>
    <time>2026-05-31T06:48:01Z</time>
   </trkpt>
   <trkpt lat="47.2811770" lon="11.2250130">
    <ele>807.3</ele>
    <time>2026-05-31T06:48:02Z</time>
   </trkpt>
   <trkpt lat="47.2811660" lon="11.2250620">
    <ele>807.0</ele>
    <time>2026-05-31T06:48:03Z</time>
   </trkpt>
   <trkpt lat="47.2811600" lon="11.2250720">
    <ele>806.9</ele>
    <time>2026-05-31T06:48:04Z</time>
   </trkpt>
   <trkpt lat="47.2811390" lon="11.2251140">
    <ele>806.5</ele>
    <time>2026-05-31T06:48:05Z</time>
   </trkpt>
   <trkpt lat="47.2811440" lon="11.2251580">
    <ele>806.2</ele>
    <time>2026-05-31T06:48:06Z</time>
   </trkpt>
   <trkpt lat="47.2811440" lon="11.2251720">
    <ele>806.1</ele>
    <time>2026-05-31T06:48:07Z</time>
   </trkpt>
   <trkpt lat="47.2811150" lon="11.2252030">
    <ele>805.7</ele>
    <time>2026-05-31T06:48:08Z</time>
   </trkpt>
   <trkpt lat="47.2811030" lon="11.2252420">
    <ele>805.4</ele>
    <time>2026-05-31T06:48:09Z</time>
   </trkpt>
   <trkpt lat="47.2810920" lon="11.2252750">
    <ele>805.2</ele>
    <time>2026-05-31T06:48:10Z</time>
   </trkpt>
   <trkpt lat="47.2810780" lon="11.2252870">
    <ele>805.0</ele>
    <time>2026-05-31T06:48:11Z</time>
   </trkpt>
   <trkpt lat="47.2810650" lon="11.2253000">
    <ele>804.9</ele>
    <time>2026-05-31T06:48:12Z</time>
   </trkpt>
   <trkpt lat="47.2810430" lon="11.2253480">
    <ele>804.5</ele>
    <time>2026-05-31T06:48:13Z</time>
   </trkpt>
   <trkpt lat="47.2810330" lon="11.2253610">
    <ele>804.3</ele>
    <time>2026-05-31T06:48:14Z</time>
   </trkpt>
   <trkpt lat="47.2810190" lon="11.2253910">
    <ele>804.0</ele>
    <time>2026-05-31T06:48:15Z</time>
   </trkpt>
   <trkpt lat="47.2810150" lon="11.2254050">
    <ele>803.9</ele>
    <time>2026-05-31T06:48:16Z</time>
   </trkpt>
   <trkpt lat="47.2810090" lon="11.2254610">
    <ele>803.5</ele>
    <time>2026-05-31T06:48:17Z</time>
   </trkpt>
   <trkpt lat="47.2810050" lon="11.2254830">
    <ele>803.3</ele>
    <time>2026-05-31T06:48:18Z</time>
   </trkpt>
   <trkpt lat="47.2809910" lon="11.2255380">
    <ele>802.9</ele>
    <time>2026-05-31T06:48:19Z</time>
   </trkpt>
   <trkpt lat="47.2809840" lon="11.2255720">
    <ele>802.6</ele>
    <time>2026-05-31T06:48:20Z</time>
   </trkpt>
   <trkpt lat="47.2809760" lon="11.2255860">
    <ele>802.5</ele>
    <time>2026-05-31T06:48:21Z</time>
   </trkpt>
   <trkpt lat="47.2809570" lon="11.2256360">
    <ele>802.0</ele>
    <time>2026-05-31T06:48:22Z</time>
   </trkpt>
   <trkpt lat="47.2809470" lon="11.2256530">
    <ele>801.9</ele>
    <time>2026-05-31T06:48:23Z</time>
   </trkpt>
   <trkpt lat="47.2809450" lon="11.2256960">
    <ele>801.5</ele>
    <time>2026-05-31T06:48:24Z</time>
   </trkpt>
   <trkpt lat="47.2809450" lon="11.2257440">
    <ele>801.2</ele>
    <time>2026-05-31T06:48:25Z</time>
   </trkpt>
   <trkpt lat="47.2809420" lon="11.2257600">
    <ele>801.1</ele>
    <time>2026-05-31T06:48:26Z</time>
   </trkpt>
   <trkpt lat="47.2809300" lon="11.2258090">
    <ele>800.7</ele>
    <time>2026-05-31T06:48:27Z</time>
   </trkpt>
   <trkpt lat="47.2809240" lon="11.2258260">
    <ele>800.5</ele>
    <time>2026-05-31T06:48:28Z</time>
   </trkpt>
   <trkpt lat="47.2809140" lon="11.2258760">
    <ele>800.1</ele>
    <time>2026-05-31T06:48:29Z</time>
   </trkpt>
   <trkpt lat="47.2809110" lon="11.2258930">
    <ele>800.0</ele>
    <time>2026-05-31T06:48:30Z</time>
   </trkpt>
   <trkpt lat="47.2808820" lon="11.2259340">
    <ele>799.5</ele>
    <time>2026-05-31T06:48:31Z</time>
   </trkpt>
   <trkpt lat="47.2808710" lon="11.2259460">
    <ele>799.4</ele>
    <time>2026-05-31T06:48:32Z</time>
   </trkpt>
   <trkpt lat="47.2808460" lon="11.2259730">
    <ele>799.0</ele>
    <time>2026-05-31T06:48:33Z</time>
   </trkpt>
   <trkpt lat="47.2808470" lon="11.2260290">
    <ele>798.6</ele>
    <time>2026-05-31T06:48:34Z</time>
   </trkpt>
   <trkpt lat="47.2808460" lon="11.2260500">
    <ele>798.5</ele>
    <time>2026-05-31T06:48:35Z</time>
   </trkpt>
   <trkpt lat="47.2808380" lon="11.2261050">
    <ele>798.1</ele>
    <time>2026-05-31T06:48:36Z</time>
   </trkpt>
   <trkpt lat="47.2808360" lon="11.2261240">
    <ele>797.9</ele>
    <time>2026-05-31T06:48:37Z</time>
   </trkpt>
   <trkpt lat="47.2808270" lon="11.2261740">
    <ele>797.6</ele>
    <time>2026-05-31T06:48:38Z</time>
   </trkpt>
   <trkpt lat="47.2808280" lon="11.2261950">
    <ele>797.4</ele>
    <time>2026-05-31T06:48:39Z</time>
   </trkpt>
   <trkpt lat="47.2808220" lon="11.2262370">
    <ele>797.1</ele>
    <time>2026-05-31T06:48:40Z</time>
   </trkpt>
   <trkpt lat="47.2808120" lon="11.2262800">
    <ele>796.9</ele>
    <time>2026-05-31T06:48:41Z</time>
   </trkpt>
   <trkpt lat="47.2808130" lon="11.2263360">
    <ele>796.5</ele>
    <time>2026-05-31T06:48:42Z</time>
   </trkpt>
   <trkpt lat="47.2808130" lon="11.2263550">
    <ele>796.4</ele>
    <time>2026-05-31T06:48:43Z</time>
   </trkpt>
   <trkpt lat="47.2808040" lon="11.2264060">
    <ele>796.0</ele>
    <time>2026-05-31T06:48:44Z</time>
   </trkpt>
   <trkpt lat="47.2807970" lon="11.2264190">
    <ele>795.9</ele>
    <time>2026-05-31T06:48:45Z</time>
   </trkpt>
   <trkpt lat="47.2808020" lon="11.2264650">
    <ele>795.7</ele>
    <time>2026-05-31T06:48:46Z</time>
   </trkpt>
   <trkpt lat="47.2808030" lon="11.2264790">
    <ele>795.6</ele>
    <time>2026-05-31T06:48:47Z</time>
   </trkpt>
   <trkpt lat="47.2808020" lon="11.2265350">
    <ele>795.3</ele>
    <time>2026-05-31T06:48:48Z</time>
   </trkpt>
   <trkpt lat="47.2808000" lon="11.2265540">
    <ele>795.2</ele>
    <time>2026-05-31T06:48:49Z</time>
   </trkpt>
   <trkpt lat="47.2807940" lon="11.2266030">
    <ele>795.0</ele>
    <time>2026-05-31T06:48:50Z</time>
   </trkpt>
   <trkpt lat="47.2807880" lon="11.2266430">
    <ele>794.9</ele>
    <time>2026-05-31T06:48:51Z</time>
   </trkpt>
   <trkpt lat="47.2807710" lon="11.2267030">
    <ele>794.7</ele>
    <time>2026-05-31T06:48:52Z</time>
   </trkpt>
   <trkpt lat="47.2807580" lon="11.2267240">
    <ele>794.6</ele>
    <time>2026-05-31T06:48:53Z</time>
   </trkpt>
   <trkpt lat="47.2807520" lon="11.2267690">
    <ele>794.6</ele>
    <time>2026-05-31T06:48:54Z</time>
   </trkpt>
   <trkpt lat="47.2807470" lon="11.2267780">
    <ele>794.6</ele>
    <time>2026-05-31T06:48:55Z</time>
   </trkpt>
   <trkpt lat="47.2807160" lon="11.2268370">
    <ele>794.6</ele>
    <time>2026-05-31T06:48:56Z</time>
   </trkpt>
   <trkpt lat="47.2807260" lon="11.2268990">
    <ele>794.6</ele>
    <time>2026-05-31T06:48:57Z</time>
   </trkpt>
   <trkpt lat="47.2807130" lon="11.2269470">
    <ele>794.7</ele>
    <time>2026-05-31T06:48:58Z</time>
   </trkpt>
   <trkpt lat="47.2807250" lon="11.2269880">
    <ele>794.8</ele>
    <time>2026-05-31T06:48:59Z</time>
   </trkpt>
   <trkpt lat="47.2807300" lon="11.2270360">
    <ele>795.0</ele>
    <time>2026-05-31T06:49:00Z</time>
   </trkpt>
   <trkpt lat="47.2807280" lon="11.2270520">
    <ele>795.0</ele>
    <time>2026-05-31T06:49:01Z</time>
   </trkpt>
   <trkpt lat="47.2807330" lon="11.2270730">
    <ele>795.1</ele>
    <time>2026-05-31T06:49:02Z</time>
   </trkpt>
   <trkpt lat="47.2807230" lon="11.2271020">
    <ele>795.2</ele>
    <time>2026-05-31T06:49:03Z</time>
   </trkpt>
   <trkpt lat="47.2807230" lon="11.2271470">
    <ele>795.4</ele>
    <time>2026-05-31T06:49:04Z</time>
   </trkpt>
   <trkpt lat="47.2807210" lon="11.2271640">
    <ele>795.5</ele>
    <time>2026-05-31T06:49:05Z</time>
   </trkpt>
   <trkpt lat="47.2807020" lon="11.2272120">
    <ele>795.7</ele>
    <time>2026-05-31T06:49:06Z</time>
   </trkpt>
   <trkpt lat="47.2806930" lon="11.2272250">
    <ele>795.8</ele>
    <time>2026-05-31T06:49:07Z</time>
   </trkpt>
   <trkpt lat="47.2806920" lon="11.2272650">
    <ele>796.0</ele>
    <time>2026-05-31T06:49:08Z</time>
   </trkpt>
   <trkpt lat="47.2806890" lon="11.2272840">
    <ele>796.0</ele>
    <time>2026-05-31T06:49:09Z</time>
   </trkpt>
   <trkpt lat="47.2806740" lon="11.2273180">
    <ele>796.2</ele>
    <time>2026-05-31T06:49:10Z</time>
   </trkpt>
   <trkpt lat="47.2806700" lon="11.2273350">
    <ele>796.3</ele>
    <time>2026-05-31T06:49:11Z</time>
   </trkpt>
   <trkpt lat="47.2806890" lon="11.2273780">
    <ele>796.5</ele>
    <time>2026-05-31T06:49:12Z</time>
   </trkpt>
   <trkpt lat="47.2806870" lon="11.2273970">
    <ele>796.6</ele>
    <time>2026-05-31T06:49:13Z</time>
   </trkpt>
   <trkpt lat="47.2806730" lon="11.2274420">
    <ele>796.8</ele>
    <time>2026-05-31T06:49:14Z</time>
   </trkpt>
   <trkpt lat="47.2806740" lon="11.2274920">
    <ele>797.0</ele>
    <time>2026-05-31T06:49:15Z</time>
   </trkpt>
   <trkpt lat="47.2806740" lon="11.2275030">
    <ele>797.1</ele>
    <time>2026-05-31T06:49:16Z</time>
   </trkpt>
   <trkpt lat="47.2806610" lon="11.2275470">
    <ele>797.3</ele>
    <time>2026-05-31T06:49:17Z</time>
   </trkpt>
   <trkpt lat="47.2806510" lon="11.2275630">
    <ele>797.4</ele>
    <time>2026-05-31T06:49:18Z</time>
   </trkpt>
   <trkpt lat="47.2806500" lon="11.2276090">
    <ele>797.5</ele>
    <time>2026-05-31T06:49:19Z</time>
   </trkpt>
   <trkpt lat="47.2806560" lon="11.2276280">
    <ele>797.6</ele>
    <time>2026-05-31T06:49:20Z</time>
   </trkpt>
   <trkpt lat="47.2806580" lon="11.2276550">
    <ele>797.7</ele>
    <time>2026-05-31T06:49:21Z</time>
   </trkpt>
   <trkpt lat="47.2806520" lon="11.2276770">
    <ele>797.8</ele>
    <time>2026-05-31T06:49:22Z</time>
   </trkpt>
   <trkpt lat="47.2806610" lon="11.2276900">
    <ele>797.9</ele>
    <time>2026-05-31T06:49:23Z</time>
   </trkpt>
   <trkpt lat="47.2806610" lon="11.2276990">
    <ele>797.9</ele>
    <time>2026-05-31T06:49:24Z</time>
   </trkpt>
   <trkpt lat="47.2806470" lon="11.2277190">
    <ele>798.1</ele>
    <time>2026-05-31T06:49:25Z</time>
   </trkpt>
   <trkpt lat="47.2806400" lon="11.2277450">
    <ele>798.2</ele>
    <time>2026-05-31T06:49:26Z</time>
   </trkpt>
   <trkpt lat="47.2806420" lon="11.2277640">
    <ele>798.3</ele>
    <time>2026-05-31T06:49:27Z</time>
   </trkpt>
   <trkpt lat="47.2806460" lon="11.2277730">
    <ele>798.3</ele>
    <time>2026-05-31T06:49:28Z</time>
   </trkpt>
   <trkpt lat="47.2806470" lon="11.2277780">
    <ele>798.3</ele>
    <time>2026-05-31T06:49:29Z</time>
   </trkpt>
   <trkpt lat="47.2806450" lon="11.2277870">
    <ele>798.4</ele>
    <time>2026-05-31T06:49:30Z</time>
   </trkpt>
   <trkpt lat="47.2806590" lon="11.2278080">
    <ele>798.5</ele>
    <time>2026-05-31T06:49:31Z</time>
   </trkpt>
   <trkpt lat="47.2806480" lon="11.2278460">
    <ele>798.7</ele>
    <time>2026-05-31T06:49:32Z</time>
   </trkpt>
   <trkpt lat="47.2806440" lon="11.2278200">
    <ele>798.8</ele>
    <time>2026-05-31T06:49:33Z</time>
   </trkpt>
   <trkpt lat="47.2806630" lon="11.2278120">
    <ele>799.0</ele>
    <time>2026-05-31T06:49:34Z</time>
   </trkpt>
   <trkpt lat="47.2806620" lon="11.2278040">
    <ele>799.0</ele>
    <time>2026-05-31T06:49:35Z</time>
   </trkpt>
   <trkpt lat="47.2806600" lon="11.2278020">
    <ele>799.1</ele>
    <time>2026-05-31T06:49:36Z</time>
   </trkpt>
   <trkpt lat="47.2806590" lon="11.2277990">
    <ele>799.1</ele>
    <time>2026-05-31T06:49:37Z</time>
   </trkpt>
   <trkpt lat="47.2806570" lon="11.2277960">
    <ele>799.1</ele>
    <time>2026-05-31T06:49:38Z</time>
   </trkpt>
   <trkpt lat="47.2806550" lon="11.2277940">
    <ele>799.1</ele>
    <time>2026-05-31T06:49:39Z</time>
   </trkpt>
   <trkpt lat="47.2806530" lon="11.2277910">
    <ele>799.2</ele>
    <time>2026-05-31T06:49:40Z</time>
   </trkpt>
   <trkpt lat="47.2806520" lon="11.2277880">
    <ele>799.2</ele>
    <time>2026-05-31T06:49:41Z</time>
   </trkpt>
   <trkpt lat="47.2806500" lon="11.2277860">
    <ele>799.2</ele>
    <time>2026-05-31T06:49:42Z</time>
   </trkpt>
   <trkpt lat="47.2806480" lon="11.2277830">
    <ele>799.2</ele>
    <time>2026-05-31T06:49:43Z</time>
   </trkpt>
   <trkpt lat="47.2806460" lon="11.2277810">
    <ele>799.3</ele>
    <time>2026-05-31T06:49:44Z</time>
   </trkpt>
   <trkpt lat="47.2806440" lon="11.2277780">
    <ele>799.3</ele>
    <time>2026-05-31T06:49:45Z</time>
   </trkpt>
   <trkpt lat="47.2806430" lon="11.2277750">
    <ele>799.3</ele>
    <time>2026-05-31T06:49:46Z</time>
   </trkpt>
   <trkpt lat="47.2806410" lon="11.2277730">
    <ele>799.3</ele>
    <time>2026-05-31T06:49:47Z</time>
   </trkpt>
   <trkpt lat="47.2806390" lon="11.2277700">
    <ele>799.3</ele>
    <time>2026-05-31T06:49:48Z</time>
   </trkpt>
   <trkpt lat="47.2806440" lon="11.2277800">
    <ele>799.4</ele>
    <time>2026-05-31T06:49:49Z</time>
   </trkpt>
   <trkpt lat="47.2806530" lon="11.2278000">
    <ele>799.6</ele>
    <time>2026-05-31T06:49:50Z</time>
   </trkpt>
   <trkpt lat="47.2806620" lon="11.2278200">
    <ele>799.7</ele>
    <time>2026-05-31T06:49:51Z</time>
   </trkpt>
   <trkpt lat="47.2806720" lon="11.2277990">
    <ele>799.9</ele>
    <time>2026-05-31T06:49:52Z</time>
   </trkpt>
   <trkpt lat="47.2806720" lon="11.2277880">
    <ele>799.9</ele>
    <time>2026-05-31T06:49:53Z</time>
   </trkpt>
   <trkpt lat="47.2806710" lon="11.2277760">
    <ele>800.0</ele>
    <time>2026-05-31T06:49:54Z</time>
   </trkpt>
   <trkpt lat="47.2806700" lon="11.2277650">
    <ele>800.1</ele>
    <time>2026-05-31T06:49:55Z</time>
   </trkpt>
   <trkpt lat="47.2806810" lon="11.2277410">
    <ele>800.3</ele>
    <time>2026-05-31T06:49:56Z</time>
   </trkpt>
   <trkpt lat="47.2806920" lon="11.2277330">
    <ele>800.4</ele>
    <time>2026-05-31T06:49:57Z</time>
   </trkpt>
   <trkpt lat="47.2807020" lon="11.2277260">
    <ele>800.5</ele>
    <time>2026-05-31T06:49:58Z</time>
   </trkpt>
   <trkpt lat="47.2807300" lon="11.2277100">
    <ele>800.7</ele>
    <time>2026-05-31T06:49:59Z</time>
   </trkpt>
   <trkpt lat="47.2807380" lon="11.2277040">
    <ele>800.8</ele>
    <time>2026-05-31T06:50:00Z</time>
   </trkpt>
   <trkpt lat="47.2807480" lon="11.2276840">
    <ele>801.0</ele>
    <time>2026-05-31T06:50:01Z</time>
   </trkpt>
   <trkpt lat="47.2807550" lon="11.2276620">
    <ele>801.1</ele>
    <time>2026-05-31T06:50:02Z</time>
   </trkpt>
   <trkpt lat="47.2807650" lon="11.2276120">
    <ele>801.4</ele>
    <time>2026-05-31T06:50:03Z</time>
   </trkpt>
   <trkpt lat="47.2807710" lon="11.2275970">
    <ele>801.5</ele>
    <time>2026-05-31T06:50:04Z</time>
   </trkpt>
   <trkpt lat="47.2807850" lon="11.2275530">
    <ele>801.8</ele>
    <time>2026-05-31T06:50:05Z</time>
   </trkpt>
   <trkpt lat="47.2807900" lon="11.2275390">
    <ele>801.9</ele>
    <time>2026-05-31T06:50:06Z</time>
   </trkpt>
   <trkpt lat="47.2808090" lon="11.2275010">
    <ele>802.2</ele>
    <time>2026-05-31T06:50:07Z</time>
   </trkpt>
   <trkpt lat="47.2808140" lon="11.2274880">
    <ele>802.3</ele>
    <time>2026-05-31T06:50:08Z</time>
   </trkpt>
   <trkpt lat="47.2808290" lon="11.2274490">
    <ele>802.6</ele>
    <time>2026-05-31T06:50:09Z</time>
   </trkpt>
   <trkpt lat="47.2808320" lon="11.2274320">
    <ele>802.7</ele>
    <time>2026-05-31T06:50:10Z</time>
   </trkpt>
   <trkpt lat="47.2808430" lon="11.2273940">
    <ele>803.0</ele>
    <time>2026-05-31T06:50:11Z</time>
   </trkpt>
   <trkpt lat="47.2808480" lon="11.2273810">
    <ele>803.1</ele>
    <time>2026-05-31T06:50:12Z</time>
   </trkpt>
   <trkpt lat="47.2808670" lon="11.2273400">
    <ele>803.4</ele>
    <time>2026-05-31T06:50:13Z</time>
   </trkpt>
   <trkpt lat="47.2808710" lon="11.2273300">
    <ele>803.5</ele>
    <time>2026-05-31T06:50:14Z</time>
   </trkpt>
   <trkpt lat="47.2808850" lon="11.2272910">
    <ele>803.8</ele>
    <time>2026-05-31T06:50:15Z</time>
   </trkpt>
   <trkpt lat="47.2809020" lon="11.2272520">
    <ele>804.1</ele>
    <time>2026-05-31T06:50:16Z</time>
   </trkpt>
   <trkpt lat="47.2809080" lon="11.2272390">
    <ele>804.2</ele>
    <time>2026-05-31T06:50:17Z</time>
   </trkpt>
   <trkpt lat="47.2809260" lon="11.2271930">
    <ele>804.5</ele>
    <time>2026-05-31T06:50:18Z</time>
   </trkpt>
   <trkpt lat="47.2809360" lon="11.2271830">
    <ele>804.7</ele>
    <time>2026-05-31T06:50:19Z</time>
   </trkpt>
   <trkpt lat="47.2809530" lon="11.2271480">
    <ele>805.0</ele>
    <time>2026-05-31T06:50:20Z</time>
   </trkpt>
   <trkpt lat="47.2809590" lon="11.2271370">
    <ele>805.1</ele>
    <time>2026-05-31T06:50:21Z</time>
   </trkpt>
   <trkpt lat="47.2809800" lon="11.2270980">
    <ele>805.4</ele>
    <time>2026-05-31T06:50:22Z</time>
   </trkpt>
   <trkpt lat="47.2809840" lon="11.2270800">
    <ele>805.5</ele>
    <time>2026-05-31T06:50:23Z</time>
   </trkpt>
   <trkpt lat="47.2810130" lon="11.2270750">
    <ele>805.8</ele>
    <time>2026-05-31T06:50:24Z</time>
   </trkpt>
   <trkpt lat="47.2810190" lon="11.2270510">
    <ele>806.0</ele>
    <time>2026-05-31T06:50:25Z</time>
   </trkpt>
   <trkpt lat="47.2810340" lon="11.2270450">
    <ele>806.1</ele>
    <time>2026-05-31T06:50:26Z</time>
   </trkpt>
   <trkpt lat="47.2810400" lon="11.2270510">
    <ele>806.2</ele>
    <time>2026-05-31T06:50:27Z</time>
   </trkpt>
   <trkpt lat="47.2810340" lon="11.2270660">
    <ele>806.3</ele>
    <time>2026-05-31T06:50:28Z</time>
   </trkpt>
   <trkpt lat="47.2810350" lon="11.2270850">
    <ele>806.4</ele>
    <time>2026-05-31T06:50:29Z</time>
   </trkpt>
   <trkpt lat="47.2810430" lon="11.2270890">
    <ele>806.5</ele>
    <time>2026-05-31T06:50:30Z</time>
   </trkpt>
   <trkpt lat="47.2810450" lon="11.2271020">
    <ele>806.6</ele>
    <time>2026-05-31T06:50:31Z</time>
   </trkpt>
   <trkpt lat="47.2810380" lon="11.2271050">
    <ele>806.6</ele>
    <time>2026-05-31T06:50:32Z</time>
   </trkpt>
   <trkpt lat="47.2810340" lon="11.2271090">
    <ele>806.6</ele>
    <time>2026-05-31T06:50:33Z</time>
   </trkpt>
   <trkpt lat="47.2810300" lon="11.2271150">
    <ele>806.7</ele>
    <time>2026-05-31T06:50:34Z</time>
   </trkpt>
   <trkpt lat="47.2810220" lon="11.2271140">
    <ele>806.7</ele>
    <time>2026-05-31T06:50:35Z</time>
   </trkpt>
   <trkpt lat="47.2810200" lon="11.2271240">
    <ele>806.8</ele>
    <time>2026-05-31T06:50:36Z</time>
   </trkpt>
   <trkpt lat="47.2810280" lon="11.2271310">
    <ele>806.8</ele>
    <time>2026-05-31T06:50:37Z</time>
   </trkpt>
   <trkpt lat="47.2810270" lon="11.2271330">
    <ele>806.8</ele>
    <time>2026-05-31T06:50:38Z</time>
   </trkpt>
   <trkpt lat="47.2810290" lon="11.2271370">
    <ele>806.9</ele>
    <time>2026-05-31T06:50:39Z</time>
   </trkpt>
   <trkpt lat="47.2810270" lon="11.2271470">
    <ele>806.9</ele>
    <time>2026-05-31T06:50:40Z</time>
   </trkpt>
   <trkpt lat="47.2810200" lon="11.2271550">
    <ele>806.9</ele>
    <time>2026-05-31T06:50:41Z</time>
   </trkpt>
   <trkpt lat="47.2810050" lon="11.2271640">
    <ele>807.0</ele>
    <time>2026-05-31T06:50:42Z</time>
   </trkpt>
   <trkpt lat="47.2810070" lon="11.2271810">
    <ele>807.1</ele>
    <time>2026-05-31T06:50:43Z</time>
   </trkpt>
   <trkpt lat="47.2810010" lon="11.2271870">
    <ele>807.1</ele>
    <time>2026-05-31T06:50:44Z</time>
   </trkpt>
   <trkpt lat="47.2810030" lon="11.2272070">
    <ele>807.1</ele>
    <time>2026-05-31T06:50:45Z</time>
   </trkpt>
   <trkpt lat="47.2809980" lon="11.2272230">
    <ele>807.1</ele>
    <time>2026-05-31T06:50:46Z</time>
   </trkpt>
   <trkpt lat="47.2809960" lon="11.2272470">
    <ele>807.2</ele>
    <time>2026-05-31T06:50:47Z</time>
   </trkpt>
   <trkpt lat="47.2810000" lon="11.2272750">
    <ele>807.1</ele>
    <time>2026-05-31T06:50:48Z</time>
   </trkpt>
   <trkpt lat="47.2809930" lon="11.2272980">
    <ele>807.1</ele>
    <time>2026-05-31T06:50:49Z</time>
   </trkpt>
   <trkpt lat="47.2810050" lon="11.2273120">
    <ele>807.1</ele>
    <time>2026-05-31T06:50:50Z</time>
   </trkpt>
   <trkpt lat="47.2810040" lon="11.2273350">
    <ele>807.1</ele>
    <time>2026-05-31T06:50:51Z</time>
   </trkpt>
   <trkpt lat="47.2809980" lon="11.2273650">
    <ele>807.0</ele>
    <time>2026-05-31T06:50:52Z</time>
   </trkpt>
   <trkpt lat="47.2809990" lon="11.2273760">
    <ele>807.0</ele>
    <time>2026-05-31T06:50:53Z</time>
   </trkpt>
   <trkpt lat="47.2809990" lon="11.2273880">
    <ele>807.0</ele>
    <time>2026-05-31T06:50:54Z</time>
   </trkpt>
   <trkpt lat="47.2809940" lon="11.2274470">
    <ele>806.8</ele>
    <time>2026-05-31T06:50:55Z</time>
   </trkpt>
   <trkpt lat="47.2809690" lon="11.2274800">
    <ele>806.7</ele>
    <time>2026-05-31T06:50:56Z</time>
   </trkpt>
   <trkpt lat="47.2809630" lon="11.2274970">
    <ele>806.6</ele>
    <time>2026-05-31T06:50:57Z</time>
   </trkpt>
   <trkpt lat="47.2809460" lon="11.2275430">
    <ele>806.4</ele>
    <time>2026-05-31T06:50:58Z</time>
   </trkpt>
   <trkpt lat="47.2809410" lon="11.2275630">
    <ele>806.3</ele>
    <time>2026-05-31T06:50:59Z</time>
   </trkpt>
   <trkpt lat="47.2809240" lon="11.2276010">
    <ele>806.0</ele>
    <time>2026-05-31T06:51:00Z</time>
   </trkpt>
   <trkpt lat="47.2809240" lon="11.2276440">
    <ele>805.8</ele>
    <time>2026-05-31T06:51:01Z</time>
   </trkpt>
   <trkpt lat="47.2809230" lon="11.2276600">
    <ele>805.7</ele>
    <time>2026-05-31T06:51:02Z</time>
   </trkpt>
   <trkpt lat="47.2809000" lon="11.2277130">
    <ele>805.3</ele>
    <time>2026-05-31T06:51:03Z</time>
   </trkpt>
   <trkpt lat="47.2808860" lon="11.2277330">
    <ele>805.1</ele>
    <time>2026-05-31T06:51:04Z</time>
   </trkpt>
   <trkpt lat="47.2808720" lon="11.2277760">
    <ele>804.8</ele>
    <time>2026-05-31T06:51:05Z</time>
   </trkpt>
   <trkpt lat="47.2808730" lon="11.2277900">
    <ele>804.7</ele>
    <time>2026-05-31T06:51:06Z</time>
   </trkpt>
   <trkpt lat="47.2808440" lon="11.2278380">
    <ele>804.3</ele>
    <time>2026-05-31T06:51:07Z</time>
   </trkpt>
   <trkpt lat="47.2808350" lon="11.2278570">
    <ele>804.1</ele>
    <time>2026-05-31T06:51:08Z</time>
   </trkpt>
   <trkpt lat="47.2808320" lon="11.2278800">
    <ele>803.9</ele>
    <time>2026-05-31T06:51:09Z</time>
   </trkpt>
   <trkpt lat="47.2808240" lon="11.2279300">
    <ele>803.6</ele>
    <time>2026-05-31T06:51:10Z</time>
   </trkpt>
   <trkpt lat="47.2807980" lon="11.2279640">
    <ele>803.3</ele>
    <time>2026-05-31T06:51:11Z</time>
   </trkpt>
   <trkpt lat="47.2807890" lon="11.2279700">
    <ele>803.2</ele>
    <time>2026-05-31T06:51:12Z</time>
   </trkpt>
   <trkpt lat="47.2807800" lon="11.2280250">
    <ele>802.8</ele>
    <time>2026-05-31T06:51:13Z</time>
   </trkpt>
   <trkpt lat="47.2807830" lon="11.2280460">
    <ele>802.7</ele>
    <time>2026-05-31T06:51:14Z</time>
   </trkpt>
   <trkpt lat="47.2807870" lon="11.2281050">
    <ele>802.3</ele>
    <time>2026-05-31T06:51:15Z</time>
   </trkpt>
   <trkpt lat="47.2807860" lon="11.2281250">
    <ele>802.2</ele>
    <time>2026-05-31T06:51:16Z</time>
   </trkpt>
   <trkpt lat="47.2807750" lon="11.2281750">
    <ele>801.8</ele>
    <time>2026-05-31T06:51:17Z</time>
   </trkpt>
   <trkpt lat="47.2807650" lon="11.2281940">
    <ele>801.7</ele>
    <time>2026-05-31T06:51:18Z</time>
   </trkpt>
   <trkpt lat="47.2807570" lon="11.2282460">
    <ele>801.4</ele>
    <time>2026-05-31T06:51:19Z</time>
   </trkpt>
   <trkpt lat="47.2807630" lon="11.2282670">
    <ele>801.2</ele>
    <time>2026-05-31T06:51:20Z</time>
   </trkpt>
   <trkpt lat="47.2807950" lon="11.2282650">
    <ele>800.9</ele>
    <time>2026-05-31T06:51:21Z</time>
   </trkpt>
   <trkpt lat="47.2808000" lon="11.2282620">
    <ele>800.9</ele>
    <time>2026-05-31T06:51:22Z</time>
   </trkpt>
   <trkpt lat="47.2807980" lon="11.2283060">
    <ele>800.6</ele>
    <time>2026-05-31T06:51:23Z</time>
   </trkpt>
   <trkpt lat="47.2807700" lon="11.2283460">
    <ele>800.3</ele>
    <time>2026-05-31T06:51:24Z</time>
   </trkpt>
   <trkpt lat="47.2807600" lon="11.2283690">
    <ele>800.2</ele>
    <time>2026-05-31T06:51:25Z</time>
   </trkpt>
   <trkpt lat="47.2807280" lon="11.2284090">
    <ele>799.8</ele>
    <time>2026-05-31T06:51:26Z</time>
   </trkpt>
   <trkpt lat="47.2807160" lon="11.2284260">
    <ele>799.7</ele>
    <time>2026-05-31T06:51:27Z</time>
   </trkpt>
   <trkpt lat="47.2806920" lon="11.2284160">
    <ele>799.5</ele>
    <time>2026-05-31T06:51:28Z</time>
   </trkpt>
   <trkpt lat="47.2806840" lon="11.2284630">
    <ele>799.3</ele>
    <time>2026-05-31T06:51:29Z</time>
   </trkpt>
   <trkpt lat="47.2806910" lon="11.2284800">
    <ele>799.2</ele>
    <time>2026-05-31T06:51:30Z</time>
   </trkpt>
   <trkpt lat="47.2806770" lon="11.2285220">
    <ele>798.9</ele>
    <time>2026-05-31T06:51:31Z</time>
   </trkpt>
   <trkpt lat="47.2806650" lon="11.2285330">
    <ele>798.8</ele>
    <time>2026-05-31T06:51:32Z</time>
   </trkpt>
   <trkpt lat="47.2806410" lon="11.2285860">
    <ele>798.5</ele>
    <time>2026-05-31T06:51:33Z</time>
   </trkpt>
   <trkpt lat="47.2806300" lon="11.2286190">
    <ele>798.3</ele>
    <time>2026-05-31T06:51:34Z</time>
   </trkpt>
   <trkpt lat="47.2806400" lon="11.2286780">
    <ele>798.0</ele>
    <time>2026-05-31T06:51:35Z</time>
   </trkpt>
   <trkpt lat="47.2806420" lon="11.2287240">
    <ele>797.8</ele>
    <time>2026-05-31T06:51:36Z</time>
   </trkpt>
   <trkpt lat="47.2806490" lon="11.2287400">
    <ele>797.7</ele>
    <time>2026-05-31T06:51:37Z</time>
   </trkpt>
   <trkpt lat="47.2806330" lon="11.2287760">
    <ele>797.5</ele>
    <time>2026-05-31T06:51:38Z</time>
   </trkpt>
   <trkpt lat="47.2806220" lon="11.2287890">
    <ele>797.4</ele>
    <time>2026-05-31T06:51:39Z</time>
   </trkpt>
   <trkpt lat="47.2806040" lon="11.2288130">
    <ele>797.2</ele>
    <time>2026-05-31T06:51:40Z</time>
   </trkpt>
   <trkpt lat="47.2806040" lon="11.2288240">
    <ele>797.2</ele>
    <time>2026-05-31T06:51:41Z</time>
   </trkpt>
   <trkpt lat="47.2806100" lon="11.2288280">
    <ele>797.1</ele>
    <time>2026-05-31T06:51:42Z</time>
   </trkpt>
   <trkpt lat="47.2806170" lon="11.2288150">
    <ele>797.0</ele>
    <time>2026-05-31T06:51:43Z</time>
   </trkpt>
   <trkpt lat="47.2806080" lon="11.2288270">
    <ele>796.9</ele>
    <time>2026-05-31T06:51:44Z</time>
   </trkpt>
   <trkpt lat="47.2806060" lon="11.2288340">
    <ele>796.9</ele>
    <time>2026-05-31T06:51:45Z</time>
   </trkpt>
   <trkpt lat="47.2806000" lon="11.2288440">
    <ele>796.8</ele>
    <time>2026-05-31T06:51:46Z</time>
   </trkpt>
   <trkpt lat="47.2805950" lon="11.2288520">
    <ele>796.8</ele>
    <time>2026-05-31T06:51:47Z</time>
   </trkpt>
   <trkpt lat="47.2805920" lon="11.2288590">
    <ele>796.7</ele>
    <time>2026-05-31T06:51:48Z</time>
   </trkpt>
   <trkpt lat="47.2805890" lon="11.2288660">
    <ele>796.7</ele>
    <time>2026-05-31T06:51:49Z</time>
   </trkpt>
   <trkpt lat="47.2805860" lon="11.2288810">
    <ele>796.6</ele>
    <time>2026-05-31T06:51:50Z</time>
   </trkpt>
   <trkpt lat="47.2805860" lon="11.2288930">
    <ele>796.6</ele>
    <time>2026-05-31T06:51:51Z</time>
   </trkpt>
   <trkpt lat="47.2805870" lon="11.2289040">
    <ele>796.5</ele>
    <time>2026-05-31T06:51:52Z</time>
   </trkpt>
   <trkpt lat="47.2805870" lon="11.2289150">
    <ele>796.4</ele>
    <time>2026-05-31T06:51:53Z</time>
   </trkpt>
   <trkpt lat="47.2805870" lon="11.2289270">
    <ele>796.4</ele>
    <time>2026-05-31T06:51:54Z</time>
   </trkpt>
   <trkpt lat="47.2805870" lon="11.2289380">
    <ele>796.3</ele>
    <time>2026-05-31T06:51:55Z</time>
   </trkpt>
   <trkpt lat="47.2805690" lon="11.2289770">
    <ele>796.1</ele>
    <time>2026-05-31T06:51:56Z</time>
   </trkpt>
   <trkpt lat="47.2805880" lon="11.2289900">
    <ele>795.9</ele>
    <time>2026-05-31T06:51:57Z</time>
   </trkpt>
   <trkpt lat="47.2805890" lon="11.2290170">
    <ele>795.8</ele>
    <time>2026-05-31T06:51:58Z</time>
   </trkpt>
   <trkpt lat="47.2805810" lon="11.2290210">
    <ele>795.7</ele>
    <time>2026-05-31T06:51:59Z</time>
   </trkpt>
   <trkpt lat="47.2805810" lon="11.2290270">
    <ele>795.7</ele>
    <time>2026-05-31T06:52:00Z</time>
   </trkpt>
   <trkpt lat="47.2805810" lon="11.2290320">
    <ele>795.6</ele>
    <time>2026-05-31T06:52:01Z</time>
   </trkpt>
   <trkpt lat="47.2805810" lon="11.2290380">
    <ele>795.6</ele>
    <time>2026-05-31T06:52:02Z</time>
   </trkpt>
   <trkpt lat="47.2805810" lon="11.2290430">
    <ele>795.6</ele>
    <time>2026-05-31T06:52:03Z</time>
   </trkpt>
   <trkpt lat="47.2805810" lon="11.2290490">
    <ele>795.6</ele>
    <time>2026-05-31T06:52:04Z</time>
   </trkpt>
   <trkpt lat="47.2805810" lon="11.2290540">
    <ele>795.5</ele>
    <time>2026-05-31T06:52:05Z</time>
   </trkpt>
   <trkpt lat="47.2805810" lon="11.2290600">
    <ele>795.5</ele>
    <time>2026-05-31T06:52:06Z</time>
   </trkpt>
   <trkpt lat="47.2805810" lon="11.2290650">
    <ele>795.5</ele>
    <time>2026-05-31T06:52:07Z</time>
   </trkpt>
   <trkpt lat="47.2805810" lon="11.2290710">
    <ele>795.4</ele>
    <time>2026-05-31T06:52:08Z</time>
   </trkpt>
   <trkpt lat="47.2805810" lon="11.2290760">
    <ele>795.4</ele>
    <time>2026-05-31T06:52:09Z</time>
   </trkpt>
   <trkpt lat="47.2805810" lon="11.2290820">
    <ele>795.4</ele>
    <time>2026-05-31T06:52:10Z</time>
   </trkpt>
   <trkpt lat="47.2805810" lon="11.2290870">
    <ele>795.4</ele>
    <time>2026-05-31T06:52:11Z</time>
   </trkpt>
   <trkpt lat="47.2805810" lon="11.2290930">
    <ele>795.3</ele>
    <time>2026-05-31T06:52:12Z</time>
   </trkpt>
   <trkpt lat="47.2805810" lon="11.2290980">
    <ele>795.3</ele>
    <time>2026-05-31T06:52:13Z</time>
   </trkpt>
   <trkpt lat="47.2805670" lon="11.2291410">
    <ele>795.1</ele>
    <time>2026-05-31T06:52:14Z</time>
   </trkpt>
   <trkpt lat="47.2805620" lon="11.2291490">
    <ele>795.0</ele>
    <time>2026-05-31T06:52:15Z</time>
   </trkpt>
   <trkpt lat="47.2805670" lon="11.2291850">
    <ele>794.9</ele>
    <time>2026-05-31T06:52:16Z</time>
   </trkpt>
   <trkpt lat="47.2805660" lon="11.2291990">
    <ele>794.8</ele>
    <time>2026-05-31T06:52:17Z</time>
   </trkpt>
   <trkpt lat="47.2805480" lon="11.2292360">
    <ele>794.6</ele>
    <time>2026-05-31T06:52:18Z</time>
   </trkpt>
   <trkpt lat="47.2805430" lon="11.2292460">
    <ele>794.6</ele>
    <time>2026-05-31T06:52:19Z</time>
   </trkpt>
   <trkpt lat="47.2805380" lon="11.2292910">
    <ele>794.4</ele>
    <time>2026-05-31T06:52:20Z</time>
   </trkpt>
   <trkpt lat="47.2805340" lon="11.2293050">
    <ele>794.3</ele>
    <time>2026-05-31T06:52:21Z</time>
   </trkpt>
   <trkpt lat="47.2805380" lon="11.2293570">
    <ele>794.1</ele>
    <time>2026-05-31T06:52:22Z</time>
   </trkpt>
   <trkpt lat="47.2805400" lon="11.2293710">
    <ele>794.1</ele>
    <time>2026-05-31T06:52:23Z</time>
   </trkpt>
   <trkpt lat="47.2805270" lon="11.2294070">
    <ele>793.9</ele>
    <time>2026-05-31T06:52:24Z</time>
   </trkpt>
   <trkpt lat="47.2805240" lon="11.2294200">
    <ele>793.8</ele>
    <time>2026-05-31T06:52:25Z</time>
   </trkpt>
   <trkpt lat="47.2805030" lon="11.2294640">
    <ele>793.6</ele>
    <time>2026-05-31T06:52:26Z</time>
   </trkpt>
   <trkpt lat="47.2805010" lon="11.2294800">
    <ele>793.5</ele>
    <time>2026-05-31T06:52:27Z</time>
   </trkpt>
   <trkpt lat="47.2804950" lon="11.2295150">
    <ele>793.3</ele>
    <time>2026-05-31T06:52:28Z</time>
   </trkpt>
   <trkpt lat="47.2804890" lon="11.2295260">
    <ele>793.3</ele>
    <time>2026-05-31T06:52:29Z</time>
   </trkpt>
   <trkpt lat="47.2804850" lon="11.2295420">
    <ele>793.2</ele>
    <time>2026-05-31T06:52:30Z</time>
   </trkpt>
   <trkpt lat="47.2804750" lon="11.2295430">
    <ele>793.1</ele>
    <time>2026-05-31T06:52:31Z</time>
   </trkpt>
   <trkpt lat="47.2804760" lon="11.2295480">
    <ele>793.1</ele>
    <time>2026-05-31T06:52:32Z</time>
   </trkpt>
   <trkpt lat="47.2804690" lon="11.2295620">
    <ele>793.0</ele>
    <time>2026-05-31T06:52:33Z</time>
   </trkpt>
   <trkpt lat="47.2804640" lon="11.2295810">
    <ele>792.8</ele>
    <time>2026-05-31T06:52:34Z</time>
   </trkpt>
   <trkpt lat="47.2804670" lon="11.2295850">
    <ele>792.8</ele>
    <time>2026-05-31T06:52:35Z</time>
   </trkpt>
   <trkpt lat="47.2804660" lon="11.2295800">
    <ele>792.8</ele>
    <time>2026-05-31T06:52:36Z</time>
   </trkpt>
   <trkpt lat="47.2804670" lon="11.2295810">
    <ele>792.8</ele>
    <time>2026-05-31T06:52:37Z</time>
   </trkpt>
   <trkpt lat="47.2804670" lon="11.2295830">
    <ele>792.8</ele>
    <time>2026-05-31T06:52:38Z</time>
   </trkpt>
   <trkpt lat="47.2804670" lon="11.2295820">
    <ele>792.7</ele>
    <time>2026-05-31T06:52:39Z</time>
   </trkpt>
   <trkpt lat="47.2804670" lon="11.2295850">
    <ele>792.7</ele>
    <time>2026-05-31T06:52:40Z</time>
   </trkpt>
   <trkpt lat="47.2804680" lon="11.2295860">
    <ele>792.7</ele>
    <time>2026-05-31T06:52:41Z</time>
   </trkpt>
   <trkpt lat="47.2804680" lon="11.2295870">
    <ele>792.7</ele>
    <time>2026-05-31T06:52:42Z</time>
   </trkpt>
   <trkpt lat="47.2804670" lon="11.2295870">
    <ele>792.7</ele>
    <time>2026-05-31T06:52:43Z</time>
   </trkpt>
   <trkpt lat="47.2804650" lon="11.2295970">
    <ele>792.6</ele>
    <time>2026-05-31T06:52:44Z</time>
   </trkpt>
   <trkpt lat="47.2804550" lon="11.2296090">
    <ele>792.5</ele>
    <time>2026-05-31T06:52:45Z</time>
   </trkpt>
   <trkpt lat="47.2804450" lon="11.2296320">
    <ele>792.4</ele>
    <time>2026-05-31T06:52:46Z</time>
   </trkpt>
   <trkpt lat="47.2804330" lon="11.2296500">
    <ele>792.2</ele>
    <time>2026-05-31T06:52:47Z</time>
   </trkpt>
   <trkpt lat="47.2804290" lon="11.2296800">
    <ele>792.0</ele>
    <time>2026-05-31T06:52:48Z</time>
   </trkpt>
   <trkpt lat="47.2804230" lon="11.2296890">
    <ele>791.9</ele>
    <time>2026-05-31T06:52:49Z</time>
   </trkpt>
   <trkpt lat="47.2804170" lon="11.2296990">
    <ele>791.9</ele>
    <time>2026-05-31T06:52:50Z</time>
   </trkpt>
   <trkpt lat="47.2804070" lon="11.2297360">
    <ele>791.6</ele>
    <time>2026-05-31T06:52:51Z</time>
   </trkpt>
   <trkpt lat="47.2804000" lon="11.2297500">
    <ele>791.5</ele>
    <time>2026-05-31T06:52:52Z</time>
   </trkpt>
   <trkpt lat="47.2803790" lon="11.2297970">
    <ele>791.1</ele>
    <time>2026-05-31T06:52:53Z</time>
   </trkpt>
   <trkpt lat="47.2803660" lon="11.2298260">
    <ele>790.9</ele>
    <time>2026-05-31T06:52:54Z</time>
   </trkpt>
   <trkpt lat="47.2803610" lon="11.2298510">
    <ele>790.7</ele>
    <time>2026-05-31T06:52:55Z</time>
   </trkpt>
   <trkpt lat="47.2803560" lon="11.2298630">
    <ele>790.7</ele>
    <time>2026-05-31T06:52:56Z</time>
   </trkpt>
   <trkpt lat="47.2803520" lon="11.2298760">
    <ele>790.6</ele>
    <time>2026-05-31T06:52:57Z</time>
   </trkpt>
   <trkpt lat="47.2803360" lon="11.2299180">
    <ele>790.2</ele>
    <time>2026-05-31T06:52:58Z</time>
   </trkpt>
   <trkpt lat="47.2803300" lon="11.2299310">
    <ele>790.1</ele>
    <time>2026-05-31T06:52:59Z</time>
   </trkpt>
   <trkpt lat="47.2803250" lon="11.2299430">
    <ele>790.1</ele>
    <time>2026-05-31T06:53:00Z</time>
   </trkpt>
   <trkpt lat="47.2803100" lon="11.2299930">
    <ele>789.7</ele>
    <time>2026-05-31T06:53:01Z</time>
   </trkpt>
   <trkpt lat="47.2803060" lon="11.2300310">
    <ele>789.4</ele>
    <time>2026-05-31T06:53:02Z</time>
   </trkpt>
   <trkpt lat="47.2802990" lon="11.2300460">
    <ele>789.3</ele>
    <time>2026-05-31T06:53:03Z</time>
   </trkpt>
   <trkpt lat="47.2802930" lon="11.2300930">
    <ele>789.0</ele>
    <time>2026-05-31T06:53:04Z</time>
   </trkpt>
   <trkpt lat="47.2802920" lon="11.2301100">
    <ele>788.9</ele>
    <time>2026-05-31T06:53:05Z</time>
   </trkpt>
   <trkpt lat="47.2802790" lon="11.2301490">
    <ele>788.6</ele>
    <time>2026-05-31T06:53:06Z</time>
   </trkpt>
   <trkpt lat="47.2802600" lon="11.2301840">
    <ele>788.3</ele>
    <time>2026-05-31T06:53:07Z</time>
   </trkpt>
   <trkpt lat="47.2802450" lon="11.2301890">
    <ele>788.2</ele>
    <time>2026-05-31T06:53:08Z</time>
   </trkpt>
   <trkpt lat="47.2802330" lon="11.2302330">
    <ele>787.9</ele>
    <time>2026-05-31T06:53:09Z</time>
   </trkpt>
   <trkpt lat="47.2802320" lon="11.2302560">
    <ele>787.7</ele>
    <time>2026-05-31T06:53:10Z</time>
   </trkpt>
   <trkpt lat="47.2802290" lon="11.2303040">
    <ele>787.4</ele>
    <time>2026-05-31T06:53:11Z</time>
   </trkpt>
   <trkpt lat="47.2802230" lon="11.2303210">
    <ele>787.3</ele>
    <time>2026-05-31T06:53:12Z</time>
   </trkpt>
   <trkpt lat="47.2801960" lon="11.2303390">
    <ele>787.0</ele>
    <time>2026-05-31T06:53:13Z</time>
   </trkpt>
   <trkpt lat="47.2801820" lon="11.2303430">
    <ele>786.8</ele>
    <time>2026-05-31T06:53:14Z</time>
   </trkpt>
   <trkpt lat="47.2801660" lon="11.2303740">
    <ele>786.6</ele>
    <time>2026-05-31T06:53:15Z</time>
   </trkpt>
   <trkpt lat="47.2801570" lon="11.2304220">
    <ele>786.2</ele>
    <time>2026-05-31T06:53:16Z</time>
   </trkpt>
   <trkpt lat="47.2801510" lon="11.2304410">
    <ele>786.1</ele>
    <time>2026-05-31T06:53:17Z</time>
   </trkpt>
   <trkpt lat="47.2801410" lon="11.2304950">
    <ele>785.8</ele>
    <time>2026-05-31T06:53:18Z</time>
   </trkpt>
   <trkpt lat="47.2801330" lon="11.2305160">
    <ele>785.6</ele>
    <time>2026-05-31T06:53:19Z</time>
   </trkpt>
   <trkpt lat="47.2801190" lon="11.2305480">
    <ele>785.4</ele>
    <time>2026-05-31T06:53:20Z</time>
   </trkpt>
   <trkpt lat="47.2801140" lon="11.2305610">
    <ele>785.3</ele>
    <time>2026-05-31T06:53:21Z</time>
   </trkpt>
   <trkpt lat="47.2801150" lon="11.2306180">
    <ele>785.0</ele>
    <time>2026-05-31T06:53:22Z</time>
   </trkpt>
   <trkpt lat="47.2801130" lon="11.2306380">
    <ele>784.9</ele>
    <time>2026-05-31T06:53:23Z</time>
   </trkpt>
   <trkpt lat="47.2800930" lon="11.2306780">
    <ele>784.6</ele>
    <time>2026-05-31T06:53:24Z</time>
   </trkpt>
   <trkpt lat="47.2800630" lon="11.2306970">
    <ele>784.4</ele>
    <time>2026-05-31T06:53:25Z</time>
   </trkpt>
   <trkpt lat="47.2800450" lon="11.2307330">
    <ele>784.1</ele>
    <time>2026-05-31T06:53:26Z</time>
   </trkpt>
   <trkpt lat="47.2800430" lon="11.2307750">
    <ele>783.9</ele>
    <time>2026-05-31T06:53:27Z</time>
   </trkpt>
   <trkpt lat="47.2800320" lon="11.2308180">
    <ele>783.6</ele>
    <time>2026-05-31T06:53:28Z</time>
   </trkpt>
   <trkpt lat="47.2800230" lon="11.2308500">
    <ele>783.4</ele>
    <time>2026-05-31T06:53:29Z</time>
   </trkpt>
   <trkpt lat="47.2800230" lon="11.2308690">
    <ele>783.3</ele>
    <time>2026-05-31T06:53:30Z</time>
   </trkpt>
   <trkpt lat="47.2800070" lon="11.2309060">
    <ele>783.0</ele>
    <time>2026-05-31T06:53:31Z</time>
   </trkpt>
   <trkpt lat="47.2800020" lon="11.2309180">
    <ele>782.9</ele>
    <time>2026-05-31T06:53:32Z</time>
   </trkpt>
   <trkpt lat="47.2799940" lon="11.2309430">
    <ele>782.8</ele>
    <time>2026-05-31T06:53:33Z</time>
   </trkpt>
   <trkpt lat="47.2799800" lon="11.2309790">
    <ele>782.5</ele>
    <time>2026-05-31T06:53:34Z</time>
   </trkpt>
   <trkpt lat="47.2799750" lon="11.2309940">
    <ele>782.4</ele>
    <time>2026-05-31T06:53:35Z</time>
   </trkpt>
   <trkpt lat="47.2799620" lon="11.2310410">
    <ele>782.1</ele>
    <time>2026-05-31T06:53:36Z</time>
   </trkpt>
   <trkpt lat="47.2799540" lon="11.2310820">
    <ele>781.8</ele>
    <time>2026-05-31T06:53:37Z</time>
   </trkpt>
   <trkpt lat="47.2799460" lon="11.2311020">
    <ele>781.6</ele>
    <time>2026-05-31T06:53:38Z</time>
   </trkpt>
   <trkpt lat="47.2799280" lon="11.2311520">
    <ele>781.2</ele>
    <time>2026-05-31T06:53:39Z</time>
   </trkpt>
   <trkpt lat="47.2799220" lon="11.2311680">
    <ele>781.1</ele>
    <time>2026-05-31T06:53:40Z</time>
   </trkpt>
   <trkpt lat="47.2799080" lon="11.2312190">
    <ele>780.6</ele>
    <time>2026-05-31T06:53:41Z</time>
   </trkpt>
   <trkpt lat="47.2799060" lon="11.2312400">
    <ele>780.5</ele>
    <time>2026-05-31T06:53:42Z</time>
   </trkpt>
   <trkpt lat="47.2799000" lon="11.2312860">
    <ele>780.1</ele>
    <time>2026-05-31T06:53:43Z</time>
   </trkpt>
   <trkpt lat="47.2799020" lon="11.2312990">
    <ele>780.0</ele>
    <time>2026-05-31T06:53:44Z</time>
   </trkpt>
   <trkpt lat="47.2798850" lon="11.2313480">
    <ele>779.5</ele>
    <time>2026-05-31T06:53:45Z</time>
   </trkpt>
   <trkpt lat="47.2798740" lon="11.2313640">
    <ele>779.3</ele>
    <time>2026-05-31T06:53:46Z</time>
   </trkpt>
   <trkpt lat="47.2798590" lon="11.2314110">
    <ele>778.8</ele>
    <time>2026-05-31T06:53:47Z</time>
   </trkpt>
   <trkpt lat="47.2798550" lon="11.2314280">
    <ele>778.6</ele>
    <time>2026-05-31T06:53:48Z</time>
   </trkpt>
   <trkpt lat="47.2798430" lon="11.2314640">
    <ele>778.2</ele>
    <time>2026-05-31T06:53:49Z</time>
   </trkpt>
   <trkpt lat="47.2798380" lon="11.2314780">
    <ele>778.0</ele>
    <time>2026-05-31T06:53:50Z</time>
   </trkpt>
   <trkpt lat="47.2798340" lon="11.2314920">
    <ele>777.8</ele>
    <time>2026-05-31T06:53:51Z</time>
   </trkpt>
   <trkpt lat="47.2798360" lon="11.2315130">
    <ele>777.6</ele>
    <time>2026-05-31T06:53:52Z</time>
   </trkpt>
   <trkpt lat="47.2798260" lon="11.2315360">
    <ele>777.3</ele>
    <time>2026-05-31T06:53:53Z</time>
   </trkpt>
   <trkpt lat="47.2798390" lon="11.2315460">
    <ele>777.1</ele>
    <time>2026-05-31T06:53:54Z</time>
   </trkpt>
   <trkpt lat="47.2798490" lon="11.2315560">
    <ele>776.9</ele>
    <time>2026-05-31T06:53:55Z</time>
   </trkpt>
   <trkpt lat="47.2798280" lon="11.2315990">
    <ele>776.3</ele>
    <time>2026-05-31T06:53:56Z</time>
   </trkpt>
   <trkpt lat="47.2798040" lon="11.2316240">
    <ele>775.9</ele>
    <time>2026-05-31T06:53:57Z</time>
   </trkpt>
   <trkpt lat="47.2797940" lon="11.2316420">
    <ele>775.6</ele>
    <time>2026-05-31T06:53:58Z</time>
   </trkpt>
   <trkpt lat="47.2797770" lon="11.2316820">
    <ele>775.2</ele>
    <time>2026-05-31T06:53:59Z</time>
   </trkpt>
   <trkpt lat="47.2797590" lon="11.2317360">
    <ele>774.6</ele>
    <time>2026-05-31T06:54:00Z</time>
   </trkpt>
   <trkpt lat="47.2797480" lon="11.2317540">
    <ele>774.4</ele>
    <time>2026-05-31T06:54:01Z</time>
   </trkpt>
   <trkpt lat="47.2797250" lon="11.2317900">
    <ele>774.0</ele>
    <time>2026-05-31T06:54:02Z</time>
   </trkpt>
   <trkpt lat="47.2797210" lon="11.2318010">
    <ele>773.9</ele>
    <time>2026-05-31T06:54:03Z</time>
   </trkpt>
   <trkpt lat="47.2797010" lon="11.2318330">
    <ele>773.5</ele>
    <time>2026-05-31T06:54:04Z</time>
   </trkpt>
   <trkpt lat="47.2796930" lon="11.2318420">
    <ele>773.4</ele>
    <time>2026-05-31T06:54:05Z</time>
   </trkpt>
   <trkpt lat="47.2796740" lon="11.2318760">
    <ele>773.1</ele>
    <time>2026-05-31T06:54:06Z</time>
   </trkpt>
   <trkpt lat="47.2796710" lon="11.2318850">
    <ele>773.0</ele>
    <time>2026-05-31T06:54:07Z</time>
   </trkpt>
   <trkpt lat="47.2796500" lon="11.2319180">
    <ele>772.7</ele>
    <time>2026-05-31T06:54:08Z</time>
   </trkpt>
   <trkpt lat="47.2796420" lon="11.2319330">
    <ele>772.6</ele>
    <time>2026-05-31T06:54:09Z</time>
   </trkpt>
   <trkpt lat="47.2796360" lon="11.2319610">
    <ele>772.4</ele>
    <time>2026-05-31T06:54:10Z</time>
   </trkpt>
   <trkpt lat="47.2796300" lon="11.2319800">
    <ele>772.3</ele>
    <time>2026-05-31T06:54:11Z</time>
   </trkpt>
   <trkpt lat="47.2796130" lon="11.2320120">
    <ele>772.0</ele>
    <time>2026-05-31T06:54:12Z</time>
   </trkpt>
   <trkpt lat="47.2796040" lon="11.2320430">
    <ele>771.9</ele>
    <time>2026-05-31T06:54:13Z</time>
   </trkpt>
   <trkpt lat="47.2795970" lon="11.2320560">
    <ele>771.8</ele>
    <time>2026-05-31T06:54:14Z</time>
   </trkpt>
   <trkpt lat="47.2795910" lon="11.2320680">
    <ele>771.7</ele>
    <time>2026-05-31T06:54:15Z</time>
   </trkpt>
   <trkpt lat="47.2795790" lon="11.2320770">
    <ele>771.6</ele>
    <time>2026-05-31T06:54:16Z</time>
   </trkpt>
   <trkpt lat="47.2795630" lon="11.2320990">
    <ele>771.5</ele>
    <time>2026-05-31T06:54:17Z</time>
   </trkpt>
   <trkpt lat="47.2795640" lon="11.2321450">
    <ele>771.3</ele>
    <time>2026-05-31T06:54:18Z</time>
   </trkpt>
   <trkpt lat="47.2795550" lon="11.2321930">
    <ele>771.1</ele>
    <time>2026-05-31T06:54:19Z</time>
   </trkpt>
   <trkpt lat="47.2795590" lon="11.2322080">
    <ele>771.1</ele>
    <time>2026-05-31T06:54:20Z</time>
   </trkpt>
   <trkpt lat="47.2795410" lon="11.2322480">
    <ele>770.9</ele>
    <time>2026-05-31T06:54:21Z</time>
   </trkpt>
   <trkpt lat="47.2795370" lon="11.2322590">
    <ele>770.9</ele>
    <time>2026-05-31T06:54:22Z</time>
   </trkpt>
   <trkpt lat="47.2795220" lon="11.2322780">
    <ele>770.8</ele>
    <time>2026-05-31T06:54:23Z</time>
   </trkpt>
   <trkpt lat="47.2795140" lon="11.2322880">
    <ele>770.8</ele>
    <time>2026-05-31T06:54:24Z</time>
   </trkpt>
   <trkpt lat="47.2795050" lon="11.2322990">
    <ele>770.7</ele>
    <time>2026-05-31T06:54:25Z</time>
   </trkpt>
   <trkpt lat="47.2794960" lon="11.2323090">
    <ele>770.7</ele>
    <time>2026-05-31T06:54:26Z</time>
   </trkpt>
   <trkpt lat="47.2794800" lon="11.2323570">
    <ele>770.6</ele>
    <time>2026-05-31T06:54:27Z</time>
   </trkpt>
   <trkpt lat="47.2794890" lon="11.2323740">
    <ele>770.5</ele>
    <time>2026-05-31T06:54:28Z</time>
   </trkpt>
   <trkpt lat="47.2794680" lon="11.2324020">
    <ele>770.5</ele>
    <time>2026-05-31T06:54:29Z</time>
   </trkpt>
   <trkpt lat="47.2794540" lon="11.2324440">
    <ele>770.4</ele>
    <time>2026-05-31T06:54:30Z</time>
   </trkpt>
   <trkpt lat="47.2794410" lon="11.2324830">
    <ele>770.3</ele>
    <time>2026-05-31T06:54:31Z</time>
   </trkpt>
   <trkpt lat="47.2794330" lon="11.2324960">
    <ele>770.3</ele>
    <time>2026-05-31T06:54:32Z</time>
   </trkpt>
   <trkpt lat="47.2794200" lon="11.2325320">
    <ele>770.3</ele>
    <time>2026-05-31T06:54:33Z</time>
   </trkpt>
   <trkpt lat="47.2794130" lon="11.2325470">
    <ele>770.3</ele>
    <time>2026-05-31T06:54:34Z</time>
   </trkpt>
   <trkpt lat="47.2793980" lon="11.2325920">
    <ele>770.3</ele>
    <time>2026-05-31T06:54:35Z</time>
   </trkpt>
   <trkpt lat="47.2793960" lon="11.2326040">
    <ele>770.2</ele>
    <time>2026-05-31T06:54:36Z</time>
   </trkpt>
   <trkpt lat="47.2793800" lon="11.2326460">
    <ele>770.2</ele>
    <time>2026-05-31T06:54:37Z</time>
   </trkpt>
   <trkpt lat="47.2793740" lon="11.2326620">
    <ele>770.2</ele>
    <time>2026-05-31T06:54:38Z</time>
   </trkpt>
   <trkpt lat="47.2793640" lon="11.2327020">
    <ele>770.2</ele>
    <time>2026-05-31T06:54:39Z</time>
   </trkpt>
   <trkpt lat="47.2793580" lon="11.2327130">
    <ele>770.2</ele>
    <time>2026-05-31T06:54:40Z</time>
   </trkpt>
   <trkpt lat="47.2793390" lon="11.2327540">
    <ele>770.2</ele>
    <time>2026-05-31T06:54:41Z</time>
   </trkpt>
   <trkpt lat="47.2793390" lon="11.2327830">
    <ele>770.2</ele>
    <time>2026-05-31T06:54:42Z</time>
   </trkpt>
   <trkpt lat="47.2793340" lon="11.2327990">
    <ele>770.2</ele>
    <time>2026-05-31T06:54:43Z</time>
   </trkpt>
   <trkpt lat="47.2793140" lon="11.2328200">
    <ele>770.2</ele>
    <time>2026-05-31T06:54:44Z</time>
   </trkpt>
   <trkpt lat="47.2793120" lon="11.2328330">
    <ele>770.2</ele>
    <time>2026-05-31T06:54:45Z</time>
   </trkpt>
   <trkpt lat="47.2793110" lon="11.2328450">
    <ele>770.2</ele>
    <time>2026-05-31T06:54:46Z</time>
   </trkpt>
   <trkpt lat="47.2793090" lon="11.2328570">
    <ele>770.2</ele>
    <time>2026-05-31T06:54:47Z</time>
   </trkpt>
   <trkpt lat="47.2792720" lon="11.2329000">
    <ele>770.1</ele>
    <time>2026-05-31T06:54:48Z</time>
   </trkpt>
   <trkpt lat="47.2792580" lon="11.2329510">
    <ele>770.0</ele>
    <time>2026-05-31T06:54:49Z</time>
   </trkpt>
   <trkpt lat="47.2792670" lon="11.2329700">
    <ele>769.9</ele>
    <time>2026-05-31T06:54:50Z</time>
   </trkpt>
   <trkpt lat="47.2792620" lon="11.2330030">
    <ele>769.9</ele>
    <time>2026-05-31T06:54:51Z</time>
   </trkpt>
   <trkpt lat="47.2792580" lon="11.2330350">
    <ele>769.8</ele>
    <time>2026-05-31T06:54:52Z</time>
   </trkpt>
   <trkpt lat="47.2792550" lon="11.2330440">
    <ele>769.7</ele>
    <time>2026-05-31T06:54:53Z</time>
   </trkpt>
   <trkpt lat="47.2792370" lon="11.2330830">
    <ele>769.6</ele>
    <time>2026-05-31T06:54:54Z</time>
   </trkpt>
   <trkpt lat="47.2792090" lon="11.2331040">
    <ele>769.4</ele>
    <time>2026-05-31T06:54:55Z</time>
   </trkpt>
   <trkpt lat="47.2792080" lon="11.2331540">
    <ele>769.2</ele>
    <time>2026-05-31T06:54:56Z</time>
   </trkpt>
   <trkpt lat="47.2792090" lon="11.2331770">
    <ele>769.1</ele>
    <time>2026-05-31T06:54:57Z</time>
   </trkpt>
   <trkpt lat="47.2791930" lon="11.2331990">
    <ele>768.9</ele>
    <time>2026-05-31T06:54:58Z</time>
   </trkpt>
   <trkpt lat="47.2791870" lon="11.2332180">
    <ele>768.8</ele>
    <time>2026-05-31T06:54:59Z</time>
   </trkpt>
   <trkpt lat="47.2791710" lon="11.2332520">
    <ele>768.6</ele>
    <time>2026-05-31T06:55:00Z</time>
   </trkpt>
   <trkpt lat="47.2791690" lon="11.2332670">
    <ele>768.5</ele>
    <time>2026-05-31T06:55:01Z</time>
   </trkpt>
   <trkpt lat="47.2791510" lon="11.2333010">
    <ele>768.3</ele>
    <time>2026-05-31T06:55:02Z</time>
   </trkpt>
   <trkpt lat="47.2791460" lon="11.2333120">
    <ele>768.3</ele>
    <time>2026-05-31T06:55:03Z</time>
   </trkpt>
   <trkpt lat="47.2791350" lon="11.2333630">
    <ele>768.0</ele>
    <time>2026-05-31T06:55:04Z</time>
   </trkpt>
   <trkpt lat="47.2791210" lon="11.2334060">
    <ele>767.8</ele>
    <time>2026-05-31T06:55:05Z</time>
   </trkpt>
   <trkpt lat="47.2791180" lon="11.2334240">
    <ele>767.7</ele>
    <time>2026-05-31T06:55:06Z</time>
   </trkpt>
   <trkpt lat="47.2790860" lon="11.2334540">
    <ele>767.4</ele>
    <time>2026-05-31T06:55:07Z</time>
   </trkpt>
   <trkpt lat="47.2790630" lon="11.2334640">
    <ele>767.2</ele>
    <time>2026-05-31T06:55:08Z</time>
   </trkpt>
   <trkpt lat="47.2790380" lon="11.2334800">
    <ele>767.0</ele>
    <time>2026-05-31T06:55:09Z</time>
   </trkpt>
   <trkpt lat="47.2790400" lon="11.2335420">
    <ele>766.7</ele>
    <time>2026-05-31T06:55:10Z</time>
   </trkpt>
   <trkpt lat="47.2790470" lon="11.2335670">
    <ele>766.5</ele>
    <time>2026-05-31T06:55:11Z</time>
   </trkpt>
   <trkpt lat="47.2790250" lon="11.2335510">
    <ele>766.3</ele>
    <time>2026-05-31T06:55:12Z</time>
   </trkpt>
   <trkpt lat="47.2790220" lon="11.2335540">
    <ele>766.3</ele>
    <time>2026-05-31T06:55:13Z</time>
   </trkpt>
   <trkpt lat="47.2790210" lon="11.2335850">
    <ele>766.1</ele>
    <time>2026-05-31T06:55:14Z</time>
   </trkpt>
   <trkpt lat="47.2789860" lon="11.2336300">
    <ele>765.7</ele>
    <time>2026-05-31T06:55:15Z</time>
   </trkpt>
   <trkpt lat="47.2789760" lon="11.2336860">
    <ele>765.3</ele>
    <time>2026-05-31T06:55:16Z</time>
   </trkpt>
   <trkpt lat="47.2789700" lon="11.2337070">
    <ele>765.2</ele>
    <time>2026-05-31T06:55:17Z</time>
   </trkpt>
   <trkpt lat="47.2789800" lon="11.2337460">
    <ele>764.9</ele>
    <time>2026-05-31T06:55:18Z</time>
   </trkpt>
   <trkpt lat="47.2789840" lon="11.2337620">
    <ele>764.8</ele>
    <time>2026-05-31T06:55:19Z</time>
   </trkpt>
   <trkpt lat="47.2789810" lon="11.2338140">
    <ele>764.5</ele>
    <time>2026-05-31T06:55:20Z</time>
   </trkpt>
   <trkpt lat="47.2789810" lon="11.2338310">
    <ele>764.4</ele>
    <time>2026-05-31T06:55:21Z</time>
   </trkpt>
   <trkpt lat="47.2789950" lon="11.2338340">
    <ele>764.3</ele>
    <time>2026-05-31T06:55:22Z</time>
   </trkpt>
   <trkpt lat="47.2789940" lon="11.2338340">
    <ele>764.3</ele>
    <time>2026-05-31T06:55:23Z</time>
   </trkpt>
   <trkpt lat="47.2789600" lon="11.2338620">
    <ele>763.9</ele>
    <time>2026-05-31T06:55:24Z</time>
   </trkpt>
   <trkpt lat="47.2789450" lon="11.2339150">
    <ele>763.5</ele>
    <time>2026-05-31T06:55:25Z</time>
   </trkpt>
   <trkpt lat="47.2789430" lon="11.2339370">
    <ele>763.4</ele>
    <time>2026-05-31T06:55:26Z</time>
   </trkpt>
   <trkpt lat="47.2789280" lon="11.2339860">
    <ele>762.9</ele>
    <time>2026-05-31T06:55:27Z</time>
   </trkpt>
   <trkpt lat="47.2789160" lon="11.2340020">
    <ele>762.7</ele>
    <time>2026-05-31T06:55:28Z</time>
   </trkpt>
   <trkpt lat="47.2789050" lon="11.2340450">
    <ele>762.3</ele>
    <time>2026-05-31T06:55:29Z</time>
   </trkpt>
   <trkpt lat="47.2788960" lon="11.2340530">
    <ele>762.2</ele>
    <time>2026-05-31T06:55:30Z</time>
   </trkpt>
   <trkpt lat="47.2788800" lon="11.2341030">
    <ele>761.6</ele>
    <time>2026-05-31T06:55:31Z</time>
   </trkpt>
   <trkpt lat="47.2788680" lon="11.2341150">
    <ele>761.4</ele>
    <time>2026-05-31T06:55:32Z</time>
   </trkpt>
   <trkpt lat="47.2788440" lon="11.2341590">
    <ele>760.8</ele>
    <time>2026-05-31T06:55:33Z</time>
   </trkpt>
   <trkpt lat="47.2788350" lon="11.2341790">
    <ele>760.5</ele>
    <time>2026-05-31T06:55:34Z</time>
   </trkpt>
   <trkpt lat="47.2788300" lon="11.2342090">
    <ele>760.1</ele>
    <time>2026-05-31T06:55:35Z</time>
   </trkpt>
   <trkpt lat="47.2788190" lon="11.2342200">
    <ele>759.9</ele>
    <time>2026-05-31T06:55:36Z</time>
   </trkpt>
   <trkpt lat="47.2788100" lon="11.2342310">
    <ele>759.7</ele>
    <time>2026-05-31T06:55:37Z</time>
   </trkpt>
   <trkpt lat="47.2788020" lon="11.2342380">
    <ele>759.5</ele>
    <time>2026-05-31T06:55:38Z</time>
   </trkpt>
   <trkpt lat="47.2787930" lon="11.2342440">
    <ele>759.3</ele>
    <time>2026-05-31T06:55:39Z</time>
   </trkpt>
   <trkpt lat="47.2787840" lon="11.2342510">
    <ele>759.1</ele>
    <time>2026-05-31T06:55:40Z</time>
   </trkpt>
   <trkpt lat="47.2787680" lon="11.2342890">
    <ele>758.6</ele>
    <time>2026-05-31T06:55:41Z</time>
   </trkpt>
   <trkpt lat="47.2787510" lon="11.2343270">
    <ele>758.1</ele>
    <time>2026-05-31T06:55:42Z</time>
   </trkpt>
   <trkpt lat="47.2787510" lon="11.2343270">
    <ele>758.1</ele>
    <time>2026-05-31T06:55:43Z</time>
   </trkpt>
   <trkpt lat="47.2787300" lon="11.2343660">
    <ele>757.6</ele>
    <time>2026-05-31T06:55:44Z</time>
   </trkpt>
   <trkpt lat="47.2786790" lon="11.2344130">
    <ele>756.9</ele>
    <time>2026-05-31T06:55:45Z</time>
   </trkpt>
   <trkpt lat="47.2786630" lon="11.2344580">
    <ele>756.5</ele>
    <time>2026-05-31T06:55:46Z</time>
   </trkpt>
   <trkpt lat="47.2786430" lon="11.2344860">
    <ele>756.2</ele>
    <time>2026-05-31T06:55:47Z</time>
   </trkpt>
   <trkpt lat="47.2786190" lon="11.2345010">
    <ele>756.0</ele>
    <time>2026-05-31T06:55:48Z</time>
   </trkpt>
   <trkpt lat="47.2786070" lon="11.2345010">
    <ele>755.9</ele>
    <time>2026-05-31T06:55:49Z</time>
   </trkpt>
   <trkpt lat="47.2785830" lon="11.2345270">
    <ele>755.7</ele>
    <time>2026-05-31T06:55:50Z</time>
   </trkpt>
   <trkpt lat="47.2785630" lon="11.2345540">
    <ele>755.4</ele>
    <time>2026-05-31T06:55:51Z</time>
   </trkpt>
   <trkpt lat="47.2785390" lon="11.2345930">
    <ele>755.4</ele>
    <time>2026-05-31T06:55:52Z</time>
   </trkpt>
   <trkpt lat="47.2785330" lon="11.2346050">
    <ele>755.4</ele>
    <time>2026-05-31T06:55:53Z</time>
   </trkpt>
   <trkpt lat="47.2785210" lon="11.2346520">
    <ele>755.4</ele>
    <time>2026-05-31T06:55:54Z</time>
   </trkpt>
   <trkpt lat="47.2785160" lon="11.2346650">
    <ele>755.4</ele>
    <time>2026-05-31T06:55:55Z</time>
   </trkpt>
   <trkpt lat="47.2785150" lon="11.2347160">
    <ele>755.3</ele>
    <time>2026-05-31T06:55:56Z</time>
   </trkpt>
   <trkpt lat="47.2785210" lon="11.2347390">
    <ele>755.3</ele>
    <time>2026-05-31T06:55:57Z</time>
   </trkpt>
   <trkpt lat="47.2785280" lon="11.2347900">
    <ele>755.1</ele>
    <time>2026-05-31T06:55:58Z</time>
   </trkpt>
   <trkpt lat="47.2785360" lon="11.2348090">
    <ele>755.1</ele>
    <time>2026-05-31T06:55:59Z</time>
   </trkpt>
   <trkpt lat="47.2785380" lon="11.2348590">
    <ele>754.9</ele>
    <time>2026-05-31T06:56:00Z</time>
   </trkpt>
   <trkpt lat="47.2785360" lon="11.2348710">
    <ele>754.8</ele>
    <time>2026-05-31T06:56:01Z</time>
   </trkpt>
   <trkpt lat="47.2785160" lon="11.2349060">
    <ele>754.6</ele>
    <time>2026-05-31T06:56:02Z</time>
   </trkpt>
   <trkpt lat="47.2785030" lon="11.2349510">
    <ele>754.4</ele>
    <time>2026-05-31T06:56:03Z</time>
   </trkpt>
   <trkpt lat="47.2785010" lon="11.2349630">
    <ele>754.3</ele>
    <time>2026-05-31T06:56:04Z</time>
   </trkpt>
   <trkpt lat="47.2784880" lon="11.2350060">
    <ele>754.1</ele>
    <time>2026-05-31T06:56:05Z</time>
   </trkpt>
   <trkpt lat="47.2784670" lon="11.2350370">
    <ele>753.9</ele>
    <time>2026-05-31T06:56:06Z</time>
   </trkpt>
   <trkpt lat="47.2784540" lon="11.2350820">
    <ele>753.7</ele>
    <time>2026-05-31T06:56:07Z</time>
   </trkpt>
   <trkpt lat="47.2784470" lon="11.2350950">
    <ele>753.7</ele>
    <time>2026-05-31T06:56:08Z</time>
   </trkpt>
   <trkpt lat="47.2784290" lon="11.2351280">
    <ele>753.5</ele>
    <time>2026-05-31T06:56:09Z</time>
   </trkpt>
   <trkpt lat="47.2784330" lon="11.2351750">
    <ele>753.5</ele>
    <time>2026-05-31T06:56:10Z</time>
   </trkpt>
   <trkpt lat="47.2784310" lon="11.2351880">
    <ele>753.5</ele>
    <time>2026-05-31T06:56:11Z</time>
   </trkpt>
   <trkpt lat="47.2784460" lon="11.2352260">
    <ele>753.5</ele>
    <time>2026-05-31T06:56:12Z</time>
   </trkpt>
   <trkpt lat="47.2784480" lon="11.2352350">
    <ele>753.5</ele>
    <time>2026-05-31T06:56:13Z</time>
   </trkpt>
   <trkpt lat="47.2784520" lon="11.2352600">
    <ele>753.5</ele>
    <time>2026-05-31T06:56:14Z</time>
   </trkpt>
   <trkpt lat="47.2784580" lon="11.2352860">
    <ele>753.6</ele>
    <time>2026-05-31T06:56:15Z</time>
   </trkpt>
   <trkpt lat="47.2784620" lon="11.2353130">
    <ele>753.6</ele>
    <time>2026-05-31T06:56:16Z</time>
   </trkpt>
   <trkpt lat="47.2784650" lon="11.2353320">
    <ele>753.6</ele>
    <time>2026-05-31T06:56:17Z</time>
   </trkpt>
   <trkpt lat="47.2784670" lon="11.2353510">
    <ele>753.7</ele>
    <time>2026-05-31T06:56:18Z</time>
   </trkpt>
   <trkpt lat="47.2784650" lon="11.2354110">
    <ele>753.8</ele>
    <time>2026-05-31T06:56:19Z</time>
   </trkpt>
   <trkpt lat="47.2784610" lon="11.2354340">
    <ele>753.8</ele>
    <time>2026-05-31T06:56:20Z</time>
   </trkpt>
   <trkpt lat="47.2784540" lon="11.2354560">
    <ele>753.9</ele>
    <time>2026-05-31T06:56:21Z</time>
   </trkpt>
   <trkpt lat="47.2784540" lon="11.2354770">
    <ele>753.9</ele>
    <time>2026-05-31T06:56:22Z</time>
   </trkpt>
   <trkpt lat="47.2784460" lon="11.2355040">
    <ele>753.9</ele>
    <time>2026-05-31T06:56:23Z</time>
   </trkpt>
   <trkpt lat="47.2784410" lon="11.2355550">
    <ele>754.0</ele>
    <time>2026-05-31T06:56:24Z</time>
   </trkpt>
   <trkpt lat="47.2784380" lon="11.2355740">
    <ele>754.0</ele>
    <time>2026-05-31T06:56:25Z</time>
   </trkpt>
   <trkpt lat="47.2784080" lon="11.2356110">
    <ele>754.1</ele>
    <time>2026-05-31T06:56:26Z</time>
   </trkpt>
   <trkpt lat="47.2783950" lon="11.2356200">
    <ele>754.1</ele>
    <time>2026-05-31T06:56:27Z</time>
   </trkpt>
   <trkpt lat="47.2784180" lon="11.2356680">
    <ele>754.1</ele>
    <time>2026-05-31T06:56:28Z</time>
   </trkpt>
   <trkpt lat="47.2784280" lon="11.2357140">
    <ele>754.1</ele>
    <time>2026-05-31T06:56:29Z</time>
   </trkpt>
   <trkpt lat="47.2784280" lon="11.2357290">
    <ele>754.1</ele>
    <time>2026-05-31T06:56:30Z</time>
   </trkpt>
   <trkpt lat="47.2784560" lon="11.2357590">
    <ele>754.0</ele>
    <time>2026-05-31T06:56:31Z</time>
   </trkpt>
   <trkpt lat="47.2784590" lon="11.2357780">
    <ele>754.0</ele>
    <time>2026-05-31T06:56:32Z</time>
   </trkpt>
   <trkpt lat="47.2784780" lon="11.2358170">
    <ele>753.9</ele>
    <time>2026-05-31T06:56:33Z</time>
   </trkpt>
   <trkpt lat="47.2784860" lon="11.2358290">
    <ele>753.9</ele>
    <time>2026-05-31T06:56:34Z</time>
   </trkpt>
   <trkpt lat="47.2785020" lon="11.2358630">
    <ele>753.9</ele>
    <time>2026-05-31T06:56:35Z</time>
   </trkpt>
   <trkpt lat="47.2785060" lon="11.2358740">
    <ele>753.9</ele>
    <time>2026-05-31T06:56:36Z</time>
   </trkpt>
   <trkpt lat="47.2785280" lon="11.2358860">
    <ele>753.9</ele>
    <time>2026-05-31T06:56:37Z</time>
   </trkpt>
   <trkpt lat="47.2785370" lon="11.2358890">
    <ele>753.9</ele>
    <time>2026-05-31T06:56:38Z</time>
   </trkpt>
   <trkpt lat="47.2785430" lon="11.2359010">
    <ele>753.9</ele>
    <time>2026-05-31T06:56:39Z</time>
   </trkpt>
   <trkpt lat="47.2785550" lon="11.2359280">
    <ele>753.9</ele>
    <time>2026-05-31T06:56:40Z</time>
   </trkpt>
   <trkpt lat="47.2785680" lon="11.2359690">
    <ele>753.9</ele>
    <time>2026-05-31T06:56:41Z</time>
   </trkpt>
   <trkpt lat="47.2785720" lon="11.2359960">
    <ele>753.9</ele>
    <time>2026-05-31T06:56:42Z</time>
   </trkpt>
   <trkpt lat="47.2785810" lon="11.2360380">
    <ele>754.0</ele>
    <time>2026-05-31T06:56:43Z</time>
   </trkpt>
   <trkpt lat="47.2785590" lon="11.2361040">
    <ele>754.3</ele>
    <time>2026-05-31T06:56:44Z</time>
   </trkpt>
   <trkpt lat="47.2785600" lon="11.2361500">
    <ele>754.4</ele>
    <time>2026-05-31T06:56:45Z</time>
   </trkpt>
   <trkpt lat="47.2785610" lon="11.2361630">
    <ele>754.5</ele>
    <time>2026-05-31T06:56:46Z</time>
   </trkpt>
   <trkpt lat="47.2785720" lon="11.2361860">
    <ele>754.6</ele>
    <time>2026-05-31T06:56:47Z</time>
   </trkpt>
   <trkpt lat="47.2785720" lon="11.2362200">
    <ele>754.8</ele>
    <time>2026-05-31T06:56:48Z</time>
   </trkpt>
   <trkpt lat="47.2785810" lon="11.2362290">
    <ele>754.9</ele>
    <time>2026-05-31T06:56:49Z</time>
   </trkpt>
   <trkpt lat="47.2785890" lon="11.2362390">
    <ele>755.0</ele>
    <time>2026-05-31T06:56:50Z</time>
   </trkpt>
   <trkpt lat="47.2785950" lon="11.2362440">
    <ele>755.1</ele>
    <time>2026-05-31T06:56:51Z</time>
   </trkpt>
   <trkpt lat="47.2786080" lon="11.2362820">
    <ele>755.3</ele>
    <time>2026-05-31T06:56:52Z</time>
   </trkpt>
   <trkpt lat="47.2786150" lon="11.2363000">
    <ele>755.4</ele>
    <time>2026-05-31T06:56:53Z</time>
   </trkpt>
   <trkpt lat="47.2785900" lon="11.2363230">
    <ele>755.7</ele>
    <time>2026-05-31T06:56:54Z</time>
   </trkpt>
   <trkpt lat="47.2785680" lon="11.2363530">
    <ele>755.9</ele>
    <time>2026-05-31T06:56:55Z</time>
   </trkpt>
   <trkpt lat="47.2785840" lon="11.2363870">
    <ele>756.1</ele>
    <time>2026-05-31T06:56:56Z</time>
   </trkpt>
   <trkpt lat="47.2785860" lon="11.2363990">
    <ele>756.1</ele>
    <time>2026-05-31T06:56:57Z</time>
   </trkpt>
   <trkpt lat="47.2785910" lon="11.2364380">
    <ele>756.3</ele>
    <time>2026-05-31T06:56:58Z</time>
   </trkpt>
   <trkpt lat="47.2786000" lon="11.2364890">
    <ele>756.4</ele>
    <time>2026-05-31T06:56:59Z</time>
   </trkpt>
   <trkpt lat="47.2785980" lon="11.2365040">
    <ele>756.4</ele>
    <time>2026-05-31T06:57:00Z</time>
   </trkpt>
   <trkpt lat="47.2786010" lon="11.2365480">
    <ele>756.5</ele>
    <time>2026-05-31T06:57:01Z</time>
   </trkpt>
   <trkpt lat="47.2785980" lon="11.2365960">
    <ele>756.5</ele>
    <time>2026-05-31T06:57:02Z</time>
   </trkpt>
   <trkpt lat="47.2785940" lon="11.2366170">
    <ele>756.4</ele>
    <time>2026-05-31T06:57:03Z</time>
   </trkpt>
   <trkpt lat="47.2785800" lon="11.2366560">
    <ele>756.3</ele>
    <time>2026-05-31T06:57:04Z</time>
   </trkpt>
   <trkpt lat="47.2785740" lon="11.2366770">
    <ele>756.2</ele>
    <time>2026-05-31T06:57:05Z</time>
   </trkpt>
   <trkpt lat="47.2785870" lon="11.2367270">
    <ele>756.0</ele>
    <time>2026-05-31T06:57:06Z</time>
   </trkpt>
   <trkpt lat="47.2785920" lon="11.2367470">
    <ele>755.9</ele>
    <time>2026-05-31T06:57:07Z</time>
   </trkpt>
   <trkpt lat="47.2786110" lon="11.2367840">
    <ele>755.6</ele>
    <time>2026-05-31T06:57:08Z</time>
   </trkpt>
   <trkpt lat="47.2786150" lon="11.2367980">
    <ele>755.6</ele>
    <time>2026-05-31T06:57:09Z</time>
   </trkpt>
   <trkpt lat="47.2786210" lon="11.2368520">
    <ele>755.2</ele>
    <time>2026-05-31T06:57:10Z</time>
   </trkpt>
   <trkpt lat="47.2786220" lon="11.2368710">
    <ele>755.1</ele>
    <time>2026-05-31T06:57:11Z</time>
   </trkpt>
   <trkpt lat="47.2786420" lon="11.2369000">
    <ele>754.8</ele>
    <time>2026-05-31T06:57:12Z</time>
   </trkpt>
   <trkpt lat="47.2786470" lon="11.2369080">
    <ele>754.8</ele>
    <time>2026-05-31T06:57:13Z</time>
   </trkpt>
   <trkpt lat="47.2786780" lon="11.2369210">
    <ele>754.5</ele>
    <time>2026-05-31T06:57:14Z</time>
   </trkpt>
   <trkpt lat="47.2786850" lon="11.2369670">
    <ele>754.2</ele>
    <time>2026-05-31T06:57:15Z</time>
   </trkpt>
   <trkpt lat="47.2786790" lon="11.2369890">
    <ele>754.0</ele>
    <time>2026-05-31T06:57:16Z</time>
   </trkpt>
   <trkpt lat="47.2787010" lon="11.2370120">
    <ele>753.9</ele>
    <time>2026-05-31T06:57:17Z</time>
   </trkpt>
   <trkpt lat="47.2787180" lon="11.2370070">
    <ele>753.8</ele>
    <time>2026-05-31T06:57:18Z</time>
   </trkpt>
   <trkpt lat="47.2787360" lon="11.2370460">
    <ele>753.7</ele>
    <time>2026-05-31T06:57:19Z</time>
   </trkpt>
   <trkpt lat="47.2787410" lon="11.2370600">
    <ele>753.6</ele>
    <time>2026-05-31T06:57:20Z</time>
   </trkpt>
   <trkpt lat="47.2787750" lon="11.2370660">
    <ele>753.5</ele>
    <time>2026-05-31T06:57:21Z</time>
   </trkpt>
   <trkpt lat="47.2787930" lon="11.2370600">
    <ele>753.5</ele>
    <time>2026-05-31T06:57:22Z</time>
   </trkpt>
   <trkpt lat="47.2788100" lon="11.2370480">
    <ele>753.5</ele>
    <time>2026-05-31T06:57:23Z</time>
   </trkpt>
   <trkpt lat="47.2788090" lon="11.2370830">
    <ele>753.5</ele>
    <time>2026-05-31T06:57:24Z</time>
   </trkpt>
   <trkpt lat="47.2788170" lon="11.2370910">
    <ele>753.5</ele>
    <time>2026-05-31T06:57:25Z</time>
   </trkpt>
   <trkpt lat="47.2788240" lon="11.2371150">
    <ele>753.5</ele>
    <time>2026-05-31T06:57:26Z</time>
   </trkpt>
   <trkpt lat="47.2788340" lon="11.2371250">
    <ele>753.5</ele>
    <time>2026-05-31T06:57:27Z</time>
   </trkpt>
   <trkpt lat="47.2788440" lon="11.2371350">
    <ele>753.6</ele>
    <time>2026-05-31T06:57:28Z</time>
   </trkpt>
   <trkpt lat="47.2788550" lon="11.2371420">
    <ele>753.6</ele>
    <time>2026-05-31T06:57:29Z</time>
   </trkpt>
   <trkpt lat="47.2788600" lon="11.2371490">
    <ele>753.6</ele>
    <time>2026-05-31T06:57:30Z</time>
   </trkpt>
   <trkpt lat="47.2788690" lon="11.2371650">
    <ele>753.7</ele>
    <time>2026-05-31T06:57:31Z</time>
   </trkpt>
   <trkpt lat="47.2788780" lon="11.2371680">
    <ele>753.7</ele>
    <time>2026-05-31T06:57:32Z</time>
   </trkpt>
   <trkpt lat="47.2788880" lon="11.2371810">
    <ele>753.8</ele>
    <time>2026-05-31T06:57:33Z</time>
   </trkpt>
   <trkpt lat="47.2788940" lon="11.2371920">
    <ele>753.9</ele>
    <time>2026-05-31T06:57:34Z</time>
   </trkpt>
   <trkpt lat="47.2789020" lon="11.2372100">
    <ele>754.0</ele>
    <time>2026-05-31T06:57:35Z</time>
   </trkpt>
   <trkpt lat="47.2789000" lon="11.2372270">
    <ele>754.1</ele>
    <time>2026-05-31T06:57:36Z</time>
   </trkpt>
   <trkpt lat="47.2789000" lon="11.2372270">
    <ele>754.1</ele>
    <time>2026-05-31T06:57:37Z</time>
   </trkpt>
   <trkpt lat="47.2788880" lon="11.2372190">
    <ele>754.2</ele>
    <time>2026-05-31T06:57:38Z</time>
   </trkpt>
   <trkpt lat="47.2788940" lon="11.2372450">
    <ele>754.3</ele>
    <time>2026-05-31T06:57:39Z</time>
   </trkpt>
   <trkpt lat="47.2789110" lon="11.2372480">
    <ele>754.5</ele>
    <time>2026-05-31T06:57:40Z</time>
   </trkpt>
   <trkpt lat="47.2789180" lon="11.2372500">
    <ele>754.6</ele>
    <time>2026-05-31T06:57:41Z</time>
   </trkpt>
   <trkpt lat="47.2789260" lon="11.2372470">
    <ele>754.7</ele>
    <time>2026-05-31T06:57:42Z</time>
   </trkpt>
   <trkpt lat="47.2789340" lon="11.2372530">
    <ele>754.8</ele>
    <time>2026-05-31T06:57:43Z</time>
   </trkpt>
   <trkpt lat="47.2789340" lon="11.2372530">
    <ele>754.8</ele>
    <time>2026-05-31T06:57:44Z</time>
   </trkpt>
   <trkpt lat="47.2789470" lon="11.2372510">
    <ele>754.9</ele>
    <time>2026-05-31T06:57:45Z</time>
   </trkpt>
   <trkpt lat="47.2789470" lon="11.2372780">
    <ele>755.1</ele>
    <time>2026-05-31T06:57:46Z</time>
   </trkpt>
   <trkpt lat="47.2789510" lon="11.2372760">
    <ele>755.2</ele>
    <time>2026-05-31T06:57:47Z</time>
   </trkpt>
   <trkpt lat="47.2789560" lon="11.2372880">
    <ele>755.3</ele>
    <time>2026-05-31T06:57:48Z</time>
   </trkpt>
   <trkpt lat="47.2789550" lon="11.2372860">
    <ele>755.3</ele>
    <time>2026-05-31T06:57:49Z</time>
   </trkpt>
   <trkpt lat="47.2789670" lon="11.2373060">
    <ele>755.5</ele>
    <time>2026-05-31T06:57:50Z</time>
   </trkpt>
   <trkpt lat="47.2789800" lon="11.2373290">
    <ele>755.8</ele>
    <time>2026-05-31T06:57:51Z</time>
   </trkpt>
   <trkpt lat="47.2789850" lon="11.2373370">
    <ele>755.9</ele>
    <time>2026-05-31T06:57:52Z</time>
   </trkpt>
   <trkpt lat="47.2789890" lon="11.2373440">
    <ele>756.0</ele>
    <time>2026-05-31T06:57:53Z</time>
   </trkpt>
   <trkpt lat="47.2789940" lon="11.2373520">
    <ele>756.1</ele>
    <time>2026-05-31T06:57:54Z</time>
   </trkpt>
   <trkpt lat="47.2790060" lon="11.2373620">
    <ele>756.3</ele>
    <time>2026-05-31T06:57:55Z</time>
   </trkpt>
   <trkpt lat="47.2790100" lon="11.2373740">
    <ele>756.4</ele>
    <time>2026-05-31T06:57:56Z</time>
   </trkpt>
   <trkpt lat="47.2790200" lon="11.2373880">
    <ele>756.6</ele>
    <time>2026-05-31T06:57:57Z</time>
   </trkpt>
   <trkpt lat="47.2790320" lon="11.2374030">
    <ele>756.8</ele>
    <time>2026-05-31T06:57:58Z</time>
   </trkpt>
   <trkpt lat="47.2790290" lon="11.2373970">
    <ele>756.9</ele>
    <time>2026-05-31T06:57:59Z</time>
   </trkpt>
   <trkpt lat="47.2790400" lon="11.2374150">
    <ele>757.1</ele>
    <time>2026-05-31T06:58:00Z</time>
   </trkpt>
   <trkpt lat="47.2790670" lon="11.2374170">
    <ele>757.4</ele>
    <time>2026-05-31T06:58:01Z</time>
   </trkpt>
   <trkpt lat="47.2790870" lon="11.2374480">
    <ele>757.8</ele>
    <time>2026-05-31T06:58:02Z</time>
   </trkpt>
   <trkpt lat="47.2790930" lon="11.2374780">
    <ele>758.1</ele>
    <time>2026-05-31T06:58:03Z</time>
   </trkpt>
   <trkpt lat="47.2791090" lon="11.2374810">
    <ele>758.3</ele>
    <time>2026-05-31T06:58:04Z</time>
   </trkpt>
   <trkpt lat="47.2791490" lon="11.2375030">
    <ele>758.5</ele>
    <time>2026-05-31T06:58:05Z</time>
   </trkpt>
   <trkpt lat="47.2791310" lon="11.2375070">
    <ele>758.5</ele>
    <time>2026-05-31T06:58:06Z</time>
   </trkpt>
   <trkpt lat="47.2791270" lon="11.2375190">
    <ele>758.5</ele>
    <time>2026-05-31T06:58:07Z</time>
   </trkpt>
   <trkpt lat="47.2791290" lon="11.2375160">
    <ele>758.5</ele>
    <time>2026-05-31T06:58:08Z</time>
   </trkpt>
   <trkpt lat="47.2791300" lon="11.2375220">
    <ele>758.5</ele>
    <time>2026-05-31T06:58:09Z</time>
   </trkpt>
   <trkpt lat="47.2791370" lon="11.2375450">
    <ele>758.5</ele>
    <time>2026-05-31T06:58:10Z</time>
   </trkpt>
   <trkpt lat="47.2791230" lon="11.2375870">
    <ele>758.5</ele>
    <time>2026-05-31T06:58:11Z</time>
   </trkpt>
   <trkpt lat="47.2791110" lon="11.2376210">
    <ele>758.5</ele>
    <time>2026-05-31T06:58:12Z</time>
   </trkpt>
   <trkpt lat="47.2791050" lon="11.2376330">
    <ele>758.5</ele>
    <time>2026-05-31T06:58:13Z</time>
   </trkpt>
   <trkpt lat="47.2790870" lon="11.2376660">
    <ele>758.5</ele>
    <time>2026-05-31T06:58:14Z</time>
   </trkpt>
   <trkpt lat="47.2790820" lon="11.2376820">
    <ele>758.5</ele>
    <time>2026-05-31T06:58:15Z</time>
   </trkpt>
   <trkpt lat="47.2790740" lon="11.2377060">
    <ele>758.5</ele>
    <time>2026-05-31T06:58:16Z</time>
   </trkpt>
   <trkpt lat="47.2790680" lon="11.2377250">
    <ele>758.4</ele>
    <time>2026-05-31T06:58:17Z</time>
   </trkpt>
   <trkpt lat="47.2790630" lon="11.2377410">
    <ele>758.4</ele>
    <time>2026-05-31T06:58:18Z</time>
   </trkpt>
   <trkpt lat="47.2790490" lon="11.2377530">
    <ele>758.4</ele>
    <time>2026-05-31T06:58:19Z</time>
   </trkpt>
   <trkpt lat="47.2790240" lon="11.2377660">
    <ele>758.0</ele>
    <time>2026-05-31T06:58:20Z</time>
   </trkpt>
   <trkpt lat="47.2790170" lon="11.2377660">
    <ele>757.9</ele>
    <time>2026-05-31T06:58:21Z</time>
   </trkpt>
   <trkpt lat="47.2790090" lon="11.2377660">
    <ele>757.7</ele>
    <time>2026-05-31T06:58:22Z</time>
   </trkpt>
   <trkpt lat="47.2789850" lon="11.2377800">
    <ele>757.3</ele>
    <time>2026-05-31T06:58:23Z</time>
   </trkpt>
   <trkpt lat="47.2789760" lon="11.2377850">
    <ele>757.1</ele>
    <time>2026-05-31T06:58:24Z</time>
   </trkpt>
   <trkpt lat="47.2789660" lon="11.2377900">
    <ele>757.0</ele>
    <time>2026-05-31T06:58:25Z</time>
   </trkpt>
   <trkpt lat="47.2789480" lon="11.2377950">
    <ele>756.6</ele>
    <time>2026-05-31T06:58:26Z</time>
   </trkpt>
   <trkpt lat="47.2789320" lon="11.2377950">
    <ele>756.3</ele>
    <time>2026-05-31T06:58:27Z</time>
   </trkpt>
   <trkpt lat="47.2789020" lon="11.2377970">
    <ele>755.8</ele>
    <time>2026-05-31T06:58:28Z</time>
   </trkpt>
   <trkpt lat="47.2788940" lon="11.2377920">
    <ele>755.7</ele>
    <time>2026-05-31T06:58:29Z</time>
   </trkpt>
   <trkpt lat="47.2788830" lon="11.2377990">
    <ele>755.4</ele>
    <time>2026-05-31T06:58:30Z</time>
   </trkpt>
   <trkpt lat="47.2788700" lon="11.2377900">
    <ele>755.2</ele>
    <time>2026-05-31T06:58:31Z</time>
   </trkpt>
   <trkpt lat="47.2788580" lon="11.2377830">
    <ele>755.0</ele>
    <time>2026-05-31T06:58:32Z</time>
   </trkpt>
   <trkpt lat="47.2788410" lon="11.2377780">
    <ele>754.7</ele>
    <time>2026-05-31T06:58:33Z</time>
   </trkpt>
   <trkpt lat="47.2788250" lon="11.2377710">
    <ele>754.4</ele>
    <time>2026-05-31T06:58:34Z</time>
   </trkpt>
   <trkpt lat="47.2787950" lon="11.2377700">
    <ele>753.9</ele>
    <time>2026-05-31T06:58:35Z</time>
   </trkpt>
   <trkpt lat="47.2787630" lon="11.2377840">
    <ele>753.4</ele>
    <time>2026-05-31T06:58:36Z</time>
   </trkpt>
   <trkpt lat="47.2787530" lon="11.2377920">
    <ele>753.3</ele>
    <time>2026-05-31T06:58:37Z</time>
   </trkpt>
   <trkpt lat="47.2787360" lon="11.2378320">
    <ele>752.7</ele>
    <time>2026-05-31T06:58:38Z</time>
   </trkpt>
   <trkpt lat="47.2787160" lon="11.2378600">
    <ele>752.3</ele>
    <time>2026-05-31T06:58:39Z</time>
   </trkpt>
   <trkpt lat="47.2787070" lon="11.2378660">
    <ele>752.1</ele>
    <time>2026-05-31T06:58:40Z</time>
   </trkpt>
   <trkpt lat="47.2786750" lon="11.2378840">
    <ele>751.5</ele>
    <time>2026-05-31T06:58:41Z</time>
   </trkpt>
   <trkpt lat="47.2786670" lon="11.2378900">
    <ele>751.3</ele>
    <time>2026-05-31T06:58:42Z</time>
   </trkpt>
   <trkpt lat="47.2786400" lon="11.2379230">
    <ele>750.7</ele>
    <time>2026-05-31T06:58:43Z</time>
   </trkpt>
   <trkpt lat="47.2786320" lon="11.2379380">
    <ele>750.4</ele>
    <time>2026-05-31T06:58:44Z</time>
   </trkpt>
   <trkpt lat="47.2786120" lon="11.2379850">
    <ele>749.6</ele>
    <time>2026-05-31T06:58:45Z</time>
   </trkpt>
   <trkpt lat="47.2785990" lon="11.2380030">
    <ele>749.3</ele>
    <time>2026-05-31T06:58:46Z</time>
   </trkpt>
   <trkpt lat="47.2785950" lon="11.2380540">
    <ele>748.7</ele>
    <time>2026-05-31T06:58:47Z</time>
   </trkpt>
   <trkpt lat="47.2785960" lon="11.2380750">
    <ele>748.4</ele>
    <time>2026-05-31T06:58:48Z</time>
   </trkpt>
   <trkpt lat="47.2786130" lon="11.2381150">
    <ele>747.9</ele>
    <time>2026-05-31T06:58:49Z</time>
   </trkpt>
   <trkpt lat="47.2786460" lon="11.2381310">
    <ele>747.4</ele>
    <time>2026-05-31T06:58:50Z</time>
   </trkpt>
   <trkpt lat="47.2786680" lon="11.2381750">
    <ele>746.9</ele>
    <time>2026-05-31T06:58:51Z</time>
   </trkpt>
   <trkpt lat="47.2786710" lon="11.2382090">
    <ele>746.5</ele>
    <time>2026-05-31T06:58:52Z</time>
   </trkpt>
   <trkpt lat="47.2786830" lon="11.2382460">
    <ele>746.1</ele>
    <time>2026-05-31T06:58:53Z</time>
   </trkpt>
   <trkpt lat="47.2786950" lon="11.2382500">
    <ele>746.0</ele>
    <time>2026-05-31T06:58:54Z</time>
   </trkpt>
   <trkpt lat="47.2786810" lon="11.2382730">
    <ele>745.5</ele>
    <time>2026-05-31T06:58:55Z</time>
   </trkpt>
   <trkpt lat="47.2786710" lon="11.2382760">
    <ele>745.3</ele>
    <time>2026-05-31T06:58:56Z</time>
   </trkpt>
   <trkpt lat="47.2786610" lon="11.2382800">
    <ele>745.1</ele>
    <time>2026-05-31T06:58:57Z</time>
   </trkpt>
   <trkpt lat="47.2786390" lon="11.2382530">
    <ele>744.5</ele>
    <time>2026-05-31T06:58:58Z</time>
   </trkpt>
   <trkpt lat="47.2786290" lon="11.2382410">
    <ele>744.2</ele>
    <time>2026-05-31T06:58:59Z</time>
   </trkpt>
   <trkpt lat="47.2786100" lon="11.2382360">
    <ele>743.8</ele>
    <time>2026-05-31T06:59:00Z</time>
   </trkpt>
   <trkpt lat="47.2785690" lon="11.2382310">
    <ele>742.8</ele>
    <time>2026-05-31T06:59:01Z</time>
   </trkpt>
   <trkpt lat="47.2785530" lon="11.2382220">
    <ele>742.4</ele>
    <time>2026-05-31T06:59:02Z</time>
   </trkpt>
   <trkpt lat="47.2785320" lon="11.2382110">
    <ele>741.9</ele>
    <time>2026-05-31T06:59:03Z</time>
   </trkpt>
   <trkpt lat="47.2785170" lon="11.2382110">
    <ele>741.7</ele>
    <time>2026-05-31T06:59:04Z</time>
   </trkpt>
   <trkpt lat="47.2785040" lon="11.2382560">
    <ele>741.5</ele>
    <time>2026-05-31T06:59:05Z</time>
   </trkpt>
   <trkpt lat="47.2785030" lon="11.2382740">
    <ele>741.4</ele>
    <time>2026-05-31T06:59:06Z</time>
   </trkpt>
   <trkpt lat="47.2785040" lon="11.2382940">
    <ele>741.1</ele>
    <time>2026-05-31T06:59:07Z</time>
   </trkpt>
   <trkpt lat="47.2785110" lon="11.2383240">
    <ele>740.7</ele>
    <time>2026-05-31T06:59:08Z</time>
   </trkpt>
   <trkpt lat="47.2785150" lon="11.2383740">
    <ele>739.9</ele>
    <time>2026-05-31T06:59:09Z</time>
   </trkpt>
   <trkpt lat="47.2785190" lon="11.2383950">
    <ele>739.6</ele>
    <time>2026-05-31T06:59:10Z</time>
   </trkpt>
   <trkpt lat="47.2785290" lon="11.2384460">
    <ele>738.8</ele>
    <time>2026-05-31T06:59:11Z</time>
   </trkpt>
   <trkpt lat="47.2785310" lon="11.2384650">
    <ele>738.6</ele>
    <time>2026-05-31T06:59:12Z</time>
   </trkpt>
   <trkpt lat="47.2785080" lon="11.2385040">
    <ele>737.8</ele>
    <time>2026-05-31T06:59:13Z</time>
   </trkpt>
   <trkpt lat="47.2784950" lon="11.2385410">
    <ele>737.2</ele>
    <time>2026-05-31T06:59:14Z</time>
   </trkpt>
   <trkpt lat="47.2784890" lon="11.2385670">
    <ele>736.8</ele>
    <time>2026-05-31T06:59:15Z</time>
   </trkpt>
   <trkpt lat="47.2784950" lon="11.2385910">
    <ele>736.4</ele>
    <time>2026-05-31T06:59:16Z</time>
   </trkpt>
   <trkpt lat="47.2785030" lon="11.2386330">
    <ele>735.6</ele>
    <time>2026-05-31T06:59:17Z</time>
   </trkpt>
   <trkpt lat="47.2784970" lon="11.2386570">
    <ele>735.2</ele>
    <time>2026-05-31T06:59:18Z</time>
   </trkpt>
   <trkpt lat="47.2785010" lon="11.2386590">
    <ele>735.1</ele>
    <time>2026-05-31T06:59:19Z</time>
   </trkpt>
   <trkpt lat="47.2784820" lon="11.2386640">
    <ele>734.5</ele>
    <time>2026-05-31T06:59:20Z</time>
   </trkpt>
   <trkpt lat="47.2784670" lon="11.2386680">
    <ele>734.0</ele>
    <time>2026-05-31T06:59:21Z</time>
   </trkpt>
   <trkpt lat="47.2784540" lon="11.2386630">
    <ele>733.6</ele>
    <time>2026-05-31T06:59:22Z</time>
   </trkpt>
   <trkpt lat="47.2784230" lon="11.2386980">
    <ele>732.3</ele>
    <time>2026-05-31T06:59:23Z</time>
   </trkpt>
   <trkpt lat="47.2783920" lon="11.2386950">
    <ele>731.4</ele>
    <time>2026-05-31T06:59:24Z</time>
   </trkpt>
   <trkpt lat="47.2783610" lon="11.2386820">
    <ele>730.4</ele>
    <time>2026-05-31T06:59:25Z</time>
   </trkpt>
   <trkpt lat="47.2783470" lon="11.2386830">
    <ele>730.0</ele>
    <time>2026-05-31T06:59:26Z</time>
   </trkpt>
   <trkpt lat="47.2783210" lon="11.2386940">
    <ele>729.2</ele>
    <time>2026-05-31T06:59:27Z</time>
   </trkpt>
   <trkpt lat="47.2782870" lon="11.2387160">
    <ele>728.1</ele>
    <time>2026-05-31T06:59:28Z</time>
   </trkpt>
   <trkpt lat="47.2782730" lon="11.2387280">
    <ele>727.6</ele>
    <time>2026-05-31T06:59:29Z</time>
   </trkpt>
   <trkpt lat="47.2782630" lon="11.2387320">
    <ele>727.3</ele>
    <time>2026-05-31T06:59:30Z</time>
   </trkpt>
   <trkpt lat="47.2782410" lon="11.2387420">
    <ele>726.7</ele>
    <time>2026-05-31T06:59:31Z</time>
   </trkpt>
   <trkpt lat="47.2782190" lon="11.2387530">
    <ele>726.0</ele>
    <time>2026-05-31T06:59:32Z</time>
   </trkpt>
   <trkpt lat="47.2782090" lon="11.2387530">
    <ele>725.8</ele>
    <time>2026-05-31T06:59:33Z</time>
   </trkpt>
   <trkpt lat="47.2782000" lon="11.2387530">
    <ele>725.5</ele>
    <time>2026-05-31T06:59:34Z</time>
   </trkpt>
   <trkpt lat="47.2781720" lon="11.2387510">
    <ele>724.8</ele>
    <time>2026-05-31T06:59:35Z</time>
   </trkpt>
   <trkpt lat="47.2781450" lon="11.2387710">
    <ele>724.1</ele>
    <time>2026-05-31T06:59:36Z</time>
   </trkpt>
   <trkpt lat="47.2781280" lon="11.2387760">
    <ele>723.7</ele>
    <time>2026-05-31T06:59:37Z</time>
   </trkpt>
   <trkpt lat="47.2780880" lon="11.2387960">
    <ele>722.9</ele>
    <time>2026-05-31T06:59:38Z</time>
   </trkpt>
   <trkpt lat="47.2781020" lon="11.2388580">
    <ele>722.2</ele>
    <time>2026-05-31T06:59:39Z</time>
   </trkpt>
   <trkpt lat="47.2780850" lon="11.2388500">
    <ele>722.0</ele>
    <time>2026-05-31T06:59:40Z</time>
   </trkpt>
   <trkpt lat="47.2780800" lon="11.2388590">
    <ele>721.9</ele>
    <time>2026-05-31T06:59:41Z</time>
   </trkpt>
   <trkpt lat="47.2780760" lon="11.2388690">
    <ele>721.8</ele>
    <time>2026-05-31T06:59:42Z</time>
   </trkpt>
   <trkpt lat="47.2780710" lon="11.2388780">
    <ele>721.7</ele>
    <time>2026-05-31T06:59:43Z</time>
   </trkpt>
   <trkpt lat="47.2780660" lon="11.2388880">
    <ele>721.6</ele>
    <time>2026-05-31T06:59:44Z</time>
   </trkpt>
   <trkpt lat="47.2780610" lon="11.2388970">
    <ele>721.5</ele>
    <time>2026-05-31T06:59:45Z</time>
   </trkpt>
   <trkpt lat="47.2780500" lon="11.2389690">
    <ele>720.9</ele>
    <time>2026-05-31T06:59:46Z</time>
   </trkpt>
   <trkpt lat="47.2780460" lon="11.2389710">
    <ele>720.8</ele>
    <time>2026-05-31T06:59:47Z</time>
   </trkpt>
   <trkpt lat="47.2780360" lon="11.2390170">
    <ele>720.5</ele>
    <time>2026-05-31T06:59:48Z</time>
   </trkpt>
   <trkpt lat="47.2780240" lon="11.2390770">
    <ele>720.0</ele>
    <time>2026-05-31T06:59:49Z</time>
   </trkpt>
   <trkpt lat="47.2780130" lon="11.2391300">
    <ele>719.7</ele>
    <time>2026-05-31T06:59:50Z</time>
   </trkpt>
   <trkpt lat="47.2779990" lon="11.2391690">
    <ele>719.4</ele>
    <time>2026-05-31T06:59:51Z</time>
   </trkpt>
   <trkpt lat="47.2779980" lon="11.2391810">
    <ele>719.3</ele>
    <time>2026-05-31T06:59:52Z</time>
   </trkpt>
   <trkpt lat="47.2779780" lon="11.2391840">
    <ele>719.0</ele>
    <time>2026-05-31T06:59:53Z</time>
   </trkpt>
   <trkpt lat="47.2779900" lon="11.2392280">
    <ele>718.7</ele>
    <time>2026-05-31T06:59:54Z</time>
   </trkpt>
   <trkpt lat="47.2779930" lon="11.2392880">
    <ele>718.2</ele>
    <time>2026-05-31T06:59:55Z</time>
   </trkpt>
   <trkpt lat="47.2779880" lon="11.2393120">
    <ele>718.0</ele>
    <time>2026-05-31T06:59:56Z</time>
   </trkpt>
   <trkpt lat="47.2779890" lon="11.2393680">
    <ele>717.5</ele>
    <time>2026-05-31T06:59:57Z</time>
   </trkpt>
   <trkpt lat="47.2779920" lon="11.2393890">
    <ele>717.3</ele>
    <time>2026-05-31T06:59:58Z</time>
   </trkpt>
   <trkpt lat="47.2780130" lon="11.2394320">
    <ele>716.8</ele>
    <time>2026-05-31T06:59:59Z</time>
   </trkpt>
   <trkpt lat="47.2779940" lon="11.2394900">
    <ele>716.1</ele>
    <time>2026-05-31T07:00:00Z</time>
   </trkpt>
   <trkpt lat="47.2779840" lon="11.2395230">
    <ele>715.8</ele>
    <time>2026-05-31T07:00:01Z</time>
   </trkpt>
   <trkpt lat="47.2779800" lon="11.2395460">
    <ele>715.5</ele>
    <time>2026-05-31T07:00:02Z</time>
   </trkpt>
   <trkpt lat="47.2779750" lon="11.2395680">
    <ele>715.3</ele>
    <time>2026-05-31T07:00:03Z</time>
   </trkpt>
   <trkpt lat="47.2779560" lon="11.2396060">
    <ele>714.8</ele>
    <time>2026-05-31T07:00:04Z</time>
   </trkpt>
   <trkpt lat="47.2779410" lon="11.2396850">
    <ele>714.0</ele>
    <time>2026-05-31T07:00:05Z</time>
   </trkpt>
   <trkpt lat="47.2779360" lon="11.2397330">
    <ele>713.5</ele>
    <time>2026-05-31T07:00:06Z</time>
   </trkpt>
   <trkpt lat="47.2779420" lon="11.2397480">
    <ele>713.3</ele>
    <time>2026-05-31T07:00:07Z</time>
   </trkpt>
   <trkpt lat="47.2779270" lon="11.2397830">
    <ele>712.9</ele>
    <time>2026-05-31T07:00:08Z</time>
   </trkpt>
   <trkpt lat="47.2779210" lon="11.2398260">
    <ele>712.1</ele>
    <time>2026-05-31T07:00:09Z</time>
   </trkpt>
   <trkpt lat="47.2779160" lon="11.2398380">
    <ele>711.9</ele>
    <time>2026-05-31T07:00:10Z</time>
   </trkpt>
   <trkpt lat="47.2778990" lon="11.2398410">
    <ele>711.5</ele>
    <time>2026-05-31T07:00:11Z</time>
   </trkpt>
   <trkpt lat="47.2778970" lon="11.2398330">
    <ele>711.3</ele>
    <time>2026-05-31T07:00:12Z</time>
   </trkpt>
   <trkpt lat="47.2778940" lon="11.2398250">
    <ele>711.2</ele>
    <time>2026-05-31T07:00:13Z</time>
   </trkpt>
   <trkpt lat="47.2778910" lon="11.2398170">
    <ele>711.0</ele>
    <time>2026-05-31T07:00:14Z</time>
   </trkpt>
   <trkpt lat="47.2778880" lon="11.2398090">
    <ele>710.9</ele>
    <time>2026-05-31T07:00:15Z</time>
   </trkpt>
   <trkpt lat="47.2778860" lon="11.2398010">
    <ele>710.7</ele>
    <time>2026-05-31T07:00:16Z</time>
   </trkpt>
   <trkpt lat="47.2778830" lon="11.2397930">
    <ele>710.6</ele>
    <time>2026-05-31T07:00:17Z</time>
   </trkpt>
   <trkpt lat="47.2778730" lon="11.2397630">
    <ele>710.0</ele>
    <time>2026-05-31T07:00:18Z</time>
   </trkpt>
   <trkpt lat="47.2778710" lon="11.2397470">
    <ele>709.7</ele>
    <time>2026-05-31T07:00:19Z</time>
   </trkpt>
   <trkpt lat="47.2778700" lon="11.2397310">
    <ele>709.4</ele>
    <time>2026-05-31T07:00:20Z</time>
   </trkpt>
   <trkpt lat="47.2778590" lon="11.2397180">
    <ele>709.1</ele>
    <time>2026-05-31T07:00:21Z</time>
   </trkpt>
   <trkpt lat="47.2778450" lon="11.2396900">
    <ele>708.4</ele>
    <time>2026-05-31T07:00:22Z</time>
   </trkpt>
   <trkpt lat="47.2778580" lon="11.2396580">
    <ele>707.7</ele>
    <time>2026-05-31T07:00:23Z</time>
   </trkpt>
   <trkpt lat="47.2778580" lon="11.2396370">
    <ele>707.3</ele>
    <time>2026-05-31T07:00:24Z</time>
   </trkpt>
   <trkpt lat="47.2778250" lon="11.2396420">
    <ele>706.4</ele>
    <time>2026-05-31T07:00:25Z</time>
   </trkpt>
   <trkpt lat="47.2778090" lon="11.2396830">
    <ele>705.4</ele>
    <time>2026-05-31T07:00:26Z</time>
   </trkpt>
   <trkpt lat="47.2777940" lon="11.2397180">
    <ele>704.6</ele>
    <time>2026-05-31T07:00:27Z</time>
   </trkpt>
   <trkpt lat="47.2777880" lon="11.2397290">
    <ele>704.3</ele>
    <time>2026-05-31T07:00:28Z</time>
   </trkpt>
   <trkpt lat="47.2777830" lon="11.2397420">
    <ele>704.0</ele>
    <time>2026-05-31T07:00:29Z</time>
   </trkpt>
   <trkpt lat="47.2777670" lon="11.2397540">
    <ele>703.5</ele>
    <time>2026-05-31T07:00:30Z</time>
   </trkpt>
   <trkpt lat="47.2777460" lon="11.2397860">
    <ele>702.6</ele>
    <time>2026-05-31T07:00:31Z</time>
   </trkpt>
   <trkpt lat="47.2777490" lon="11.2398300">
    <ele>701.8</ele>
    <time>2026-05-31T07:00:32Z</time>
   </trkpt>
   <trkpt lat="47.2777550" lon="11.2398750">
    <ele>700.9</ele>
    <time>2026-05-31T07:00:33Z</time>
   </trkpt>
   <trkpt lat="47.2777560" lon="11.2398840">
    <ele>700.8</ele>
    <time>2026-05-31T07:00:34Z</time>
   </trkpt>
   <trkpt lat="47.2777550" lon="11.2399010">
    <ele>700.5</ele>
    <time>2026-05-31T07:00:35Z</time>
   </trkpt>
   <trkpt lat="47.2777410" lon="11.2399220">
    <ele>700.0</ele>
    <time>2026-05-31T07:00:36Z</time>
   </trkpt>
   <trkpt lat="47.2777300" lon="11.2399370">
    <ele>699.6</ele>
    <time>2026-05-31T07:00:37Z</time>
   </trkpt>
   <trkpt lat="47.2777140" lon="11.2399520">
    <ele>699.1</ele>
    <time>2026-05-31T07:00:38Z</time>
   </trkpt>
   <trkpt lat="47.2776950" lon="11.2400050">
    <ele>698.3</ele>
    <time>2026-05-31T07:00:39Z</time>
   </trkpt>
   <trkpt lat="47.2776940" lon="11.2400360">
    <ele>697.8</ele>
    <time>2026-05-31T07:00:40Z</time>
   </trkpt>
   <trkpt lat="47.2776690" lon="11.2400610">
    <ele>697.3</ele>
    <time>2026-05-31T07:00:41Z</time>
   </trkpt>
   <trkpt lat="47.2776640" lon="11.2400760">
    <ele>697.1</ele>
    <time>2026-05-31T07:00:42Z</time>
   </trkpt>
   <trkpt lat="47.2776560" lon="11.2401160">
    <ele>696.6</ele>
    <time>2026-05-31T07:00:43Z</time>
   </trkpt>
   <trkpt lat="47.2776460" lon="11.2401610">
    <ele>696.0</ele>
    <time>2026-05-31T07:00:44Z</time>
   </trkpt>
   <trkpt lat="47.2776440" lon="11.2401770">
    <ele>695.9</ele>
    <time>2026-05-31T07:00:45Z</time>
   </trkpt>
   <trkpt lat="47.2776330" lon="11.2402300">
    <ele>695.2</ele>
    <time>2026-05-31T07:00:46Z</time>
   </trkpt>
   <trkpt lat="47.2776300" lon="11.2402450">
    <ele>695.1</ele>
    <time>2026-05-31T07:00:47Z</time>
   </trkpt>
   <trkpt lat="47.2776200" lon="11.2402890">
    <ele>694.5</ele>
    <time>2026-05-31T07:00:48Z</time>
   </trkpt>
   <trkpt lat="47.2776130" lon="11.2403060">
    <ele>694.3</ele>
    <time>2026-05-31T07:00:49Z</time>
   </trkpt>
   <trkpt lat="47.2776110" lon="11.2403460">
    <ele>693.8</ele>
    <time>2026-05-31T07:00:50Z</time>
   </trkpt>
   <trkpt lat="47.2776130" lon="11.2403620">
    <ele>693.5</ele>
    <time>2026-05-31T07:00:51Z</time>
   </trkpt>
   <trkpt lat="47.2776190" lon="11.2404050">
    <ele>692.9</ele>
    <time>2026-05-31T07:00:52Z</time>
   </trkpt>
   <trkpt lat="47.2776220" lon="11.2404150">
    <ele>692.7</ele>
    <time>2026-05-31T07:00:53Z</time>
   </trkpt>
   <trkpt lat="47.2776140" lon="11.2404600">
    <ele>692.0</ele>
    <time>2026-05-31T07:00:54Z</time>
   </trkpt>
   <trkpt lat="47.2776120" lon="11.2404680">
    <ele>691.8</ele>
    <time>2026-05-31T07:00:55Z</time>
   </trkpt>
   <trkpt lat="47.2775990" lon="11.2405220">
    <ele>690.7</ele>
    <time>2026-05-31T07:00:56Z</time>
   </trkpt>
   <trkpt lat="47.2775930" lon="11.2405450">
    <ele>690.2</ele>
    <time>2026-05-31T07:00:57Z</time>
   </trkpt>
   <trkpt lat="47.2776000" lon="11.2405840">
    <ele>689.3</ele>
    <time>2026-05-31T07:00:58Z</time>
   </trkpt>
   <trkpt lat="47.2775950" lon="11.2406030">
    <ele>688.9</ele>
    <time>2026-05-31T07:00:59Z</time>
   </trkpt>
   <trkpt lat="47.2775890" lon="11.2406220">
    <ele>688.4</ele>
    <time>2026-05-31T07:01:00Z</time>
   </trkpt>
   <trkpt lat="47.2775910" lon="11.2406380">
    <ele>688.1</ele>
    <time>2026-05-31T07:01:01Z</time>
   </trkpt>
   <trkpt lat="47.2776100" lon="11.2406590">
    <ele>687.3</ele>
    <time>2026-05-31T07:01:02Z</time>
   </trkpt>
   <trkpt lat="47.2776040" lon="11.2406930">
    <ele>686.6</ele>
    <time>2026-05-31T07:01:03Z</time>
   </trkpt>
   <trkpt lat="47.2775990" lon="11.2407040">
    <ele>686.4</ele>
    <time>2026-05-31T07:01:04Z</time>
   </trkpt>
   <trkpt lat="47.2775940" lon="11.2407160">
    <ele>686.1</ele>
    <time>2026-05-31T07:01:05Z</time>
   </trkpt>
   <trkpt lat="47.2775870" lon="11.2407440">
    <ele>685.5</ele>
    <time>2026-05-31T07:01:06Z</time>
   </trkpt>
   <trkpt lat="47.2775830" lon="11.2407590">
    <ele>685.3</ele>
    <time>2026-05-31T07:01:07Z</time>
   </trkpt>
   <trkpt lat="47.2775800" lon="11.2407750">
    <ele>685.0</ele>
    <time>2026-05-31T07:01:08Z</time>
   </trkpt>
   <trkpt lat="47.2775770" lon="11.2408250">
    <ele>684.2</ele>
    <time>2026-05-31T07:01:09Z</time>
   </trkpt>
   <trkpt lat="47.2775740" lon="11.2408410">
    <ele>684.0</ele>
    <time>2026-05-31T07:01:10Z</time>
   </trkpt>
   <trkpt lat="47.2775810" lon="11.2408610">
    <ele>683.7</ele>
    <time>2026-05-31T07:01:11Z</time>
   </trkpt>
   <trkpt lat="47.2775840" lon="11.2408890">
    <ele>683.3</ele>
    <time>2026-05-31T07:01:12Z</time>
   </trkpt>
   <trkpt lat="47.2775840" lon="11.2409300">
    <ele>682.9</ele>
    <time>2026-05-31T07:01:13Z</time>
   </trkpt>
   <trkpt lat="47.2775790" lon="11.2409450">
    <ele>682.8</ele>
    <time>2026-05-31T07:01:14Z</time>
   </trkpt>
   <trkpt lat="47.2775810" lon="11.2409850">
    <ele>682.4</ele>
    <time>2026-05-31T07:01:15Z</time>
   </trkpt>
   <trkpt lat="47.2775690" lon="11.2410270">
    <ele>682.1</ele>
    <time>2026-05-31T07:01:16Z</time>
   </trkpt>
   <trkpt lat="47.2775510" lon="11.2410770">
    <ele>681.7</ele>
    <time>2026-05-31T07:01:17Z</time>
   </trkpt>
   <trkpt lat="47.2775440" lon="11.2410940">
    <ele>681.6</ele>
    <time>2026-05-31T07:01:18Z</time>
   </trkpt>
   <trkpt lat="47.2775430" lon="11.2411410">
    <ele>681.2</ele>
    <time>2026-05-31T07:01:19Z</time>
   </trkpt>
   <trkpt lat="47.2775330" lon="11.2411870">
    <ele>680.9</ele>
    <time>2026-05-31T07:01:20Z</time>
   </trkpt>
   <trkpt lat="47.2775270" lon="11.2411980">
    <ele>680.8</ele>
    <time>2026-05-31T07:01:21Z</time>
   </trkpt>
   <trkpt lat="47.2775160" lon="11.2412350">
    <ele>680.5</ele>
    <time>2026-05-31T07:01:22Z</time>
   </trkpt>
   <trkpt lat="47.2775150" lon="11.2412490">
    <ele>680.4</ele>
    <time>2026-05-31T07:01:23Z</time>
   </trkpt>
   <trkpt lat="47.2774990" lon="11.2412850">
    <ele>680.0</ele>
    <time>2026-05-31T07:01:24Z</time>
   </trkpt>
   <trkpt lat="47.2774970" lon="11.2413310">
    <ele>679.7</ele>
    <time>2026-05-31T07:01:25Z</time>
   </trkpt>
   <trkpt lat="47.2774960" lon="11.2413510">
    <ele>679.5</ele>
    <time>2026-05-31T07:01:26Z</time>
   </trkpt>
   <trkpt lat="47.2774980" lon="11.2413710">
    <ele>679.3</ele>
    <time>2026-05-31T07:01:27Z</time>
   </trkpt>
   <trkpt lat="47.2774850" lon="11.2414090">
    <ele>679.0</ele>
    <time>2026-05-31T07:01:28Z</time>
   </trkpt>
   <trkpt lat="47.2774760" lon="11.2414490">
    <ele>678.7</ele>
    <time>2026-05-31T07:01:29Z</time>
   </trkpt>
   <trkpt lat="47.2774780" lon="11.2414730">
    <ele>678.5</ele>
    <time>2026-05-31T07:01:30Z</time>
   </trkpt>
   <trkpt lat="47.2774810" lon="11.2414920">
    <ele>678.3</ele>
    <time>2026-05-31T07:01:31Z</time>
   </trkpt>
   <trkpt lat="47.2774830" lon="11.2415120">
    <ele>678.2</ele>
    <time>2026-05-31T07:01:32Z</time>
   </trkpt>
   <trkpt lat="47.2774790" lon="11.2415520">
    <ele>677.7</ele>
    <time>2026-05-31T07:01:33Z</time>
   </trkpt>
   <trkpt lat="47.2774560" lon="11.2415960">
    <ele>676.7</ele>
    <time>2026-05-31T07:01:34Z</time>
   </trkpt>
   <trkpt lat="47.2774440" lon="11.2416080">
    <ele>676.3</ele>
    <time>2026-05-31T07:01:35Z</time>
   </trkpt>
   <trkpt lat="47.2774360" lon="11.2416200">
    <ele>675.9</ele>
    <time>2026-05-31T07:01:36Z</time>
   </trkpt>
   <trkpt lat="47.2774230" lon="11.2416340">
    <ele>675.5</ele>
    <time>2026-05-31T07:01:37Z</time>
   </trkpt>
   <trkpt lat="47.2774230" lon="11.2416430">
    <ele>675.6</ele>
    <time>2026-05-31T07:01:38Z</time>
   </trkpt>
   <trkpt lat="47.2774280" lon="11.2416780">
    <ele>675.6</ele>
    <time>2026-05-31T07:01:39Z</time>
   </trkpt>
   <trkpt lat="47.2774450" lon="11.2417170">
    <ele>675.7</ele>
    <time>2026-05-31T07:01:40Z</time>
   </trkpt>
   <trkpt lat="47.2774550" lon="11.2417550">
    <ele>675.7</ele>
    <time>2026-05-31T07:01:41Z</time>
   </trkpt>
   <trkpt lat="47.2774520" lon="11.2417730">
    <ele>675.8</ele>
    <time>2026-05-31T07:01:42Z</time>
   </trkpt>
   <trkpt lat="47.2774510" lon="11.2418130">
    <ele>675.8</ele>
    <time>2026-05-31T07:01:43Z</time>
   </trkpt>
   <trkpt lat="47.2774340" lon="11.2418580">
    <ele>675.9</ele>
    <time>2026-05-31T07:01:44Z</time>
   </trkpt>
   <trkpt lat="47.2774330" lon="11.2418770">
    <ele>676.0</ele>
    <time>2026-05-31T07:01:45Z</time>
   </trkpt>
   <trkpt lat="47.2774220" lon="11.2419170">
    <ele>676.0</ele>
    <time>2026-05-31T07:01:46Z</time>
   </trkpt>
   <trkpt lat="47.2774140" lon="11.2419260">
    <ele>676.1</ele>
    <time>2026-05-31T07:01:47Z</time>
   </trkpt>
   <trkpt lat="47.2774070" lon="11.2419440">
    <ele>676.1</ele>
    <time>2026-05-31T07:01:48Z</time>
   </trkpt>
   <trkpt lat="47.2774070" lon="11.2419440">
    <ele>676.1</ele>
    <time>2026-05-31T07:01:49Z</time>
   </trkpt>
   <trkpt lat="47.2774040" lon="11.2419570">
    <ele>676.1</ele>
    <time>2026-05-31T07:01:50Z</time>
   </trkpt>
   <trkpt lat="47.2774090" lon="11.2419710">
    <ele>676.2</ele>
    <time>2026-05-31T07:01:51Z</time>
   </trkpt>
   <trkpt lat="47.2773980" lon="11.2420230">
    <ele>676.3</ele>
    <time>2026-05-31T07:01:52Z</time>
   </trkpt>
   <trkpt lat="47.2774110" lon="11.2420660">
    <ele>676.5</ele>
    <time>2026-05-31T07:01:53Z</time>
   </trkpt>
   <trkpt lat="47.2774170" lon="11.2420800">
    <ele>676.5</ele>
    <time>2026-05-31T07:01:54Z</time>
   </trkpt>
   <trkpt lat="47.2774240" lon="11.2421080">
    <ele>676.6</ele>
    <time>2026-05-31T07:01:55Z</time>
   </trkpt>
   <trkpt lat="47.2774370" lon="11.2421180">
    <ele>676.7</ele>
    <time>2026-05-31T07:01:56Z</time>
   </trkpt>
   <trkpt lat="47.2774320" lon="11.2420840">
    <ele>676.6</ele>
    <time>2026-05-31T07:01:57Z</time>
   </trkpt>
   <trkpt lat="47.2774210" lon="11.2420640">
    <ele>676.5</ele>
    <time>2026-05-31T07:01:58Z</time>
   </trkpt>
   <trkpt lat="47.2774100" lon="11.2420300">
    <ele>676.5</ele>
    <time>2026-05-31T07:01:59Z</time>
   </trkpt>
   <trkpt lat="47.2774030" lon="11.2420270">
    <ele>676.5</ele>
    <time>2026-05-31T07:02:00Z</time>
   </trkpt>
   <trkpt lat="47.2774290" lon="11.2420050">
    <ele>676.3</ele>
    <time>2026-05-31T07:02:01Z</time>
   </trkpt>
   <trkpt lat="47.2774350" lon="11.2419950">
    <ele>676.3</ele>
    <time>2026-05-31T07:02:02Z</time>
   </trkpt>
   <trkpt lat="47.2774420" lon="11.2419460">
    <ele>676.2</ele>
    <time>2026-05-31T07:02:03Z</time>
   </trkpt>
   <trkpt lat="47.2774380" lon="11.2419270">
    <ele>676.1</ele>
    <time>2026-05-31T07:02:04Z</time>
   </trkpt>
   <trkpt lat="47.2774570" lon="11.2418920">
    <ele>676.0</ele>
    <time>2026-05-31T07:02:05Z</time>
   </trkpt>
   <trkpt lat="47.2774650" lon="11.2418780">
    <ele>676.0</ele>
    <time>2026-05-31T07:02:06Z</time>
   </trkpt>
   <trkpt lat="47.2774660" lon="11.2418400">
    <ele>675.9</ele>
    <time>2026-05-31T07:02:07Z</time>
   </trkpt>
   <trkpt lat="47.2774590" lon="11.2418250">
    <ele>675.9</ele>
    <time>2026-05-31T07:02:08Z</time>
   </trkpt>
   <trkpt lat="47.2774480" lon="11.2417630">
    <ele>675.7</ele>
    <time>2026-05-31T07:02:09Z</time>
   </trkpt>
   <trkpt lat="47.2774390" lon="11.2417270">
    <ele>675.7</ele>
    <time>2026-05-31T07:02:10Z</time>
   </trkpt>
   <trkpt lat="47.2774330" lon="11.2417030">
    <ele>675.6</ele>
    <time>2026-05-31T07:02:11Z</time>
   </trkpt>
   <trkpt lat="47.2774110" lon="11.2416680">
    <ele>675.6</ele>
    <time>2026-05-31T07:02:12Z</time>
   </trkpt>
   <trkpt lat="47.2774060" lon="11.2416560">
    <ele>675.5</ele>
    <time>2026-05-31T07:02:13Z</time>
   </trkpt>
   <trkpt lat="47.2774010" lon="11.2416070">
    <ele>674.3</ele>
    <time>2026-05-31T07:02:14Z</time>
   </trkpt>
   <trkpt lat="47.2774000" lon="11.2415910">
    <ele>673.9</ele>
    <time>2026-05-31T07:02:15Z</time>
   </trkpt>
   <trkpt lat="47.2774000" lon="11.2415590">
    <ele>673.1</ele>
    <time>2026-05-31T07:02:16Z</time>
   </trkpt>
   <trkpt lat="47.2774010" lon="11.2415500">
    <ele>672.9</ele>
    <time>2026-05-31T07:02:17Z</time>
   </trkpt>
   <trkpt lat="47.2774020" lon="11.2415180">
    <ele>672.1</ele>
    <time>2026-05-31T07:02:18Z</time>
   </trkpt>
   <trkpt lat="47.2773950" lon="11.2415030">
    <ele>671.6</ele>
    <time>2026-05-31T07:02:19Z</time>
   </trkpt>
   <trkpt lat="47.2773760" lon="11.2415240">
    <ele>670.8</ele>
    <time>2026-05-31T07:02:20Z</time>
   </trkpt>
   <trkpt lat="47.2773650" lon="11.2415370">
    <ele>670.2</ele>
    <time>2026-05-31T07:02:21Z</time>
   </trkpt>
   <trkpt lat="47.2773590" lon="11.2415630">
    <ele>669.5</ele>
    <time>2026-05-31T07:02:22Z</time>
   </trkpt>
   <trkpt lat="47.2773520" lon="11.2415770">
    <ele>669.1</ele>
    <time>2026-05-31T07:02:23Z</time>
   </trkpt>
   <trkpt lat="47.2773450" lon="11.2415970">
    <ele>668.5</ele>
    <time>2026-05-31T07:02:24Z</time>
   </trkpt>
   <trkpt lat="47.2773410" lon="11.2416180">
    <ele>668.0</ele>
    <time>2026-05-31T07:02:25Z</time>
   </trkpt>
   <trkpt lat="47.2773480" lon="11.2416320">
    <ele>667.5</ele>
    <time>2026-05-31T07:02:26Z</time>
   </trkpt>
   <trkpt lat="47.2773330" lon="11.2416570">
    <ele>666.7</ele>
    <time>2026-05-31T07:02:27Z</time>
   </trkpt>
   <trkpt lat="47.2773110" lon="11.2416920">
    <ele>665.6</ele>
    <time>2026-05-31T07:02:28Z</time>
   </trkpt>
   <trkpt lat="47.2772940" lon="11.2417000">
    <ele>665.3</ele>
    <time>2026-05-31T07:02:29Z</time>
   </trkpt>
   <trkpt lat="47.2772820" lon="11.2417060">
    <ele>665.1</ele>
    <time>2026-05-31T07:02:30Z</time>
   </trkpt>
   <trkpt lat="47.2772830" lon="11.2417040">
    <ele>665.1</ele>
    <time>2026-05-31T07:02:31Z</time>
   </trkpt>
   <trkpt lat="47.2772780" lon="11.2417100">
    <ele>665.0</ele>
    <time>2026-05-31T07:02:32Z</time>
   </trkpt>
   <trkpt lat="47.2772720" lon="11.2417160">
    <ele>664.9</ele>
    <time>2026-05-31T07:02:33Z</time>
   </trkpt>
   <trkpt lat="47.2772680" lon="11.2417280">
    <ele>664.8</ele>
    <time>2026-05-31T07:02:34Z</time>
   </trkpt>
   <trkpt lat="47.2772730" lon="11.2417270">
    <ele>664.7</ele>
    <time>2026-05-31T07:02:35Z</time>
   </trkpt>
   <trkpt lat="47.2772710" lon="11.2417310">
    <ele>664.6</ele>
    <time>2026-05-31T07:02:36Z</time>
   </trkpt>
   <trkpt lat="47.2772650" lon="11.2417390">
    <ele>664.5</ele>
    <time>2026-05-31T07:02:37Z</time>
   </trkpt>
   <trkpt lat="47.2772660" lon="11.2417370">
    <ele>664.5</ele>
    <time>2026-05-31T07:02:38Z</time>
   </trkpt>
   <trkpt lat="47.2772540" lon="11.2417480">
    <ele>664.3</ele>
    <time>2026-05-31T07:02:39Z</time>
   </trkpt>
   <trkpt lat="47.2772460" lon="11.2417680">
    <ele>664.1</ele>
    <time>2026-05-31T07:02:40Z</time>
   </trkpt>
   <trkpt lat="47.2772120" lon="11.2417400">
    <ele>663.7</ele>
    <time>2026-05-31T07:02:41Z</time>
   </trkpt>
   <trkpt lat="47.2771890" lon="11.2417360">
    <ele>663.4</ele>
    <time>2026-05-31T07:02:42Z</time>
   </trkpt>
   <trkpt lat="47.2771610" lon="11.2417460">
    <ele>663.1</ele>
    <time>2026-05-31T07:02:43Z</time>
   </trkpt>
   <trkpt lat="47.2771430" lon="11.2417640">
    <ele>662.3</ele>
    <time>2026-05-31T07:02:44Z</time>
   </trkpt>
   <trkpt lat="47.2771310" lon="11.2417810">
    <ele>662.2</ele>
    <time>2026-05-31T07:02:45Z</time>
   </trkpt>
   <trkpt lat="47.2771380" lon="11.2418450">
    <ele>662.0</ele>
    <time>2026-05-31T07:02:46Z</time>
   </trkpt>
   <trkpt lat="47.2771040" lon="11.2418640">
    <ele>661.7</ele>
    <time>2026-05-31T07:02:47Z</time>
   </trkpt>
   <trkpt lat="47.2771020" lon="11.2419110">
    <ele>661.6</ele>
    <time>2026-05-31T07:02:48Z</time>
   </trkpt>
   <trkpt lat="47.2771020" lon="11.2419250">
    <ele>661.5</ele>
    <time>2026-05-31T07:02:49Z</time>
   </trkpt>
   <trkpt lat="47.2771020" lon="11.2419250">
    <ele>661.5</ele>
    <time>2026-05-31T07:02:50Z</time>
   </trkpt>
   <trkpt lat="47.2767870" lon="11.2422310">
    <ele>660.7</ele>
    <time>2026-05-31T07:16:12Z</time>
   </trkpt>
   <trkpt lat="47.2767850" lon="11.2422490">
    <ele>660.6</ele>
    <time>2026-05-31T07:16:13Z</time>
   </trkpt>
   <trkpt lat="47.2767800" lon="11.2422710">
    <ele>660.6</ele>
    <time>2026-05-31T07:16:14Z</time>
   </trkpt>
   <trkpt lat="47.2767770" lon="11.2423140">
    <ele>660.5</ele>
    <time>2026-05-31T07:16:15Z</time>
   </trkpt>
   <trkpt lat="47.2767770" lon="11.2423300">
    <ele>660.5</ele>
    <time>2026-05-31T07:16:16Z</time>
   </trkpt>
   <trkpt lat="47.2767790" lon="11.2423810">
    <ele>661.0</ele>
    <time>2026-05-31T07:16:17Z</time>
   </trkpt>
   <trkpt lat="47.2767790" lon="11.2423990">
    <ele>661.3</ele>
    <time>2026-05-31T07:16:18Z</time>
   </trkpt>
   <trkpt lat="47.2767800" lon="11.2424420">
    <ele>661.9</ele>
    <time>2026-05-31T07:16:19Z</time>
   </trkpt>
   <trkpt lat="47.2767800" lon="11.2424570">
    <ele>662.2</ele>
    <time>2026-05-31T07:16:20Z</time>
   </trkpt>
   <trkpt lat="47.2767810" lon="11.2424800">
    <ele>662.6</ele>
    <time>2026-05-31T07:16:21Z</time>
   </trkpt>
   <trkpt lat="47.2767840" lon="11.2425090">
    <ele>662.7</ele>
    <time>2026-05-31T07:16:22Z</time>
   </trkpt>
   <trkpt lat="47.2767890" lon="11.2425330">
    <ele>662.8</ele>
    <time>2026-05-31T07:16:23Z</time>
   </trkpt>
   <trkpt lat="47.2767880" lon="11.2425570">
    <ele>663.0</ele>
    <time>2026-05-31T07:16:24Z</time>
   </trkpt>
   <trkpt lat="47.2767890" lon="11.2425830">
    <ele>663.0</ele>
    <time>2026-05-31T07:16:25Z</time>
   </trkpt>
   <trkpt lat="47.2767910" lon="11.2426050">
    <ele>663.1</ele>
    <time>2026-05-31T07:16:26Z</time>
   </trkpt>
   <trkpt lat="47.2767980" lon="11.2426250">
    <ele>663.2</ele>
    <time>2026-05-31T07:16:27Z</time>
   </trkpt>
   <trkpt lat="47.2768010" lon="11.2426470">
    <ele>663.3</ele>
    <time>2026-05-31T07:16:28Z</time>
   </trkpt>
   <trkpt lat="47.2767960" lon="11.2426910">
    <ele>663.5</ele>
    <time>2026-05-31T07:16:29Z</time>
   </trkpt>
   <trkpt lat="47.2767930" lon="11.2427050">
    <ele>663.5</ele>
    <time>2026-05-31T07:16:30Z</time>
   </trkpt>
   <trkpt lat="47.2767850" lon="11.2427560">
    <ele>663.6</ele>
    <time>2026-05-31T07:16:31Z</time>
   </trkpt>
   <trkpt lat="47.2767830" lon="11.2427720">
    <ele>663.7</ele>
    <time>2026-05-31T07:16:32Z</time>
   </trkpt>
   <trkpt lat="47.2767770" lon="11.2428270">
    <ele>663.8</ele>
    <time>2026-05-31T07:16:33Z</time>
   </trkpt>
   <trkpt lat="47.2767730" lon="11.2428580">
    <ele>663.9</ele>
    <time>2026-05-31T07:16:34Z</time>
   </trkpt>
   <trkpt lat="47.2767680" lon="11.2429120">
    <ele>664.0</ele>
    <time>2026-05-31T07:16:35Z</time>
   </trkpt>
   <trkpt lat="47.2767690" lon="11.2429810">
    <ele>664.1</ele>
    <time>2026-05-31T07:16:36Z</time>
   </trkpt>
   <trkpt lat="47.2767750" lon="11.2430440">
    <ele>664.2</ele>
    <time>2026-05-31T07:16:37Z</time>
   </trkpt>
   <trkpt lat="47.2767750" lon="11.2430630">
    <ele>664.2</ele>
    <time>2026-05-31T07:16:38Z</time>
   </trkpt>
   <trkpt lat="47.2767660" lon="11.2430900">
    <ele>664.2</ele>
    <time>2026-05-31T07:16:39Z</time>
   </trkpt>
   <trkpt lat="47.2767190" lon="11.2430680">
    <ele>664.2</ele>
    <time>2026-05-31T07:16:40Z</time>
   </trkpt>
   <trkpt lat="47.2767160" lon="11.2430810">
    <ele>664.2</ele>
    <time>2026-05-31T07:16:41Z</time>
   </trkpt>
   <trkpt lat="47.2767090" lon="11.2431020">
    <ele>664.1</ele>
    <time>2026-05-31T07:16:42Z</time>
   </trkpt>
   <trkpt lat="47.2767010" lon="11.2431230">
    <ele>664.1</ele>
    <time>2026-05-31T07:16:43Z</time>
   </trkpt>
   <trkpt lat="47.2766720" lon="11.2431340">
    <ele>664.0</ele>
    <time>2026-05-31T07:16:44Z</time>
   </trkpt>
   <trkpt lat="47.2766610" lon="11.2431810">
    <ele>664.0</ele>
    <time>2026-05-31T07:16:45Z</time>
   </trkpt>
   <trkpt lat="47.2766450" lon="11.2432170">
    <ele>663.9</ele>
    <time>2026-05-31T07:16:46Z</time>
   </trkpt>
   <trkpt lat="47.2766400" lon="11.2432310">
    <ele>663.8</ele>
    <time>2026-05-31T07:16:47Z</time>
   </trkpt>
   <trkpt lat="47.2766330" lon="11.2432730">
    <ele>663.7</ele>
    <time>2026-05-31T07:16:48Z</time>
   </trkpt>
   <trkpt lat="47.2766180" lon="11.2433300">
    <ele>663.5</ele>
    <time>2026-05-31T07:16:49Z</time>
   </trkpt>
   <trkpt lat="47.2766120" lon="11.2433550">
    <ele>663.4</ele>
    <time>2026-05-31T07:16:50Z</time>
   </trkpt>
   <trkpt lat="47.2765810" lon="11.2433590">
    <ele>663.3</ele>
    <time>2026-05-31T07:16:51Z</time>
   </trkpt>
   <trkpt lat="47.2765860" lon="11.2434120">
    <ele>663.0</ele>
    <time>2026-05-31T07:16:52Z</time>
   </trkpt>
   <trkpt lat="47.2765850" lon="11.2434570">
    <ele>662.8</ele>
    <time>2026-05-31T07:16:53Z</time>
   </trkpt>
   <trkpt lat="47.2765670" lon="11.2435130">
    <ele>662.6</ele>
    <time>2026-05-31T07:16:54Z</time>
   </trkpt>
   <trkpt lat="47.2765590" lon="11.2435390">
    <ele>662.5</ele>
    <time>2026-05-31T07:16:55Z</time>
   </trkpt>
   <trkpt lat="47.2765400" lon="11.2435880">
    <ele>662.2</ele>
    <time>2026-05-31T07:16:56Z</time>
   </trkpt>
   <trkpt lat="47.2765150" lon="11.2436400">
    <ele>661.9</ele>
    <time>2026-05-31T07:16:57Z</time>
   </trkpt>
   <trkpt lat="47.2765040" lon="11.2436620">
    <ele>661.7</ele>
    <time>2026-05-31T07:16:58Z</time>
   </trkpt>
   <trkpt lat="47.2764870" lon="11.2437180">
    <ele>661.4</ele>
    <time>2026-05-31T07:16:59Z</time>
   </trkpt>
   <trkpt lat="47.2764800" lon="11.2437390">
    <ele>661.3</ele>
    <time>2026-05-31T07:17:00Z</time>
   </trkpt>
   <trkpt lat="47.2764640" lon="11.2437840">
    <ele>661.1</ele>
    <time>2026-05-31T07:17:01Z</time>
   </trkpt>
   <trkpt lat="47.2764600" lon="11.2438010">
    <ele>661.0</ele>
    <time>2026-05-31T07:17:02Z</time>
   </trkpt>
   <trkpt lat="47.2764440" lon="11.2438350">
    <ele>660.8</ele>
    <time>2026-05-31T07:17:03Z</time>
   </trkpt>
   <trkpt lat="47.2764120" lon="11.2438720">
    <ele>660.4</ele>
    <time>2026-05-31T07:17:04Z</time>
   </trkpt>
   <trkpt lat="47.2763990" lon="11.2438850">
    <ele>660.3</ele>
    <time>2026-05-31T07:17:05Z</time>
   </trkpt>
   <trkpt lat="47.2763840" lon="11.2439340">
    <ele>660.0</ele>
    <time>2026-05-31T07:17:06Z</time>
   </trkpt>
   <trkpt lat="47.2763650" lon="11.2439660">
    <ele>659.8</ele>
    <time>2026-05-31T07:17:07Z</time>
   </trkpt>
   <trkpt lat="47.2763550" lon="11.2439790">
    <ele>659.7</ele>
    <time>2026-05-31T07:17:08Z</time>
   </trkpt>
   <trkpt lat="47.2763490" lon="11.2440000">
    <ele>659.6</ele>
    <time>2026-05-31T07:17:09Z</time>
   </trkpt>
   <trkpt lat="47.2763390" lon="11.2440180">
    <ele>659.5</ele>
    <time>2026-05-31T07:17:10Z</time>
   </trkpt>
   <trkpt lat="47.2763220" lon="11.2440500">
    <ele>659.2</ele>
    <time>2026-05-31T07:17:11Z</time>
   </trkpt>
   <trkpt lat="47.2763000" lon="11.2440800">
    <ele>658.9</ele>
    <time>2026-05-31T07:17:12Z</time>
   </trkpt>
   <trkpt lat="47.2762800" lon="11.2441300">
    <ele>658.4</ele>
    <time>2026-05-31T07:17:13Z</time>
   </trkpt>
   <trkpt lat="47.2762550" lon="11.2441580">
    <ele>658.1</ele>
    <time>2026-05-31T07:17:14Z</time>
   </trkpt>
   <trkpt lat="47.2762430" lon="11.2441710">
    <ele>657.9</ele>
    <time>2026-05-31T07:17:15Z</time>
   </trkpt>
   <trkpt lat="47.2762230" lon="11.2441990">
    <ele>657.6</ele>
    <time>2026-05-31T07:17:16Z</time>
   </trkpt>
   <trkpt lat="47.2762000" lon="11.2442400">
    <ele>657.2</ele>
    <time>2026-05-31T07:17:17Z</time>
   </trkpt>
   <trkpt lat="47.2761900" lon="11.2442530">
    <ele>657.0</ele>
    <time>2026-05-31T07:17:18Z</time>
   </trkpt>
   <trkpt lat="47.2761650" lon="11.2442860">
    <ele>656.6</ele>
    <time>2026-05-31T07:17:19Z</time>
   </trkpt>
   <trkpt lat="47.2761560" lon="11.2442990">
    <ele>656.5</ele>
    <time>2026-05-31T07:17:20Z</time>
   </trkpt>
   <trkpt lat="47.2761350" lon="11.2443320">
    <ele>656.1</ele>
    <time>2026-05-31T07:17:21Z</time>
   </trkpt>
   <trkpt lat="47.2761260" lon="11.2443440">
    <ele>655.9</ele>
    <time>2026-05-31T07:17:22Z</time>
   </trkpt>
   <trkpt lat="47.2761050" lon="11.2443830">
    <ele>655.5</ele>
    <time>2026-05-31T07:17:23Z</time>
   </trkpt>
   <trkpt lat="47.2760970" lon="11.2443980">
    <ele>655.4</ele>
    <time>2026-05-31T07:17:24Z</time>
   </trkpt>
   <trkpt lat="47.2761070" lon="11.2444480">
    <ele>654.9</ele>
    <time>2026-05-31T07:17:25Z</time>
   </trkpt>
   <trkpt lat="47.2760670" lon="11.2444680">
    <ele>654.4</ele>
    <time>2026-05-31T07:17:26Z</time>
   </trkpt>
   <trkpt lat="47.2760500" lon="11.2444880">
    <ele>654.1</ele>
    <time>2026-05-31T07:17:27Z</time>
   </trkpt>
   <trkpt lat="47.2760490" lon="11.2445050">
    <ele>654.0</ele>
    <time>2026-05-31T07:17:28Z</time>
   </trkpt>
   <trkpt lat="47.2760230" lon="11.2445430">
    <ele>653.6</ele>
    <time>2026-05-31T07:17:29Z</time>
   </trkpt>
   <trkpt lat="47.2760150" lon="11.2445620">
    <ele>653.4</ele>
    <time>2026-05-31T07:17:30Z</time>
   </trkpt>
   <trkpt lat="47.2759880" lon="11.2445900">
    <ele>653.0</ele>
    <time>2026-05-31T07:17:31Z</time>
   </trkpt>
   <trkpt lat="47.2759780" lon="11.2446340">
    <ele>653.0</ele>
    <time>2026-05-31T07:17:32Z</time>
   </trkpt>
   <trkpt lat="47.2759540" lon="11.2446560">
    <ele>653.0</ele>
    <time>2026-05-31T07:17:33Z</time>
   </trkpt>
   <trkpt lat="47.2759360" lon="11.2446910">
    <ele>653.0</ele>
    <time>2026-05-31T07:17:34Z</time>
   </trkpt>
   <trkpt lat="47.2759160" lon="11.2447230">
    <ele>653.1</ele>
    <time>2026-05-31T07:17:35Z</time>
   </trkpt>
   <trkpt lat="47.2758910" lon="11.2447620">
    <ele>652.8</ele>
    <time>2026-05-31T07:17:36Z</time>
   </trkpt>
   <trkpt lat="47.2758730" lon="11.2447660">
    <ele>652.7</ele>
    <time>2026-05-31T07:17:37Z</time>
   </trkpt>
   <trkpt lat="47.2758470" lon="11.2447970">
    <ele>652.5</ele>
    <time>2026-05-31T07:17:38Z</time>
   </trkpt>
   <trkpt lat="47.2758330" lon="11.2448440">
    <ele>652.3</ele>
    <time>2026-05-31T07:17:39Z</time>
   </trkpt>
   <trkpt lat="47.2758240" lon="11.2448540">
    <ele>652.2</ele>
    <time>2026-05-31T07:17:40Z</time>
   </trkpt>
   <trkpt lat="47.2758120" lon="11.2449010">
    <ele>652.0</ele>
    <time>2026-05-31T07:17:41Z</time>
   </trkpt>
   <trkpt lat="47.2758110" lon="11.2449210">
    <ele>651.9</ele>
    <time>2026-05-31T07:17:42Z</time>
   </trkpt>
   <trkpt lat="47.2757720" lon="11.2449470">
    <ele>651.6</ele>
    <time>2026-05-31T07:17:43Z</time>
   </trkpt>
   <trkpt lat="47.2757570" lon="11.2449580">
    <ele>651.5</ele>
    <time>2026-05-31T07:17:44Z</time>
   </trkpt>
   <trkpt lat="47.2757460" lon="11.2450140">
    <ele>651.3</ele>
    <time>2026-05-31T07:17:45Z</time>
   </trkpt>
   <trkpt lat="47.2757400" lon="11.2450330">
    <ele>651.2</ele>
    <time>2026-05-31T07:17:46Z</time>
   </trkpt>
   <trkpt lat="47.2757140" lon="11.2450660">
    <ele>651.0</ele>
    <time>2026-05-31T07:17:47Z</time>
   </trkpt>
   <trkpt lat="47.2757080" lon="11.2450750">
    <ele>650.9</ele>
    <time>2026-05-31T07:17:48Z</time>
   </trkpt>
   <trkpt lat="47.2756890" lon="11.2451100">
    <ele>650.7</ele>
    <time>2026-05-31T07:17:49Z</time>
   </trkpt>
   <trkpt lat="47.2756520" lon="11.2451190">
    <ele>650.5</ele>
    <time>2026-05-31T07:17:50Z</time>
   </trkpt>
   <trkpt lat="47.2756380" lon="11.2451610">
    <ele>650.2</ele>
    <time>2026-05-31T07:17:51Z</time>
   </trkpt>
   <trkpt lat="47.2756310" lon="11.2451790">
    <ele>650.1</ele>
    <time>2026-05-31T07:17:52Z</time>
   </trkpt>
   <trkpt lat="47.2756350" lon="11.2452110">
    <ele>650.0</ele>
    <time>2026-05-31T07:17:53Z</time>
   </trkpt>
   <trkpt lat="47.2756290" lon="11.2452230">
    <ele>649.9</ele>
    <time>2026-05-31T07:17:54Z</time>
   </trkpt>
   <trkpt lat="47.2756050" lon="11.2452490">
    <ele>649.7</ele>
    <time>2026-05-31T07:17:55Z</time>
   </trkpt>
   <trkpt lat="47.2755950" lon="11.2452990">
    <ele>649.4</ele>
    <time>2026-05-31T07:17:56Z</time>
   </trkpt>
   <trkpt lat="47.2755950" lon="11.2453160">
    <ele>649.3</ele>
    <time>2026-05-31T07:17:57Z</time>
   </trkpt>
   <trkpt lat="47.2755750" lon="11.2453520">
    <ele>649.0</ele>
    <time>2026-05-31T07:17:58Z</time>
   </trkpt>
   <trkpt lat="47.2755610" lon="11.2454000">
    <ele>648.7</ele>
    <time>2026-05-31T07:17:59Z</time>
   </trkpt>
   <trkpt lat="47.2755590" lon="11.2454180">
    <ele>648.7</ele>
    <time>2026-05-31T07:18:00Z</time>
   </trkpt>
   <trkpt lat="47.2755270" lon="11.2454580">
    <ele>648.5</ele>
    <time>2026-05-31T07:18:01Z</time>
   </trkpt>
   <trkpt lat="47.2755110" lon="11.2454690">
    <ele>648.5</ele>
    <time>2026-05-31T07:18:02Z</time>
   </trkpt>
   <trkpt lat="47.2754860" lon="11.2454900">
    <ele>648.4</ele>
    <time>2026-05-31T07:18:03Z</time>
   </trkpt>
   <trkpt lat="47.2754830" lon="11.2455060">
    <ele>648.3</ele>
    <time>2026-05-31T07:18:04Z</time>
   </trkpt>
   <trkpt lat="47.2754530" lon="11.2455440">
    <ele>648.0</ele>
    <time>2026-05-31T07:18:05Z</time>
   </trkpt>
   <trkpt lat="47.2754440" lon="11.2455560">
    <ele>647.9</ele>
    <time>2026-05-31T07:18:06Z</time>
   </trkpt>
   <trkpt lat="47.2754070" lon="11.2455840">
    <ele>647.3</ele>
    <time>2026-05-31T07:18:07Z</time>
   </trkpt>
   <trkpt lat="47.2753920" lon="11.2455900">
    <ele>647.1</ele>
    <time>2026-05-31T07:18:08Z</time>
   </trkpt>
   <trkpt lat="47.2753620" lon="11.2455950">
    <ele>646.7</ele>
    <time>2026-05-31T07:18:09Z</time>
   </trkpt>
   <trkpt lat="47.2753430" lon="11.2455920">
    <ele>646.4</ele>
    <time>2026-05-31T07:18:10Z</time>
   </trkpt>
   <trkpt lat="47.2753100" lon="11.2455480">
    <ele>645.8</ele>
    <time>2026-05-31T07:18:11Z</time>
   </trkpt>
   <trkpt lat="47.2752770" lon="11.2455510">
    <ele>645.4</ele>
    <time>2026-05-31T07:18:12Z</time>
   </trkpt>
   <trkpt lat="47.2752610" lon="11.2455470">
    <ele>645.2</ele>
    <time>2026-05-31T07:18:13Z</time>
   </trkpt>
   <trkpt lat="47.2752320" lon="11.2455350">
    <ele>644.8</ele>
    <time>2026-05-31T07:18:14Z</time>
   </trkpt>
   <trkpt lat="47.2752040" lon="11.2455240">
    <ele>644.5</ele>
    <time>2026-05-31T07:18:15Z</time>
   </trkpt>
   <trkpt lat="47.2751920" lon="11.2455120">
    <ele>644.3</ele>
    <time>2026-05-31T07:18:16Z</time>
   </trkpt>
   <trkpt lat="47.2751570" lon="11.2454910">
    <ele>644.0</ele>
    <time>2026-05-31T07:18:17Z</time>
   </trkpt>
   <trkpt lat="47.2751440" lon="11.2454880">
    <ele>643.9</ele>
    <time>2026-05-31T07:18:18Z</time>
   </trkpt>
   <trkpt lat="47.2751080" lon="11.2454720">
    <ele>643.6</ele>
    <time>2026-05-31T07:18:19Z</time>
   </trkpt>
   <trkpt lat="47.2750930" lon="11.2454620">
    <ele>643.5</ele>
    <time>2026-05-31T07:18:20Z</time>
   </trkpt>
   <trkpt lat="47.2750580" lon="11.2454460">
    <ele>643.2</ele>
    <time>2026-05-31T07:18:21Z</time>
   </trkpt>
   <trkpt lat="47.2750460" lon="11.2454440">
    <ele>643.1</ele>
    <time>2026-05-31T07:18:22Z</time>
   </trkpt>
   <trkpt lat="47.2750190" lon="11.2454290">
    <ele>642.9</ele>
    <time>2026-05-31T07:18:23Z</time>
   </trkpt>
   <trkpt lat="47.2750060" lon="11.2454250">
    <ele>642.9</ele>
    <time>2026-05-31T07:18:24Z</time>
   </trkpt>
   <trkpt lat="47.2749750" lon="11.2454140">
    <ele>642.6</ele>
    <time>2026-05-31T07:18:25Z</time>
   </trkpt>
   <trkpt lat="47.2749470" lon="11.2454240">
    <ele>642.3</ele>
    <time>2026-05-31T07:18:26Z</time>
   </trkpt>
   <trkpt lat="47.2749150" lon="11.2454250">
    <ele>641.9</ele>
    <time>2026-05-31T07:18:27Z</time>
   </trkpt>
   <trkpt lat="47.2749040" lon="11.2454250">
    <ele>641.8</ele>
    <time>2026-05-31T07:18:28Z</time>
   </trkpt>
   <trkpt lat="47.2748730" lon="11.2454360">
    <ele>641.4</ele>
    <time>2026-05-31T07:18:29Z</time>
   </trkpt>
   <trkpt lat="47.2748350" lon="11.2454380">
    <ele>640.9</ele>
    <time>2026-05-31T07:18:30Z</time>
   </trkpt>
   <trkpt lat="47.2748190" lon="11.2454400">
    <ele>640.7</ele>
    <time>2026-05-31T07:18:31Z</time>
   </trkpt>
   <trkpt lat="47.2747890" lon="11.2454450">
    <ele>640.4</ele>
    <time>2026-05-31T07:18:32Z</time>
   </trkpt>
   <trkpt lat="47.2747540" lon="11.2454560">
    <ele>639.9</ele>
    <time>2026-05-31T07:18:33Z</time>
   </trkpt>
   <trkpt lat="47.2747400" lon="11.2454550">
    <ele>639.8</ele>
    <time>2026-05-31T07:18:34Z</time>
   </trkpt>
   <trkpt lat="47.2747110" lon="11.2454550">
    <ele>639.5</ele>
    <time>2026-05-31T07:18:35Z</time>
   </trkpt>
   <trkpt lat="47.2746800" lon="11.2454670">
    <ele>639.2</ele>
    <time>2026-05-31T07:18:36Z</time>
   </trkpt>
   <trkpt lat="47.2746440" lon="11.2454580">
    <ele>638.8</ele>
    <time>2026-05-31T07:18:37Z</time>
   </trkpt>
   <trkpt lat="47.2746280" lon="11.2454550">
    <ele>638.6</ele>
    <time>2026-05-31T07:18:38Z</time>
   </trkpt>
   <trkpt lat="47.2745930" lon="11.2454600">
    <ele>638.3</ele>
    <time>2026-05-31T07:18:39Z</time>
   </trkpt>
   <trkpt lat="47.2745790" lon="11.2454640">
    <ele>638.1</ele>
    <time>2026-05-31T07:18:40Z</time>
   </trkpt>
   <trkpt lat="47.2745410" lon="11.2454590">
    <ele>637.7</ele>
    <time>2026-05-31T07:18:41Z</time>
   </trkpt>
   <trkpt lat="47.2745290" lon="11.2454600">
    <ele>637.6</ele>
    <time>2026-05-31T07:18:42Z</time>
   </trkpt>
   <trkpt lat="47.2745020" lon="11.2454670">
    <ele>637.3</ele>
    <time>2026-05-31T07:18:43Z</time>
   </trkpt>
   <trkpt lat="47.2744660" lon="11.2454520">
    <ele>636.9</ele>
    <time>2026-05-31T07:18:44Z</time>
   </trkpt>
   <trkpt lat="47.2744500" lon="11.2454430">
    <ele>636.7</ele>
    <time>2026-05-31T07:18:45Z</time>
   </trkpt>
   <trkpt lat="47.2744180" lon="11.2454380">
    <ele>636.4</ele>
    <time>2026-05-31T07:18:46Z</time>
   </trkpt>
   <trkpt lat="47.2743860" lon="11.2454390">
    <ele>636.0</ele>
    <time>2026-05-31T07:18:47Z</time>
   </trkpt>
   <trkpt lat="47.2743780" lon="11.2454500">
    <ele>635.9</ele>
    <time>2026-05-31T07:18:48Z</time>
   </trkpt>
   <trkpt lat="47.2743480" lon="11.2454570">
    <ele>635.6</ele>
    <time>2026-05-31T07:18:49Z</time>
   </trkpt>
   <trkpt lat="47.2743180" lon="11.2454850">
    <ele>635.5</ele>
    <time>2026-05-31T07:18:50Z</time>
   </trkpt>
   <trkpt lat="47.2742900" lon="11.2455190">
    <ele>635.3</ele>
    <time>2026-05-31T07:18:51Z</time>
   </trkpt>
   <trkpt lat="47.2742760" lon="11.2455250">
    <ele>635.0</ele>
    <time>2026-05-31T07:18:52Z</time>
   </trkpt>
   <trkpt lat="47.2742440" lon="11.2455250">
    <ele>634.7</ele>
    <time>2026-05-31T07:18:53Z</time>
   </trkpt>
   <trkpt lat="47.2742340" lon="11.2455330">
    <ele>634.6</ele>
    <time>2026-05-31T07:18:54Z</time>
   </trkpt>
   <trkpt lat="47.2742030" lon="11.2455400">
    <ele>634.3</ele>
    <time>2026-05-31T07:18:55Z</time>
   </trkpt>
   <trkpt lat="47.2741660" lon="11.2455300">
    <ele>633.9</ele>
    <time>2026-05-31T07:18:56Z</time>
   </trkpt>
   <trkpt lat="47.2741310" lon="11.2455130">
    <ele>633.6</ele>
    <time>2026-05-31T07:18:57Z</time>
   </trkpt>
   <trkpt lat="47.2741030" lon="11.2455260">
    <ele>633.4</ele>
    <time>2026-05-31T07:18:58Z</time>
   </trkpt>
   <trkpt lat="47.2740780" lon="11.2455180">
    <ele>633.2</ele>
    <time>2026-05-31T07:18:59Z</time>
   </trkpt>
   <trkpt lat="47.2740600" lon="11.2455160">
    <ele>633.0</ele>
    <time>2026-05-31T07:19:00Z</time>
   </trkpt>
   <trkpt lat="47.2740200" lon="11.2455170">
    <ele>632.7</ele>
    <time>2026-05-31T07:19:01Z</time>
   </trkpt>
   <trkpt lat="47.2740030" lon="11.2455200">
    <ele>632.6</ele>
    <time>2026-05-31T07:19:02Z</time>
   </trkpt>
   <trkpt lat="47.2739730" lon="11.2454970">
    <ele>632.3</ele>
    <time>2026-05-31T07:19:03Z</time>
   </trkpt>
   <trkpt lat="47.2739410" lon="11.2455010">
    <ele>632.1</ele>
    <time>2026-05-31T07:19:04Z</time>
   </trkpt>
   <trkpt lat="47.2739260" lon="11.2455040">
    <ele>632.1</ele>
    <time>2026-05-31T07:19:05Z</time>
   </trkpt>
   <trkpt lat="47.2738890" lon="11.2454800">
    <ele>631.9</ele>
    <time>2026-05-31T07:19:06Z</time>
   </trkpt>
   <trkpt lat="47.2738760" lon="11.2454730">
    <ele>631.8</ele>
    <time>2026-05-31T07:19:07Z</time>
   </trkpt>
   <trkpt lat="47.2738480" lon="11.2454680">
    <ele>631.6</ele>
    <time>2026-05-31T07:19:08Z</time>
   </trkpt>
   <trkpt lat="47.2738160" lon="11.2454660">
    <ele>631.5</ele>
    <time>2026-05-31T07:19:09Z</time>
   </trkpt>
   <trkpt lat="47.2738080" lon="11.2454610">
    <ele>631.4</ele>
    <time>2026-05-31T07:19:10Z</time>
   </trkpt>
   <trkpt lat="47.2737800" lon="11.2454510">
    <ele>631.2</ele>
    <time>2026-05-31T07:19:11Z</time>
   </trkpt>
   <trkpt lat="47.2737690" lon="11.2454530">
    <ele>631.1</ele>
    <time>2026-05-31T07:19:12Z</time>
   </trkpt>
   <trkpt lat="47.2737340" lon="11.2454320">
    <ele>630.8</ele>
    <time>2026-05-31T07:19:13Z</time>
   </trkpt>
   <trkpt lat="47.2737230" lon="11.2454270">
    <ele>630.7</ele>
    <time>2026-05-31T07:19:14Z</time>
   </trkpt>
   <trkpt lat="47.2736840" lon="11.2454180">
    <ele>630.4</ele>
    <time>2026-05-31T07:19:15Z</time>
   </trkpt>
   <trkpt lat="47.2736700" lon="11.2454160">
    <ele>630.3</ele>
    <time>2026-05-31T07:19:16Z</time>
   </trkpt>
   <trkpt lat="47.2736360" lon="11.2454040">
    <ele>630.1</ele>
    <time>2026-05-31T07:19:17Z</time>
   </trkpt>
   <trkpt lat="47.2736260" lon="11.2454020">
    <ele>630.0</ele>
    <time>2026-05-31T07:19:18Z</time>
   </trkpt>
   <trkpt lat="47.2735970" lon="11.2454010">
    <ele>629.8</ele>
    <time>2026-05-31T07:19:19Z</time>
   </trkpt>
   <trkpt lat="47.2735650" lon="11.2454120">
    <ele>629.6</ele>
    <time>2026-05-31T07:19:20Z</time>
   </trkpt>
   <trkpt lat="47.2735400" lon="11.2454000">
    <ele>629.4</ele>
    <time>2026-05-31T07:19:21Z</time>
   </trkpt>
   <trkpt lat="47.2735270" lon="11.2454070">
    <ele>629.3</ele>
    <time>2026-05-31T07:19:22Z</time>
   </trkpt>
   <trkpt lat="47.2735020" lon="11.2454280">
    <ele>629.0</ele>
    <time>2026-05-31T07:19:23Z</time>
   </trkpt>
   <trkpt lat="47.2734740" lon="11.2454540">
    <ele>628.8</ele>
    <time>2026-05-31T07:19:24Z</time>
   </trkpt>
   <trkpt lat="47.2734650" lon="11.2454630">
    <ele>628.7</ele>
    <time>2026-05-31T07:19:25Z</time>
   </trkpt>
   <trkpt lat="47.2734420" lon="11.2455080">
    <ele>628.4</ele>
    <time>2026-05-31T07:19:26Z</time>
   </trkpt>
   <trkpt lat="47.2734320" lon="11.2455270">
    <ele>628.2</ele>
    <time>2026-05-31T07:19:27Z</time>
   </trkpt>
   <trkpt lat="47.2734170" lon="11.2455910">
    <ele>627.8</ele>
    <time>2026-05-31T07:19:28Z</time>
   </trkpt>
   <trkpt lat="47.2734090" lon="11.2456280">
    <ele>627.6</ele>
    <time>2026-05-31T07:19:29Z</time>
   </trkpt>
   <trkpt lat="47.2733940" lon="11.2456740">
    <ele>627.3</ele>
    <time>2026-05-31T07:19:30Z</time>
   </trkpt>
   <trkpt lat="47.2733890" lon="11.2456890">
    <ele>627.2</ele>
    <time>2026-05-31T07:19:31Z</time>
   </trkpt>
   <trkpt lat="47.2733790" lon="11.2457330">
    <ele>626.9</ele>
    <time>2026-05-31T07:19:32Z</time>
   </trkpt>
   <trkpt lat="47.2733720" lon="11.2457510">
    <ele>626.8</ele>
    <time>2026-05-31T07:19:33Z</time>
   </trkpt>
   <trkpt lat="47.2733620" lon="11.2457940">
    <ele>626.6</ele>
    <time>2026-05-31T07:19:34Z</time>
   </trkpt>
   <trkpt lat="47.2733500" lon="11.2458390">
    <ele>626.4</ele>
    <time>2026-05-31T07:19:35Z</time>
   </trkpt>
   <trkpt lat="47.2733430" lon="11.2458570">
    <ele>626.3</ele>
    <time>2026-05-31T07:19:36Z</time>
   </trkpt>
   <trkpt lat="47.2733370" lon="11.2459110">
    <ele>626.0</ele>
    <time>2026-05-31T07:19:37Z</time>
   </trkpt>
   <trkpt lat="47.2733320" lon="11.2459270">
    <ele>625.9</ele>
    <time>2026-05-31T07:19:38Z</time>
   </trkpt>
   <trkpt lat="47.2733160" lon="11.2459650">
    <ele>625.8</ele>
    <time>2026-05-31T07:19:39Z</time>
   </trkpt>
   <trkpt lat="47.2733040" lon="11.2460160">
    <ele>625.5</ele>
    <time>2026-05-31T07:19:40Z</time>
   </trkpt>
   <trkpt lat="47.2732980" lon="11.2460330">
    <ele>625.5</ele>
    <time>2026-05-31T07:19:41Z</time>
   </trkpt>
   <trkpt lat="47.2732820" lon="11.2460740">
    <ele>625.3</ele>
    <time>2026-05-31T07:19:42Z</time>
   </trkpt>
   <trkpt lat="47.2732710" lon="11.2460770">
    <ele>625.2</ele>
    <time>2026-05-31T07:19:43Z</time>
   </trkpt>
   <trkpt lat="47.2732640" lon="11.2461270">
    <ele>625.1</ele>
    <time>2026-05-31T07:19:44Z</time>
   </trkpt>
   <trkpt lat="47.2732690" lon="11.2461470">
    <ele>625.0</ele>
    <time>2026-05-31T07:19:45Z</time>
   </trkpt>
   <trkpt lat="47.2732690" lon="11.2461930">
    <ele>624.8</ele>
    <time>2026-05-31T07:19:46Z</time>
   </trkpt>
   <trkpt lat="47.2732590" lon="11.2462310">
    <ele>624.7</ele>
    <time>2026-05-31T07:19:47Z</time>
   </trkpt>
   <trkpt lat="47.2732420" lon="11.2462690">
    <ele>624.6</ele>
    <time>2026-05-31T07:19:48Z</time>
   </trkpt>
   <trkpt lat="47.2732560" lon="11.2463060">
    <ele>624.5</ele>
    <time>2026-05-31T07:19:49Z</time>
   </trkpt>
   <trkpt lat="47.2732390" lon="11.2463520">
    <ele>624.4</ele>
    <time>2026-05-31T07:19:50Z</time>
   </trkpt>
   <trkpt lat="47.2732380" lon="11.2463720">
    <ele>624.3</ele>
    <time>2026-05-31T07:19:51Z</time>
   </trkpt>
   <trkpt lat="47.2732430" lon="11.2464140">
    <ele>624.3</ele>
    <time>2026-05-31T07:19:52Z</time>
   </trkpt>
   <trkpt lat="47.2732230" lon="11.2464650">
    <ele>624.3</ele>
    <time>2026-05-31T07:19:53Z</time>
   </trkpt>
   <trkpt lat="47.2732160" lon="11.2464920">
    <ele>624.3</ele>
    <time>2026-05-31T07:19:54Z</time>
   </trkpt>
   <trkpt lat="47.2732130" lon="11.2465420">
    <ele>624.3</ele>
    <time>2026-05-31T07:19:55Z</time>
   </trkpt>
   <trkpt lat="47.2732010" lon="11.2465860">
    <ele>624.3</ele>
    <time>2026-05-31T07:19:56Z</time>
   </trkpt>
   <trkpt lat="47.2731910" lon="11.2466020">
    <ele>624.3</ele>
    <time>2026-05-31T07:19:57Z</time>
   </trkpt>
   <trkpt lat="47.2731840" lon="11.2466430">
    <ele>624.3</ele>
    <time>2026-05-31T07:19:58Z</time>
   </trkpt>
   <trkpt lat="47.2731710" lon="11.2466900">
    <ele>624.3</ele>
    <time>2026-05-31T07:19:59Z</time>
   </trkpt>
   <trkpt lat="47.2731660" lon="11.2467060">
    <ele>624.3</ele>
    <time>2026-05-31T07:20:00Z</time>
   </trkpt>
   <trkpt lat="47.2731600" lon="11.2467340">
    <ele>624.3</ele>
    <time>2026-05-31T07:20:01Z</time>
   </trkpt>
   <trkpt lat="47.2731540" lon="11.2467530">
    <ele>624.4</ele>
    <time>2026-05-31T07:20:02Z</time>
   </trkpt>
   <trkpt lat="47.2731500" lon="11.2468050">
    <ele>624.4</ele>
    <time>2026-05-31T07:20:03Z</time>
   </trkpt>
   <trkpt lat="47.2731460" lon="11.2468480">
    <ele>624.4</ele>
    <time>2026-05-31T07:20:04Z</time>
   </trkpt>
   <trkpt lat="47.2731260" lon="11.2468950">
    <ele>624.4</ele>
    <time>2026-05-31T07:20:05Z</time>
   </trkpt>
   <trkpt lat="47.2731180" lon="11.2469220">
    <ele>624.4</ele>
    <time>2026-05-31T07:20:06Z</time>
   </trkpt>
   <trkpt lat="47.2731090" lon="11.2469610">
    <ele>624.4</ele>
    <time>2026-05-31T07:20:07Z</time>
   </trkpt>
   <trkpt lat="47.2730800" lon="11.2469770">
    <ele>624.4</ele>
    <time>2026-05-31T07:20:08Z</time>
   </trkpt>
   <trkpt lat="47.2730800" lon="11.2470220">
    <ele>624.4</ele>
    <time>2026-05-31T07:20:09Z</time>
   </trkpt>
   <trkpt lat="47.2730800" lon="11.2470410">
    <ele>624.4</ele>
    <time>2026-05-31T07:20:10Z</time>
   </trkpt>
   <trkpt lat="47.2730720" lon="11.2470820">
    <ele>624.3</ele>
    <time>2026-05-31T07:20:11Z</time>
   </trkpt>
   <trkpt lat="47.2730550" lon="11.2471260">
    <ele>624.3</ele>
    <time>2026-05-31T07:20:12Z</time>
   </trkpt>
   <trkpt lat="47.2730520" lon="11.2471410">
    <ele>624.3</ele>
    <time>2026-05-31T07:20:13Z</time>
   </trkpt>
   <trkpt lat="47.2730380" lon="11.2471940">
    <ele>624.3</ele>
    <time>2026-05-31T07:20:14Z</time>
   </trkpt>
   <trkpt lat="47.2730330" lon="11.2472120">
    <ele>624.3</ele>
    <time>2026-05-31T07:20:15Z</time>
   </trkpt>
   <trkpt lat="47.2730210" lon="11.2472520">
    <ele>624.3</ele>
    <time>2026-05-31T07:20:16Z</time>
   </trkpt>
   <trkpt lat="47.2730010" lon="11.2472840">
    <ele>624.3</ele>
    <time>2026-05-31T07:20:17Z</time>
   </trkpt>
   <trkpt lat="47.2729870" lon="11.2472790">
    <ele>624.3</ele>
    <time>2026-05-31T07:20:18Z</time>
   </trkpt>
   <trkpt lat="47.2729970" lon="11.2473300">
    <ele>624.4</ele>
    <time>2026-05-31T07:20:19Z</time>
   </trkpt>
   <trkpt lat="47.2729980" lon="11.2473720">
    <ele>624.4</ele>
    <time>2026-05-31T07:20:20Z</time>
   </trkpt>
   <trkpt lat="47.2729950" lon="11.2474290">
    <ele>624.5</ele>
    <time>2026-05-31T07:20:21Z</time>
   </trkpt>
   <trkpt lat="47.2729940" lon="11.2474500">
    <ele>624.5</ele>
    <time>2026-05-31T07:20:22Z</time>
   </trkpt>
   <trkpt lat="47.2729920" lon="11.2475090">
    <ele>624.6</ele>
    <time>2026-05-31T07:20:23Z</time>
   </trkpt>
   <trkpt lat="47.2729930" lon="11.2475320">
    <ele>624.7</ele>
    <time>2026-05-31T07:20:24Z</time>
   </trkpt>
   <trkpt lat="47.2729830" lon="11.2475690">
    <ele>624.7</ele>
    <time>2026-05-31T07:20:25Z</time>
   </trkpt>
   <trkpt lat="47.2729790" lon="11.2475840">
    <ele>624.8</ele>
    <time>2026-05-31T07:20:26Z</time>
   </trkpt>
   <trkpt lat="47.2729590" lon="11.2476320">
    <ele>624.9</ele>
    <time>2026-05-31T07:20:27Z</time>
   </trkpt>
   <trkpt lat="47.2729530" lon="11.2476490">
    <ele>624.9</ele>
    <time>2026-05-31T07:20:28Z</time>
   </trkpt>
   <trkpt lat="47.2729350" lon="11.2476940">
    <ele>625.1</ele>
    <time>2026-05-31T07:20:29Z</time>
   </trkpt>
   <trkpt lat="47.2729300" lon="11.2477100">
    <ele>625.1</ele>
    <time>2026-05-31T07:20:30Z</time>
   </trkpt>
   <trkpt lat="47.2729200" lon="11.2477540">
    <ele>625.2</ele>
    <time>2026-05-31T07:20:31Z</time>
   </trkpt>
   <trkpt lat="47.2729150" lon="11.2477640">
    <ele>625.2</ele>
    <time>2026-05-31T07:20:32Z</time>
   </trkpt>
   <trkpt lat="47.2729050" lon="11.2478120">
    <ele>625.4</ele>
    <time>2026-05-31T07:20:33Z</time>
   </trkpt>
   <trkpt lat="47.2728940" lon="11.2478290">
    <ele>625.4</ele>
    <time>2026-05-31T07:20:34Z</time>
   </trkpt>
   <trkpt lat="47.2728810" lon="11.2478730">
    <ele>625.5</ele>
    <time>2026-05-31T07:20:35Z</time>
   </trkpt>
   <trkpt lat="47.2728810" lon="11.2478960">
    <ele>625.6</ele>
    <time>2026-05-31T07:20:36Z</time>
   </trkpt>
   <trkpt lat="47.2728830" lon="11.2479200">
    <ele>625.6</ele>
    <time>2026-05-31T07:20:37Z</time>
   </trkpt>
   <trkpt lat="47.2728750" lon="11.2479400">
    <ele>625.7</ele>
    <time>2026-05-31T07:20:38Z</time>
   </trkpt>
   <trkpt lat="47.2728640" lon="11.2479670">
    <ele>625.8</ele>
    <time>2026-05-31T07:20:39Z</time>
   </trkpt>
   <trkpt lat="47.2728600" lon="11.2479800">
    <ele>625.8</ele>
    <time>2026-05-31T07:20:40Z</time>
   </trkpt>
   <trkpt lat="47.2728550" lon="11.2479930">
    <ele>625.8</ele>
    <time>2026-05-31T07:20:41Z</time>
   </trkpt>
   <trkpt lat="47.2728520" lon="11.2480240">
    <ele>625.9</ele>
    <time>2026-05-31T07:20:42Z</time>
   </trkpt>
   <trkpt lat="47.2728510" lon="11.2480380">
    <ele>625.9</ele>
    <time>2026-05-31T07:20:43Z</time>
   </trkpt>
   <trkpt lat="47.2728500" lon="11.2480510">
    <ele>625.9</ele>
    <time>2026-05-31T07:20:44Z</time>
   </trkpt>
   <trkpt lat="47.2728430" lon="11.2480720">
    <ele>626.0</ele>
    <time>2026-05-31T07:20:45Z</time>
   </trkpt>
   <trkpt lat="47.2728420" lon="11.2480910">
    <ele>626.0</ele>
    <time>2026-05-31T07:20:46Z</time>
   </trkpt>
   <trkpt lat="47.2728410" lon="11.2481090">
    <ele>626.0</ele>
    <time>2026-05-31T07:20:47Z</time>
   </trkpt>
   <trkpt lat="47.2728330" lon="11.2481240">
    <ele>626.1</ele>
    <time>2026-05-31T07:20:48Z</time>
   </trkpt>
   <trkpt lat="47.2728340" lon="11.2481350">
    <ele>626.1</ele>
    <time>2026-05-31T07:20:49Z</time>
   </trkpt>
   <trkpt lat="47.2728320" lon="11.2481450">
    <ele>626.1</ele>
    <time>2026-05-31T07:20:50Z</time>
   </trkpt>
   <trkpt lat="47.2728310" lon="11.2481630">
    <ele>626.1</ele>
    <time>2026-05-31T07:20:51Z</time>
   </trkpt>
   <trkpt lat="47.2728280" lon="11.2481720">
    <ele>626.1</ele>
    <time>2026-05-31T07:20:52Z</time>
   </trkpt>
   <trkpt lat="47.2728250" lon="11.2481840">
    <ele>626.2</ele>
    <time>2026-05-31T07:20:53Z</time>
   </trkpt>
   <trkpt lat="47.2728260" lon="11.2482070">
    <ele>626.2</ele>
    <time>2026-05-31T07:20:54Z</time>
   </trkpt>
   <trkpt lat="47.2728260" lon="11.2482070">
    <ele>626.2</ele>
    <time>2026-05-31T07:20:55Z</time>
   </trkpt>
  </trkseg>
 </trk>
</gpx>
