<?xml version="1.0" encoding="UTF-8"?>
<gpx creator="StravaGPX" version="1.1" xmlns="http://www.topografix.com/GPX/1/1" xmlns:xsi="http://www.w3.org/2001/XMLSchema-instance" xsi:schemaLocation="http://www.topografix.com/GPX/1/1 http://www.topografix.com/GPX/1/1/gpx.xsd">
 <metadata>
  <time>2026-06-13T08:30:44Z</time>
 </metadata>
 <trk>
  <name>Lauf Altausee 1</name>
  <type>cycling</type>
  <trkseg>
   <trkpt lat="47.6359210" lon="13.7679790">
    <ele>715.3</ele>
    <time>2026-06-13T08:30:44Z</time>
   </trkpt>
   <trkpt lat="47.6359160" lon="13.7679950">
    <ele>715.3</ele>
    <time>2026-06-13T08:30:45Z</time>
   </trkpt>
   <trkpt lat="47.6359110" lon="13.7680070">
    <ele>715.3</ele>
    <time>2026-06-13T08:30:46Z</time>
   </trkpt>
   <trkpt lat="47.6359060" lon="13.7680190">
    <ele>715.3</ele>
    <time>2026-06-13T08:30:47Z</time>
   </trkpt>
   <trkpt lat="47.6359010" lon="13.7680310">
    <ele>715.3</ele>
    <time>2026-06-13T08:30:48Z</time>
   </trkpt>
   <trkpt lat="47.6358960" lon="13.7680430">
    <ele>715.3</ele>
    <time>2026-06-13T08:30:49Z</time>
   </trkpt>
   <trkpt lat="47.6358910" lon="13.7680550">
    <ele>715.3</ele>
    <time>2026-06-13T08:30:50Z</time>
   </trkpt>
   <trkpt lat="47.6358860" lon="13.7680670">
    <ele>715.3</ele>
    <time>2026-06-13T08:30:51Z</time>
   </trkpt>
   <trkpt lat="47.6358920" lon="13.7681230">
    <ele>715.3</ele>
    <time>2026-06-13T08:30:52Z</time>
   </trkpt>
   <trkpt lat="47.6358560" lon="13.7681410">
    <ele>715.2</ele>
    <time>2026-06-13T08:30:53Z</time>
   </trkpt>
   <trkpt lat="47.6358210" lon="13.7681420">
    <ele>715.2</ele>
    <time>2026-06-13T08:30:54Z</time>
   </trkpt>
   <trkpt lat="47.6357900" lon="13.7681200">
    <ele>715.2</ele>
    <time>2026-06-13T08:30:55Z</time>
   </trkpt>
   <trkpt lat="47.6357790" lon="13.7681140">
    <ele>715.2</ele>
    <time>2026-06-13T08:30:56Z</time>
   </trkpt>
   <trkpt lat="47.6357420" lon="13.7681040">
    <ele>715.2</ele>
    <time>2026-06-13T08:30:57Z</time>
   </trkpt>
   <trkpt lat="47.6357290" lon="13.7681000">
    <ele>715.2</ele>
    <time>2026-06-13T08:30:58Z</time>
   </trkpt>
   <trkpt lat="47.6356930" lon="13.7680920">
    <ele>715.2</ele>
    <time>2026-06-13T08:30:59Z</time>
   </trkpt>
   <trkpt lat="47.6356700" lon="13.7680880">
    <ele>715.2</ele>
    <time>2026-06-13T08:31:00Z</time>
   </trkpt>
   <trkpt lat="47.6355980" lon="13.7680640">
    <ele>715.2</ele>
    <time>2026-06-13T08:31:01Z</time>
   </trkpt>
   <trkpt lat="47.6355610" lon="13.7680600">
    <ele>715.2</ele>
    <time>2026-06-13T08:31:02Z</time>
   </trkpt>
   <trkpt lat="47.6355490" lon="13.7680610">
    <ele>715.2</ele>
    <time>2026-06-13T08:31:03Z</time>
   </trkpt>
   <trkpt lat="47.6355250" lon="13.7680820">
    <ele>715.2</ele>
    <time>2026-06-13T08:31:04Z</time>
   </trkpt>
   <trkpt lat="47.6355170" lon="13.7680890">
    <ele>715.2</ele>
    <time>2026-06-13T08:31:05Z</time>
   </trkpt>
   <trkpt lat="47.6354870" lon="13.7680800">
    <ele>715.1</ele>
    <time>2026-06-13T08:31:06Z</time>
   </trkpt>
   <trkpt lat="47.6354550" lon="13.7680920">
    <ele>715.1</ele>
    <time>2026-06-13T08:31:07Z</time>
   </trkpt>
   <trkpt lat="47.6354460" lon="13.7680950">
    <ele>715.1</ele>
    <time>2026-06-13T08:31:08Z</time>
   </trkpt>
   <trkpt lat="47.6354360" lon="13.7680740">
    <ele>715.1</ele>
    <time>2026-06-13T08:31:09Z</time>
   </trkpt>
   <trkpt lat="47.6354140" lon="13.7681140">
    <ele>715.2</ele>
    <time>2026-06-13T08:31:10Z</time>
   </trkpt>
   <trkpt lat="47.6354010" lon="13.7681550">
    <ele>715.2</ele>
    <time>2026-06-13T08:31:11Z</time>
   </trkpt>
   <trkpt lat="47.6353890" lon="13.7682060">
    <ele>715.2</ele>
    <time>2026-06-13T08:31:12Z</time>
   </trkpt>
   <trkpt lat="47.6353740" lon="13.7682260">
    <ele>715.2</ele>
    <time>2026-06-13T08:31:13Z</time>
   </trkpt>
   <trkpt lat="47.6353700" lon="13.7682830">
    <ele>715.2</ele>
    <time>2026-06-13T08:31:14Z</time>
   </trkpt>
   <trkpt lat="47.6353690" lon="13.7683010">
    <ele>715.2</ele>
    <time>2026-06-13T08:31:15Z</time>
   </trkpt>
   <trkpt lat="47.6354040" lon="13.7683330">
    <ele>715.3</ele>
    <time>2026-06-13T08:31:16Z</time>
   </trkpt>
   <trkpt lat="47.6353910" lon="13.7683750">
    <ele>715.4</ele>
    <time>2026-06-13T08:31:17Z</time>
   </trkpt>
   <trkpt lat="47.6354000" lon="13.7684130">
    <ele>715.4</ele>
    <time>2026-06-13T08:31:18Z</time>
   </trkpt>
   <trkpt lat="47.6354110" lon="13.7684570">
    <ele>715.6</ele>
    <time>2026-06-13T08:31:19Z</time>
   </trkpt>
   <trkpt lat="47.6354150" lon="13.7684680">
    <ele>715.6</ele>
    <time>2026-06-13T08:31:20Z</time>
   </trkpt>
   <trkpt lat="47.6354340" lon="13.7685140">
    <ele>715.7</ele>
    <time>2026-06-13T08:31:21Z</time>
   </trkpt>
   <trkpt lat="47.6354430" lon="13.7685320">
    <ele>715.8</ele>
    <time>2026-06-13T08:31:22Z</time>
   </trkpt>
   <trkpt lat="47.6354530" lon="13.7685560">
    <ele>715.9</ele>
    <time>2026-06-13T08:31:23Z</time>
   </trkpt>
   <trkpt lat="47.6354500" lon="13.7685770">
    <ele>715.9</ele>
    <time>2026-06-13T08:31:24Z</time>
   </trkpt>
   <trkpt lat="47.6354410" lon="13.7686280">
    <ele>716.1</ele>
    <time>2026-06-13T08:31:25Z</time>
   </trkpt>
   <trkpt lat="47.6354400" lon="13.7686440">
    <ele>716.1</ele>
    <time>2026-06-13T08:31:26Z</time>
   </trkpt>
   <trkpt lat="47.6354450" lon="13.7686820">
    <ele>716.2</ele>
    <time>2026-06-13T08:31:27Z</time>
   </trkpt>
   <trkpt lat="47.6354440" lon="13.7686940">
    <ele>716.3</ele>
    <time>2026-06-13T08:31:28Z</time>
   </trkpt>
   <trkpt lat="47.6354440" lon="13.7687060">
    <ele>716.3</ele>
    <time>2026-06-13T08:31:29Z</time>
   </trkpt>
   <trkpt lat="47.6354570" lon="13.7687600">
    <ele>716.5</ele>
    <time>2026-06-13T08:31:30Z</time>
   </trkpt>
   <trkpt lat="47.6354590" lon="13.7687780">
    <ele>716.5</ele>
    <time>2026-06-13T08:31:31Z</time>
   </trkpt>
   <trkpt lat="47.6354660" lon="13.7687790">
    <ele>716.6</ele>
    <time>2026-06-13T08:31:32Z</time>
   </trkpt>
   <trkpt lat="47.6354660" lon="13.7688170">
    <ele>716.7</ele>
    <time>2026-06-13T08:31:33Z</time>
   </trkpt>
   <trkpt lat="47.6354690" lon="13.7688630">
    <ele>716.8</ele>
    <time>2026-06-13T08:31:34Z</time>
   </trkpt>
   <trkpt lat="47.6354720" lon="13.7688810">
    <ele>716.8</ele>
    <time>2026-06-13T08:31:35Z</time>
   </trkpt>
   <trkpt lat="47.6354690" lon="13.7688990">
    <ele>716.9</ele>
    <time>2026-06-13T08:31:36Z</time>
   </trkpt>
   <trkpt lat="47.6354600" lon="13.7689320">
    <ele>717.0</ele>
    <time>2026-06-13T08:31:37Z</time>
   </trkpt>
   <trkpt lat="47.6354600" lon="13.7689730">
    <ele>717.1</ele>
    <time>2026-06-13T08:31:38Z</time>
   </trkpt>
   <trkpt lat="47.6354620" lon="13.7689890">
    <ele>717.1</ele>
    <time>2026-06-13T08:31:39Z</time>
   </trkpt>
   <trkpt lat="47.6354680" lon="13.7690370">
    <ele>717.2</ele>
    <time>2026-06-13T08:31:40Z</time>
   </trkpt>
   <trkpt lat="47.6354660" lon="13.7690550">
    <ele>717.2</ele>
    <time>2026-06-13T08:31:41Z</time>
   </trkpt>
   <trkpt lat="47.6354600" lon="13.7690980">
    <ele>717.3</ele>
    <time>2026-06-13T08:31:42Z</time>
   </trkpt>
   <trkpt lat="47.6354590" lon="13.7691110">
    <ele>717.4</ele>
    <time>2026-06-13T08:31:43Z</time>
   </trkpt>
   <trkpt lat="47.6354580" lon="13.7691350">
    <ele>717.4</ele>
    <time>2026-06-13T08:31:44Z</time>
   </trkpt>
   <trkpt lat="47.6354570" lon="13.7691640">
    <ele>717.4</ele>
    <time>2026-06-13T08:31:45Z</time>
   </trkpt>
   <trkpt lat="47.6354500" lon="13.7691940">
    <ele>717.5</ele>
    <time>2026-06-13T08:31:46Z</time>
   </trkpt>
   <trkpt lat="47.6354470" lon="13.7692120">
    <ele>717.5</ele>
    <time>2026-06-13T08:31:47Z</time>
   </trkpt>
   <trkpt lat="47.6354400" lon="13.7692550">
    <ele>717.6</ele>
    <time>2026-06-13T08:31:48Z</time>
   </trkpt>
   <trkpt lat="47.6354360" lon="13.7692760">
    <ele>717.7</ele>
    <time>2026-06-13T08:31:49Z</time>
   </trkpt>
   <trkpt lat="47.6354340" lon="13.7693170">
    <ele>717.7</ele>
    <time>2026-06-13T08:31:50Z</time>
   </trkpt>
   <trkpt lat="47.6354310" lon="13.7693390">
    <ele>717.8</ele>
    <time>2026-06-13T08:31:51Z</time>
   </trkpt>
   <trkpt lat="47.6354210" lon="13.7693650">
    <ele>717.8</ele>
    <time>2026-06-13T08:31:52Z</time>
   </trkpt>
   <trkpt lat="47.6354220" lon="13.7694200">
    <ele>717.9</ele>
    <time>2026-06-13T08:31:53Z</time>
   </trkpt>
   <trkpt lat="47.6354200" lon="13.7694380">
    <ele>718.0</ele>
    <time>2026-06-13T08:31:54Z</time>
   </trkpt>
   <trkpt lat="47.6354210" lon="13.7694850">
    <ele>718.0</ele>
    <time>2026-06-13T08:31:55Z</time>
   </trkpt>
   <trkpt lat="47.6354200" lon="13.7694990">
    <ele>718.0</ele>
    <time>2026-06-13T08:31:56Z</time>
   </trkpt>
   <trkpt lat="47.6354210" lon="13.7695500">
    <ele>718.1</ele>
    <time>2026-06-13T08:31:57Z</time>
   </trkpt>
   <trkpt lat="47.6354220" lon="13.7695650">
    <ele>718.1</ele>
    <time>2026-06-13T08:31:58Z</time>
   </trkpt>
   <trkpt lat="47.6354200" lon="13.7696190">
    <ele>718.1</ele>
    <time>2026-06-13T08:31:59Z</time>
   </trkpt>
   <trkpt lat="47.6354190" lon="13.7696340">
    <ele>718.0</ele>
    <time>2026-06-13T08:32:00Z</time>
   </trkpt>
   <trkpt lat="47.6354210" lon="13.7696770">
    <ele>718.0</ele>
    <time>2026-06-13T08:32:01Z</time>
   </trkpt>
   <trkpt lat="47.6354200" lon="13.7696910">
    <ele>718.0</ele>
    <time>2026-06-13T08:32:02Z</time>
   </trkpt>
   <trkpt lat="47.6354170" lon="13.7697340">
    <ele>718.0</ele>
    <time>2026-06-13T08:32:03Z</time>
   </trkpt>
   <trkpt lat="47.6354180" lon="13.7697490">
    <ele>718.0</ele>
    <time>2026-06-13T08:32:04Z</time>
   </trkpt>
   <trkpt lat="47.6354200" lon="13.7697770">
    <ele>717.9</ele>
    <time>2026-06-13T08:32:05Z</time>
   </trkpt>
   <trkpt lat="47.6354140" lon="13.7697980">
    <ele>717.9</ele>
    <time>2026-06-13T08:32:06Z</time>
   </trkpt>
   <trkpt lat="47.6354240" lon="13.7698420">
    <ele>717.9</ele>
    <time>2026-06-13T08:32:07Z</time>
   </trkpt>
   <trkpt lat="47.6354240" lon="13.7698560">
    <ele>717.9</ele>
    <time>2026-06-13T08:32:08Z</time>
   </trkpt>
   <trkpt lat="47.6354250" lon="13.7698810">
    <ele>717.9</ele>
    <time>2026-06-13T08:32:09Z</time>
   </trkpt>
   <trkpt lat="47.6354180" lon="13.7699090">
    <ele>717.9</ele>
    <time>2026-06-13T08:32:10Z</time>
   </trkpt>
   <trkpt lat="47.6354240" lon="13.7699550">
    <ele>717.9</ele>
    <time>2026-06-13T08:32:11Z</time>
   </trkpt>
   <trkpt lat="47.6354250" lon="13.7699730">
    <ele>717.9</ele>
    <time>2026-06-13T08:32:12Z</time>
   </trkpt>
   <trkpt lat="47.6354200" lon="13.7699960">
    <ele>717.9</ele>
    <time>2026-06-13T08:32:13Z</time>
   </trkpt>
   <trkpt lat="47.6354150" lon="13.7700220">
    <ele>717.9</ele>
    <time>2026-06-13T08:32:14Z</time>
   </trkpt>
   <trkpt lat="47.6354110" lon="13.7700670">
    <ele>717.9</ele>
    <time>2026-06-13T08:32:15Z</time>
   </trkpt>
   <trkpt lat="47.6354100" lon="13.7700830">
    <ele>717.9</ele>
    <time>2026-06-13T08:32:16Z</time>
   </trkpt>
   <trkpt lat="47.6354030" lon="13.7701270">
    <ele>717.9</ele>
    <time>2026-06-13T08:32:17Z</time>
   </trkpt>
   <trkpt lat="47.6354010" lon="13.7701390">
    <ele>717.9</ele>
    <time>2026-06-13T08:32:18Z</time>
   </trkpt>
   <trkpt lat="47.6353990" lon="13.7701860">
    <ele>717.9</ele>
    <time>2026-06-13T08:32:19Z</time>
   </trkpt>
   <trkpt lat="47.6353930" lon="13.7702010">
    <ele>717.9</ele>
    <time>2026-06-13T08:32:20Z</time>
   </trkpt>
   <trkpt lat="47.6354090" lon="13.7702350">
    <ele>717.9</ele>
    <time>2026-06-13T08:32:21Z</time>
   </trkpt>
   <trkpt lat="47.6354310" lon="13.7702720">
    <ele>718.0</ele>
    <time>2026-06-13T08:32:22Z</time>
   </trkpt>
   <trkpt lat="47.6354340" lon="13.7702850">
    <ele>718.0</ele>
    <time>2026-06-13T08:32:23Z</time>
   </trkpt>
   <trkpt lat="47.6354330" lon="13.7703330">
    <ele>718.0</ele>
    <time>2026-06-13T08:32:24Z</time>
   </trkpt>
   <trkpt lat="47.6354300" lon="13.7703460">
    <ele>718.0</ele>
    <time>2026-06-13T08:32:25Z</time>
   </trkpt>
   <trkpt lat="47.6354280" lon="13.7703840">
    <ele>718.0</ele>
    <time>2026-06-13T08:32:26Z</time>
   </trkpt>
   <trkpt lat="47.6354200" lon="13.7704000">
    <ele>718.0</ele>
    <time>2026-06-13T08:32:27Z</time>
   </trkpt>
   <trkpt lat="47.6354240" lon="13.7704440">
    <ele>717.9</ele>
    <time>2026-06-13T08:32:28Z</time>
   </trkpt>
   <trkpt lat="47.6354240" lon="13.7704590">
    <ele>717.9</ele>
    <time>2026-06-13T08:32:29Z</time>
   </trkpt>
   <trkpt lat="47.6354290" lon="13.7705110">
    <ele>717.9</ele>
    <time>2026-06-13T08:32:30Z</time>
   </trkpt>
   <trkpt lat="47.6354260" lon="13.7705280">
    <ele>717.9</ele>
    <time>2026-06-13T08:32:31Z</time>
   </trkpt>
   <trkpt lat="47.6354210" lon="13.7705820">
    <ele>717.8</ele>
    <time>2026-06-13T08:32:32Z</time>
   </trkpt>
   <trkpt lat="47.6354270" lon="13.7706020">
    <ele>717.8</ele>
    <time>2026-06-13T08:32:33Z</time>
   </trkpt>
   <trkpt lat="47.6354230" lon="13.7706570">
    <ele>717.8</ele>
    <time>2026-06-13T08:32:34Z</time>
   </trkpt>
   <trkpt lat="47.6354230" lon="13.7706740">
    <ele>717.8</ele>
    <time>2026-06-13T08:32:35Z</time>
   </trkpt>
   <trkpt lat="47.6354130" lon="13.7707280">
    <ele>717.8</ele>
    <time>2026-06-13T08:32:36Z</time>
   </trkpt>
   <trkpt lat="47.6354110" lon="13.7707440">
    <ele>717.8</ele>
    <time>2026-06-13T08:32:37Z</time>
   </trkpt>
   <trkpt lat="47.6354050" lon="13.7707870">
    <ele>717.8</ele>
    <time>2026-06-13T08:32:38Z</time>
   </trkpt>
   <trkpt lat="47.6354040" lon="13.7708020">
    <ele>717.8</ele>
    <time>2026-06-13T08:32:39Z</time>
   </trkpt>
   <trkpt lat="47.6354160" lon="13.7708410">
    <ele>717.8</ele>
    <time>2026-06-13T08:32:40Z</time>
   </trkpt>
   <trkpt lat="47.6354330" lon="13.7708860">
    <ele>717.9</ele>
    <time>2026-06-13T08:32:41Z</time>
   </trkpt>
   <trkpt lat="47.6354340" lon="13.7709020">
    <ele>717.9</ele>
    <time>2026-06-13T08:32:42Z</time>
   </trkpt>
   <trkpt lat="47.6354540" lon="13.7709500">
    <ele>718.0</ele>
    <time>2026-06-13T08:32:43Z</time>
   </trkpt>
   <trkpt lat="47.6354650" lon="13.7709630">
    <ele>718.0</ele>
    <time>2026-06-13T08:32:44Z</time>
   </trkpt>
   <trkpt lat="47.6354750" lon="13.7710180">
    <ele>718.1</ele>
    <time>2026-06-13T08:32:45Z</time>
   </trkpt>
   <trkpt lat="47.6354790" lon="13.7710390">
    <ele>718.1</ele>
    <time>2026-06-13T08:32:46Z</time>
   </trkpt>
   <trkpt lat="47.6355010" lon="13.7710620">
    <ele>718.2</ele>
    <time>2026-06-13T08:32:47Z</time>
   </trkpt>
   <trkpt lat="47.6355080" lon="13.7710770">
    <ele>718.2</ele>
    <time>2026-06-13T08:32:48Z</time>
   </trkpt>
   <trkpt lat="47.6355110" lon="13.7711230">
    <ele>718.3</ele>
    <time>2026-06-13T08:32:49Z</time>
   </trkpt>
   <trkpt lat="47.6355130" lon="13.7711440">
    <ele>718.3</ele>
    <time>2026-06-13T08:32:50Z</time>
   </trkpt>
   <trkpt lat="47.6355070" lon="13.7711840">
    <ele>718.4</ele>
    <time>2026-06-13T08:32:51Z</time>
   </trkpt>
   <trkpt lat="47.6355310" lon="13.7712190">
    <ele>718.4</ele>
    <time>2026-06-13T08:32:52Z</time>
   </trkpt>
   <trkpt lat="47.6355480" lon="13.7712560">
    <ele>718.4</ele>
    <time>2026-06-13T08:32:53Z</time>
   </trkpt>
   <trkpt lat="47.6355520" lon="13.7712690">
    <ele>718.4</ele>
    <time>2026-06-13T08:32:54Z</time>
   </trkpt>
   <trkpt lat="47.6355780" lon="13.7713140">
    <ele>718.4</ele>
    <time>2026-06-13T08:32:55Z</time>
   </trkpt>
   <trkpt lat="47.6355840" lon="13.7713310">
    <ele>718.4</ele>
    <time>2026-06-13T08:32:56Z</time>
   </trkpt>
   <trkpt lat="47.6355750" lon="13.7713800">
    <ele>718.4</ele>
    <time>2026-06-13T08:32:57Z</time>
   </trkpt>
   <trkpt lat="47.6355880" lon="13.7714160">
    <ele>718.4</ele>
    <time>2026-06-13T08:32:58Z</time>
   </trkpt>
   <trkpt lat="47.6356010" lon="13.7714620">
    <ele>718.4</ele>
    <time>2026-06-13T08:32:59Z</time>
   </trkpt>
   <trkpt lat="47.6356060" lon="13.7714760">
    <ele>718.4</ele>
    <time>2026-06-13T08:33:00Z</time>
   </trkpt>
   <trkpt lat="47.6356240" lon="13.7715170">
    <ele>718.5</ele>
    <time>2026-06-13T08:33:01Z</time>
   </trkpt>
   <trkpt lat="47.6356240" lon="13.7715360">
    <ele>718.5</ele>
    <time>2026-06-13T08:33:02Z</time>
   </trkpt>
   <trkpt lat="47.6356390" lon="13.7715740">
    <ele>718.5</ele>
    <time>2026-06-13T08:33:03Z</time>
   </trkpt>
   <trkpt lat="47.6356590" lon="13.7716040">
    <ele>718.5</ele>
    <time>2026-06-13T08:33:04Z</time>
   </trkpt>
   <trkpt lat="47.6356640" lon="13.7716630">
    <ele>718.6</ele>
    <time>2026-06-13T08:33:05Z</time>
   </trkpt>
   <trkpt lat="47.6356630" lon="13.7716860">
    <ele>718.6</ele>
    <time>2026-06-13T08:33:06Z</time>
   </trkpt>
   <trkpt lat="47.6356740" lon="13.7717420">
    <ele>718.7</ele>
    <time>2026-06-13T08:33:07Z</time>
   </trkpt>
   <trkpt lat="47.6356630" lon="13.7717830">
    <ele>718.7</ele>
    <time>2026-06-13T08:33:08Z</time>
   </trkpt>
   <trkpt lat="47.6356620" lon="13.7717980">
    <ele>718.7</ele>
    <time>2026-06-13T08:33:09Z</time>
   </trkpt>
   <trkpt lat="47.6356810" lon="13.7718080">
    <ele>718.7</ele>
    <time>2026-06-13T08:33:10Z</time>
   </trkpt>
   <trkpt lat="47.6356900" lon="13.7718310">
    <ele>718.7</ele>
    <time>2026-06-13T08:33:11Z</time>
   </trkpt>
   <trkpt lat="47.6356780" lon="13.7718710">
    <ele>718.7</ele>
    <time>2026-06-13T08:33:12Z</time>
   </trkpt>
   <trkpt lat="47.6356880" lon="13.7719140">
    <ele>718.7</ele>
    <time>2026-06-13T08:33:13Z</time>
   </trkpt>
   <trkpt lat="47.6356880" lon="13.7719600">
    <ele>718.7</ele>
    <time>2026-06-13T08:33:14Z</time>
   </trkpt>
   <trkpt lat="47.6356960" lon="13.7719890">
    <ele>718.6</ele>
    <time>2026-06-13T08:33:15Z</time>
   </trkpt>
   <trkpt lat="47.6357030" lon="13.7720020">
    <ele>718.6</ele>
    <time>2026-06-13T08:33:16Z</time>
   </trkpt>
   <trkpt lat="47.6357110" lon="13.7720150">
    <ele>718.6</ele>
    <time>2026-06-13T08:33:17Z</time>
   </trkpt>
   <trkpt lat="47.6357190" lon="13.7720560">
    <ele>718.6</ele>
    <time>2026-06-13T08:33:18Z</time>
   </trkpt>
   <trkpt lat="47.6357220" lon="13.7720870">
    <ele>718.6</ele>
    <time>2026-06-13T08:33:19Z</time>
   </trkpt>
   <trkpt lat="47.6357110" lon="13.7721050">
    <ele>718.5</ele>
    <time>2026-06-13T08:33:20Z</time>
   </trkpt>
   <trkpt lat="47.6357120" lon="13.7721340">
    <ele>718.5</ele>
    <time>2026-06-13T08:33:21Z</time>
   </trkpt>
   <trkpt lat="47.6357080" lon="13.7721670">
    <ele>718.5</ele>
    <time>2026-06-13T08:33:22Z</time>
   </trkpt>
   <trkpt lat="47.6357150" lon="13.7722090">
    <ele>718.5</ele>
    <time>2026-06-13T08:33:23Z</time>
   </trkpt>
   <trkpt lat="47.6357170" lon="13.7722250">
    <ele>718.5</ele>
    <time>2026-06-13T08:33:24Z</time>
   </trkpt>
   <trkpt lat="47.6357230" lon="13.7722910">
    <ele>718.5</ele>
    <time>2026-06-13T08:33:25Z</time>
   </trkpt>
   <trkpt lat="47.6356760" lon="13.7723050">
    <ele>718.4</ele>
    <time>2026-06-13T08:33:26Z</time>
   </trkpt>
   <trkpt lat="47.6356560" lon="13.7723330">
    <ele>718.4</ele>
    <time>2026-06-13T08:33:27Z</time>
   </trkpt>
   <trkpt lat="47.6356450" lon="13.7723650">
    <ele>718.4</ele>
    <time>2026-06-13T08:33:28Z</time>
   </trkpt>
   <trkpt lat="47.6356420" lon="13.7723840">
    <ele>718.4</ele>
    <time>2026-06-13T08:33:29Z</time>
   </trkpt>
   <trkpt lat="47.6356520" lon="13.7724280">
    <ele>718.4</ele>
    <time>2026-06-13T08:33:30Z</time>
   </trkpt>
   <trkpt lat="47.6356420" lon="13.7724810">
    <ele>718.4</ele>
    <time>2026-06-13T08:33:31Z</time>
   </trkpt>
   <trkpt lat="47.6356330" lon="13.7725010">
    <ele>718.4</ele>
    <time>2026-06-13T08:33:32Z</time>
   </trkpt>
   <trkpt lat="47.6356370" lon="13.7725400">
    <ele>718.4</ele>
    <time>2026-06-13T08:33:33Z</time>
   </trkpt>
   <trkpt lat="47.6356410" lon="13.7725590">
    <ele>718.4</ele>
    <time>2026-06-13T08:33:34Z</time>
   </trkpt>
   <trkpt lat="47.6356370" lon="13.7726040">
    <ele>718.4</ele>
    <time>2026-06-13T08:33:35Z</time>
   </trkpt>
   <trkpt lat="47.6356330" lon="13.7726500">
    <ele>718.4</ele>
    <time>2026-06-13T08:33:36Z</time>
   </trkpt>
   <trkpt lat="47.6356300" lon="13.7726840">
    <ele>718.4</ele>
    <time>2026-06-13T08:33:37Z</time>
   </trkpt>
   <trkpt lat="47.6356260" lon="13.7727030">
    <ele>718.4</ele>
    <time>2026-06-13T08:33:38Z</time>
   </trkpt>
   <trkpt lat="47.6356200" lon="13.7727540">
    <ele>718.4</ele>
    <time>2026-06-13T08:33:39Z</time>
   </trkpt>
   <trkpt lat="47.6356210" lon="13.7727750">
    <ele>718.4</ele>
    <time>2026-06-13T08:33:40Z</time>
   </trkpt>
   <trkpt lat="47.6356220" lon="13.7728250">
    <ele>718.5</ele>
    <time>2026-06-13T08:33:41Z</time>
   </trkpt>
   <trkpt lat="47.6356290" lon="13.7728520">
    <ele>718.5</ele>
    <time>2026-06-13T08:33:42Z</time>
   </trkpt>
   <trkpt lat="47.6356360" lon="13.7728730">
    <ele>718.5</ele>
    <time>2026-06-13T08:33:43Z</time>
   </trkpt>
   <trkpt lat="47.6356290" lon="13.7729120">
    <ele>718.5</ele>
    <time>2026-06-13T08:33:44Z</time>
   </trkpt>
   <trkpt lat="47.6356330" lon="13.7729590">
    <ele>718.6</ele>
    <time>2026-06-13T08:33:45Z</time>
   </trkpt>
   <trkpt lat="47.6356370" lon="13.7729770">
    <ele>718.6</ele>
    <time>2026-06-13T08:33:46Z</time>
   </trkpt>
   <trkpt lat="47.6356350" lon="13.7730300">
    <ele>718.6</ele>
    <time>2026-06-13T08:33:47Z</time>
   </trkpt>
   <trkpt lat="47.6356300" lon="13.7730510">
    <ele>718.6</ele>
    <time>2026-06-13T08:33:48Z</time>
   </trkpt>
   <trkpt lat="47.6356380" lon="13.7730820">
    <ele>718.6</ele>
    <time>2026-06-13T08:33:49Z</time>
   </trkpt>
   <trkpt lat="47.6356480" lon="13.7730910">
    <ele>718.5</ele>
    <time>2026-06-13T08:33:50Z</time>
   </trkpt>
   <trkpt lat="47.6356570" lon="13.7731350">
    <ele>718.5</ele>
    <time>2026-06-13T08:33:51Z</time>
   </trkpt>
   <trkpt lat="47.6356570" lon="13.7731530">
    <ele>718.5</ele>
    <time>2026-06-13T08:33:52Z</time>
   </trkpt>
   <trkpt lat="47.6356510" lon="13.7731990">
    <ele>718.5</ele>
    <time>2026-06-13T08:33:53Z</time>
   </trkpt>
   <trkpt lat="47.6356500" lon="13.7732200">
    <ele>718.4</ele>
    <time>2026-06-13T08:33:54Z</time>
   </trkpt>
   <trkpt lat="47.6356500" lon="13.7732700">
    <ele>718.4</ele>
    <time>2026-06-13T08:33:55Z</time>
   </trkpt>
   <trkpt lat="47.6356480" lon="13.7732860">
    <ele>718.4</ele>
    <time>2026-06-13T08:33:56Z</time>
   </trkpt>
   <trkpt lat="47.6356340" lon="13.7733110">
    <ele>718.4</ele>
    <time>2026-06-13T08:33:57Z</time>
   </trkpt>
   <trkpt lat="47.6356200" lon="13.7733100">
    <ele>718.3</ele>
    <time>2026-06-13T08:33:58Z</time>
   </trkpt>
   <trkpt lat="47.6356040" lon="13.7733520">
    <ele>718.3</ele>
    <time>2026-06-13T08:33:59Z</time>
   </trkpt>
   <trkpt lat="47.6355900" lon="13.7733910">
    <ele>718.3</ele>
    <time>2026-06-13T08:34:00Z</time>
   </trkpt>
   <trkpt lat="47.6355730" lon="13.7734340">
    <ele>718.3</ele>
    <time>2026-06-13T08:34:01Z</time>
   </trkpt>
   <trkpt lat="47.6355710" lon="13.7734440">
    <ele>718.3</ele>
    <time>2026-06-13T08:34:02Z</time>
   </trkpt>
   <trkpt lat="47.6355640" lon="13.7735110">
    <ele>718.3</ele>
    <time>2026-06-13T08:34:03Z</time>
   </trkpt>
   <trkpt lat="47.6355610" lon="13.7735430">
    <ele>718.4</ele>
    <time>2026-06-13T08:34:04Z</time>
   </trkpt>
   <trkpt lat="47.6355590" lon="13.7735770">
    <ele>718.4</ele>
    <time>2026-06-13T08:34:05Z</time>
   </trkpt>
   <trkpt lat="47.6355530" lon="13.7735940">
    <ele>718.4</ele>
    <time>2026-06-13T08:34:06Z</time>
   </trkpt>
   <trkpt lat="47.6355390" lon="13.7736320">
    <ele>718.4</ele>
    <time>2026-06-13T08:34:07Z</time>
   </trkpt>
   <trkpt lat="47.6355350" lon="13.7736540">
    <ele>718.4</ele>
    <time>2026-06-13T08:34:08Z</time>
   </trkpt>
   <trkpt lat="47.6355180" lon="13.7736910">
    <ele>718.5</ele>
    <time>2026-06-13T08:34:09Z</time>
   </trkpt>
   <trkpt lat="47.6355100" lon="13.7736990">
    <ele>718.5</ele>
    <time>2026-06-13T08:34:10Z</time>
   </trkpt>
   <trkpt lat="47.6354910" lon="13.7737370">
    <ele>718.5</ele>
    <time>2026-06-13T08:34:11Z</time>
   </trkpt>
   <trkpt lat="47.6354860" lon="13.7737500">
    <ele>718.5</ele>
    <time>2026-06-13T08:34:12Z</time>
   </trkpt>
   <trkpt lat="47.6354630" lon="13.7737750">
    <ele>718.6</ele>
    <time>2026-06-13T08:34:13Z</time>
   </trkpt>
   <trkpt lat="47.6354570" lon="13.7737910">
    <ele>718.6</ele>
    <time>2026-06-13T08:34:14Z</time>
   </trkpt>
   <trkpt lat="47.6354440" lon="13.7738320">
    <ele>718.6</ele>
    <time>2026-06-13T08:34:15Z</time>
   </trkpt>
   <trkpt lat="47.6354380" lon="13.7738490">
    <ele>718.6</ele>
    <time>2026-06-13T08:34:16Z</time>
   </trkpt>
   <trkpt lat="47.6354290" lon="13.7738880">
    <ele>718.6</ele>
    <time>2026-06-13T08:34:17Z</time>
   </trkpt>
   <trkpt lat="47.6354040" lon="13.7738680">
    <ele>718.7</ele>
    <time>2026-06-13T08:34:18Z</time>
   </trkpt>
   <trkpt lat="47.6353860" lon="13.7738960">
    <ele>718.7</ele>
    <time>2026-06-13T08:34:19Z</time>
   </trkpt>
   <trkpt lat="47.6353790" lon="13.7739110">
    <ele>718.7</ele>
    <time>2026-06-13T08:34:20Z</time>
   </trkpt>
   <trkpt lat="47.6353680" lon="13.7739520">
    <ele>718.7</ele>
    <time>2026-06-13T08:34:21Z</time>
   </trkpt>
   <trkpt lat="47.6353620" lon="13.7739620">
    <ele>718.7</ele>
    <time>2026-06-13T08:34:22Z</time>
   </trkpt>
   <trkpt lat="47.6353330" lon="13.7739890">
    <ele>718.8</ele>
    <time>2026-06-13T08:34:23Z</time>
   </trkpt>
   <trkpt lat="47.6353210" lon="13.7740040">
    <ele>718.8</ele>
    <time>2026-06-13T08:34:24Z</time>
   </trkpt>
   <trkpt lat="47.6353090" lon="13.7740490">
    <ele>718.8</ele>
    <time>2026-06-13T08:34:25Z</time>
   </trkpt>
   <trkpt lat="47.6353020" lon="13.7740580">
    <ele>718.8</ele>
    <time>2026-06-13T08:34:26Z</time>
   </trkpt>
   <trkpt lat="47.6352840" lon="13.7740640">
    <ele>718.8</ele>
    <time>2026-06-13T08:34:27Z</time>
   </trkpt>
   <trkpt lat="47.6352620" lon="13.7740910">
    <ele>718.8</ele>
    <time>2026-06-13T08:34:28Z</time>
   </trkpt>
   <trkpt lat="47.6352550" lon="13.7741000">
    <ele>718.8</ele>
    <time>2026-06-13T08:34:29Z</time>
   </trkpt>
   <trkpt lat="47.6352500" lon="13.7741100">
    <ele>718.8</ele>
    <time>2026-06-13T08:34:30Z</time>
   </trkpt>
   <trkpt lat="47.6352350" lon="13.7741420">
    <ele>718.7</ele>
    <time>2026-06-13T08:34:31Z</time>
   </trkpt>
   <trkpt lat="47.6352060" lon="13.7741690">
    <ele>718.7</ele>
    <time>2026-06-13T08:34:32Z</time>
   </trkpt>
   <trkpt lat="47.6351970" lon="13.7741810">
    <ele>718.7</ele>
    <time>2026-06-13T08:34:33Z</time>
   </trkpt>
   <trkpt lat="47.6351900" lon="13.7741900">
    <ele>718.7</ele>
    <time>2026-06-13T08:34:34Z</time>
   </trkpt>
   <trkpt lat="47.6351700" lon="13.7742120">
    <ele>718.7</ele>
    <time>2026-06-13T08:34:35Z</time>
   </trkpt>
   <trkpt lat="47.6351460" lon="13.7742440">
    <ele>718.7</ele>
    <time>2026-06-13T08:34:36Z</time>
   </trkpt>
   <trkpt lat="47.6351350" lon="13.7742540">
    <ele>718.7</ele>
    <time>2026-06-13T08:34:37Z</time>
   </trkpt>
   <trkpt lat="47.6351090" lon="13.7742870">
    <ele>718.7</ele>
    <time>2026-06-13T08:34:38Z</time>
   </trkpt>
   <trkpt lat="47.6351040" lon="13.7743020">
    <ele>718.7</ele>
    <time>2026-06-13T08:34:39Z</time>
   </trkpt>
   <trkpt lat="47.6350980" lon="13.7743220">
    <ele>718.7</ele>
    <time>2026-06-13T08:34:40Z</time>
   </trkpt>
   <trkpt lat="47.6350870" lon="13.7743380">
    <ele>718.7</ele>
    <time>2026-06-13T08:34:41Z</time>
   </trkpt>
   <trkpt lat="47.6350640" lon="13.7743620">
    <ele>718.7</ele>
    <time>2026-06-13T08:34:42Z</time>
   </trkpt>
   <trkpt lat="47.6350450" lon="13.7744150">
    <ele>718.7</ele>
    <time>2026-06-13T08:34:43Z</time>
   </trkpt>
   <trkpt lat="47.6350260" lon="13.7744640">
    <ele>718.8</ele>
    <time>2026-06-13T08:34:44Z</time>
   </trkpt>
   <trkpt lat="47.6350150" lon="13.7744880">
    <ele>718.8</ele>
    <time>2026-06-13T08:34:45Z</time>
   </trkpt>
   <trkpt lat="47.6349970" lon="13.7745320">
    <ele>718.8</ele>
    <time>2026-06-13T08:34:47Z</time>
   </trkpt>
   <trkpt lat="47.6349920" lon="13.7745420">
    <ele>718.8</ele>
    <time>2026-06-13T08:34:48Z</time>
   </trkpt>
   <trkpt lat="47.6349590" lon="13.7744960">
    <ele>718.9</ele>
    <time>2026-06-13T08:34:49Z</time>
   </trkpt>
   <trkpt lat="47.6349280" lon="13.7745250">
    <ele>718.9</ele>
    <time>2026-06-13T08:34:50Z</time>
   </trkpt>
   <trkpt lat="47.6349360" lon="13.7745860">
    <ele>718.9</ele>
    <time>2026-06-13T08:34:51Z</time>
   </trkpt>
   <trkpt lat="47.6349350" lon="13.7746080">
    <ele>719.0</ele>
    <time>2026-06-13T08:34:52Z</time>
   </trkpt>
   <trkpt lat="47.6349390" lon="13.7746140">
    <ele>719.0</ele>
    <time>2026-06-13T08:34:53Z</time>
   </trkpt>
   <trkpt lat="47.6349370" lon="13.7746340">
    <ele>719.0</ele>
    <time>2026-06-13T08:34:54Z</time>
   </trkpt>
   <trkpt lat="47.6349140" lon="13.7746720">
    <ele>719.0</ele>
    <time>2026-06-13T08:34:55Z</time>
   </trkpt>
   <trkpt lat="47.6349090" lon="13.7746870">
    <ele>719.0</ele>
    <time>2026-06-13T08:34:56Z</time>
   </trkpt>
   <trkpt lat="47.6348890" lon="13.7747300">
    <ele>719.0</ele>
    <time>2026-06-13T08:34:57Z</time>
   </trkpt>
   <trkpt lat="47.6348810" lon="13.7747510">
    <ele>719.0</ele>
    <time>2026-06-13T08:34:58Z</time>
   </trkpt>
   <trkpt lat="47.6348670" lon="13.7748000">
    <ele>718.9</ele>
    <time>2026-06-13T08:34:59Z</time>
   </trkpt>
   <trkpt lat="47.6348590" lon="13.7748170">
    <ele>718.9</ele>
    <time>2026-06-13T08:35:00Z</time>
   </trkpt>
   <trkpt lat="47.6348350" lon="13.7748790">
    <ele>718.9</ele>
    <time>2026-06-13T08:35:01Z</time>
   </trkpt>
   <trkpt lat="47.6348170" lon="13.7749100">
    <ele>718.9</ele>
    <time>2026-06-13T08:35:02Z</time>
   </trkpt>
   <trkpt lat="47.6348010" lon="13.7749210">
    <ele>718.8</ele>
    <time>2026-06-13T08:35:03Z</time>
   </trkpt>
   <trkpt lat="47.6347960" lon="13.7749410">
    <ele>718.8</ele>
    <time>2026-06-13T08:35:04Z</time>
   </trkpt>
   <trkpt lat="47.6347900" lon="13.7749600">
    <ele>718.8</ele>
    <time>2026-06-13T08:35:05Z</time>
   </trkpt>
   <trkpt lat="47.6347700" lon="13.7749890">
    <ele>718.8</ele>
    <time>2026-06-13T08:35:06Z</time>
   </trkpt>
   <trkpt lat="47.6347570" lon="13.7750420">
    <ele>718.8</ele>
    <time>2026-06-13T08:35:07Z</time>
   </trkpt>
   <trkpt lat="47.6347530" lon="13.7750670">
    <ele>718.8</ele>
    <time>2026-06-13T08:35:08Z</time>
   </trkpt>
   <trkpt lat="47.6347260" lon="13.7750870">
    <ele>718.8</ele>
    <time>2026-06-13T08:35:09Z</time>
   </trkpt>
   <trkpt lat="47.6347080" lon="13.7751280">
    <ele>718.8</ele>
    <time>2026-06-13T08:35:10Z</time>
   </trkpt>
   <trkpt lat="47.6347020" lon="13.7751350">
    <ele>718.8</ele>
    <time>2026-06-13T08:35:11Z</time>
   </trkpt>
   <trkpt lat="47.6346870" lon="13.7751680">
    <ele>718.9</ele>
    <time>2026-06-13T08:35:12Z</time>
   </trkpt>
   <trkpt lat="47.6346800" lon="13.7751920">
    <ele>718.9</ele>
    <time>2026-06-13T08:35:13Z</time>
   </trkpt>
   <trkpt lat="47.6346710" lon="13.7752330">
    <ele>718.9</ele>
    <time>2026-06-13T08:35:14Z</time>
   </trkpt>
   <trkpt lat="47.6346610" lon="13.7752870">
    <ele>718.9</ele>
    <time>2026-06-13T08:35:15Z</time>
   </trkpt>
   <trkpt lat="47.6346610" lon="13.7753070">
    <ele>718.9</ele>
    <time>2026-06-13T08:35:16Z</time>
   </trkpt>
   <trkpt lat="47.6346520" lon="13.7753450">
    <ele>718.9</ele>
    <time>2026-06-13T08:35:17Z</time>
   </trkpt>
   <trkpt lat="47.6346350" lon="13.7753770">
    <ele>718.9</ele>
    <time>2026-06-13T08:35:18Z</time>
   </trkpt>
   <trkpt lat="47.6346480" lon="13.7754130">
    <ele>718.9</ele>
    <time>2026-06-13T08:35:19Z</time>
   </trkpt>
   <trkpt lat="47.6346660" lon="13.7754300">
    <ele>718.8</ele>
    <time>2026-06-13T08:35:20Z</time>
   </trkpt>
   <trkpt lat="47.6346580" lon="13.7754840">
    <ele>718.7</ele>
    <time>2026-06-13T08:35:21Z</time>
   </trkpt>
   <trkpt lat="47.6346510" lon="13.7755000">
    <ele>718.7</ele>
    <time>2026-06-13T08:35:22Z</time>
   </trkpt>
   <trkpt lat="47.6346440" lon="13.7755300">
    <ele>718.6</ele>
    <time>2026-06-13T08:35:23Z</time>
   </trkpt>
   <trkpt lat="47.6346540" lon="13.7755760">
    <ele>718.5</ele>
    <time>2026-06-13T08:35:24Z</time>
   </trkpt>
   <trkpt lat="47.6346570" lon="13.7756030">
    <ele>718.4</ele>
    <time>2026-06-13T08:35:25Z</time>
   </trkpt>
   <trkpt lat="47.6346530" lon="13.7756580">
    <ele>718.2</ele>
    <time>2026-06-13T08:35:26Z</time>
   </trkpt>
   <trkpt lat="47.6346510" lon="13.7756740">
    <ele>718.2</ele>
    <time>2026-06-13T08:35:27Z</time>
   </trkpt>
   <trkpt lat="47.6346730" lon="13.7757300">
    <ele>717.9</ele>
    <time>2026-06-13T08:35:28Z</time>
   </trkpt>
   <trkpt lat="47.6346620" lon="13.7757370">
    <ele>717.8</ele>
    <time>2026-06-13T08:35:29Z</time>
   </trkpt>
   <trkpt lat="47.6346560" lon="13.7757690">
    <ele>717.7</ele>
    <time>2026-06-13T08:35:30Z</time>
   </trkpt>
   <trkpt lat="47.6346370" lon="13.7758130">
    <ele>717.5</ele>
    <time>2026-06-13T08:35:31Z</time>
   </trkpt>
   <trkpt lat="47.6346340" lon="13.7758290">
    <ele>717.4</ele>
    <time>2026-06-13T08:35:32Z</time>
   </trkpt>
   <trkpt lat="47.6346370" lon="13.7758880">
    <ele>717.1</ele>
    <time>2026-06-13T08:35:33Z</time>
   </trkpt>
   <trkpt lat="47.6346360" lon="13.7759150">
    <ele>717.0</ele>
    <time>2026-06-13T08:35:34Z</time>
   </trkpt>
   <trkpt lat="47.6346350" lon="13.7759650">
    <ele>716.8</ele>
    <time>2026-06-13T08:35:35Z</time>
   </trkpt>
   <trkpt lat="47.6346310" lon="13.7759840">
    <ele>716.7</ele>
    <time>2026-06-13T08:35:36Z</time>
   </trkpt>
   <trkpt lat="47.6346200" lon="13.7760210">
    <ele>716.6</ele>
    <time>2026-06-13T08:35:37Z</time>
   </trkpt>
   <trkpt lat="47.6346130" lon="13.7760370">
    <ele>716.5</ele>
    <time>2026-06-13T08:35:38Z</time>
   </trkpt>
   <trkpt lat="47.6345880" lon="13.7760710">
    <ele>716.4</ele>
    <time>2026-06-13T08:35:39Z</time>
   </trkpt>
   <trkpt lat="47.6345820" lon="13.7760830">
    <ele>716.4</ele>
    <time>2026-06-13T08:35:40Z</time>
   </trkpt>
   <trkpt lat="47.6345740" lon="13.7761310">
    <ele>716.3</ele>
    <time>2026-06-13T08:35:41Z</time>
   </trkpt>
   <trkpt lat="47.6345720" lon="13.7761480">
    <ele>716.3</ele>
    <time>2026-06-13T08:35:42Z</time>
   </trkpt>
   <trkpt lat="47.6345620" lon="13.7761860">
    <ele>716.2</ele>
    <time>2026-06-13T08:35:43Z</time>
   </trkpt>
   <trkpt lat="47.6345590" lon="13.7762340">
    <ele>716.2</ele>
    <time>2026-06-13T08:35:44Z</time>
   </trkpt>
   <trkpt lat="47.6345580" lon="13.7762530">
    <ele>716.1</ele>
    <time>2026-06-13T08:35:45Z</time>
   </trkpt>
   <trkpt lat="47.6345490" lon="13.7763040">
    <ele>716.1</ele>
    <time>2026-06-13T08:35:46Z</time>
   </trkpt>
   <trkpt lat="47.6345420" lon="13.7763170">
    <ele>716.1</ele>
    <time>2026-06-13T08:35:47Z</time>
   </trkpt>
   <trkpt lat="47.6345270" lon="13.7763630">
    <ele>716.1</ele>
    <time>2026-06-13T08:35:48Z</time>
   </trkpt>
   <trkpt lat="47.6345280" lon="13.7763840">
    <ele>716.1</ele>
    <time>2026-06-13T08:35:49Z</time>
   </trkpt>
   <trkpt lat="47.6345390" lon="13.7764230">
    <ele>716.1</ele>
    <time>2026-06-13T08:35:50Z</time>
   </trkpt>
   <trkpt lat="47.6345400" lon="13.7764400">
    <ele>716.2</ele>
    <time>2026-06-13T08:35:51Z</time>
   </trkpt>
   <trkpt lat="47.6345170" lon="13.7764670">
    <ele>716.3</ele>
    <time>2026-06-13T08:35:52Z</time>
   </trkpt>
   <trkpt lat="47.6345170" lon="13.7765200">
    <ele>716.4</ele>
    <time>2026-06-13T08:35:53Z</time>
   </trkpt>
   <trkpt lat="47.6345070" lon="13.7765430">
    <ele>716.5</ele>
    <time>2026-06-13T08:35:54Z</time>
   </trkpt>
   <trkpt lat="47.6345030" lon="13.7765690">
    <ele>716.6</ele>
    <time>2026-06-13T08:35:55Z</time>
   </trkpt>
   <trkpt lat="47.6345020" lon="13.7766220">
    <ele>716.8</ele>
    <time>2026-06-13T08:35:56Z</time>
   </trkpt>
   <trkpt lat="47.6345040" lon="13.7766390">
    <ele>716.9</ele>
    <time>2026-06-13T08:35:57Z</time>
   </trkpt>
   <trkpt lat="47.6345000" lon="13.7766600">
    <ele>717.0</ele>
    <time>2026-06-13T08:35:58Z</time>
   </trkpt>
   <trkpt lat="47.6344900" lon="13.7766890">
    <ele>717.2</ele>
    <time>2026-06-13T08:35:59Z</time>
   </trkpt>
   <trkpt lat="47.6344890" lon="13.7767050">
    <ele>717.3</ele>
    <time>2026-06-13T08:36:00Z</time>
   </trkpt>
   <trkpt lat="47.6344900" lon="13.7767290">
    <ele>717.4</ele>
    <time>2026-06-13T08:36:01Z</time>
   </trkpt>
   <trkpt lat="47.6344940" lon="13.7767740">
    <ele>717.7</ele>
    <time>2026-06-13T08:36:02Z</time>
   </trkpt>
   <trkpt lat="47.6344930" lon="13.7767920">
    <ele>717.7</ele>
    <time>2026-06-13T08:36:03Z</time>
   </trkpt>
   <trkpt lat="47.6345050" lon="13.7768460">
    <ele>718.0</ele>
    <time>2026-06-13T08:36:04Z</time>
   </trkpt>
   <trkpt lat="47.6345080" lon="13.7768670">
    <ele>718.1</ele>
    <time>2026-06-13T08:36:05Z</time>
   </trkpt>
   <trkpt lat="47.6344920" lon="13.7768930">
    <ele>718.3</ele>
    <time>2026-06-13T08:36:06Z</time>
   </trkpt>
   <trkpt lat="47.6344930" lon="13.7769110">
    <ele>718.3</ele>
    <time>2026-06-13T08:36:07Z</time>
   </trkpt>
   <trkpt lat="47.6344970" lon="13.7769620">
    <ele>718.5</ele>
    <time>2026-06-13T08:36:08Z</time>
   </trkpt>
   <trkpt lat="47.6344980" lon="13.7769770">
    <ele>718.5</ele>
    <time>2026-06-13T08:36:09Z</time>
   </trkpt>
   <trkpt lat="47.6345050" lon="13.7770230">
    <ele>718.7</ele>
    <time>2026-06-13T08:36:10Z</time>
   </trkpt>
   <trkpt lat="47.6345040" lon="13.7770380">
    <ele>718.7</ele>
    <time>2026-06-13T08:36:11Z</time>
   </trkpt>
   <trkpt lat="47.6345020" lon="13.7770810">
    <ele>718.8</ele>
    <time>2026-06-13T08:36:12Z</time>
   </trkpt>
   <trkpt lat="47.6345000" lon="13.7770920">
    <ele>718.8</ele>
    <time>2026-06-13T08:36:13Z</time>
   </trkpt>
   <trkpt lat="47.6345000" lon="13.7771150">
    <ele>718.9</ele>
    <time>2026-06-13T08:36:14Z</time>
   </trkpt>
   <trkpt lat="47.6345010" lon="13.7771360">
    <ele>718.9</ele>
    <time>2026-06-13T08:36:15Z</time>
   </trkpt>
   <trkpt lat="47.6345110" lon="13.7771770">
    <ele>719.0</ele>
    <time>2026-06-13T08:36:16Z</time>
   </trkpt>
   <trkpt lat="47.6345060" lon="13.7772180">
    <ele>719.0</ele>
    <time>2026-06-13T08:36:17Z</time>
   </trkpt>
   <trkpt lat="47.6344970" lon="13.7772190">
    <ele>719.0</ele>
    <time>2026-06-13T08:36:18Z</time>
   </trkpt>
   <trkpt lat="47.6344920" lon="13.7772380">
    <ele>719.0</ele>
    <time>2026-06-13T08:36:19Z</time>
   </trkpt>
   <trkpt lat="47.6344990" lon="13.7772560">
    <ele>719.0</ele>
    <time>2026-06-13T08:36:20Z</time>
   </trkpt>
   <trkpt lat="47.6345100" lon="13.7772930">
    <ele>719.1</ele>
    <time>2026-06-13T08:36:21Z</time>
   </trkpt>
   <trkpt lat="47.6345180" lon="13.7773330">
    <ele>719.1</ele>
    <time>2026-06-13T08:36:22Z</time>
   </trkpt>
   <trkpt lat="47.6345190" lon="13.7773800">
    <ele>719.1</ele>
    <time>2026-06-13T08:36:23Z</time>
   </trkpt>
   <trkpt lat="47.6345270" lon="13.7774280">
    <ele>719.1</ele>
    <time>2026-06-13T08:36:24Z</time>
   </trkpt>
   <trkpt lat="47.6345300" lon="13.7774470">
    <ele>719.1</ele>
    <time>2026-06-13T08:36:25Z</time>
   </trkpt>
   <trkpt lat="47.6345550" lon="13.7774640">
    <ele>719.1</ele>
    <time>2026-06-13T08:36:26Z</time>
   </trkpt>
   <trkpt lat="47.6345610" lon="13.7775100">
    <ele>719.1</ele>
    <time>2026-06-13T08:36:27Z</time>
   </trkpt>
   <trkpt lat="47.6345610" lon="13.7775600">
    <ele>719.1</ele>
    <time>2026-06-13T08:36:28Z</time>
   </trkpt>
   <trkpt lat="47.6345630" lon="13.7775770">
    <ele>719.1</ele>
    <time>2026-06-13T08:36:29Z</time>
   </trkpt>
   <trkpt lat="47.6345600" lon="13.7776010">
    <ele>719.1</ele>
    <time>2026-06-13T08:36:30Z</time>
   </trkpt>
   <trkpt lat="47.6345700" lon="13.7776290">
    <ele>719.1</ele>
    <time>2026-06-13T08:36:31Z</time>
   </trkpt>
   <trkpt lat="47.6345690" lon="13.7776820">
    <ele>719.1</ele>
    <time>2026-06-13T08:36:32Z</time>
   </trkpt>
   <trkpt lat="47.6345710" lon="13.7777050">
    <ele>719.1</ele>
    <time>2026-06-13T08:36:33Z</time>
   </trkpt>
   <trkpt lat="47.6345790" lon="13.7777520">
    <ele>719.1</ele>
    <time>2026-06-13T08:36:34Z</time>
   </trkpt>
   <trkpt lat="47.6345810" lon="13.7777680">
    <ele>719.2</ele>
    <time>2026-06-13T08:36:35Z</time>
   </trkpt>
   <trkpt lat="47.6345800" lon="13.7777900">
    <ele>719.2</ele>
    <time>2026-06-13T08:36:36Z</time>
   </trkpt>
   <trkpt lat="47.6345800" lon="13.7778090">
    <ele>719.2</ele>
    <time>2026-06-13T08:36:37Z</time>
   </trkpt>
   <trkpt lat="47.6345790" lon="13.7778290">
    <ele>719.2</ele>
    <time>2026-06-13T08:36:38Z</time>
   </trkpt>
   <trkpt lat="47.6345780" lon="13.7778790">
    <ele>719.3</ele>
    <time>2026-06-13T08:36:39Z</time>
   </trkpt>
   <trkpt lat="47.6345870" lon="13.7779180">
    <ele>719.4</ele>
    <time>2026-06-13T08:36:40Z</time>
   </trkpt>
   <trkpt lat="47.6345770" lon="13.7779210">
    <ele>719.4</ele>
    <time>2026-06-13T08:36:41Z</time>
   </trkpt>
   <trkpt lat="47.6345870" lon="13.7779420">
    <ele>719.5</ele>
    <time>2026-06-13T08:36:42Z</time>
   </trkpt>
   <trkpt lat="47.6345890" lon="13.7779700">
    <ele>719.5</ele>
    <time>2026-06-13T08:36:43Z</time>
   </trkpt>
   <trkpt lat="47.6345960" lon="13.7780130">
    <ele>719.6</ele>
    <time>2026-06-13T08:36:44Z</time>
   </trkpt>
   <trkpt lat="47.6345990" lon="13.7780310">
    <ele>719.7</ele>
    <time>2026-06-13T08:36:45Z</time>
   </trkpt>
   <trkpt lat="47.6345980" lon="13.7780760">
    <ele>719.7</ele>
    <time>2026-06-13T08:36:46Z</time>
   </trkpt>
   <trkpt lat="47.6345970" lon="13.7780910">
    <ele>719.7</ele>
    <time>2026-06-13T08:36:47Z</time>
   </trkpt>
   <trkpt lat="47.6345920" lon="13.7781360">
    <ele>719.8</ele>
    <time>2026-06-13T08:36:48Z</time>
   </trkpt>
   <trkpt lat="47.6345920" lon="13.7781480">
    <ele>719.8</ele>
    <time>2026-06-13T08:36:49Z</time>
   </trkpt>
   <trkpt lat="47.6345950" lon="13.7781950">
    <ele>719.8</ele>
    <time>2026-06-13T08:36:50Z</time>
   </trkpt>
   <trkpt lat="47.6345930" lon="13.7782100">
    <ele>719.9</ele>
    <time>2026-06-13T08:36:51Z</time>
   </trkpt>
   <trkpt lat="47.6345930" lon="13.7782630">
    <ele>719.9</ele>
    <time>2026-06-13T08:36:53Z</time>
   </trkpt>
   <trkpt lat="47.6346010" lon="13.7782820">
    <ele>719.9</ele>
    <time>2026-06-13T08:36:54Z</time>
   </trkpt>
   <trkpt lat="47.6346060" lon="13.7783330">
    <ele>720.0</ele>
    <time>2026-06-13T08:36:55Z</time>
   </trkpt>
   <trkpt lat="47.6346070" lon="13.7783510">
    <ele>720.0</ele>
    <time>2026-06-13T08:36:56Z</time>
   </trkpt>
   <trkpt lat="47.6345950" lon="13.7783920">
    <ele>720.1</ele>
    <time>2026-06-13T08:36:57Z</time>
   </trkpt>
   <trkpt lat="47.6346140" lon="13.7784200">
    <ele>720.1</ele>
    <time>2026-06-13T08:36:58Z</time>
   </trkpt>
   <trkpt lat="47.6346030" lon="13.7784620">
    <ele>720.1</ele>
    <time>2026-06-13T08:36:59Z</time>
   </trkpt>
   <trkpt lat="47.6345950" lon="13.7785020">
    <ele>720.2</ele>
    <time>2026-06-13T08:37:00Z</time>
   </trkpt>
   <trkpt lat="47.6345810" lon="13.7785600">
    <ele>720.3</ele>
    <time>2026-06-13T08:37:01Z</time>
   </trkpt>
   <trkpt lat="47.6345760" lon="13.7785760">
    <ele>720.3</ele>
    <time>2026-06-13T08:37:02Z</time>
   </trkpt>
   <trkpt lat="47.6345780" lon="13.7786020">
    <ele>720.3</ele>
    <time>2026-06-13T08:37:03Z</time>
   </trkpt>
   <trkpt lat="47.6345820" lon="13.7786480">
    <ele>720.4</ele>
    <time>2026-06-13T08:37:04Z</time>
   </trkpt>
   <trkpt lat="47.6345800" lon="13.7786630">
    <ele>720.4</ele>
    <time>2026-06-13T08:37:05Z</time>
   </trkpt>
   <trkpt lat="47.6345810" lon="13.7787050">
    <ele>720.5</ele>
    <time>2026-06-13T08:37:06Z</time>
   </trkpt>
   <trkpt lat="47.6345600" lon="13.7787330">
    <ele>720.6</ele>
    <time>2026-06-13T08:37:07Z</time>
   </trkpt>
   <trkpt lat="47.6345480" lon="13.7787830">
    <ele>720.6</ele>
    <time>2026-06-13T08:37:08Z</time>
   </trkpt>
   <trkpt lat="47.6345460" lon="13.7787970">
    <ele>720.7</ele>
    <time>2026-06-13T08:37:09Z</time>
   </trkpt>
   <trkpt lat="47.6345650" lon="13.7788520">
    <ele>720.8</ele>
    <time>2026-06-13T08:37:10Z</time>
   </trkpt>
   <trkpt lat="47.6345750" lon="13.7788970">
    <ele>720.8</ele>
    <time>2026-06-13T08:37:11Z</time>
   </trkpt>
   <trkpt lat="47.6345900" lon="13.7789470">
    <ele>720.9</ele>
    <time>2026-06-13T08:37:12Z</time>
   </trkpt>
   <trkpt lat="47.6345920" lon="13.7789700">
    <ele>720.9</ele>
    <time>2026-06-13T08:37:13Z</time>
   </trkpt>
   <trkpt lat="47.6345900" lon="13.7790200">
    <ele>721.0</ele>
    <time>2026-06-13T08:37:14Z</time>
   </trkpt>
   <trkpt lat="47.6345910" lon="13.7790430">
    <ele>721.0</ele>
    <time>2026-06-13T08:37:15Z</time>
   </trkpt>
   <trkpt lat="47.6345970" lon="13.7790870">
    <ele>721.0</ele>
    <time>2026-06-13T08:37:16Z</time>
   </trkpt>
   <trkpt lat="47.6345960" lon="13.7791290">
    <ele>721.1</ele>
    <time>2026-06-13T08:37:17Z</time>
   </trkpt>
   <trkpt lat="47.6345970" lon="13.7791520">
    <ele>721.1</ele>
    <time>2026-06-13T08:37:18Z</time>
   </trkpt>
   <trkpt lat="47.6346040" lon="13.7791810">
    <ele>721.1</ele>
    <time>2026-06-13T08:37:19Z</time>
   </trkpt>
   <trkpt lat="47.6346110" lon="13.7792300">
    <ele>721.0</ele>
    <time>2026-06-13T08:37:20Z</time>
   </trkpt>
   <trkpt lat="47.6346150" lon="13.7792490">
    <ele>721.0</ele>
    <time>2026-06-13T08:37:21Z</time>
   </trkpt>
   <trkpt lat="47.6346280" lon="13.7793170">
    <ele>721.0</ele>
    <time>2026-06-13T08:37:22Z</time>
   </trkpt>
   <trkpt lat="47.6346360" lon="13.7793470">
    <ele>720.9</ele>
    <time>2026-06-13T08:37:23Z</time>
   </trkpt>
   <trkpt lat="47.6346490" lon="13.7793760">
    <ele>720.9</ele>
    <time>2026-06-13T08:37:24Z</time>
   </trkpt>
   <trkpt lat="47.6346560" lon="13.7793950">
    <ele>720.8</ele>
    <time>2026-06-13T08:37:25Z</time>
   </trkpt>
   <trkpt lat="47.6346620" lon="13.7794140">
    <ele>720.8</ele>
    <time>2026-06-13T08:37:26Z</time>
   </trkpt>
   <trkpt lat="47.6346550" lon="13.7794530">
    <ele>720.7</ele>
    <time>2026-06-13T08:37:27Z</time>
   </trkpt>
   <trkpt lat="47.6346740" lon="13.7794860">
    <ele>720.7</ele>
    <time>2026-06-13T08:37:28Z</time>
   </trkpt>
   <trkpt lat="47.6346770" lon="13.7795390">
    <ele>720.6</ele>
    <time>2026-06-13T08:37:29Z</time>
   </trkpt>
   <trkpt lat="47.6346770" lon="13.7795550">
    <ele>720.6</ele>
    <time>2026-06-13T08:37:30Z</time>
   </trkpt>
   <trkpt lat="47.6346900" lon="13.7795920">
    <ele>720.5</ele>
    <time>2026-06-13T08:37:31Z</time>
   </trkpt>
   <trkpt lat="47.6346960" lon="13.7796330">
    <ele>720.4</ele>
    <time>2026-06-13T08:37:32Z</time>
   </trkpt>
   <trkpt lat="47.6347140" lon="13.7796740">
    <ele>720.4</ele>
    <time>2026-06-13T08:37:33Z</time>
   </trkpt>
   <trkpt lat="47.6347130" lon="13.7796870">
    <ele>720.4</ele>
    <time>2026-06-13T08:37:34Z</time>
   </trkpt>
   <trkpt lat="47.6347040" lon="13.7797320">
    <ele>720.3</ele>
    <time>2026-06-13T08:37:35Z</time>
   </trkpt>
   <trkpt lat="47.6347000" lon="13.7797440">
    <ele>720.3</ele>
    <time>2026-06-13T08:37:36Z</time>
   </trkpt>
   <trkpt lat="47.6347110" lon="13.7798070">
    <ele>720.2</ele>
    <time>2026-06-13T08:37:37Z</time>
   </trkpt>
   <trkpt lat="47.6347320" lon="13.7798340">
    <ele>720.2</ele>
    <time>2026-06-13T08:37:38Z</time>
   </trkpt>
   <trkpt lat="47.6347470" lon="13.7798880">
    <ele>720.1</ele>
    <time>2026-06-13T08:37:39Z</time>
   </trkpt>
   <trkpt lat="47.6347550" lon="13.7799200">
    <ele>720.1</ele>
    <time>2026-06-13T08:37:40Z</time>
   </trkpt>
   <trkpt lat="47.6347660" lon="13.7799660">
    <ele>720.0</ele>
    <time>2026-06-13T08:37:41Z</time>
   </trkpt>
   <trkpt lat="47.6347570" lon="13.7800010">
    <ele>720.0</ele>
    <time>2026-06-13T08:37:42Z</time>
   </trkpt>
   <trkpt lat="47.6347620" lon="13.7800210">
    <ele>720.0</ele>
    <time>2026-06-13T08:37:43Z</time>
   </trkpt>
   <trkpt lat="47.6347980" lon="13.7800230">
    <ele>719.9</ele>
    <time>2026-06-13T08:37:44Z</time>
   </trkpt>
   <trkpt lat="47.6347870" lon="13.7800600">
    <ele>719.8</ele>
    <time>2026-06-13T08:37:45Z</time>
   </trkpt>
   <trkpt lat="47.6348130" lon="13.7800890">
    <ele>719.7</ele>
    <time>2026-06-13T08:37:46Z</time>
   </trkpt>
   <trkpt lat="47.6348220" lon="13.7800980">
    <ele>719.7</ele>
    <time>2026-06-13T08:37:47Z</time>
   </trkpt>
   <trkpt lat="47.6348540" lon="13.7801420">
    <ele>719.6</ele>
    <time>2026-06-13T08:37:48Z</time>
   </trkpt>
   <trkpt lat="47.6348820" lon="13.7801700">
    <ele>719.5</ele>
    <time>2026-06-13T08:37:49Z</time>
   </trkpt>
   <trkpt lat="47.6348730" lon="13.7802090">
    <ele>719.4</ele>
    <time>2026-06-13T08:37:50Z</time>
   </trkpt>
   <trkpt lat="47.6348760" lon="13.7802380">
    <ele>719.4</ele>
    <time>2026-06-13T08:37:51Z</time>
   </trkpt>
   <trkpt lat="47.6348860" lon="13.7802530">
    <ele>719.4</ele>
    <time>2026-06-13T08:37:52Z</time>
   </trkpt>
   <trkpt lat="47.6349040" lon="13.7803070">
    <ele>719.2</ele>
    <time>2026-06-13T08:37:53Z</time>
   </trkpt>
   <trkpt lat="47.6349150" lon="13.7803330">
    <ele>719.2</ele>
    <time>2026-06-13T08:37:54Z</time>
   </trkpt>
   <trkpt lat="47.6349130" lon="13.7803730">
    <ele>719.1</ele>
    <time>2026-06-13T08:37:55Z</time>
   </trkpt>
   <trkpt lat="47.6349170" lon="13.7804000">
    <ele>719.1</ele>
    <time>2026-06-13T08:37:56Z</time>
   </trkpt>
   <trkpt lat="47.6349130" lon="13.7804090">
    <ele>719.1</ele>
    <time>2026-06-13T08:37:57Z</time>
   </trkpt>
   <trkpt lat="47.6349220" lon="13.7804460">
    <ele>719.1</ele>
    <time>2026-06-13T08:37:58Z</time>
   </trkpt>
   <trkpt lat="47.6349330" lon="13.7804870">
    <ele>719.0</ele>
    <time>2026-06-13T08:37:59Z</time>
   </trkpt>
   <trkpt lat="47.6349300" lon="13.7805040">
    <ele>719.0</ele>
    <time>2026-06-13T08:38:00Z</time>
   </trkpt>
   <trkpt lat="47.6349230" lon="13.7805560">
    <ele>718.9</ele>
    <time>2026-06-13T08:38:01Z</time>
   </trkpt>
   <trkpt lat="47.6349190" lon="13.7805700">
    <ele>718.9</ele>
    <time>2026-06-13T08:38:02Z</time>
   </trkpt>
   <trkpt lat="47.6349400" lon="13.7806050">
    <ele>718.9</ele>
    <time>2026-06-13T08:38:03Z</time>
   </trkpt>
   <trkpt lat="47.6349350" lon="13.7806550">
    <ele>718.9</ele>
    <time>2026-06-13T08:38:04Z</time>
   </trkpt>
   <trkpt lat="47.6349390" lon="13.7806710">
    <ele>718.8</ele>
    <time>2026-06-13T08:38:05Z</time>
   </trkpt>
   <trkpt lat="47.6349570" lon="13.7807280">
    <ele>718.8</ele>
    <time>2026-06-13T08:38:06Z</time>
   </trkpt>
   <trkpt lat="47.6349590" lon="13.7807630">
    <ele>718.8</ele>
    <time>2026-06-13T08:38:07Z</time>
   </trkpt>
   <trkpt lat="47.6349380" lon="13.7807950">
    <ele>718.7</ele>
    <time>2026-06-13T08:38:08Z</time>
   </trkpt>
   <trkpt lat="47.6349470" lon="13.7808700">
    <ele>718.7</ele>
    <time>2026-06-13T08:38:09Z</time>
   </trkpt>
   <trkpt lat="47.6349500" lon="13.7808670">
    <ele>718.7</ele>
    <time>2026-06-13T08:38:10Z</time>
   </trkpt>
   <trkpt lat="47.6349520" lon="13.7809200">
    <ele>718.6</ele>
    <time>2026-06-13T08:38:11Z</time>
   </trkpt>
   <trkpt lat="47.6349530" lon="13.7809610">
    <ele>718.6</ele>
    <time>2026-06-13T08:38:12Z</time>
   </trkpt>
   <trkpt lat="47.6349440" lon="13.7810050">
    <ele>718.5</ele>
    <time>2026-06-13T08:38:13Z</time>
   </trkpt>
   <trkpt lat="47.6349540" lon="13.7810470">
    <ele>718.4</ele>
    <time>2026-06-13T08:38:14Z</time>
   </trkpt>
   <trkpt lat="47.6349550" lon="13.7810640">
    <ele>718.4</ele>
    <time>2026-06-13T08:38:15Z</time>
   </trkpt>
   <trkpt lat="47.6349830" lon="13.7810930">
    <ele>718.3</ele>
    <time>2026-06-13T08:38:16Z</time>
   </trkpt>
   <trkpt lat="47.6349910" lon="13.7811050">
    <ele>718.3</ele>
    <time>2026-06-13T08:38:17Z</time>
   </trkpt>
   <trkpt lat="47.6349980" lon="13.7811440">
    <ele>718.3</ele>
    <time>2026-06-13T08:38:18Z</time>
   </trkpt>
   <trkpt lat="47.6350120" lon="13.7811980">
    <ele>718.2</ele>
    <time>2026-06-13T08:38:19Z</time>
   </trkpt>
   <trkpt lat="47.6350260" lon="13.7812460">
    <ele>718.1</ele>
    <time>2026-06-13T08:38:20Z</time>
   </trkpt>
   <trkpt lat="47.6350320" lon="13.7812590">
    <ele>718.1</ele>
    <time>2026-06-13T08:38:21Z</time>
   </trkpt>
   <trkpt lat="47.6350520" lon="13.7813020">
    <ele>718.0</ele>
    <time>2026-06-13T08:38:22Z</time>
   </trkpt>
   <trkpt lat="47.6350650" lon="13.7813210">
    <ele>717.9</ele>
    <time>2026-06-13T08:38:23Z</time>
   </trkpt>
   <trkpt lat="47.6350730" lon="13.7813630">
    <ele>717.9</ele>
    <time>2026-06-13T08:38:24Z</time>
   </trkpt>
   <trkpt lat="47.6350820" lon="13.7814190">
    <ele>717.8</ele>
    <time>2026-06-13T08:38:25Z</time>
   </trkpt>
   <trkpt lat="47.6350930" lon="13.7814370">
    <ele>717.8</ele>
    <time>2026-06-13T08:38:26Z</time>
   </trkpt>
   <trkpt lat="47.6351050" lon="13.7814800">
    <ele>717.8</ele>
    <time>2026-06-13T08:38:27Z</time>
   </trkpt>
   <trkpt lat="47.6350990" lon="13.7814960">
    <ele>717.8</ele>
    <time>2026-06-13T08:38:28Z</time>
   </trkpt>
   <trkpt lat="47.6351050" lon="13.7815500">
    <ele>717.8</ele>
    <time>2026-06-13T08:38:29Z</time>
   </trkpt>
   <trkpt lat="47.6351100" lon="13.7815670">
    <ele>717.8</ele>
    <time>2026-06-13T08:38:30Z</time>
   </trkpt>
   <trkpt lat="47.6351520" lon="13.7815760">
    <ele>717.9</ele>
    <time>2026-06-13T08:38:31Z</time>
   </trkpt>
   <trkpt lat="47.6351610" lon="13.7816240">
    <ele>717.9</ele>
    <time>2026-06-13T08:38:32Z</time>
   </trkpt>
   <trkpt lat="47.6351720" lon="13.7816410">
    <ele>718.0</ele>
    <time>2026-06-13T08:38:33Z</time>
   </trkpt>
   <trkpt lat="47.6351790" lon="13.7816830">
    <ele>718.0</ele>
    <time>2026-06-13T08:38:34Z</time>
   </trkpt>
   <trkpt lat="47.6351730" lon="13.7817070">
    <ele>718.1</ele>
    <time>2026-06-13T08:38:35Z</time>
   </trkpt>
   <trkpt lat="47.6351800" lon="13.7817630">
    <ele>718.2</ele>
    <time>2026-06-13T08:38:36Z</time>
   </trkpt>
   <trkpt lat="47.6351830" lon="13.7817820">
    <ele>718.2</ele>
    <time>2026-06-13T08:38:37Z</time>
   </trkpt>
   <trkpt lat="47.6351880" lon="13.7818270">
    <ele>718.3</ele>
    <time>2026-06-13T08:38:38Z</time>
   </trkpt>
   <trkpt lat="47.6351940" lon="13.7818660">
    <ele>718.4</ele>
    <time>2026-06-13T08:38:39Z</time>
   </trkpt>
   <trkpt lat="47.6351960" lon="13.7818820">
    <ele>718.5</ele>
    <time>2026-06-13T08:38:40Z</time>
   </trkpt>
   <trkpt lat="47.6352130" lon="13.7819280">
    <ele>718.6</ele>
    <time>2026-06-13T08:38:41Z</time>
   </trkpt>
   <trkpt lat="47.6352170" lon="13.7819420">
    <ele>718.7</ele>
    <time>2026-06-13T08:38:42Z</time>
   </trkpt>
   <trkpt lat="47.6352230" lon="13.7819930">
    <ele>718.8</ele>
    <time>2026-06-13T08:38:43Z</time>
   </trkpt>
   <trkpt lat="47.6352260" lon="13.7820180">
    <ele>718.8</ele>
    <time>2026-06-13T08:38:44Z</time>
   </trkpt>
   <trkpt lat="47.6352280" lon="13.7820640">
    <ele>718.9</ele>
    <time>2026-06-13T08:38:45Z</time>
   </trkpt>
   <trkpt lat="47.6352240" lon="13.7820790">
    <ele>718.9</ele>
    <time>2026-06-13T08:38:46Z</time>
   </trkpt>
   <trkpt lat="47.6352250" lon="13.7821310">
    <ele>719.0</ele>
    <time>2026-06-13T08:38:47Z</time>
   </trkpt>
   <trkpt lat="47.6352270" lon="13.7821450">
    <ele>719.0</ele>
    <time>2026-06-13T08:38:48Z</time>
   </trkpt>
   <trkpt lat="47.6352280" lon="13.7821860">
    <ele>719.1</ele>
    <time>2026-06-13T08:38:49Z</time>
   </trkpt>
   <trkpt lat="47.6352400" lon="13.7822300">
    <ele>719.2</ele>
    <time>2026-06-13T08:38:50Z</time>
   </trkpt>
   <trkpt lat="47.6352440" lon="13.7822390">
    <ele>719.2</ele>
    <time>2026-06-13T08:38:51Z</time>
   </trkpt>
   <trkpt lat="47.6352410" lon="13.7822790">
    <ele>719.2</ele>
    <time>2026-06-13T08:38:52Z</time>
   </trkpt>
   <trkpt lat="47.6352450" lon="13.7823280">
    <ele>719.2</ele>
    <time>2026-06-13T08:38:53Z</time>
   </trkpt>
   <trkpt lat="47.6352470" lon="13.7823450">
    <ele>719.2</ele>
    <time>2026-06-13T08:38:54Z</time>
   </trkpt>
   <trkpt lat="47.6352480" lon="13.7823740">
    <ele>719.3</ele>
    <time>2026-06-13T08:38:55Z</time>
   </trkpt>
   <trkpt lat="47.6352460" lon="13.7823970">
    <ele>719.3</ele>
    <time>2026-06-13T08:38:56Z</time>
   </trkpt>
   <trkpt lat="47.6352420" lon="13.7824310">
    <ele>719.3</ele>
    <time>2026-06-13T08:38:57Z</time>
   </trkpt>
   <trkpt lat="47.6352500" lon="13.7824620">
    <ele>719.3</ele>
    <time>2026-06-13T08:38:59Z</time>
   </trkpt>
   <trkpt lat="47.6352510" lon="13.7825170">
    <ele>719.3</ele>
    <time>2026-06-13T08:39:00Z</time>
   </trkpt>
   <trkpt lat="47.6352520" lon="13.7825390">
    <ele>719.3</ele>
    <time>2026-06-13T08:39:01Z</time>
   </trkpt>
   <trkpt lat="47.6352520" lon="13.7825930">
    <ele>719.3</ele>
    <time>2026-06-13T08:39:02Z</time>
   </trkpt>
   <trkpt lat="47.6352510" lon="13.7826120">
    <ele>719.3</ele>
    <time>2026-06-13T08:39:03Z</time>
   </trkpt>
   <trkpt lat="47.6352550" lon="13.7826690">
    <ele>719.3</ele>
    <time>2026-06-13T08:39:04Z</time>
   </trkpt>
   <trkpt lat="47.6352530" lon="13.7827040">
    <ele>719.3</ele>
    <time>2026-06-13T08:39:05Z</time>
   </trkpt>
   <trkpt lat="47.6352400" lon="13.7827580">
    <ele>719.3</ele>
    <time>2026-06-13T08:39:06Z</time>
   </trkpt>
   <trkpt lat="47.6352390" lon="13.7827780">
    <ele>719.3</ele>
    <time>2026-06-13T08:39:07Z</time>
   </trkpt>
   <trkpt lat="47.6352440" lon="13.7828200">
    <ele>719.3</ele>
    <time>2026-06-13T08:39:08Z</time>
   </trkpt>
   <trkpt lat="47.6352460" lon="13.7828340">
    <ele>719.3</ele>
    <time>2026-06-13T08:39:09Z</time>
   </trkpt>
   <trkpt lat="47.6352630" lon="13.7828840">
    <ele>719.3</ele>
    <time>2026-06-13T08:39:10Z</time>
   </trkpt>
   <trkpt lat="47.6352770" lon="13.7829000">
    <ele>719.3</ele>
    <time>2026-06-13T08:39:11Z</time>
   </trkpt>
   <trkpt lat="47.6352670" lon="13.7829570">
    <ele>719.3</ele>
    <time>2026-06-13T08:39:12Z</time>
   </trkpt>
   <trkpt lat="47.6352540" lon="13.7829730">
    <ele>719.3</ele>
    <time>2026-06-13T08:39:13Z</time>
   </trkpt>
   <trkpt lat="47.6352610" lon="13.7830160">
    <ele>719.3</ele>
    <time>2026-06-13T08:39:14Z</time>
   </trkpt>
   <trkpt lat="47.6352700" lon="13.7830650">
    <ele>719.3</ele>
    <time>2026-06-13T08:39:15Z</time>
   </trkpt>
   <trkpt lat="47.6352890" lon="13.7830980">
    <ele>719.3</ele>
    <time>2026-06-13T08:39:16Z</time>
   </trkpt>
   <trkpt lat="47.6352940" lon="13.7831060">
    <ele>719.2</ele>
    <time>2026-06-13T08:39:17Z</time>
   </trkpt>
   <trkpt lat="47.6352960" lon="13.7831620">
    <ele>719.2</ele>
    <time>2026-06-13T08:39:18Z</time>
   </trkpt>
   <trkpt lat="47.6353000" lon="13.7831690">
    <ele>719.2</ele>
    <time>2026-06-13T08:39:19Z</time>
   </trkpt>
   <trkpt lat="47.6352910" lon="13.7831940">
    <ele>719.2</ele>
    <time>2026-06-13T08:39:20Z</time>
   </trkpt>
   <trkpt lat="47.6352930" lon="13.7831700">
    <ele>719.2</ele>
    <time>2026-06-13T08:39:21Z</time>
   </trkpt>
   <trkpt lat="47.6352930" lon="13.7831600">
    <ele>719.2</ele>
    <time>2026-06-13T08:39:22Z</time>
   </trkpt>
   <trkpt lat="47.6352890" lon="13.7831600">
    <ele>719.2</ele>
    <time>2026-06-13T08:39:23Z</time>
   </trkpt>
   <trkpt lat="47.6352950" lon="13.7831720">
    <ele>719.2</ele>
    <time>2026-06-13T08:39:24Z</time>
   </trkpt>
   <trkpt lat="47.6353000" lon="13.7832080">
    <ele>719.3</ele>
    <time>2026-06-13T08:39:25Z</time>
   </trkpt>
   <trkpt lat="47.6352950" lon="13.7832250">
    <ele>719.3</ele>
    <time>2026-06-13T08:39:26Z</time>
   </trkpt>
   <trkpt lat="47.6352950" lon="13.7832340">
    <ele>719.3</ele>
    <time>2026-06-13T08:39:27Z</time>
   </trkpt>
   <trkpt lat="47.6352940" lon="13.7832430">
    <ele>719.3</ele>
    <time>2026-06-13T08:39:28Z</time>
   </trkpt>
   <trkpt lat="47.6352940" lon="13.7832520">
    <ele>719.3</ele>
    <time>2026-06-13T08:39:29Z</time>
   </trkpt>
   <trkpt lat="47.6352940" lon="13.7832610">
    <ele>719.3</ele>
    <time>2026-06-13T08:39:30Z</time>
   </trkpt>
   <trkpt lat="47.6352940" lon="13.7832700">
    <ele>719.3</ele>
    <time>2026-06-13T08:39:31Z</time>
   </trkpt>
   <trkpt lat="47.6352930" lon="13.7832780">
    <ele>719.3</ele>
    <time>2026-06-13T08:39:32Z</time>
   </trkpt>
   <trkpt lat="47.6352930" lon="13.7832870">
    <ele>719.3</ele>
    <time>2026-06-13T08:39:33Z</time>
   </trkpt>
   <trkpt lat="47.6352930" lon="13.7832960">
    <ele>719.3</ele>
    <time>2026-06-13T08:39:34Z</time>
   </trkpt>
   <trkpt lat="47.6352930" lon="13.7833050">
    <ele>719.3</ele>
    <time>2026-06-13T08:39:35Z</time>
   </trkpt>
   <trkpt lat="47.6352920" lon="13.7833140">
    <ele>719.3</ele>
    <time>2026-06-13T08:39:54Z</time>
   </trkpt>
   <trkpt lat="47.6352920" lon="13.7833230">
    <ele>719.3</ele>
    <time>2026-06-13T08:39:55Z</time>
   </trkpt>
   <trkpt lat="47.6352920" lon="13.7833690">
    <ele>719.3</ele>
    <time>2026-06-13T08:39:56Z</time>
   </trkpt>
   <trkpt lat="47.6353110" lon="13.7834260">
    <ele>719.4</ele>
    <time>2026-06-13T08:39:57Z</time>
   </trkpt>
   <trkpt lat="47.6353150" lon="13.7834510">
    <ele>719.4</ele>
    <time>2026-06-13T08:39:58Z</time>
   </trkpt>
   <trkpt lat="47.6353100" lon="13.7834680">
    <ele>719.4</ele>
    <time>2026-06-13T08:39:59Z</time>
   </trkpt>
   <trkpt lat="47.6353150" lon="13.7834940">
    <ele>719.4</ele>
    <time>2026-06-13T08:40:00Z</time>
   </trkpt>
   <trkpt lat="47.6353170" lon="13.7835700">
    <ele>719.4</ele>
    <time>2026-06-13T08:40:01Z</time>
   </trkpt>
   <trkpt lat="47.6353150" lon="13.7836080">
    <ele>719.4</ele>
    <time>2026-06-13T08:40:02Z</time>
   </trkpt>
   <trkpt lat="47.6353140" lon="13.7836070">
    <ele>719.4</ele>
    <time>2026-06-13T08:40:03Z</time>
   </trkpt>
   <trkpt lat="47.6353260" lon="13.7836560">
    <ele>719.4</ele>
    <time>2026-06-13T08:40:04Z</time>
   </trkpt>
   <trkpt lat="47.6353350" lon="13.7836910">
    <ele>719.4</ele>
    <time>2026-06-13T08:40:05Z</time>
   </trkpt>
   <trkpt lat="47.6353410" lon="13.7837070">
    <ele>719.4</ele>
    <time>2026-06-13T08:40:06Z</time>
   </trkpt>
   <trkpt lat="47.6353440" lon="13.7837550">
    <ele>719.4</ele>
    <time>2026-06-13T08:40:07Z</time>
   </trkpt>
   <trkpt lat="47.6353490" lon="13.7837710">
    <ele>719.3</ele>
    <time>2026-06-13T08:40:08Z</time>
   </trkpt>
   <trkpt lat="47.6353500" lon="13.7838270">
    <ele>719.3</ele>
    <time>2026-06-13T08:40:09Z</time>
   </trkpt>
   <trkpt lat="47.6353480" lon="13.7838460">
    <ele>719.3</ele>
    <time>2026-06-13T08:40:10Z</time>
   </trkpt>
   <trkpt lat="47.6353560" lon="13.7839110">
    <ele>719.2</ele>
    <time>2026-06-13T08:40:11Z</time>
   </trkpt>
   <trkpt lat="47.6353510" lon="13.7839620">
    <ele>719.2</ele>
    <time>2026-06-13T08:40:12Z</time>
   </trkpt>
   <trkpt lat="47.6353520" lon="13.7839920">
    <ele>719.1</ele>
    <time>2026-06-13T08:40:13Z</time>
   </trkpt>
   <trkpt lat="47.6353500" lon="13.7840440">
    <ele>719.1</ele>
    <time>2026-06-13T08:40:14Z</time>
   </trkpt>
   <trkpt lat="47.6353450" lon="13.7840590">
    <ele>719.1</ele>
    <time>2026-06-13T08:40:15Z</time>
   </trkpt>
   <trkpt lat="47.6353680" lon="13.7840850">
    <ele>719.1</ele>
    <time>2026-06-13T08:40:16Z</time>
   </trkpt>
   <trkpt lat="47.6353960" lon="13.7841050">
    <ele>719.0</ele>
    <time>2026-06-13T08:40:17Z</time>
   </trkpt>
   <trkpt lat="47.6353820" lon="13.7841530">
    <ele>719.0</ele>
    <time>2026-06-13T08:40:18Z</time>
   </trkpt>
   <trkpt lat="47.6353850" lon="13.7841710">
    <ele>719.0</ele>
    <time>2026-06-13T08:40:19Z</time>
   </trkpt>
   <trkpt lat="47.6354100" lon="13.7842300">
    <ele>719.0</ele>
    <time>2026-06-13T08:40:20Z</time>
   </trkpt>
   <trkpt lat="47.6354300" lon="13.7842590">
    <ele>719.0</ele>
    <time>2026-06-13T08:40:21Z</time>
   </trkpt>
   <trkpt lat="47.6354300" lon="13.7842790">
    <ele>719.0</ele>
    <time>2026-06-13T08:40:22Z</time>
   </trkpt>
   <trkpt lat="47.6354220" lon="13.7843270">
    <ele>719.0</ele>
    <time>2026-06-13T08:40:23Z</time>
   </trkpt>
   <trkpt lat="47.6354150" lon="13.7843700">
    <ele>719.1</ele>
    <time>2026-06-13T08:40:24Z</time>
   </trkpt>
   <trkpt lat="47.6354130" lon="13.7844040">
    <ele>719.1</ele>
    <time>2026-06-13T08:40:25Z</time>
   </trkpt>
   <trkpt lat="47.6354080" lon="13.7844190">
    <ele>719.1</ele>
    <time>2026-06-13T08:40:26Z</time>
   </trkpt>
   <trkpt lat="47.6354070" lon="13.7844720">
    <ele>719.1</ele>
    <time>2026-06-13T08:40:27Z</time>
   </trkpt>
   <trkpt lat="47.6354100" lon="13.7844920">
    <ele>719.1</ele>
    <time>2026-06-13T08:40:28Z</time>
   </trkpt>
   <trkpt lat="47.6354150" lon="13.7845450">
    <ele>719.1</ele>
    <time>2026-06-13T08:40:29Z</time>
   </trkpt>
   <trkpt lat="47.6354150" lon="13.7845660">
    <ele>719.1</ele>
    <time>2026-06-13T08:40:30Z</time>
   </trkpt>
   <trkpt lat="47.6353980" lon="13.7846010">
    <ele>719.0</ele>
    <time>2026-06-13T08:40:31Z</time>
   </trkpt>
   <trkpt lat="47.6354150" lon="13.7846400">
    <ele>719.0</ele>
    <time>2026-06-13T08:40:32Z</time>
   </trkpt>
   <trkpt lat="47.6354180" lon="13.7846590">
    <ele>719.0</ele>
    <time>2026-06-13T08:40:33Z</time>
   </trkpt>
   <trkpt lat="47.6354230" lon="13.7847190">
    <ele>718.9</ele>
    <time>2026-06-13T08:40:34Z</time>
   </trkpt>
   <trkpt lat="47.6354230" lon="13.7847430">
    <ele>718.9</ele>
    <time>2026-06-13T08:40:35Z</time>
   </trkpt>
   <trkpt lat="47.6354330" lon="13.7848010">
    <ele>718.8</ele>
    <time>2026-06-13T08:40:36Z</time>
   </trkpt>
   <trkpt lat="47.6354400" lon="13.7848200">
    <ele>718.8</ele>
    <time>2026-06-13T08:40:37Z</time>
   </trkpt>
   <trkpt lat="47.6354430" lon="13.7848780">
    <ele>718.7</ele>
    <time>2026-06-13T08:40:38Z</time>
   </trkpt>
   <trkpt lat="47.6354450" lon="13.7849030">
    <ele>718.7</ele>
    <time>2026-06-13T08:40:39Z</time>
   </trkpt>
   <trkpt lat="47.6354530" lon="13.7849520">
    <ele>718.6</ele>
    <time>2026-06-13T08:40:40Z</time>
   </trkpt>
   <trkpt lat="47.6354590" lon="13.7849740">
    <ele>718.6</ele>
    <time>2026-06-13T08:40:41Z</time>
   </trkpt>
   <trkpt lat="47.6354630" lon="13.7850230">
    <ele>718.5</ele>
    <time>2026-06-13T08:40:42Z</time>
   </trkpt>
   <trkpt lat="47.6354610" lon="13.7850380">
    <ele>718.5</ele>
    <time>2026-06-13T08:40:43Z</time>
   </trkpt>
   <trkpt lat="47.6354600" lon="13.7850920">
    <ele>718.5</ele>
    <time>2026-06-13T08:40:44Z</time>
   </trkpt>
   <trkpt lat="47.6354620" lon="13.7851120">
    <ele>718.4</ele>
    <time>2026-06-13T08:40:45Z</time>
   </trkpt>
   <trkpt lat="47.6354770" lon="13.7851580">
    <ele>718.4</ele>
    <time>2026-06-13T08:40:46Z</time>
   </trkpt>
   <trkpt lat="47.6354780" lon="13.7851760">
    <ele>718.4</ele>
    <time>2026-06-13T08:40:47Z</time>
   </trkpt>
   <trkpt lat="47.6354790" lon="13.7852270">
    <ele>718.4</ele>
    <time>2026-06-13T08:40:48Z</time>
   </trkpt>
   <trkpt lat="47.6354780" lon="13.7852390">
    <ele>718.4</ele>
    <time>2026-06-13T08:40:49Z</time>
   </trkpt>
   <trkpt lat="47.6354840" lon="13.7852950">
    <ele>718.5</ele>
    <time>2026-06-13T08:40:50Z</time>
   </trkpt>
   <trkpt lat="47.6354830" lon="13.7853180">
    <ele>718.5</ele>
    <time>2026-06-13T08:40:51Z</time>
   </trkpt>
   <trkpt lat="47.6354860" lon="13.7853670">
    <ele>718.5</ele>
    <time>2026-06-13T08:40:52Z</time>
   </trkpt>
   <trkpt lat="47.6354840" lon="13.7853830">
    <ele>718.5</ele>
    <time>2026-06-13T08:40:53Z</time>
   </trkpt>
   <trkpt lat="47.6354890" lon="13.7854410">
    <ele>718.6</ele>
    <time>2026-06-13T08:40:54Z</time>
   </trkpt>
   <trkpt lat="47.6354910" lon="13.7854630">
    <ele>718.6</ele>
    <time>2026-06-13T08:40:55Z</time>
   </trkpt>
   <trkpt lat="47.6354880" lon="13.7855230">
    <ele>718.6</ele>
    <time>2026-06-13T08:40:56Z</time>
   </trkpt>
   <trkpt lat="47.6354870" lon="13.7855440">
    <ele>718.7</ele>
    <time>2026-06-13T08:40:57Z</time>
   </trkpt>
   <trkpt lat="47.6354740" lon="13.7855910">
    <ele>718.7</ele>
    <time>2026-06-13T08:40:58Z</time>
   </trkpt>
   <trkpt lat="47.6354680" lon="13.7856090">
    <ele>718.7</ele>
    <time>2026-06-13T08:40:59Z</time>
   </trkpt>
   <trkpt lat="47.6354660" lon="13.7856590">
    <ele>718.8</ele>
    <time>2026-06-13T08:41:00Z</time>
   </trkpt>
   <trkpt lat="47.6354620" lon="13.7856730">
    <ele>718.8</ele>
    <time>2026-06-13T08:41:01Z</time>
   </trkpt>
   <trkpt lat="47.6354570" lon="13.7857300">
    <ele>718.9</ele>
    <time>2026-06-13T08:41:02Z</time>
   </trkpt>
   <trkpt lat="47.6354580" lon="13.7857580">
    <ele>719.0</ele>
    <time>2026-06-13T08:41:03Z</time>
   </trkpt>
   <trkpt lat="47.6354680" lon="13.7858130">
    <ele>719.0</ele>
    <time>2026-06-13T08:41:05Z</time>
   </trkpt>
   <trkpt lat="47.6354740" lon="13.7858320">
    <ele>719.1</ele>
    <time>2026-06-13T08:41:06Z</time>
   </trkpt>
   <trkpt lat="47.6354640" lon="13.7858800">
    <ele>719.1</ele>
    <time>2026-06-13T08:41:07Z</time>
   </trkpt>
   <trkpt lat="47.6354610" lon="13.7858930">
    <ele>719.2</ele>
    <time>2026-06-13T08:41:08Z</time>
   </trkpt>
   <trkpt lat="47.6354650" lon="13.7859330">
    <ele>719.2</ele>
    <time>2026-06-13T08:41:09Z</time>
   </trkpt>
   <trkpt lat="47.6354690" lon="13.7859460">
    <ele>719.2</ele>
    <time>2026-06-13T08:41:10Z</time>
   </trkpt>
   <trkpt lat="47.6354690" lon="13.7859730">
    <ele>719.3</ele>
    <time>2026-06-13T08:41:11Z</time>
   </trkpt>
   <trkpt lat="47.6354580" lon="13.7859940">
    <ele>719.3</ele>
    <time>2026-06-13T08:41:12Z</time>
   </trkpt>
   <trkpt lat="47.6354520" lon="13.7860400">
    <ele>719.4</ele>
    <time>2026-06-13T08:41:13Z</time>
   </trkpt>
   <trkpt lat="47.6354550" lon="13.7860560">
    <ele>719.4</ele>
    <time>2026-06-13T08:41:14Z</time>
   </trkpt>
   <trkpt lat="47.6354600" lon="13.7861140">
    <ele>719.5</ele>
    <time>2026-06-13T08:41:15Z</time>
   </trkpt>
   <trkpt lat="47.6354620" lon="13.7861380">
    <ele>719.5</ele>
    <time>2026-06-13T08:41:16Z</time>
   </trkpt>
   <trkpt lat="47.6354590" lon="13.7861810">
    <ele>719.5</ele>
    <time>2026-06-13T08:41:17Z</time>
   </trkpt>
   <trkpt lat="47.6354530" lon="13.7862300">
    <ele>719.5</ele>
    <time>2026-06-13T08:41:18Z</time>
   </trkpt>
   <trkpt lat="47.6354510" lon="13.7862790">
    <ele>719.6</ele>
    <time>2026-06-13T08:41:19Z</time>
   </trkpt>
   <trkpt lat="47.6354490" lon="13.7862940">
    <ele>719.6</ele>
    <time>2026-06-13T08:41:20Z</time>
   </trkpt>
   <trkpt lat="47.6354400" lon="13.7863340">
    <ele>719.6</ele>
    <time>2026-06-13T08:41:21Z</time>
   </trkpt>
   <trkpt lat="47.6354430" lon="13.7863520">
    <ele>719.6</ele>
    <time>2026-06-13T08:41:22Z</time>
   </trkpt>
   <trkpt lat="47.6354370" lon="13.7863960">
    <ele>719.6</ele>
    <time>2026-06-13T08:41:23Z</time>
   </trkpt>
   <trkpt lat="47.6354320" lon="13.7864080">
    <ele>719.6</ele>
    <time>2026-06-13T08:41:24Z</time>
   </trkpt>
   <trkpt lat="47.6354280" lon="13.7864490">
    <ele>719.6</ele>
    <time>2026-06-13T08:41:25Z</time>
   </trkpt>
   <trkpt lat="47.6354330" lon="13.7864920">
    <ele>719.5</ele>
    <time>2026-06-13T08:41:26Z</time>
   </trkpt>
   <trkpt lat="47.6354250" lon="13.7865060">
    <ele>719.5</ele>
    <time>2026-06-13T08:41:27Z</time>
   </trkpt>
   <trkpt lat="47.6354230" lon="13.7865640">
    <ele>719.5</ele>
    <time>2026-06-13T08:41:28Z</time>
   </trkpt>
   <trkpt lat="47.6354270" lon="13.7865920">
    <ele>719.5</ele>
    <time>2026-06-13T08:41:29Z</time>
   </trkpt>
   <trkpt lat="47.6354450" lon="13.7866330">
    <ele>719.5</ele>
    <time>2026-06-13T08:41:30Z</time>
   </trkpt>
   <trkpt lat="47.6354410" lon="13.7866510">
    <ele>719.5</ele>
    <time>2026-06-13T08:41:31Z</time>
   </trkpt>
   <trkpt lat="47.6354450" lon="13.7866950">
    <ele>719.6</ele>
    <time>2026-06-13T08:41:32Z</time>
   </trkpt>
   <trkpt lat="47.6354450" lon="13.7867170">
    <ele>719.6</ele>
    <time>2026-06-13T08:41:33Z</time>
   </trkpt>
   <trkpt lat="47.6354410" lon="13.7867270">
    <ele>719.6</ele>
    <time>2026-06-13T08:41:34Z</time>
   </trkpt>
   <trkpt lat="47.6354310" lon="13.7867650">
    <ele>719.6</ele>
    <time>2026-06-13T08:41:35Z</time>
   </trkpt>
   <trkpt lat="47.6354320" lon="13.7868340">
    <ele>719.6</ele>
    <time>2026-06-13T08:41:36Z</time>
   </trkpt>
   <trkpt lat="47.6354300" lon="13.7868750">
    <ele>719.6</ele>
    <time>2026-06-13T08:41:37Z</time>
   </trkpt>
   <trkpt lat="47.6354330" lon="13.7869280">
    <ele>719.6</ele>
    <time>2026-06-13T08:41:38Z</time>
   </trkpt>
   <trkpt lat="47.6354410" lon="13.7869520">
    <ele>719.6</ele>
    <time>2026-06-13T08:41:39Z</time>
   </trkpt>
   <trkpt lat="47.6354520" lon="13.7869890">
    <ele>719.6</ele>
    <time>2026-06-13T08:41:40Z</time>
   </trkpt>
   <trkpt lat="47.6354630" lon="13.7870330">
    <ele>719.6</ele>
    <time>2026-06-13T08:41:41Z</time>
   </trkpt>
   <trkpt lat="47.6354670" lon="13.7870580">
    <ele>719.6</ele>
    <time>2026-06-13T08:41:42Z</time>
   </trkpt>
   <trkpt lat="47.6354700" lon="13.7871060">
    <ele>719.6</ele>
    <time>2026-06-13T08:41:43Z</time>
   </trkpt>
   <trkpt lat="47.6354480" lon="13.7871510">
    <ele>719.7</ele>
    <time>2026-06-13T08:41:44Z</time>
   </trkpt>
   <trkpt lat="47.6354320" lon="13.7871600">
    <ele>719.7</ele>
    <time>2026-06-13T08:41:45Z</time>
   </trkpt>
   <trkpt lat="47.6354100" lon="13.7871990">
    <ele>719.7</ele>
    <time>2026-06-13T08:41:46Z</time>
   </trkpt>
   <trkpt lat="47.6354470" lon="13.7872470">
    <ele>719.8</ele>
    <time>2026-06-13T08:41:47Z</time>
   </trkpt>
   <trkpt lat="47.6354550" lon="13.7872810">
    <ele>719.9</ele>
    <time>2026-06-13T08:41:48Z</time>
   </trkpt>
   <trkpt lat="47.6354570" lon="13.7873090">
    <ele>720.0</ele>
    <time>2026-06-13T08:41:49Z</time>
   </trkpt>
   <trkpt lat="47.6354690" lon="13.7873660">
    <ele>720.1</ele>
    <time>2026-06-13T08:41:50Z</time>
   </trkpt>
   <trkpt lat="47.6354740" lon="13.7873880">
    <ele>720.1</ele>
    <time>2026-06-13T08:41:51Z</time>
   </trkpt>
   <trkpt lat="47.6354800" lon="13.7874390">
    <ele>720.2</ele>
    <time>2026-06-13T08:41:52Z</time>
   </trkpt>
   <trkpt lat="47.6354720" lon="13.7874710">
    <ele>720.3</ele>
    <time>2026-06-13T08:41:53Z</time>
   </trkpt>
   <trkpt lat="47.6354740" lon="13.7874900">
    <ele>720.3</ele>
    <time>2026-06-13T08:41:54Z</time>
   </trkpt>
   <trkpt lat="47.6354760" lon="13.7875080">
    <ele>720.3</ele>
    <time>2026-06-13T08:41:55Z</time>
   </trkpt>
   <trkpt lat="47.6354870" lon="13.7875650">
    <ele>720.3</ele>
    <time>2026-06-13T08:41:56Z</time>
   </trkpt>
   <trkpt lat="47.6354860" lon="13.7875920">
    <ele>720.3</ele>
    <time>2026-06-13T08:41:57Z</time>
   </trkpt>
   <trkpt lat="47.6355080" lon="13.7876240">
    <ele>720.3</ele>
    <time>2026-06-13T08:41:58Z</time>
   </trkpt>
   <trkpt lat="47.6355210" lon="13.7876340">
    <ele>720.3</ele>
    <time>2026-06-13T08:41:59Z</time>
   </trkpt>
   <trkpt lat="47.6355320" lon="13.7876590">
    <ele>720.3</ele>
    <time>2026-06-13T08:42:00Z</time>
   </trkpt>
   <trkpt lat="47.6355590" lon="13.7876830">
    <ele>720.3</ele>
    <time>2026-06-13T08:42:01Z</time>
   </trkpt>
   <trkpt lat="47.6355730" lon="13.7876880">
    <ele>720.3</ele>
    <time>2026-06-13T08:42:02Z</time>
   </trkpt>
   <trkpt lat="47.6355630" lon="13.7877440">
    <ele>720.3</ele>
    <time>2026-06-13T08:42:03Z</time>
   </trkpt>
   <trkpt lat="47.6355640" lon="13.7878010">
    <ele>720.2</ele>
    <time>2026-06-13T08:42:04Z</time>
   </trkpt>
   <trkpt lat="47.6355760" lon="13.7878470">
    <ele>720.2</ele>
    <time>2026-06-13T08:42:05Z</time>
   </trkpt>
   <trkpt lat="47.6355640" lon="13.7878860">
    <ele>720.2</ele>
    <time>2026-06-13T08:42:06Z</time>
   </trkpt>
   <trkpt lat="47.6355550" lon="13.7879320">
    <ele>720.2</ele>
    <time>2026-06-13T08:42:07Z</time>
   </trkpt>
   <trkpt lat="47.6355170" lon="13.7879360">
    <ele>720.2</ele>
    <time>2026-06-13T08:42:08Z</time>
   </trkpt>
   <trkpt lat="47.6355210" lon="13.7879860">
    <ele>720.1</ele>
    <time>2026-06-13T08:42:09Z</time>
   </trkpt>
   <trkpt lat="47.6355390" lon="13.7880200">
    <ele>720.1</ele>
    <time>2026-06-13T08:42:10Z</time>
   </trkpt>
   <trkpt lat="47.6355620" lon="13.7880480">
    <ele>720.1</ele>
    <time>2026-06-13T08:42:11Z</time>
   </trkpt>
   <trkpt lat="47.6355700" lon="13.7880530">
    <ele>720.1</ele>
    <time>2026-06-13T08:42:12Z</time>
   </trkpt>
   <trkpt lat="47.6355800" lon="13.7880650">
    <ele>720.1</ele>
    <time>2026-06-13T08:42:13Z</time>
   </trkpt>
   <trkpt lat="47.6355810" lon="13.7880960">
    <ele>720.1</ele>
    <time>2026-06-13T08:42:14Z</time>
   </trkpt>
   <trkpt lat="47.6355860" lon="13.7881540">
    <ele>720.1</ele>
    <time>2026-06-13T08:42:15Z</time>
   </trkpt>
   <trkpt lat="47.6355880" lon="13.7881760">
    <ele>720.0</ele>
    <time>2026-06-13T08:42:16Z</time>
   </trkpt>
   <trkpt lat="47.6356040" lon="13.7882200">
    <ele>720.0</ele>
    <time>2026-06-13T08:42:17Z</time>
   </trkpt>
   <trkpt lat="47.6356100" lon="13.7882360">
    <ele>720.0</ele>
    <time>2026-06-13T08:42:18Z</time>
   </trkpt>
   <trkpt lat="47.6356110" lon="13.7882790">
    <ele>719.9</ele>
    <time>2026-06-13T08:42:19Z</time>
   </trkpt>
   <trkpt lat="47.6356070" lon="13.7883010">
    <ele>719.9</ele>
    <time>2026-06-13T08:42:20Z</time>
   </trkpt>
   <trkpt lat="47.6356490" lon="13.7883310">
    <ele>719.8</ele>
    <time>2026-06-13T08:42:21Z</time>
   </trkpt>
   <trkpt lat="47.6356680" lon="13.7883440">
    <ele>719.8</ele>
    <time>2026-06-13T08:42:22Z</time>
   </trkpt>
   <trkpt lat="47.6356530" lon="13.7883870">
    <ele>719.7</ele>
    <time>2026-06-13T08:42:23Z</time>
   </trkpt>
   <trkpt lat="47.6356560" lon="13.7884300">
    <ele>719.6</ele>
    <time>2026-06-13T08:42:24Z</time>
   </trkpt>
   <trkpt lat="47.6356610" lon="13.7884430">
    <ele>719.6</ele>
    <time>2026-06-13T08:42:25Z</time>
   </trkpt>
   <trkpt lat="47.6356750" lon="13.7885000">
    <ele>719.5</ele>
    <time>2026-06-13T08:42:26Z</time>
   </trkpt>
   <trkpt lat="47.6356790" lon="13.7885220">
    <ele>719.5</ele>
    <time>2026-06-13T08:42:27Z</time>
   </trkpt>
   <trkpt lat="47.6356910" lon="13.7885610">
    <ele>719.5</ele>
    <time>2026-06-13T08:42:28Z</time>
   </trkpt>
   <trkpt lat="47.6356950" lon="13.7885790">
    <ele>719.4</ele>
    <time>2026-06-13T08:42:29Z</time>
   </trkpt>
   <trkpt lat="47.6357090" lon="13.7886330">
    <ele>719.4</ele>
    <time>2026-06-13T08:42:30Z</time>
   </trkpt>
   <trkpt lat="47.6357120" lon="13.7886540">
    <ele>719.4</ele>
    <time>2026-06-13T08:42:31Z</time>
   </trkpt>
   <trkpt lat="47.6357240" lon="13.7887040">
    <ele>719.4</ele>
    <time>2026-06-13T08:42:32Z</time>
   </trkpt>
   <trkpt lat="47.6357440" lon="13.7887430">
    <ele>719.4</ele>
    <time>2026-06-13T08:42:33Z</time>
   </trkpt>
   <trkpt lat="47.6357560" lon="13.7887550">
    <ele>719.4</ele>
    <time>2026-06-13T08:42:34Z</time>
   </trkpt>
   <trkpt lat="47.6357740" lon="13.7888090">
    <ele>719.4</ele>
    <time>2026-06-13T08:42:35Z</time>
   </trkpt>
   <trkpt lat="47.6357910" lon="13.7888490">
    <ele>719.4</ele>
    <time>2026-06-13T08:42:36Z</time>
   </trkpt>
   <trkpt lat="47.6358100" lon="13.7888790">
    <ele>719.5</ele>
    <time>2026-06-13T08:42:37Z</time>
   </trkpt>
   <trkpt lat="47.6358130" lon="13.7888980">
    <ele>719.5</ele>
    <time>2026-06-13T08:42:38Z</time>
   </trkpt>
   <trkpt lat="47.6358360" lon="13.7889320">
    <ele>719.5</ele>
    <time>2026-06-13T08:42:39Z</time>
   </trkpt>
   <trkpt lat="47.6358700" lon="13.7889320">
    <ele>719.5</ele>
    <time>2026-06-13T08:42:40Z</time>
   </trkpt>
   <trkpt lat="47.6358780" lon="13.7889340">
    <ele>719.5</ele>
    <time>2026-06-13T08:42:41Z</time>
   </trkpt>
   <trkpt lat="47.6359070" lon="13.7889600">
    <ele>719.5</ele>
    <time>2026-06-13T08:42:42Z</time>
   </trkpt>
   <trkpt lat="47.6359140" lon="13.7889760">
    <ele>719.5</ele>
    <time>2026-06-13T08:42:43Z</time>
   </trkpt>
   <trkpt lat="47.6359290" lon="13.7890160">
    <ele>719.5</ele>
    <time>2026-06-13T08:42:44Z</time>
   </trkpt>
   <trkpt lat="47.6359470" lon="13.7890680">
    <ele>719.5</ele>
    <time>2026-06-13T08:42:45Z</time>
   </trkpt>
   <trkpt lat="47.6359510" lon="13.7890880">
    <ele>719.5</ele>
    <time>2026-06-13T08:42:46Z</time>
   </trkpt>
   <trkpt lat="47.6359750" lon="13.7891220">
    <ele>719.5</ele>
    <time>2026-06-13T08:42:47Z</time>
   </trkpt>
   <trkpt lat="47.6359800" lon="13.7891330">
    <ele>719.5</ele>
    <time>2026-06-13T08:42:48Z</time>
   </trkpt>
   <trkpt lat="47.6360050" lon="13.7891630">
    <ele>719.5</ele>
    <time>2026-06-13T08:42:49Z</time>
   </trkpt>
   <trkpt lat="47.6360310" lon="13.7891830">
    <ele>719.5</ele>
    <time>2026-06-13T08:42:50Z</time>
   </trkpt>
   <trkpt lat="47.6360580" lon="13.7892120">
    <ele>719.4</ele>
    <time>2026-06-13T08:42:51Z</time>
   </trkpt>
   <trkpt lat="47.6360660" lon="13.7892220">
    <ele>719.4</ele>
    <time>2026-06-13T08:42:52Z</time>
   </trkpt>
   <trkpt lat="47.6360740" lon="13.7892320">
    <ele>719.4</ele>
    <time>2026-06-13T08:42:53Z</time>
   </trkpt>
   <trkpt lat="47.6360920" lon="13.7892740">
    <ele>719.4</ele>
    <time>2026-06-13T08:42:54Z</time>
   </trkpt>
   <trkpt lat="47.6361190" lon="13.7892980">
    <ele>719.4</ele>
    <time>2026-06-13T08:42:55Z</time>
   </trkpt>
   <trkpt lat="47.6361390" lon="13.7893220">
    <ele>719.4</ele>
    <time>2026-06-13T08:42:56Z</time>
   </trkpt>
   <trkpt lat="47.6361520" lon="13.7893360">
    <ele>719.4</ele>
    <time>2026-06-13T08:42:57Z</time>
   </trkpt>
   <trkpt lat="47.6361770" lon="13.7893590">
    <ele>719.3</ele>
    <time>2026-06-13T08:42:58Z</time>
   </trkpt>
   <trkpt lat="47.6361880" lon="13.7893760">
    <ele>719.3</ele>
    <time>2026-06-13T08:42:59Z</time>
   </trkpt>
   <trkpt lat="47.6362140" lon="13.7894100">
    <ele>719.3</ele>
    <time>2026-06-13T08:43:00Z</time>
   </trkpt>
   <trkpt lat="47.6362290" lon="13.7894280">
    <ele>719.3</ele>
    <time>2026-06-13T08:43:01Z</time>
   </trkpt>
   <trkpt lat="47.6362560" lon="13.7894530">
    <ele>719.3</ele>
    <time>2026-06-13T08:43:02Z</time>
   </trkpt>
   <trkpt lat="47.6362610" lon="13.7894600">
    <ele>719.3</ele>
    <time>2026-06-13T08:43:03Z</time>
   </trkpt>
   <trkpt lat="47.6362950" lon="13.7894940">
    <ele>719.3</ele>
    <time>2026-06-13T08:43:04Z</time>
   </trkpt>
   <trkpt lat="47.6363090" lon="13.7895040">
    <ele>719.4</ele>
    <time>2026-06-13T08:43:05Z</time>
   </trkpt>
   <trkpt lat="47.6363410" lon="13.7895370">
    <ele>719.4</ele>
    <time>2026-06-13T08:43:06Z</time>
   </trkpt>
   <trkpt lat="47.6363490" lon="13.7895640">
    <ele>719.4</ele>
    <time>2026-06-13T08:43:07Z</time>
   </trkpt>
   <trkpt lat="47.6363800" lon="13.7895910">
    <ele>719.5</ele>
    <time>2026-06-13T08:43:08Z</time>
   </trkpt>
   <trkpt lat="47.6363870" lon="13.7896020">
    <ele>719.5</ele>
    <time>2026-06-13T08:43:09Z</time>
   </trkpt>
   <trkpt lat="47.6364150" lon="13.7896360">
    <ele>719.5</ele>
    <time>2026-06-13T08:43:11Z</time>
   </trkpt>
   <trkpt lat="47.6364230" lon="13.7896440">
    <ele>719.6</ele>
    <time>2026-06-13T08:43:12Z</time>
   </trkpt>
   <trkpt lat="47.6364480" lon="13.7896760">
    <ele>719.6</ele>
    <time>2026-06-13T08:43:13Z</time>
   </trkpt>
   <trkpt lat="47.6364570" lon="13.7896880">
    <ele>719.6</ele>
    <time>2026-06-13T08:43:14Z</time>
   </trkpt>
   <trkpt lat="47.6364650" lon="13.7896990">
    <ele>719.6</ele>
    <time>2026-06-13T08:43:15Z</time>
   </trkpt>
   <trkpt lat="47.6364660" lon="13.7897370">
    <ele>719.6</ele>
    <time>2026-06-13T08:43:16Z</time>
   </trkpt>
   <trkpt lat="47.6364960" lon="13.7897560">
    <ele>719.6</ele>
    <time>2026-06-13T08:43:17Z</time>
   </trkpt>
   <trkpt lat="47.6365080" lon="13.7897540">
    <ele>719.6</ele>
    <time>2026-06-13T08:43:18Z</time>
   </trkpt>
   <trkpt lat="47.6365270" lon="13.7897840">
    <ele>719.6</ele>
    <time>2026-06-13T08:43:19Z</time>
   </trkpt>
   <trkpt lat="47.6365370" lon="13.7897970">
    <ele>719.6</ele>
    <time>2026-06-13T08:43:20Z</time>
   </trkpt>
   <trkpt lat="47.6365640" lon="13.7898120">
    <ele>719.6</ele>
    <time>2026-06-13T08:43:21Z</time>
   </trkpt>
   <trkpt lat="47.6365930" lon="13.7898110">
    <ele>719.6</ele>
    <time>2026-06-13T08:43:22Z</time>
   </trkpt>
   <trkpt lat="47.6366040" lon="13.7898140">
    <ele>719.5</ele>
    <time>2026-06-13T08:43:23Z</time>
   </trkpt>
   <trkpt lat="47.6366190" lon="13.7898350">
    <ele>719.5</ele>
    <time>2026-06-13T08:43:24Z</time>
   </trkpt>
   <trkpt lat="47.6366380" lon="13.7898780">
    <ele>719.5</ele>
    <time>2026-06-13T08:43:25Z</time>
   </trkpt>
   <trkpt lat="47.6366890" lon="13.7898950">
    <ele>719.4</ele>
    <time>2026-06-13T08:43:26Z</time>
   </trkpt>
   <trkpt lat="47.6367170" lon="13.7899160">
    <ele>719.3</ele>
    <time>2026-06-13T08:43:27Z</time>
   </trkpt>
   <trkpt lat="47.6367260" lon="13.7899150">
    <ele>719.3</ele>
    <time>2026-06-13T08:43:28Z</time>
   </trkpt>
   <trkpt lat="47.6367470" lon="13.7899290">
    <ele>719.3</ele>
    <time>2026-06-13T08:43:29Z</time>
   </trkpt>
   <trkpt lat="47.6367590" lon="13.7899280">
    <ele>719.3</ele>
    <time>2026-06-13T08:43:30Z</time>
   </trkpt>
   <trkpt lat="47.6367880" lon="13.7899590">
    <ele>719.2</ele>
    <time>2026-06-13T08:43:31Z</time>
   </trkpt>
   <trkpt lat="47.6368110" lon="13.7899910">
    <ele>719.1</ele>
    <time>2026-06-13T08:43:32Z</time>
   </trkpt>
   <trkpt lat="47.6368220" lon="13.7899980">
    <ele>719.1</ele>
    <time>2026-06-13T08:43:33Z</time>
   </trkpt>
   <trkpt lat="47.6368430" lon="13.7900300">
    <ele>719.0</ele>
    <time>2026-06-13T08:43:34Z</time>
   </trkpt>
   <trkpt lat="47.6368600" lon="13.7900520">
    <ele>719.0</ele>
    <time>2026-06-13T08:43:35Z</time>
   </trkpt>
   <trkpt lat="47.6368880" lon="13.7900820">
    <ele>718.9</ele>
    <time>2026-06-13T08:43:36Z</time>
   </trkpt>
   <trkpt lat="47.6369150" lon="13.7901030">
    <ele>718.9</ele>
    <time>2026-06-13T08:43:37Z</time>
   </trkpt>
   <trkpt lat="47.6369160" lon="13.7901100">
    <ele>718.9</ele>
    <time>2026-06-13T08:43:38Z</time>
   </trkpt>
   <trkpt lat="47.6369180" lon="13.7901160">
    <ele>718.8</ele>
    <time>2026-06-13T08:43:39Z</time>
   </trkpt>
   <trkpt lat="47.6369500" lon="13.7901490">
    <ele>718.8</ele>
    <time>2026-06-13T08:43:40Z</time>
   </trkpt>
   <trkpt lat="47.6369660" lon="13.7901540">
    <ele>718.7</ele>
    <time>2026-06-13T08:43:41Z</time>
   </trkpt>
   <trkpt lat="47.6369790" lon="13.7901940">
    <ele>718.7</ele>
    <time>2026-06-13T08:43:42Z</time>
   </trkpt>
   <trkpt lat="47.6369860" lon="13.7902010">
    <ele>718.7</ele>
    <time>2026-06-13T08:43:43Z</time>
   </trkpt>
   <trkpt lat="47.6370120" lon="13.7902210">
    <ele>718.6</ele>
    <time>2026-06-13T08:43:44Z</time>
   </trkpt>
   <trkpt lat="47.6370450" lon="13.7902280">
    <ele>718.6</ele>
    <time>2026-06-13T08:43:45Z</time>
   </trkpt>
   <trkpt lat="47.6370740" lon="13.7902510">
    <ele>718.5</ele>
    <time>2026-06-13T08:43:46Z</time>
   </trkpt>
   <trkpt lat="47.6371010" lon="13.7902640">
    <ele>718.5</ele>
    <time>2026-06-13T08:43:47Z</time>
   </trkpt>
   <trkpt lat="47.6371280" lon="13.7903020">
    <ele>718.5</ele>
    <time>2026-06-13T08:43:48Z</time>
   </trkpt>
   <trkpt lat="47.6371390" lon="13.7903090">
    <ele>718.5</ele>
    <time>2026-06-13T08:43:49Z</time>
   </trkpt>
   <trkpt lat="47.6371680" lon="13.7903310">
    <ele>718.5</ele>
    <time>2026-06-13T08:43:50Z</time>
   </trkpt>
   <trkpt lat="47.6371960" lon="13.7903610">
    <ele>718.5</ele>
    <time>2026-06-13T08:43:51Z</time>
   </trkpt>
   <trkpt lat="47.6372060" lon="13.7903760">
    <ele>718.5</ele>
    <time>2026-06-13T08:43:52Z</time>
   </trkpt>
   <trkpt lat="47.6372260" lon="13.7904180">
    <ele>718.5</ele>
    <time>2026-06-13T08:43:53Z</time>
   </trkpt>
   <trkpt lat="47.6372480" lon="13.7904440">
    <ele>718.6</ele>
    <time>2026-06-13T08:43:54Z</time>
   </trkpt>
   <trkpt lat="47.6372530" lon="13.7904690">
    <ele>718.6</ele>
    <time>2026-06-13T08:43:55Z</time>
   </trkpt>
   <trkpt lat="47.6372680" lon="13.7904840">
    <ele>718.6</ele>
    <time>2026-06-13T08:43:56Z</time>
   </trkpt>
   <trkpt lat="47.6372940" lon="13.7905060">
    <ele>718.7</ele>
    <time>2026-06-13T08:43:57Z</time>
   </trkpt>
   <trkpt lat="47.6373220" lon="13.7905280">
    <ele>718.8</ele>
    <time>2026-06-13T08:43:58Z</time>
   </trkpt>
   <trkpt lat="47.6373460" lon="13.7905560">
    <ele>718.8</ele>
    <time>2026-06-13T08:43:59Z</time>
   </trkpt>
   <trkpt lat="47.6373580" lon="13.7905660">
    <ele>718.9</ele>
    <time>2026-06-13T08:44:00Z</time>
   </trkpt>
   <trkpt lat="47.6373970" lon="13.7905730">
    <ele>719.0</ele>
    <time>2026-06-13T08:44:01Z</time>
   </trkpt>
   <trkpt lat="47.6374120" lon="13.7905780">
    <ele>719.0</ele>
    <time>2026-06-13T08:44:02Z</time>
   </trkpt>
   <trkpt lat="47.6374190" lon="13.7906410">
    <ele>719.1</ele>
    <time>2026-06-13T08:44:03Z</time>
   </trkpt>
   <trkpt lat="47.6374460" lon="13.7906700">
    <ele>719.1</ele>
    <time>2026-06-13T08:44:04Z</time>
   </trkpt>
   <trkpt lat="47.6374560" lon="13.7906730">
    <ele>719.2</ele>
    <time>2026-06-13T08:44:05Z</time>
   </trkpt>
   <trkpt lat="47.6374880" lon="13.7907030">
    <ele>719.2</ele>
    <time>2026-06-13T08:44:06Z</time>
   </trkpt>
   <trkpt lat="47.6374950" lon="13.7907230">
    <ele>719.2</ele>
    <time>2026-06-13T08:44:07Z</time>
   </trkpt>
   <trkpt lat="47.6375210" lon="13.7907440">
    <ele>719.2</ele>
    <time>2026-06-13T08:44:08Z</time>
   </trkpt>
   <trkpt lat="47.6375320" lon="13.7907530">
    <ele>719.2</ele>
    <time>2026-06-13T08:44:09Z</time>
   </trkpt>
   <trkpt lat="47.6375640" lon="13.7907860">
    <ele>719.2</ele>
    <time>2026-06-13T08:44:10Z</time>
   </trkpt>
   <trkpt lat="47.6375740" lon="13.7907990">
    <ele>719.2</ele>
    <time>2026-06-13T08:44:11Z</time>
   </trkpt>
   <trkpt lat="47.6375980" lon="13.7908260">
    <ele>719.2</ele>
    <time>2026-06-13T08:44:12Z</time>
   </trkpt>
   <trkpt lat="47.6376260" lon="13.7908340">
    <ele>719.2</ele>
    <time>2026-06-13T08:44:13Z</time>
   </trkpt>
   <trkpt lat="47.6376490" lon="13.7908580">
    <ele>719.2</ele>
    <time>2026-06-13T08:44:14Z</time>
   </trkpt>
   <trkpt lat="47.6376720" lon="13.7908880">
    <ele>719.2</ele>
    <time>2026-06-13T08:44:15Z</time>
   </trkpt>
   <trkpt lat="47.6376780" lon="13.7909010">
    <ele>719.2</ele>
    <time>2026-06-13T08:44:16Z</time>
   </trkpt>
   <trkpt lat="47.6377020" lon="13.7909370">
    <ele>719.2</ele>
    <time>2026-06-13T08:44:17Z</time>
   </trkpt>
   <trkpt lat="47.6377130" lon="13.7909500">
    <ele>719.2</ele>
    <time>2026-06-13T08:44:18Z</time>
   </trkpt>
   <trkpt lat="47.6377370" lon="13.7909720">
    <ele>719.1</ele>
    <time>2026-06-13T08:44:19Z</time>
   </trkpt>
   <trkpt lat="47.6377470" lon="13.7909730">
    <ele>719.1</ele>
    <time>2026-06-13T08:44:20Z</time>
   </trkpt>
   <trkpt lat="47.6377660" lon="13.7910170">
    <ele>719.1</ele>
    <time>2026-06-13T08:44:21Z</time>
   </trkpt>
   <trkpt lat="47.6377720" lon="13.7910320">
    <ele>719.1</ele>
    <time>2026-06-13T08:44:22Z</time>
   </trkpt>
   <trkpt lat="47.6377910" lon="13.7910690">
    <ele>719.2</ele>
    <time>2026-06-13T08:44:23Z</time>
   </trkpt>
   <trkpt lat="47.6377990" lon="13.7910840">
    <ele>719.2</ele>
    <time>2026-06-13T08:44:24Z</time>
   </trkpt>
   <trkpt lat="47.6378230" lon="13.7911260">
    <ele>719.2</ele>
    <time>2026-06-13T08:44:25Z</time>
   </trkpt>
   <trkpt lat="47.6378330" lon="13.7911450">
    <ele>719.3</ele>
    <time>2026-06-13T08:44:26Z</time>
   </trkpt>
   <trkpt lat="47.6378570" lon="13.7911810">
    <ele>719.3</ele>
    <time>2026-06-13T08:44:27Z</time>
   </trkpt>
   <trkpt lat="47.6378670" lon="13.7911930">
    <ele>719.4</ele>
    <time>2026-06-13T08:44:28Z</time>
   </trkpt>
   <trkpt lat="47.6378840" lon="13.7912330">
    <ele>719.5</ele>
    <time>2026-06-13T08:44:29Z</time>
   </trkpt>
   <trkpt lat="47.6378990" lon="13.7912670">
    <ele>719.5</ele>
    <time>2026-06-13T08:44:30Z</time>
   </trkpt>
   <trkpt lat="47.6379190" lon="13.7913050">
    <ele>719.6</ele>
    <time>2026-06-13T08:44:31Z</time>
   </trkpt>
   <trkpt lat="47.6379290" lon="13.7913200">
    <ele>719.6</ele>
    <time>2026-06-13T08:44:32Z</time>
   </trkpt>
   <trkpt lat="47.6379500" lon="13.7913570">
    <ele>719.6</ele>
    <time>2026-06-13T08:44:33Z</time>
   </trkpt>
   <trkpt lat="47.6379560" lon="13.7913730">
    <ele>719.6</ele>
    <time>2026-06-13T08:44:34Z</time>
   </trkpt>
   <trkpt lat="47.6379730" lon="13.7914060">
    <ele>719.7</ele>
    <time>2026-06-13T08:44:35Z</time>
   </trkpt>
   <trkpt lat="47.6379840" lon="13.7914140">
    <ele>719.7</ele>
    <time>2026-06-13T08:44:36Z</time>
   </trkpt>
   <trkpt lat="47.6379990" lon="13.7914370">
    <ele>719.7</ele>
    <time>2026-06-13T08:44:37Z</time>
   </trkpt>
   <trkpt lat="47.6380040" lon="13.7914540">
    <ele>719.7</ele>
    <time>2026-06-13T08:44:38Z</time>
   </trkpt>
   <trkpt lat="47.6380120" lon="13.7914790">
    <ele>719.7</ele>
    <time>2026-06-13T08:44:39Z</time>
   </trkpt>
   <trkpt lat="47.6380350" lon="13.7915150">
    <ele>719.7</ele>
    <time>2026-06-13T08:44:40Z</time>
   </trkpt>
   <trkpt lat="47.6380620" lon="13.7915410">
    <ele>719.7</ele>
    <time>2026-06-13T08:44:41Z</time>
   </trkpt>
   <trkpt lat="47.6380780" lon="13.7915860">
    <ele>719.8</ele>
    <time>2026-06-13T08:44:42Z</time>
   </trkpt>
   <trkpt lat="47.6380770" lon="13.7916110">
    <ele>719.8</ele>
    <time>2026-06-13T08:44:43Z</time>
   </trkpt>
   <trkpt lat="47.6380930" lon="13.7916450">
    <ele>719.9</ele>
    <time>2026-06-13T08:44:44Z</time>
   </trkpt>
   <trkpt lat="47.6380990" lon="13.7916580">
    <ele>719.9</ele>
    <time>2026-06-13T08:44:45Z</time>
   </trkpt>
   <trkpt lat="47.6381160" lon="13.7916960">
    <ele>720.0</ele>
    <time>2026-06-13T08:44:46Z</time>
   </trkpt>
   <trkpt lat="47.6381250" lon="13.7917130">
    <ele>720.1</ele>
    <time>2026-06-13T08:44:47Z</time>
   </trkpt>
   <trkpt lat="47.6381470" lon="13.7917590">
    <ele>720.2</ele>
    <time>2026-06-13T08:44:48Z</time>
   </trkpt>
   <trkpt lat="47.6381540" lon="13.7917720">
    <ele>720.3</ele>
    <time>2026-06-13T08:44:49Z</time>
   </trkpt>
   <trkpt lat="47.6381750" lon="13.7918150">
    <ele>720.4</ele>
    <time>2026-06-13T08:44:50Z</time>
   </trkpt>
   <trkpt lat="47.6381780" lon="13.7918320">
    <ele>720.5</ele>
    <time>2026-06-13T08:44:51Z</time>
   </trkpt>
   <trkpt lat="47.6381970" lon="13.7918610">
    <ele>720.6</ele>
    <time>2026-06-13T08:44:52Z</time>
   </trkpt>
   <trkpt lat="47.6382080" lon="13.7918970">
    <ele>720.6</ele>
    <time>2026-06-13T08:44:53Z</time>
   </trkpt>
   <trkpt lat="47.6382100" lon="13.7919130">
    <ele>720.7</ele>
    <time>2026-06-13T08:44:54Z</time>
   </trkpt>
   <trkpt lat="47.6382310" lon="13.7919520">
    <ele>720.7</ele>
    <time>2026-06-13T08:44:55Z</time>
   </trkpt>
   <trkpt lat="47.6382370" lon="13.7919630">
    <ele>720.7</ele>
    <time>2026-06-13T08:44:56Z</time>
   </trkpt>
   <trkpt lat="47.6382530" lon="13.7919940">
    <ele>720.8</ele>
    <time>2026-06-13T08:44:57Z</time>
   </trkpt>
   <trkpt lat="47.6382590" lon="13.7920060">
    <ele>720.8</ele>
    <time>2026-06-13T08:44:58Z</time>
   </trkpt>
   <trkpt lat="47.6382730" lon="13.7920450">
    <ele>720.8</ele>
    <time>2026-06-13T08:44:59Z</time>
   </trkpt>
   <trkpt lat="47.6383030" lon="13.7920790">
    <ele>720.8</ele>
    <time>2026-06-13T08:45:00Z</time>
   </trkpt>
   <trkpt lat="47.6383090" lon="13.7920940">
    <ele>720.8</ele>
    <time>2026-06-13T08:45:01Z</time>
   </trkpt>
   <trkpt lat="47.6383350" lon="13.7921300">
    <ele>720.8</ele>
    <time>2026-06-13T08:45:02Z</time>
   </trkpt>
   <trkpt lat="47.6383380" lon="13.7921480">
    <ele>720.8</ele>
    <time>2026-06-13T08:45:03Z</time>
   </trkpt>
   <trkpt lat="47.6383440" lon="13.7921910">
    <ele>720.8</ele>
    <time>2026-06-13T08:45:04Z</time>
   </trkpt>
   <trkpt lat="47.6383490" lon="13.7922030">
    <ele>720.8</ele>
    <time>2026-06-13T08:45:05Z</time>
   </trkpt>
   <trkpt lat="47.6383780" lon="13.7922290">
    <ele>720.8</ele>
    <time>2026-06-13T08:45:06Z</time>
   </trkpt>
   <trkpt lat="47.6383980" lon="13.7922760">
    <ele>720.8</ele>
    <time>2026-06-13T08:45:07Z</time>
   </trkpt>
   <trkpt lat="47.6384040" lon="13.7922890">
    <ele>720.8</ele>
    <time>2026-06-13T08:45:08Z</time>
   </trkpt>
   <trkpt lat="47.6384130" lon="13.7923330">
    <ele>720.7</ele>
    <time>2026-06-13T08:45:09Z</time>
   </trkpt>
   <trkpt lat="47.6384220" lon="13.7923460">
    <ele>720.7</ele>
    <time>2026-06-13T08:45:10Z</time>
   </trkpt>
   <trkpt lat="47.6384230" lon="13.7923680">
    <ele>720.7</ele>
    <time>2026-06-13T08:45:11Z</time>
   </trkpt>
   <trkpt lat="47.6384460" lon="13.7923820">
    <ele>720.7</ele>
    <time>2026-06-13T08:45:12Z</time>
   </trkpt>
   <trkpt lat="47.6384580" lon="13.7924260">
    <ele>720.6</ele>
    <time>2026-06-13T08:45:13Z</time>
   </trkpt>
   <trkpt lat="47.6384590" lon="13.7924440">
    <ele>720.6</ele>
    <time>2026-06-13T08:45:14Z</time>
   </trkpt>
   <trkpt lat="47.6384780" lon="13.7924720">
    <ele>720.6</ele>
    <time>2026-06-13T08:45:15Z</time>
   </trkpt>
   <trkpt lat="47.6384910" lon="13.7925140">
    <ele>720.6</ele>
    <time>2026-06-13T08:45:17Z</time>
   </trkpt>
   <trkpt lat="47.6384950" lon="13.7925270">
    <ele>720.5</ele>
    <time>2026-06-13T08:45:18Z</time>
   </trkpt>
   <trkpt lat="47.6385120" lon="13.7925630">
    <ele>720.5</ele>
    <time>2026-06-13T08:45:19Z</time>
   </trkpt>
   <trkpt lat="47.6385200" lon="13.7926200">
    <ele>720.5</ele>
    <time>2026-06-13T08:45:20Z</time>
   </trkpt>
   <trkpt lat="47.6385260" lon="13.7926400">
    <ele>720.6</ele>
    <time>2026-06-13T08:45:21Z</time>
   </trkpt>
   <trkpt lat="47.6385480" lon="13.7926770">
    <ele>720.6</ele>
    <time>2026-06-13T08:45:22Z</time>
   </trkpt>
   <trkpt lat="47.6385500" lon="13.7926880">
    <ele>720.6</ele>
    <time>2026-06-13T08:45:23Z</time>
   </trkpt>
   <trkpt lat="47.6385590" lon="13.7927260">
    <ele>720.6</ele>
    <time>2026-06-13T08:45:24Z</time>
   </trkpt>
   <trkpt lat="47.6385660" lon="13.7927390">
    <ele>720.7</ele>
    <time>2026-06-13T08:45:25Z</time>
   </trkpt>
   <trkpt lat="47.6385740" lon="13.7927860">
    <ele>720.7</ele>
    <time>2026-06-13T08:45:26Z</time>
   </trkpt>
   <trkpt lat="47.6385850" lon="13.7928140">
    <ele>720.8</ele>
    <time>2026-06-13T08:45:27Z</time>
   </trkpt>
   <trkpt lat="47.6385960" lon="13.7928260">
    <ele>720.8</ele>
    <time>2026-06-13T08:45:28Z</time>
   </trkpt>
   <trkpt lat="47.6386060" lon="13.7928760">
    <ele>720.9</ele>
    <time>2026-06-13T08:45:29Z</time>
   </trkpt>
   <trkpt lat="47.6386330" lon="13.7929000">
    <ele>721.0</ele>
    <time>2026-06-13T08:45:30Z</time>
   </trkpt>
   <trkpt lat="47.6386380" lon="13.7929090">
    <ele>721.0</ele>
    <time>2026-06-13T08:45:31Z</time>
   </trkpt>
   <trkpt lat="47.6386380" lon="13.7929590">
    <ele>721.0</ele>
    <time>2026-06-13T08:45:32Z</time>
   </trkpt>
   <trkpt lat="47.6386560" lon="13.7929930">
    <ele>721.1</ele>
    <time>2026-06-13T08:45:33Z</time>
   </trkpt>
   <trkpt lat="47.6386590" lon="13.7930070">
    <ele>721.1</ele>
    <time>2026-06-13T08:45:34Z</time>
   </trkpt>
   <trkpt lat="47.6386660" lon="13.7930490">
    <ele>721.1</ele>
    <time>2026-06-13T08:45:35Z</time>
   </trkpt>
   <trkpt lat="47.6386730" lon="13.7930610">
    <ele>721.1</ele>
    <time>2026-06-13T08:45:36Z</time>
   </trkpt>
   <trkpt lat="47.6386820" lon="13.7930510">
    <ele>721.1</ele>
    <time>2026-06-13T08:45:37Z</time>
   </trkpt>
   <trkpt lat="47.6386860" lon="13.7930630">
    <ele>721.1</ele>
    <time>2026-06-13T08:45:38Z</time>
   </trkpt>
   <trkpt lat="47.6387000" lon="13.7930650">
    <ele>721.1</ele>
    <time>2026-06-13T08:45:39Z</time>
   </trkpt>
   <trkpt lat="47.6386990" lon="13.7930690">
    <ele>721.1</ele>
    <time>2026-06-13T08:45:40Z</time>
   </trkpt>
   <trkpt lat="47.6387040" lon="13.7930730">
    <ele>721.1</ele>
    <time>2026-06-13T08:45:41Z</time>
   </trkpt>
   <trkpt lat="47.6387020" lon="13.7930930">
    <ele>721.0</ele>
    <time>2026-06-13T08:45:42Z</time>
   </trkpt>
   <trkpt lat="47.6387040" lon="13.7931080">
    <ele>721.0</ele>
    <time>2026-06-13T08:45:43Z</time>
   </trkpt>
   <trkpt lat="47.6387040" lon="13.7931410">
    <ele>721.0</ele>
    <time>2026-06-13T08:45:44Z</time>
   </trkpt>
   <trkpt lat="47.6387080" lon="13.7931630">
    <ele>721.0</ele>
    <time>2026-06-13T08:45:45Z</time>
   </trkpt>
   <trkpt lat="47.6387110" lon="13.7931850">
    <ele>720.9</ele>
    <time>2026-06-13T08:45:46Z</time>
   </trkpt>
   <trkpt lat="47.6387290" lon="13.7932330">
    <ele>720.8</ele>
    <time>2026-06-13T08:45:47Z</time>
   </trkpt>
   <trkpt lat="47.6387350" lon="13.7932480">
    <ele>720.8</ele>
    <time>2026-06-13T08:45:48Z</time>
   </trkpt>
   <trkpt lat="47.6387530" lon="13.7932970">
    <ele>720.7</ele>
    <time>2026-06-13T08:45:49Z</time>
   </trkpt>
   <trkpt lat="47.6387630" lon="13.7933090">
    <ele>720.7</ele>
    <time>2026-06-13T08:45:50Z</time>
   </trkpt>
   <trkpt lat="47.6387840" lon="13.7933340">
    <ele>720.6</ele>
    <time>2026-06-13T08:45:51Z</time>
   </trkpt>
   <trkpt lat="47.6387940" lon="13.7933440">
    <ele>720.6</ele>
    <time>2026-06-13T08:45:52Z</time>
   </trkpt>
   <trkpt lat="47.6388000" lon="13.7934010">
    <ele>720.5</ele>
    <time>2026-06-13T08:45:53Z</time>
   </trkpt>
   <trkpt lat="47.6387980" lon="13.7934280">
    <ele>720.4</ele>
    <time>2026-06-13T08:45:54Z</time>
   </trkpt>
   <trkpt lat="47.6388050" lon="13.7934800">
    <ele>720.4</ele>
    <time>2026-06-13T08:45:55Z</time>
   </trkpt>
   <trkpt lat="47.6388090" lon="13.7934950">
    <ele>720.4</ele>
    <time>2026-06-13T08:45:56Z</time>
   </trkpt>
   <trkpt lat="47.6388130" lon="13.7935220">
    <ele>720.4</ele>
    <time>2026-06-13T08:45:57Z</time>
   </trkpt>
   <trkpt lat="47.6388180" lon="13.7935410">
    <ele>720.4</ele>
    <time>2026-06-13T08:45:58Z</time>
   </trkpt>
   <trkpt lat="47.6388340" lon="13.7935780">
    <ele>720.4</ele>
    <time>2026-06-13T08:45:59Z</time>
   </trkpt>
   <trkpt lat="47.6388380" lon="13.7935950">
    <ele>720.4</ele>
    <time>2026-06-13T08:46:00Z</time>
   </trkpt>
   <trkpt lat="47.6388550" lon="13.7936270">
    <ele>720.4</ele>
    <time>2026-06-13T08:46:01Z</time>
   </trkpt>
   <trkpt lat="47.6388640" lon="13.7936390">
    <ele>720.4</ele>
    <time>2026-06-13T08:46:02Z</time>
   </trkpt>
   <trkpt lat="47.6388640" lon="13.7936810">
    <ele>720.4</ele>
    <time>2026-06-13T08:46:03Z</time>
   </trkpt>
   <trkpt lat="47.6388640" lon="13.7937240">
    <ele>720.4</ele>
    <time>2026-06-13T08:46:04Z</time>
   </trkpt>
   <trkpt lat="47.6388690" lon="13.7937410">
    <ele>720.4</ele>
    <time>2026-06-13T08:46:05Z</time>
   </trkpt>
   <trkpt lat="47.6388790" lon="13.7937820">
    <ele>720.4</ele>
    <time>2026-06-13T08:46:06Z</time>
   </trkpt>
   <trkpt lat="47.6388810" lon="13.7938030">
    <ele>720.4</ele>
    <time>2026-06-13T08:46:07Z</time>
   </trkpt>
   <trkpt lat="47.6388900" lon="13.7938410">
    <ele>720.3</ele>
    <time>2026-06-13T08:46:08Z</time>
   </trkpt>
   <trkpt lat="47.6389110" lon="13.7938710">
    <ele>720.3</ele>
    <time>2026-06-13T08:46:09Z</time>
   </trkpt>
   <trkpt lat="47.6389140" lon="13.7939210">
    <ele>720.2</ele>
    <time>2026-06-13T08:46:10Z</time>
   </trkpt>
   <trkpt lat="47.6389210" lon="13.7939420">
    <ele>720.2</ele>
    <time>2026-06-13T08:46:11Z</time>
   </trkpt>
   <trkpt lat="47.6389330" lon="13.7939920">
    <ele>720.1</ele>
    <time>2026-06-13T08:46:12Z</time>
   </trkpt>
   <trkpt lat="47.6389390" lon="13.7940110">
    <ele>720.0</ele>
    <time>2026-06-13T08:46:13Z</time>
   </trkpt>
   <trkpt lat="47.6389530" lon="13.7940540">
    <ele>719.9</ele>
    <time>2026-06-13T08:46:14Z</time>
   </trkpt>
   <trkpt lat="47.6389570" lon="13.7940680">
    <ele>719.9</ele>
    <time>2026-06-13T08:46:15Z</time>
   </trkpt>
   <trkpt lat="47.6389700" lon="13.7941110">
    <ele>719.8</ele>
    <time>2026-06-13T08:46:16Z</time>
   </trkpt>
   <trkpt lat="47.6389740" lon="13.7941250">
    <ele>719.7</ele>
    <time>2026-06-13T08:46:17Z</time>
   </trkpt>
   <trkpt lat="47.6390000" lon="13.7941530">
    <ele>719.6</ele>
    <time>2026-06-13T08:46:18Z</time>
   </trkpt>
   <trkpt lat="47.6390020" lon="13.7941670">
    <ele>719.6</ele>
    <time>2026-06-13T08:46:19Z</time>
   </trkpt>
   <trkpt lat="47.6389970" lon="13.7942090">
    <ele>719.5</ele>
    <time>2026-06-13T08:46:20Z</time>
   </trkpt>
   <trkpt lat="47.6390110" lon="13.7942570">
    <ele>719.3</ele>
    <time>2026-06-13T08:46:21Z</time>
   </trkpt>
   <trkpt lat="47.6390190" lon="13.7942700">
    <ele>719.3</ele>
    <time>2026-06-13T08:46:22Z</time>
   </trkpt>
   <trkpt lat="47.6390320" lon="13.7943050">
    <ele>719.2</ele>
    <time>2026-06-13T08:46:23Z</time>
   </trkpt>
   <trkpt lat="47.6390460" lon="13.7943150">
    <ele>719.1</ele>
    <time>2026-06-13T08:46:24Z</time>
   </trkpt>
   <trkpt lat="47.6390480" lon="13.7943370">
    <ele>719.1</ele>
    <time>2026-06-13T08:46:25Z</time>
   </trkpt>
   <trkpt lat="47.6390600" lon="13.7943950">
    <ele>719.0</ele>
    <time>2026-06-13T08:46:26Z</time>
   </trkpt>
   <trkpt lat="47.6390660" lon="13.7944140">
    <ele>718.9</ele>
    <time>2026-06-13T08:46:27Z</time>
   </trkpt>
   <trkpt lat="47.6390760" lon="13.7944380">
    <ele>718.9</ele>
    <time>2026-06-13T08:46:28Z</time>
   </trkpt>
   <trkpt lat="47.6390810" lon="13.7944620">
    <ele>718.9</ele>
    <time>2026-06-13T08:46:29Z</time>
   </trkpt>
   <trkpt lat="47.6391030" lon="13.7945140">
    <ele>718.8</ele>
    <time>2026-06-13T08:46:30Z</time>
   </trkpt>
   <trkpt lat="47.6391120" lon="13.7945390">
    <ele>718.8</ele>
    <time>2026-06-13T08:46:31Z</time>
   </trkpt>
   <trkpt lat="47.6391390" lon="13.7946010">
    <ele>718.7</ele>
    <time>2026-06-13T08:46:32Z</time>
   </trkpt>
   <trkpt lat="47.6391560" lon="13.7946200">
    <ele>718.7</ele>
    <time>2026-06-13T08:46:33Z</time>
   </trkpt>
   <trkpt lat="47.6391530" lon="13.7946410">
    <ele>718.7</ele>
    <time>2026-06-13T08:46:34Z</time>
   </trkpt>
   <trkpt lat="47.6391470" lon="13.7946830">
    <ele>718.7</ele>
    <time>2026-06-13T08:46:35Z</time>
   </trkpt>
   <trkpt lat="47.6391570" lon="13.7947340">
    <ele>718.7</ele>
    <time>2026-06-13T08:46:36Z</time>
   </trkpt>
   <trkpt lat="47.6391600" lon="13.7947520">
    <ele>718.7</ele>
    <time>2026-06-13T08:46:37Z</time>
   </trkpt>
   <trkpt lat="47.6391590" lon="13.7948050">
    <ele>718.7</ele>
    <time>2026-06-13T08:46:38Z</time>
   </trkpt>
   <trkpt lat="47.6391590" lon="13.7948180">
    <ele>718.8</ele>
    <time>2026-06-13T08:46:39Z</time>
   </trkpt>
   <trkpt lat="47.6391870" lon="13.7948490">
    <ele>718.8</ele>
    <time>2026-06-13T08:46:40Z</time>
   </trkpt>
   <trkpt lat="47.6391970" lon="13.7948590">
    <ele>718.8</ele>
    <time>2026-06-13T08:46:41Z</time>
   </trkpt>
   <trkpt lat="47.6392000" lon="13.7948780">
    <ele>718.8</ele>
    <time>2026-06-13T08:46:42Z</time>
   </trkpt>
   <trkpt lat="47.6392070" lon="13.7948980">
    <ele>718.8</ele>
    <time>2026-06-13T08:46:43Z</time>
   </trkpt>
   <trkpt lat="47.6392160" lon="13.7949540">
    <ele>718.8</ele>
    <time>2026-06-13T08:46:44Z</time>
   </trkpt>
   <trkpt lat="47.6392150" lon="13.7949770">
    <ele>718.8</ele>
    <time>2026-06-13T08:46:45Z</time>
   </trkpt>
   <trkpt lat="47.6392310" lon="13.7950160">
    <ele>718.8</ele>
    <time>2026-06-13T08:46:46Z</time>
   </trkpt>
   <trkpt lat="47.6392390" lon="13.7950650">
    <ele>718.8</ele>
    <time>2026-06-13T08:46:47Z</time>
   </trkpt>
   <trkpt lat="47.6392490" lon="13.7950780">
    <ele>718.8</ele>
    <time>2026-06-13T08:46:48Z</time>
   </trkpt>
   <trkpt lat="47.6392770" lon="13.7951160">
    <ele>718.8</ele>
    <time>2026-06-13T08:46:49Z</time>
   </trkpt>
   <trkpt lat="47.6392800" lon="13.7951400">
    <ele>718.8</ele>
    <time>2026-06-13T08:46:50Z</time>
   </trkpt>
   <trkpt lat="47.6392820" lon="13.7951870">
    <ele>718.8</ele>
    <time>2026-06-13T08:46:51Z</time>
   </trkpt>
   <trkpt lat="47.6392860" lon="13.7952020">
    <ele>718.8</ele>
    <time>2026-06-13T08:46:52Z</time>
   </trkpt>
   <trkpt lat="47.6393010" lon="13.7952510">
    <ele>718.8</ele>
    <time>2026-06-13T08:46:53Z</time>
   </trkpt>
   <trkpt lat="47.6393070" lon="13.7952720">
    <ele>718.8</ele>
    <time>2026-06-13T08:46:54Z</time>
   </trkpt>
   <trkpt lat="47.6393120" lon="13.7952960">
    <ele>718.8</ele>
    <time>2026-06-13T08:46:55Z</time>
   </trkpt>
   <trkpt lat="47.6393100" lon="13.7953160">
    <ele>718.8</ele>
    <time>2026-06-13T08:46:56Z</time>
   </trkpt>
   <trkpt lat="47.6393320" lon="13.7953610">
    <ele>718.7</ele>
    <time>2026-06-13T08:46:57Z</time>
   </trkpt>
   <trkpt lat="47.6393460" lon="13.7953870">
    <ele>718.7</ele>
    <time>2026-06-13T08:46:58Z</time>
   </trkpt>
   <trkpt lat="47.6393590" lon="13.7954280">
    <ele>718.7</ele>
    <time>2026-06-13T08:46:59Z</time>
   </trkpt>
   <trkpt lat="47.6393670" lon="13.7954700">
    <ele>718.6</ele>
    <time>2026-06-13T08:47:00Z</time>
   </trkpt>
   <trkpt lat="47.6393700" lon="13.7954850">
    <ele>718.6</ele>
    <time>2026-06-13T08:47:01Z</time>
   </trkpt>
   <trkpt lat="47.6393850" lon="13.7955290">
    <ele>718.6</ele>
    <time>2026-06-13T08:47:02Z</time>
   </trkpt>
   <trkpt lat="47.6393920" lon="13.7955410">
    <ele>718.6</ele>
    <time>2026-06-13T08:47:03Z</time>
   </trkpt>
   <trkpt lat="47.6394070" lon="13.7955830">
    <ele>718.6</ele>
    <time>2026-06-13T08:47:04Z</time>
   </trkpt>
   <trkpt lat="47.6394110" lon="13.7955970">
    <ele>718.5</ele>
    <time>2026-06-13T08:47:05Z</time>
   </trkpt>
   <trkpt lat="47.6394230" lon="13.7956440">
    <ele>718.5</ele>
    <time>2026-06-13T08:47:06Z</time>
   </trkpt>
   <trkpt lat="47.6394270" lon="13.7956590">
    <ele>718.5</ele>
    <time>2026-06-13T08:47:07Z</time>
   </trkpt>
   <trkpt lat="47.6394470" lon="13.7956990">
    <ele>718.5</ele>
    <time>2026-06-13T08:47:08Z</time>
   </trkpt>
   <trkpt lat="47.6394620" lon="13.7957320">
    <ele>718.5</ele>
    <time>2026-06-13T08:47:09Z</time>
   </trkpt>
   <trkpt lat="47.6394640" lon="13.7957490">
    <ele>718.5</ele>
    <time>2026-06-13T08:47:10Z</time>
   </trkpt>
   <trkpt lat="47.6394760" lon="13.7957960">
    <ele>718.5</ele>
    <time>2026-06-13T08:47:11Z</time>
   </trkpt>
   <trkpt lat="47.6394780" lon="13.7958140">
    <ele>718.5</ele>
    <time>2026-06-13T08:47:12Z</time>
   </trkpt>
   <trkpt lat="47.6394860" lon="13.7958600">
    <ele>718.6</ele>
    <time>2026-06-13T08:47:13Z</time>
   </trkpt>
   <trkpt lat="47.6394890" lon="13.7958750">
    <ele>718.6</ele>
    <time>2026-06-13T08:47:14Z</time>
   </trkpt>
   <trkpt lat="47.6395020" lon="13.7959150">
    <ele>718.6</ele>
    <time>2026-06-13T08:47:15Z</time>
   </trkpt>
   <trkpt lat="47.6395060" lon="13.7959330">
    <ele>718.6</ele>
    <time>2026-06-13T08:47:16Z</time>
   </trkpt>
   <trkpt lat="47.6395200" lon="13.7959740">
    <ele>718.6</ele>
    <time>2026-06-13T08:47:17Z</time>
   </trkpt>
   <trkpt lat="47.6395230" lon="13.7959890">
    <ele>718.6</ele>
    <time>2026-06-13T08:47:18Z</time>
   </trkpt>
   <trkpt lat="47.6395470" lon="13.7960110">
    <ele>718.6</ele>
    <time>2026-06-13T08:47:19Z</time>
   </trkpt>
   <trkpt lat="47.6395530" lon="13.7960230">
    <ele>718.6</ele>
    <time>2026-06-13T08:47:20Z</time>
   </trkpt>
   <trkpt lat="47.6395740" lon="13.7960500">
    <ele>718.6</ele>
    <time>2026-06-13T08:47:21Z</time>
   </trkpt>
   <trkpt lat="47.6395830" lon="13.7960940">
    <ele>718.7</ele>
    <time>2026-06-13T08:47:22Z</time>
   </trkpt>
   <trkpt lat="47.6395910" lon="13.7961190">
    <ele>718.7</ele>
    <time>2026-06-13T08:47:23Z</time>
   </trkpt>
   <trkpt lat="47.6395970" lon="13.7961350">
    <ele>718.7</ele>
    <time>2026-06-13T08:47:24Z</time>
   </trkpt>
   <trkpt lat="47.6396020" lon="13.7961520">
    <ele>718.7</ele>
    <time>2026-06-13T08:47:25Z</time>
   </trkpt>
   <trkpt lat="47.6396170" lon="13.7962230">
    <ele>718.8</ele>
    <time>2026-06-13T08:47:27Z</time>
   </trkpt>
   <trkpt lat="47.6396320" lon="13.7962510">
    <ele>718.8</ele>
    <time>2026-06-13T08:47:28Z</time>
   </trkpt>
   <trkpt lat="47.6396490" lon="13.7963030">
    <ele>718.8</ele>
    <time>2026-06-13T08:47:30Z</time>
   </trkpt>
   <trkpt lat="47.6396570" lon="13.7963240">
    <ele>718.8</ele>
    <time>2026-06-13T08:47:32Z</time>
   </trkpt>
   <trkpt lat="47.6396740" lon="13.7963700">
    <ele>718.8</ele>
    <time>2026-06-13T08:47:33Z</time>
   </trkpt>
   <trkpt lat="47.6396790" lon="13.7963880">
    <ele>718.8</ele>
    <time>2026-06-13T08:47:34Z</time>
   </trkpt>
   <trkpt lat="47.6396830" lon="13.7964290">
    <ele>718.8</ele>
    <time>2026-06-13T08:47:35Z</time>
   </trkpt>
   <trkpt lat="47.6397090" lon="13.7964960">
    <ele>718.8</ele>
    <time>2026-06-13T08:47:36Z</time>
   </trkpt>
   <trkpt lat="47.6397200" lon="13.7965480">
    <ele>718.8</ele>
    <time>2026-06-13T08:47:37Z</time>
   </trkpt>
   <trkpt lat="47.6397230" lon="13.7965640">
    <ele>718.8</ele>
    <time>2026-06-13T08:47:38Z</time>
   </trkpt>
   <trkpt lat="47.6397360" lon="13.7966030">
    <ele>718.7</ele>
    <time>2026-06-13T08:47:39Z</time>
   </trkpt>
   <trkpt lat="47.6397440" lon="13.7966200">
    <ele>718.7</ele>
    <time>2026-06-13T08:47:40Z</time>
   </trkpt>
   <trkpt lat="47.6397560" lon="13.7966410">
    <ele>718.7</ele>
    <time>2026-06-13T08:47:41Z</time>
   </trkpt>
   <trkpt lat="47.6397590" lon="13.7966680">
    <ele>718.7</ele>
    <time>2026-06-13T08:47:42Z</time>
   </trkpt>
   <trkpt lat="47.6397700" lon="13.7967080">
    <ele>718.7</ele>
    <time>2026-06-13T08:47:43Z</time>
   </trkpt>
   <trkpt lat="47.6397800" lon="13.7967440">
    <ele>718.6</ele>
    <time>2026-06-13T08:47:44Z</time>
   </trkpt>
   <trkpt lat="47.6397860" lon="13.7967570">
    <ele>718.6</ele>
    <time>2026-06-13T08:47:45Z</time>
   </trkpt>
   <trkpt lat="47.6398030" lon="13.7967940">
    <ele>718.6</ele>
    <time>2026-06-13T08:47:46Z</time>
   </trkpt>
   <trkpt lat="47.6398090" lon="13.7968070">
    <ele>718.6</ele>
    <time>2026-06-13T08:47:47Z</time>
   </trkpt>
   <trkpt lat="47.6398090" lon="13.7968500">
    <ele>718.6</ele>
    <time>2026-06-13T08:47:48Z</time>
   </trkpt>
   <trkpt lat="47.6398140" lon="13.7968650">
    <ele>718.6</ele>
    <time>2026-06-13T08:47:49Z</time>
   </trkpt>
   <trkpt lat="47.6398330" lon="13.7969020">
    <ele>718.7</ele>
    <time>2026-06-13T08:47:50Z</time>
   </trkpt>
   <trkpt lat="47.6398390" lon="13.7969150">
    <ele>718.7</ele>
    <time>2026-06-13T08:47:51Z</time>
   </trkpt>
   <trkpt lat="47.6398450" lon="13.7969650">
    <ele>718.8</ele>
    <time>2026-06-13T08:47:52Z</time>
   </trkpt>
   <trkpt lat="47.6398500" lon="13.7969820">
    <ele>718.8</ele>
    <time>2026-06-13T08:47:53Z</time>
   </trkpt>
   <trkpt lat="47.6398660" lon="13.7970260">
    <ele>718.9</ele>
    <time>2026-06-13T08:47:54Z</time>
   </trkpt>
   <trkpt lat="47.6398720" lon="13.7970410">
    <ele>719.0</ele>
    <time>2026-06-13T08:47:55Z</time>
   </trkpt>
   <trkpt lat="47.6398880" lon="13.7970890">
    <ele>719.1</ele>
    <time>2026-06-13T08:47:56Z</time>
   </trkpt>
   <trkpt lat="47.6398920" lon="13.7971050">
    <ele>719.1</ele>
    <time>2026-06-13T08:47:57Z</time>
   </trkpt>
   <trkpt lat="47.6399160" lon="13.7971370">
    <ele>719.2</ele>
    <time>2026-06-13T08:47:58Z</time>
   </trkpt>
   <trkpt lat="47.6399220" lon="13.7971530">
    <ele>719.3</ele>
    <time>2026-06-13T08:47:59Z</time>
   </trkpt>
   <trkpt lat="47.6399500" lon="13.7971790">
    <ele>719.4</ele>
    <time>2026-06-13T08:48:00Z</time>
   </trkpt>
   <trkpt lat="47.6399540" lon="13.7971930">
    <ele>719.5</ele>
    <time>2026-06-13T08:48:01Z</time>
   </trkpt>
   <trkpt lat="47.6399680" lon="13.7972150">
    <ele>719.6</ele>
    <time>2026-06-13T08:48:02Z</time>
   </trkpt>
   <trkpt lat="47.6399760" lon="13.7972330">
    <ele>719.6</ele>
    <time>2026-06-13T08:48:03Z</time>
   </trkpt>
   <trkpt lat="47.6399870" lon="13.7972430">
    <ele>719.7</ele>
    <time>2026-06-13T08:48:04Z</time>
   </trkpt>
   <trkpt lat="47.6399970" lon="13.7972650">
    <ele>719.8</ele>
    <time>2026-06-13T08:48:05Z</time>
   </trkpt>
   <trkpt lat="47.6400100" lon="13.7973100">
    <ele>719.9</ele>
    <time>2026-06-13T08:48:06Z</time>
   </trkpt>
   <trkpt lat="47.6400150" lon="13.7973240">
    <ele>720.0</ele>
    <time>2026-06-13T08:48:07Z</time>
   </trkpt>
   <trkpt lat="47.6400360" lon="13.7973480">
    <ele>720.1</ele>
    <time>2026-06-13T08:48:08Z</time>
   </trkpt>
   <trkpt lat="47.6400460" lon="13.7973920">
    <ele>720.2</ele>
    <time>2026-06-13T08:48:09Z</time>
   </trkpt>
   <trkpt lat="47.6400460" lon="13.7974040">
    <ele>720.3</ele>
    <time>2026-06-13T08:48:10Z</time>
   </trkpt>
   <trkpt lat="47.6400670" lon="13.7974400">
    <ele>720.4</ele>
    <time>2026-06-13T08:48:11Z</time>
   </trkpt>
   <trkpt lat="47.6400690" lon="13.7974550">
    <ele>720.5</ele>
    <time>2026-06-13T08:48:12Z</time>
   </trkpt>
   <trkpt lat="47.6400790" lon="13.7974920">
    <ele>720.5</ele>
    <time>2026-06-13T08:48:13Z</time>
   </trkpt>
   <trkpt lat="47.6400990" lon="13.7975320">
    <ele>720.6</ele>
    <time>2026-06-13T08:48:14Z</time>
   </trkpt>
   <trkpt lat="47.6401050" lon="13.7975410">
    <ele>720.7</ele>
    <time>2026-06-13T08:48:15Z</time>
   </trkpt>
   <trkpt lat="47.6401200" lon="13.7975840">
    <ele>720.7</ele>
    <time>2026-06-13T08:48:16Z</time>
   </trkpt>
   <trkpt lat="47.6401260" lon="13.7975950">
    <ele>720.7</ele>
    <time>2026-06-13T08:48:17Z</time>
   </trkpt>
   <trkpt lat="47.6401450" lon="13.7976290">
    <ele>720.8</ele>
    <time>2026-06-13T08:48:18Z</time>
   </trkpt>
   <trkpt lat="47.6401490" lon="13.7976710">
    <ele>720.8</ele>
    <time>2026-06-13T08:48:19Z</time>
   </trkpt>
   <trkpt lat="47.6401760" lon="13.7977020">
    <ele>720.7</ele>
    <time>2026-06-13T08:48:20Z</time>
   </trkpt>
   <trkpt lat="47.6401890" lon="13.7977540">
    <ele>720.7</ele>
    <time>2026-06-13T08:48:21Z</time>
   </trkpt>
   <trkpt lat="47.6401930" lon="13.7977740">
    <ele>720.7</ele>
    <time>2026-06-13T08:48:22Z</time>
   </trkpt>
   <trkpt lat="47.6402020" lon="13.7977930">
    <ele>720.6</ele>
    <time>2026-06-13T08:48:23Z</time>
   </trkpt>
   <trkpt lat="47.6402210" lon="13.7978060">
    <ele>720.6</ele>
    <time>2026-06-13T08:48:24Z</time>
   </trkpt>
   <trkpt lat="47.6402420" lon="13.7978410">
    <ele>720.5</ele>
    <time>2026-06-13T08:48:25Z</time>
   </trkpt>
   <trkpt lat="47.6402490" lon="13.7978500">
    <ele>720.5</ele>
    <time>2026-06-13T08:48:26Z</time>
   </trkpt>
   <trkpt lat="47.6402650" lon="13.7978940">
    <ele>720.5</ele>
    <time>2026-06-13T08:48:27Z</time>
   </trkpt>
   <trkpt lat="47.6402720" lon="13.7979060">
    <ele>720.4</ele>
    <time>2026-06-13T08:48:28Z</time>
   </trkpt>
   <trkpt lat="47.6402840" lon="13.7979550">
    <ele>720.4</ele>
    <time>2026-06-13T08:48:29Z</time>
   </trkpt>
   <trkpt lat="47.6402880" lon="13.7979730">
    <ele>720.4</ele>
    <time>2026-06-13T08:48:30Z</time>
   </trkpt>
   <trkpt lat="47.6403020" lon="13.7980180">
    <ele>720.4</ele>
    <time>2026-06-13T08:48:31Z</time>
   </trkpt>
   <trkpt lat="47.6403060" lon="13.7980310">
    <ele>720.4</ele>
    <time>2026-06-13T08:48:32Z</time>
   </trkpt>
   <trkpt lat="47.6403260" lon="13.7980700">
    <ele>720.4</ele>
    <time>2026-06-13T08:48:33Z</time>
   </trkpt>
   <trkpt lat="47.6403330" lon="13.7980820">
    <ele>720.4</ele>
    <time>2026-06-13T08:48:34Z</time>
   </trkpt>
   <trkpt lat="47.6403490" lon="13.7981200">
    <ele>720.5</ele>
    <time>2026-06-13T08:48:35Z</time>
   </trkpt>
   <trkpt lat="47.6403580" lon="13.7981270">
    <ele>720.5</ele>
    <time>2026-06-13T08:48:36Z</time>
   </trkpt>
   <trkpt lat="47.6403810" lon="13.7981650">
    <ele>720.6</ele>
    <time>2026-06-13T08:48:37Z</time>
   </trkpt>
   <trkpt lat="47.6403880" lon="13.7981750">
    <ele>720.7</ele>
    <time>2026-06-13T08:48:38Z</time>
   </trkpt>
   <trkpt lat="47.6403930" lon="13.7981990">
    <ele>720.7</ele>
    <time>2026-06-13T08:48:39Z</time>
   </trkpt>
   <trkpt lat="47.6404040" lon="13.7982180">
    <ele>720.8</ele>
    <time>2026-06-13T08:48:40Z</time>
   </trkpt>
   <trkpt lat="47.6404200" lon="13.7982560">
    <ele>721.0</ele>
    <time>2026-06-13T08:48:41Z</time>
   </trkpt>
   <trkpt lat="47.6404270" lon="13.7982670">
    <ele>721.0</ele>
    <time>2026-06-13T08:48:42Z</time>
   </trkpt>
   <trkpt lat="47.6404500" lon="13.7982980">
    <ele>721.2</ele>
    <time>2026-06-13T08:48:43Z</time>
   </trkpt>
   <trkpt lat="47.6404610" lon="13.7983130">
    <ele>721.2</ele>
    <time>2026-06-13T08:48:44Z</time>
   </trkpt>
   <trkpt lat="47.6404730" lon="13.7983360">
    <ele>721.3</ele>
    <time>2026-06-13T08:48:45Z</time>
   </trkpt>
   <trkpt lat="47.6404790" lon="13.7983550">
    <ele>721.4</ele>
    <time>2026-06-13T08:48:46Z</time>
   </trkpt>
   <trkpt lat="47.6405000" lon="13.7983800">
    <ele>721.5</ele>
    <time>2026-06-13T08:48:47Z</time>
   </trkpt>
   <trkpt lat="47.6405090" lon="13.7983870">
    <ele>721.5</ele>
    <time>2026-06-13T08:48:48Z</time>
   </trkpt>
   <trkpt lat="47.6405180" lon="13.7984080">
    <ele>721.5</ele>
    <time>2026-06-13T08:48:49Z</time>
   </trkpt>
   <trkpt lat="47.6405360" lon="13.7984200">
    <ele>721.6</ele>
    <time>2026-06-13T08:48:50Z</time>
   </trkpt>
   <trkpt lat="47.6405570" lon="13.7984540">
    <ele>721.6</ele>
    <time>2026-06-13T08:48:51Z</time>
   </trkpt>
   <trkpt lat="47.6405630" lon="13.7984690">
    <ele>721.6</ele>
    <time>2026-06-13T08:48:52Z</time>
   </trkpt>
   <trkpt lat="47.6405750" lon="13.7984840">
    <ele>721.5</ele>
    <time>2026-06-13T08:48:53Z</time>
   </trkpt>
   <trkpt lat="47.6405850" lon="13.7985080">
    <ele>721.5</ele>
    <time>2026-06-13T08:48:54Z</time>
   </trkpt>
   <trkpt lat="47.6406140" lon="13.7985320">
    <ele>721.4</ele>
    <time>2026-06-13T08:48:55Z</time>
   </trkpt>
   <trkpt lat="47.6406250" lon="13.7985430">
    <ele>721.3</ele>
    <time>2026-06-13T08:48:56Z</time>
   </trkpt>
   <trkpt lat="47.6406420" lon="13.7985820">
    <ele>721.1</ele>
    <time>2026-06-13T08:48:57Z</time>
   </trkpt>
   <trkpt lat="47.6406490" lon="13.7985990">
    <ele>721.0</ele>
    <time>2026-06-13T08:48:58Z</time>
   </trkpt>
   <trkpt lat="47.6406810" lon="13.7986290">
    <ele>720.8</ele>
    <time>2026-06-13T08:48:59Z</time>
   </trkpt>
   <trkpt lat="47.6406920" lon="13.7986430">
    <ele>720.7</ele>
    <time>2026-06-13T08:49:00Z</time>
   </trkpt>
   <trkpt lat="47.6407150" lon="13.7986630">
    <ele>720.4</ele>
    <time>2026-06-13T08:49:01Z</time>
   </trkpt>
   <trkpt lat="47.6407340" lon="13.7986990">
    <ele>720.2</ele>
    <time>2026-06-13T08:49:02Z</time>
   </trkpt>
   <trkpt lat="47.6407580" lon="13.7987370">
    <ele>719.9</ele>
    <time>2026-06-13T08:49:03Z</time>
   </trkpt>
   <trkpt lat="47.6407700" lon="13.7987460">
    <ele>719.8</ele>
    <time>2026-06-13T08:49:04Z</time>
   </trkpt>
   <trkpt lat="47.6407880" lon="13.7987640">
    <ele>719.6</ele>
    <time>2026-06-13T08:49:05Z</time>
   </trkpt>
   <trkpt lat="47.6407940" lon="13.7987770">
    <ele>719.5</ele>
    <time>2026-06-13T08:49:06Z</time>
   </trkpt>
   <trkpt lat="47.6408250" lon="13.7987740">
    <ele>719.3</ele>
    <time>2026-06-13T08:49:07Z</time>
   </trkpt>
   <trkpt lat="47.6408590" lon="13.7987970">
    <ele>719.1</ele>
    <time>2026-06-13T08:49:08Z</time>
   </trkpt>
   <trkpt lat="47.6408680" lon="13.7988080">
    <ele>719.0</ele>
    <time>2026-06-13T08:49:09Z</time>
   </trkpt>
   <trkpt lat="47.6408950" lon="13.7988110">
    <ele>718.8</ele>
    <time>2026-06-13T08:49:10Z</time>
   </trkpt>
   <trkpt lat="47.6409070" lon="13.7988020">
    <ele>718.7</ele>
    <time>2026-06-13T08:49:11Z</time>
   </trkpt>
   <trkpt lat="47.6409220" lon="13.7988030">
    <ele>718.7</ele>
    <time>2026-06-13T08:49:12Z</time>
   </trkpt>
   <trkpt lat="47.6409410" lon="13.7988210">
    <ele>718.5</ele>
    <time>2026-06-13T08:49:13Z</time>
   </trkpt>
   <trkpt lat="47.6409490" lon="13.7988710">
    <ele>718.3</ele>
    <time>2026-06-13T08:49:14Z</time>
   </trkpt>
   <trkpt lat="47.6409530" lon="13.7988870">
    <ele>718.3</ele>
    <time>2026-06-13T08:49:15Z</time>
   </trkpt>
   <trkpt lat="47.6409710" lon="13.7989280">
    <ele>718.1</ele>
    <time>2026-06-13T08:49:16Z</time>
   </trkpt>
   <trkpt lat="47.6409790" lon="13.7989430">
    <ele>718.0</ele>
    <time>2026-06-13T08:49:17Z</time>
   </trkpt>
   <trkpt lat="47.6410160" lon="13.7989590">
    <ele>717.8</ele>
    <time>2026-06-13T08:49:18Z</time>
   </trkpt>
   <trkpt lat="47.6410470" lon="13.7989810">
    <ele>717.7</ele>
    <time>2026-06-13T08:49:19Z</time>
   </trkpt>
   <trkpt lat="47.6410570" lon="13.7989890">
    <ele>717.6</ele>
    <time>2026-06-13T08:49:20Z</time>
   </trkpt>
   <trkpt lat="47.6410760" lon="13.7990190">
    <ele>717.5</ele>
    <time>2026-06-13T08:49:21Z</time>
   </trkpt>
   <trkpt lat="47.6410850" lon="13.7990290">
    <ele>717.5</ele>
    <time>2026-06-13T08:49:22Z</time>
   </trkpt>
   <trkpt lat="47.6411060" lon="13.7990750">
    <ele>717.4</ele>
    <time>2026-06-13T08:49:23Z</time>
   </trkpt>
   <trkpt lat="47.6411170" lon="13.7990840">
    <ele>717.3</ele>
    <time>2026-06-13T08:49:24Z</time>
   </trkpt>
   <trkpt lat="47.6411400" lon="13.7991230">
    <ele>717.3</ele>
    <time>2026-06-13T08:49:25Z</time>
   </trkpt>
   <trkpt lat="47.6411470" lon="13.7991320">
    <ele>717.3</ele>
    <time>2026-06-13T08:49:26Z</time>
   </trkpt>
   <trkpt lat="47.6411690" lon="13.7991640">
    <ele>717.4</ele>
    <time>2026-06-13T08:49:27Z</time>
   </trkpt>
   <trkpt lat="47.6411760" lon="13.7991760">
    <ele>717.4</ele>
    <time>2026-06-13T08:49:28Z</time>
   </trkpt>
   <trkpt lat="47.6412070" lon="13.7991890">
    <ele>717.5</ele>
    <time>2026-06-13T08:49:29Z</time>
   </trkpt>
   <trkpt lat="47.6412160" lon="13.7992000">
    <ele>717.5</ele>
    <time>2026-06-13T08:49:30Z</time>
   </trkpt>
   <trkpt lat="47.6412400" lon="13.7992210">
    <ele>717.6</ele>
    <time>2026-06-13T08:49:31Z</time>
   </trkpt>
   <trkpt lat="47.6412660" lon="13.7992500">
    <ele>717.8</ele>
    <time>2026-06-13T08:49:32Z</time>
   </trkpt>
   <trkpt lat="47.6412750" lon="13.7992560">
    <ele>717.8</ele>
    <time>2026-06-13T08:49:33Z</time>
   </trkpt>
   <trkpt lat="47.6412980" lon="13.7992790">
    <ele>718.0</ele>
    <time>2026-06-13T08:49:34Z</time>
   </trkpt>
   <trkpt lat="47.6413040" lon="13.7992890">
    <ele>718.0</ele>
    <time>2026-06-13T08:49:35Z</time>
   </trkpt>
   <trkpt lat="47.6413320" lon="13.7992980">
    <ele>718.2</ele>
    <time>2026-06-13T08:49:36Z</time>
   </trkpt>
   <trkpt lat="47.6413390" lon="13.7993070">
    <ele>718.3</ele>
    <time>2026-06-13T08:49:37Z</time>
   </trkpt>
   <trkpt lat="47.6413610" lon="13.7993380">
    <ele>718.4</ele>
    <time>2026-06-13T08:49:38Z</time>
   </trkpt>
   <trkpt lat="47.6413640" lon="13.7993470">
    <ele>718.4</ele>
    <time>2026-06-13T08:49:39Z</time>
   </trkpt>
   <trkpt lat="47.6413820" lon="13.7993730">
    <ele>718.6</ele>
    <time>2026-06-13T08:49:40Z</time>
   </trkpt>
   <trkpt lat="47.6414210" lon="13.7994010">
    <ele>718.7</ele>
    <time>2026-06-13T08:49:42Z</time>
   </trkpt>
   <trkpt lat="47.6414280" lon="13.7994120">
    <ele>718.7</ele>
    <time>2026-06-13T08:49:43Z</time>
   </trkpt>
   <trkpt lat="47.6414610" lon="13.7994300">
    <ele>718.7</ele>
    <time>2026-06-13T08:49:44Z</time>
   </trkpt>
   <trkpt lat="47.6414690" lon="13.7994310">
    <ele>718.7</ele>
    <time>2026-06-13T08:49:45Z</time>
   </trkpt>
   <trkpt lat="47.6414990" lon="13.7994430">
    <ele>718.7</ele>
    <time>2026-06-13T08:49:46Z</time>
   </trkpt>
   <trkpt lat="47.6415280" lon="13.7994760">
    <ele>718.6</ele>
    <time>2026-06-13T08:49:47Z</time>
   </trkpt>
   <trkpt lat="47.6415360" lon="13.7994850">
    <ele>718.6</ele>
    <time>2026-06-13T08:49:48Z</time>
   </trkpt>
   <trkpt lat="47.6415630" lon="13.7994960">
    <ele>718.6</ele>
    <time>2026-06-13T08:49:49Z</time>
   </trkpt>
   <trkpt lat="47.6415760" lon="13.7994940">
    <ele>718.6</ele>
    <time>2026-06-13T08:49:50Z</time>
   </trkpt>
   <trkpt lat="47.6416010" lon="13.7995210">
    <ele>718.6</ele>
    <time>2026-06-13T08:49:51Z</time>
   </trkpt>
   <trkpt lat="47.6416300" lon="13.7995360">
    <ele>718.7</ele>
    <time>2026-06-13T08:49:52Z</time>
   </trkpt>
   <trkpt lat="47.6416680" lon="13.7995370">
    <ele>718.8</ele>
    <time>2026-06-13T08:49:53Z</time>
   </trkpt>
   <trkpt lat="47.6416800" lon="13.7995470">
    <ele>718.8</ele>
    <time>2026-06-13T08:49:54Z</time>
   </trkpt>
   <trkpt lat="47.6417140" lon="13.7995670">
    <ele>718.9</ele>
    <time>2026-06-13T08:49:55Z</time>
   </trkpt>
   <trkpt lat="47.6417260" lon="13.7995670">
    <ele>719.0</ele>
    <time>2026-06-13T08:49:56Z</time>
   </trkpt>
   <trkpt lat="47.6417430" lon="13.7995770">
    <ele>719.0</ele>
    <time>2026-06-13T08:49:57Z</time>
   </trkpt>
   <trkpt lat="47.6417560" lon="13.7995930">
    <ele>719.1</ele>
    <time>2026-06-13T08:49:58Z</time>
   </trkpt>
   <trkpt lat="47.6417660" lon="13.7996120">
    <ele>719.1</ele>
    <time>2026-06-13T08:49:59Z</time>
   </trkpt>
   <trkpt lat="47.6417830" lon="13.7996260">
    <ele>719.2</ele>
    <time>2026-06-13T08:50:00Z</time>
   </trkpt>
   <trkpt lat="47.6418060" lon="13.7996390">
    <ele>719.2</ele>
    <time>2026-06-13T08:50:01Z</time>
   </trkpt>
   <trkpt lat="47.6418160" lon="13.7996310">
    <ele>719.2</ele>
    <time>2026-06-13T08:50:02Z</time>
   </trkpt>
   <trkpt lat="47.6418350" lon="13.7996480">
    <ele>719.2</ele>
    <time>2026-06-13T08:50:03Z</time>
   </trkpt>
   <trkpt lat="47.6418420" lon="13.7996580">
    <ele>719.3</ele>
    <time>2026-06-13T08:50:04Z</time>
   </trkpt>
   <trkpt lat="47.6418480" lon="13.7996680">
    <ele>719.3</ele>
    <time>2026-06-13T08:50:05Z</time>
   </trkpt>
   <trkpt lat="47.6418800" lon="13.7996800">
    <ele>719.2</ele>
    <time>2026-06-13T08:50:06Z</time>
   </trkpt>
   <trkpt lat="47.6418910" lon="13.7996920">
    <ele>719.2</ele>
    <time>2026-06-13T08:50:07Z</time>
   </trkpt>
   <trkpt lat="47.6419120" lon="13.7997050">
    <ele>719.2</ele>
    <time>2026-06-13T08:50:08Z</time>
   </trkpt>
   <trkpt lat="47.6419370" lon="13.7997300">
    <ele>719.1</ele>
    <time>2026-06-13T08:50:09Z</time>
   </trkpt>
   <trkpt lat="47.6419460" lon="13.7997400">
    <ele>719.1</ele>
    <time>2026-06-13T08:50:10Z</time>
   </trkpt>
   <trkpt lat="47.6419750" lon="13.7997680">
    <ele>719.0</ele>
    <time>2026-06-13T08:50:11Z</time>
   </trkpt>
   <trkpt lat="47.6419860" lon="13.7997760">
    <ele>718.9</ele>
    <time>2026-06-13T08:50:12Z</time>
   </trkpt>
   <trkpt lat="47.6420050" lon="13.7998170">
    <ele>718.8</ele>
    <time>2026-06-13T08:50:13Z</time>
   </trkpt>
   <trkpt lat="47.6420130" lon="13.7998280">
    <ele>718.8</ele>
    <time>2026-06-13T08:50:14Z</time>
   </trkpt>
   <trkpt lat="47.6420360" lon="13.7998580">
    <ele>718.7</ele>
    <time>2026-06-13T08:50:15Z</time>
   </trkpt>
   <trkpt lat="47.6420420" lon="13.7998640">
    <ele>718.7</ele>
    <time>2026-06-13T08:50:16Z</time>
   </trkpt>
   <trkpt lat="47.6420750" lon="13.7998810">
    <ele>718.6</ele>
    <time>2026-06-13T08:50:17Z</time>
   </trkpt>
   <trkpt lat="47.6420900" lon="13.7998860">
    <ele>718.6</ele>
    <time>2026-06-13T08:50:18Z</time>
   </trkpt>
   <trkpt lat="47.6421190" lon="13.7999050">
    <ele>718.6</ele>
    <time>2026-06-13T08:50:19Z</time>
   </trkpt>
   <trkpt lat="47.6421290" lon="13.7999090">
    <ele>718.6</ele>
    <time>2026-06-13T08:50:20Z</time>
   </trkpt>
   <trkpt lat="47.6421380" lon="13.7999510">
    <ele>718.6</ele>
    <time>2026-06-13T08:50:21Z</time>
   </trkpt>
   <trkpt lat="47.6421740" lon="13.7999690">
    <ele>718.6</ele>
    <time>2026-06-13T08:50:22Z</time>
   </trkpt>
   <trkpt lat="47.6421870" lon="13.7999740">
    <ele>718.6</ele>
    <time>2026-06-13T08:50:23Z</time>
   </trkpt>
   <trkpt lat="47.6422210" lon="13.8000010">
    <ele>718.6</ele>
    <time>2026-06-13T08:50:24Z</time>
   </trkpt>
   <trkpt lat="47.6422330" lon="13.8000140">
    <ele>718.7</ele>
    <time>2026-06-13T08:50:25Z</time>
   </trkpt>
   <trkpt lat="47.6422620" lon="13.8000340">
    <ele>718.7</ele>
    <time>2026-06-13T08:50:26Z</time>
   </trkpt>
   <trkpt lat="47.6422720" lon="13.8000420">
    <ele>718.7</ele>
    <time>2026-06-13T08:50:27Z</time>
   </trkpt>
   <trkpt lat="47.6423010" lon="13.8000450">
    <ele>718.7</ele>
    <time>2026-06-13T08:50:28Z</time>
   </trkpt>
   <trkpt lat="47.6423090" lon="13.8000410">
    <ele>718.7</ele>
    <time>2026-06-13T08:50:29Z</time>
   </trkpt>
   <trkpt lat="47.6423300" lon="13.8000580">
    <ele>718.7</ele>
    <time>2026-06-13T08:50:30Z</time>
   </trkpt>
   <trkpt lat="47.6423410" lon="13.8000680">
    <ele>718.8</ele>
    <time>2026-06-13T08:50:31Z</time>
   </trkpt>
   <trkpt lat="47.6423640" lon="13.8001030">
    <ele>718.8</ele>
    <time>2026-06-13T08:50:32Z</time>
   </trkpt>
   <trkpt lat="47.6423980" lon="13.8001220">
    <ele>718.9</ele>
    <time>2026-06-13T08:50:33Z</time>
   </trkpt>
   <trkpt lat="47.6424100" lon="13.8001260">
    <ele>718.9</ele>
    <time>2026-06-13T08:50:34Z</time>
   </trkpt>
   <trkpt lat="47.6424360" lon="13.8001440">
    <ele>719.0</ele>
    <time>2026-06-13T08:50:35Z</time>
   </trkpt>
   <trkpt lat="47.6424440" lon="13.8001500">
    <ele>719.0</ele>
    <time>2026-06-13T08:50:36Z</time>
   </trkpt>
   <trkpt lat="47.6424540" lon="13.8001540">
    <ele>719.1</ele>
    <time>2026-06-13T08:50:37Z</time>
   </trkpt>
   <trkpt lat="47.6424740" lon="13.8001610">
    <ele>719.1</ele>
    <time>2026-06-13T08:50:38Z</time>
   </trkpt>
   <trkpt lat="47.6425080" lon="13.8001720">
    <ele>719.3</ele>
    <time>2026-06-13T08:50:39Z</time>
   </trkpt>
   <trkpt lat="47.6425200" lon="13.8001800">
    <ele>719.3</ele>
    <time>2026-06-13T08:50:40Z</time>
   </trkpt>
   <trkpt lat="47.6425560" lon="13.8001940">
    <ele>719.4</ele>
    <time>2026-06-13T08:50:41Z</time>
   </trkpt>
   <trkpt lat="47.6425720" lon="13.8002030">
    <ele>719.4</ele>
    <time>2026-06-13T08:50:42Z</time>
   </trkpt>
   <trkpt lat="47.6426080" lon="13.8002200">
    <ele>719.5</ele>
    <time>2026-06-13T08:50:43Z</time>
   </trkpt>
   <trkpt lat="47.6426180" lon="13.8002270">
    <ele>719.5</ele>
    <time>2026-06-13T08:50:44Z</time>
   </trkpt>
   <trkpt lat="47.6426460" lon="13.8002380">
    <ele>719.5</ele>
    <time>2026-06-13T08:50:45Z</time>
   </trkpt>
   <trkpt lat="47.6426580" lon="13.8002370">
    <ele>719.4</ele>
    <time>2026-06-13T08:50:46Z</time>
   </trkpt>
   <trkpt lat="47.6426890" lon="13.8002410">
    <ele>719.4</ele>
    <time>2026-06-13T08:50:47Z</time>
   </trkpt>
   <trkpt lat="47.6426990" lon="13.8002370">
    <ele>719.4</ele>
    <time>2026-06-13T08:50:48Z</time>
   </trkpt>
   <trkpt lat="47.6427250" lon="13.8002070">
    <ele>719.3</ele>
    <time>2026-06-13T08:50:49Z</time>
   </trkpt>
   <trkpt lat="47.6427660" lon="13.8002290">
    <ele>719.1</ele>
    <time>2026-06-13T08:50:50Z</time>
   </trkpt>
   <trkpt lat="47.6427930" lon="13.8002520">
    <ele>719.0</ele>
    <time>2026-06-13T08:50:51Z</time>
   </trkpt>
   <trkpt lat="47.6428000" lon="13.8002610">
    <ele>719.0</ele>
    <time>2026-06-13T08:50:52Z</time>
   </trkpt>
   <trkpt lat="47.6428120" lon="13.8002560">
    <ele>718.9</ele>
    <time>2026-06-13T08:50:53Z</time>
   </trkpt>
   <trkpt lat="47.6428310" lon="13.8002550">
    <ele>718.9</ele>
    <time>2026-06-13T08:50:54Z</time>
   </trkpt>
   <trkpt lat="47.6428470" lon="13.8002910">
    <ele>718.8</ele>
    <time>2026-06-13T08:50:55Z</time>
   </trkpt>
   <trkpt lat="47.6428800" lon="13.8002900">
    <ele>718.8</ele>
    <time>2026-06-13T08:50:56Z</time>
   </trkpt>
   <trkpt lat="47.6428900" lon="13.8002970">
    <ele>718.8</ele>
    <time>2026-06-13T08:50:57Z</time>
   </trkpt>
   <trkpt lat="47.6429220" lon="13.8003230">
    <ele>718.8</ele>
    <time>2026-06-13T08:50:58Z</time>
   </trkpt>
   <trkpt lat="47.6429290" lon="13.8003410">
    <ele>718.8</ele>
    <time>2026-06-13T08:50:59Z</time>
   </trkpt>
   <trkpt lat="47.6429710" lon="13.8003600">
    <ele>718.8</ele>
    <time>2026-06-13T08:51:00Z</time>
   </trkpt>
   <trkpt lat="47.6429950" lon="13.8003570">
    <ele>718.8</ele>
    <time>2026-06-13T08:51:01Z</time>
   </trkpt>
   <trkpt lat="47.6430330" lon="13.8003560">
    <ele>718.8</ele>
    <time>2026-06-13T08:51:02Z</time>
   </trkpt>
   <trkpt lat="47.6430440" lon="13.8004030">
    <ele>718.8</ele>
    <time>2026-06-13T08:51:03Z</time>
   </trkpt>
   <trkpt lat="47.6430490" lon="13.8004110">
    <ele>718.8</ele>
    <time>2026-06-13T08:51:04Z</time>
   </trkpt>
   <trkpt lat="47.6430740" lon="13.8004480">
    <ele>718.8</ele>
    <time>2026-06-13T08:51:05Z</time>
   </trkpt>
   <trkpt lat="47.6430830" lon="13.8004590">
    <ele>718.8</ele>
    <time>2026-06-13T08:51:06Z</time>
   </trkpt>
   <trkpt lat="47.6431060" lon="13.8004870">
    <ele>718.9</ele>
    <time>2026-06-13T08:51:07Z</time>
   </trkpt>
   <trkpt lat="47.6431140" lon="13.8004920">
    <ele>718.9</ele>
    <time>2026-06-13T08:51:08Z</time>
   </trkpt>
   <trkpt lat="47.6431450" lon="13.8005020">
    <ele>718.9</ele>
    <time>2026-06-13T08:51:09Z</time>
   </trkpt>
   <trkpt lat="47.6431540" lon="13.8005010">
    <ele>718.9</ele>
    <time>2026-06-13T08:51:10Z</time>
   </trkpt>
   <trkpt lat="47.6431850" lon="13.8005150">
    <ele>718.9</ele>
    <time>2026-06-13T08:51:11Z</time>
   </trkpt>
   <trkpt lat="47.6431950" lon="13.8005170">
    <ele>718.9</ele>
    <time>2026-06-13T08:51:12Z</time>
   </trkpt>
   <trkpt lat="47.6432250" lon="13.8005120">
    <ele>719.0</ele>
    <time>2026-06-13T08:51:13Z</time>
   </trkpt>
   <trkpt lat="47.6432530" lon="13.8005300">
    <ele>719.0</ele>
    <time>2026-06-13T08:51:14Z</time>
   </trkpt>
   <trkpt lat="47.6432640" lon="13.8005420">
    <ele>719.0</ele>
    <time>2026-06-13T08:51:15Z</time>
   </trkpt>
   <trkpt lat="47.6432790" lon="13.8005590">
    <ele>719.0</ele>
    <time>2026-06-13T08:51:16Z</time>
   </trkpt>
   <trkpt lat="47.6433080" lon="13.8005900">
    <ele>719.0</ele>
    <time>2026-06-13T08:51:17Z</time>
   </trkpt>
   <trkpt lat="47.6433130" lon="13.8006020">
    <ele>719.0</ele>
    <time>2026-06-13T08:51:18Z</time>
   </trkpt>
   <trkpt lat="47.6433420" lon="13.8006340">
    <ele>719.0</ele>
    <time>2026-06-13T08:51:19Z</time>
   </trkpt>
   <trkpt lat="47.6433570" lon="13.8006400">
    <ele>719.0</ele>
    <time>2026-06-13T08:51:20Z</time>
   </trkpt>
   <trkpt lat="47.6433890" lon="13.8006400">
    <ele>719.1</ele>
    <time>2026-06-13T08:51:21Z</time>
   </trkpt>
   <trkpt lat="47.6433970" lon="13.8006390">
    <ele>719.1</ele>
    <time>2026-06-13T08:51:22Z</time>
   </trkpt>
   <trkpt lat="47.6434250" lon="13.8006760">
    <ele>719.1</ele>
    <time>2026-06-13T08:51:23Z</time>
   </trkpt>
   <trkpt lat="47.6434580" lon="13.8006690">
    <ele>719.2</ele>
    <time>2026-06-13T08:51:24Z</time>
   </trkpt>
   <trkpt lat="47.6434860" lon="13.8006910">
    <ele>719.3</ele>
    <time>2026-06-13T08:51:25Z</time>
   </trkpt>
   <trkpt lat="47.6434930" lon="13.8006910">
    <ele>719.3</ele>
    <time>2026-06-13T08:51:26Z</time>
   </trkpt>
   <trkpt lat="47.6435210" lon="13.8007020">
    <ele>719.3</ele>
    <time>2026-06-13T08:51:27Z</time>
   </trkpt>
   <trkpt lat="47.6435380" lon="13.8007100">
    <ele>719.4</ele>
    <time>2026-06-13T08:51:28Z</time>
   </trkpt>
   <trkpt lat="47.6435440" lon="13.8007240">
    <ele>719.4</ele>
    <time>2026-06-13T08:51:29Z</time>
   </trkpt>
   <trkpt lat="47.6435580" lon="13.8007300">
    <ele>719.5</ele>
    <time>2026-06-13T08:51:30Z</time>
   </trkpt>
   <trkpt lat="47.6435760" lon="13.8007320">
    <ele>719.6</ele>
    <time>2026-06-13T08:51:31Z</time>
   </trkpt>
   <trkpt lat="47.6436010" lon="13.8007460">
    <ele>719.7</ele>
    <time>2026-06-13T08:51:32Z</time>
   </trkpt>
   <trkpt lat="47.6436080" lon="13.8007570">
    <ele>719.8</ele>
    <time>2026-06-13T08:51:33Z</time>
   </trkpt>
   <trkpt lat="47.6436230" lon="13.8007540">
    <ele>719.8</ele>
    <time>2026-06-13T08:51:34Z</time>
   </trkpt>
   <trkpt lat="47.6436380" lon="13.8007490">
    <ele>719.9</ele>
    <time>2026-06-13T08:51:35Z</time>
   </trkpt>
   <trkpt lat="47.6436670" lon="13.8007640">
    <ele>720.1</ele>
    <time>2026-06-13T08:51:36Z</time>
   </trkpt>
   <trkpt lat="47.6436750" lon="13.8007760">
    <ele>720.2</ele>
    <time>2026-06-13T08:51:37Z</time>
   </trkpt>
   <trkpt lat="47.6437020" lon="13.8007690">
    <ele>720.5</ele>
    <time>2026-06-13T08:51:38Z</time>
   </trkpt>
   <trkpt lat="47.6437130" lon="13.8007660">
    <ele>720.5</ele>
    <time>2026-06-13T08:51:39Z</time>
   </trkpt>
   <trkpt lat="47.6437440" lon="13.8007670">
    <ele>720.8</ele>
    <time>2026-06-13T08:51:40Z</time>
   </trkpt>
   <trkpt lat="47.6437510" lon="13.8007650">
    <ele>720.9</ele>
    <time>2026-06-13T08:51:41Z</time>
   </trkpt>
   <trkpt lat="47.6437880" lon="13.8007600">
    <ele>721.2</ele>
    <time>2026-06-13T08:51:42Z</time>
   </trkpt>
   <trkpt lat="47.6438010" lon="13.8007540">
    <ele>721.3</ele>
    <time>2026-06-13T08:51:43Z</time>
   </trkpt>
   <trkpt lat="47.6438310" lon="13.8007240">
    <ele>721.6</ele>
    <time>2026-06-13T08:51:44Z</time>
   </trkpt>
   <trkpt lat="47.6438380" lon="13.8007120">
    <ele>721.7</ele>
    <time>2026-06-13T08:51:45Z</time>
   </trkpt>
   <trkpt lat="47.6438680" lon="13.8007060">
    <ele>721.9</ele>
    <time>2026-06-13T08:51:46Z</time>
   </trkpt>
   <trkpt lat="47.6438790" lon="13.8007130">
    <ele>722.0</ele>
    <time>2026-06-13T08:51:47Z</time>
   </trkpt>
   <trkpt lat="47.6438930" lon="13.8007070">
    <ele>722.1</ele>
    <time>2026-06-13T08:51:48Z</time>
   </trkpt>
   <trkpt lat="47.6439090" lon="13.8007000">
    <ele>722.2</ele>
    <time>2026-06-13T08:51:49Z</time>
   </trkpt>
   <trkpt lat="47.6439250" lon="13.8006890">
    <ele>722.3</ele>
    <time>2026-06-13T08:51:50Z</time>
   </trkpt>
   <trkpt lat="47.6439410" lon="13.8006740">
    <ele>722.4</ele>
    <time>2026-06-13T08:51:51Z</time>
   </trkpt>
   <trkpt lat="47.6439710" lon="13.8006980">
    <ele>722.5</ele>
    <time>2026-06-13T08:51:52Z</time>
   </trkpt>
   <trkpt lat="47.6439820" lon="13.8007020">
    <ele>722.5</ele>
    <time>2026-06-13T08:51:53Z</time>
   </trkpt>
   <trkpt lat="47.6440140" lon="13.8007040">
    <ele>722.5</ele>
    <time>2026-06-13T08:51:54Z</time>
   </trkpt>
   <trkpt lat="47.6440450" lon="13.8006980">
    <ele>722.5</ele>
    <time>2026-06-13T08:51:55Z</time>
   </trkpt>
   <trkpt lat="47.6440590" lon="13.8006920">
    <ele>722.4</ele>
    <time>2026-06-13T08:51:56Z</time>
   </trkpt>
   <trkpt lat="47.6440090" lon="13.8006960">
    <ele>722.3</ele>
    <time>2026-06-13T08:51:57Z</time>
   </trkpt>
   <trkpt lat="47.6439900" lon="13.8007100">
    <ele>722.2</ele>
    <time>2026-06-13T08:51:58Z</time>
   </trkpt>
   <trkpt lat="47.6440330" lon="13.8007300">
    <ele>722.0</ele>
    <time>2026-06-13T08:51:59Z</time>
   </trkpt>
   <trkpt lat="47.6440650" lon="13.8007130">
    <ele>721.9</ele>
    <time>2026-06-13T08:52:00Z</time>
   </trkpt>
   <trkpt lat="47.6440970" lon="13.8006840">
    <ele>721.7</ele>
    <time>2026-06-13T08:52:01Z</time>
   </trkpt>
   <trkpt lat="47.6441070" lon="13.8006780">
    <ele>721.7</ele>
    <time>2026-06-13T08:52:02Z</time>
   </trkpt>
   <trkpt lat="47.6441440" lon="13.8006650">
    <ele>721.5</ele>
    <time>2026-06-13T08:52:03Z</time>
   </trkpt>
   <trkpt lat="47.6441740" lon="13.8006640">
    <ele>721.5</ele>
    <time>2026-06-13T08:52:04Z</time>
   </trkpt>
   <trkpt lat="47.6442090" lon="13.8006880">
    <ele>721.4</ele>
    <time>2026-06-13T08:52:05Z</time>
   </trkpt>
   <trkpt lat="47.6442220" lon="13.8007020">
    <ele>721.3</ele>
    <time>2026-06-13T08:52:06Z</time>
   </trkpt>
   <trkpt lat="47.6442570" lon="13.8006980">
    <ele>721.3</ele>
    <time>2026-06-13T08:52:07Z</time>
   </trkpt>
   <trkpt lat="47.6442690" lon="13.8006950">
    <ele>721.3</ele>
    <time>2026-06-13T08:52:08Z</time>
   </trkpt>
   <trkpt lat="47.6443000" lon="13.8006640">
    <ele>721.2</ele>
    <time>2026-06-13T08:52:09Z</time>
   </trkpt>
   <trkpt lat="47.6443130" lon="13.8006570">
    <ele>721.2</ele>
    <time>2026-06-13T08:52:10Z</time>
   </trkpt>
   <trkpt lat="47.6443230" lon="13.8006200">
    <ele>721.1</ele>
    <time>2026-06-13T08:52:11Z</time>
   </trkpt>
   <trkpt lat="47.6443320" lon="13.8006190">
    <ele>721.1</ele>
    <time>2026-06-13T08:52:12Z</time>
   </trkpt>
   <trkpt lat="47.6443580" lon="13.8005940">
    <ele>721.0</ele>
    <time>2026-06-13T08:52:13Z</time>
   </trkpt>
   <trkpt lat="47.6443790" lon="13.8005500">
    <ele>720.9</ele>
    <time>2026-06-13T08:52:14Z</time>
   </trkpt>
   <trkpt lat="47.6443850" lon="13.8005350">
    <ele>720.9</ele>
    <time>2026-06-13T08:52:15Z</time>
   </trkpt>
   <trkpt lat="47.6444000" lon="13.8004970">
    <ele>720.8</ele>
    <time>2026-06-13T08:52:16Z</time>
   </trkpt>
   <trkpt lat="47.6444060" lon="13.8004870">
    <ele>720.8</ele>
    <time>2026-06-13T08:52:17Z</time>
   </trkpt>
   <trkpt lat="47.6444380" lon="13.8004660">
    <ele>720.7</ele>
    <time>2026-06-13T08:52:18Z</time>
   </trkpt>
   <trkpt lat="47.6444490" lon="13.8004670">
    <ele>720.7</ele>
    <time>2026-06-13T08:52:19Z</time>
   </trkpt>
   <trkpt lat="47.6444700" lon="13.8004390">
    <ele>720.7</ele>
    <time>2026-06-13T08:52:20Z</time>
   </trkpt>
   <trkpt lat="47.6445050" lon="13.8004250">
    <ele>720.6</ele>
    <time>2026-06-13T08:52:21Z</time>
   </trkpt>
   <trkpt lat="47.6445150" lon="13.8004240">
    <ele>720.6</ele>
    <time>2026-06-13T08:52:22Z</time>
   </trkpt>
   <trkpt lat="47.6445370" lon="13.8003940">
    <ele>720.6</ele>
    <time>2026-06-13T08:52:23Z</time>
   </trkpt>
   <trkpt lat="47.6445650" lon="13.8003830">
    <ele>720.5</ele>
    <time>2026-06-13T08:52:24Z</time>
   </trkpt>
   <trkpt lat="47.6445980" lon="13.8003790">
    <ele>720.5</ele>
    <time>2026-06-13T08:52:25Z</time>
   </trkpt>
   <trkpt lat="47.6446160" lon="13.8003480">
    <ele>720.5</ele>
    <time>2026-06-13T08:52:26Z</time>
   </trkpt>
   <trkpt lat="47.6446450" lon="13.8003340">
    <ele>720.4</ele>
    <time>2026-06-13T08:52:27Z</time>
   </trkpt>
   <trkpt lat="47.6446520" lon="13.8003290">
    <ele>720.4</ele>
    <time>2026-06-13T08:52:28Z</time>
   </trkpt>
   <trkpt lat="47.6446790" lon="13.8002890">
    <ele>720.4</ele>
    <time>2026-06-13T08:52:29Z</time>
   </trkpt>
   <trkpt lat="47.6446900" lon="13.8002780">
    <ele>720.4</ele>
    <time>2026-06-13T08:52:30Z</time>
   </trkpt>
   <trkpt lat="47.6447260" lon="13.8002480">
    <ele>720.4</ele>
    <time>2026-06-13T08:52:31Z</time>
   </trkpt>
   <trkpt lat="47.6447400" lon="13.8002400">
    <ele>720.4</ele>
    <time>2026-06-13T08:52:32Z</time>
   </trkpt>
   <trkpt lat="47.6447770" lon="13.8002150">
    <ele>720.3</ele>
    <time>2026-06-13T08:52:33Z</time>
   </trkpt>
   <trkpt lat="47.6447900" lon="13.8001990">
    <ele>720.3</ele>
    <time>2026-06-13T08:52:34Z</time>
   </trkpt>
   <trkpt lat="47.6448220" lon="13.8001800">
    <ele>720.3</ele>
    <time>2026-06-13T08:52:35Z</time>
   </trkpt>
   <trkpt lat="47.6448320" lon="13.8001770">
    <ele>720.3</ele>
    <time>2026-06-13T08:52:36Z</time>
   </trkpt>
   <trkpt lat="47.6448670" lon="13.8001640">
    <ele>720.3</ele>
    <time>2026-06-13T08:52:37Z</time>
   </trkpt>
   <trkpt lat="47.6448760" lon="13.8001510">
    <ele>720.3</ele>
    <time>2026-06-13T08:52:38Z</time>
   </trkpt>
   <trkpt lat="47.6449000" lon="13.8001420">
    <ele>720.3</ele>
    <time>2026-06-13T08:52:39Z</time>
   </trkpt>
   <trkpt lat="47.6449100" lon="13.8001290">
    <ele>720.3</ele>
    <time>2026-06-13T08:52:40Z</time>
   </trkpt>
   <trkpt lat="47.6449360" lon="13.8001130">
    <ele>720.3</ele>
    <time>2026-06-13T08:52:41Z</time>
   </trkpt>
   <trkpt lat="47.6449770" lon="13.8001070">
    <ele>720.4</ele>
    <time>2026-06-13T08:52:42Z</time>
   </trkpt>
   <trkpt lat="47.6449940" lon="13.8000980">
    <ele>720.4</ele>
    <time>2026-06-13T08:52:43Z</time>
   </trkpt>
   <trkpt lat="47.6450190" lon="13.8000710">
    <ele>720.4</ele>
    <time>2026-06-13T08:52:44Z</time>
   </trkpt>
   <trkpt lat="47.6450520" lon="13.8000590">
    <ele>720.5</ele>
    <time>2026-06-13T08:52:45Z</time>
   </trkpt>
   <trkpt lat="47.6450800" lon="13.8000420">
    <ele>720.5</ele>
    <time>2026-06-13T08:52:46Z</time>
   </trkpt>
   <trkpt lat="47.6451090" lon="13.8000130">
    <ele>720.6</ele>
    <time>2026-06-13T08:52:47Z</time>
   </trkpt>
   <trkpt lat="47.6451230" lon="13.8000080">
    <ele>720.6</ele>
    <time>2026-06-13T08:52:48Z</time>
   </trkpt>
   <trkpt lat="47.6451470" lon="13.7999870">
    <ele>720.7</ele>
    <time>2026-06-13T08:52:49Z</time>
   </trkpt>
   <trkpt lat="47.6451680" lon="13.7999930">
    <ele>720.7</ele>
    <time>2026-06-13T08:52:50Z</time>
   </trkpt>
   <trkpt lat="47.6451810" lon="13.7999880">
    <ele>720.8</ele>
    <time>2026-06-13T08:52:51Z</time>
   </trkpt>
   <trkpt lat="47.6452150" lon="13.7999640">
    <ele>720.9</ele>
    <time>2026-06-13T08:52:52Z</time>
   </trkpt>
   <trkpt lat="47.6452300" lon="13.7999460">
    <ele>720.9</ele>
    <time>2026-06-13T08:52:53Z</time>
   </trkpt>
   <trkpt lat="47.6452600" lon="13.7999170">
    <ele>721.0</ele>
    <time>2026-06-13T08:52:54Z</time>
   </trkpt>
   <trkpt lat="47.6452680" lon="13.7999020">
    <ele>721.0</ele>
    <time>2026-06-13T08:52:55Z</time>
   </trkpt>
   <trkpt lat="47.6452810" lon="13.7998790">
    <ele>721.1</ele>
    <time>2026-06-13T08:52:56Z</time>
   </trkpt>
   <trkpt lat="47.6453000" lon="13.7998770">
    <ele>721.1</ele>
    <time>2026-06-13T08:52:57Z</time>
   </trkpt>
   <trkpt lat="47.6453130" lon="13.7998770">
    <ele>721.2</ele>
    <time>2026-06-13T08:52:58Z</time>
   </trkpt>
   <trkpt lat="47.6453290" lon="13.7998740">
    <ele>721.2</ele>
    <time>2026-06-13T08:52:59Z</time>
   </trkpt>
   <trkpt lat="47.6453590" lon="13.7998360">
    <ele>721.3</ele>
    <time>2026-06-13T08:53:00Z</time>
   </trkpt>
   <trkpt lat="47.6453700" lon="13.7998250">
    <ele>721.3</ele>
    <time>2026-06-13T08:53:01Z</time>
   </trkpt>
   <trkpt lat="47.6453870" lon="13.7997690">
    <ele>721.4</ele>
    <time>2026-06-13T08:53:02Z</time>
   </trkpt>
   <trkpt lat="47.6454150" lon="13.7997370">
    <ele>721.5</ele>
    <time>2026-06-13T08:53:03Z</time>
   </trkpt>
   <trkpt lat="47.6454230" lon="13.7997290">
    <ele>721.5</ele>
    <time>2026-06-13T08:53:04Z</time>
   </trkpt>
   <trkpt lat="47.6454400" lon="13.7996940">
    <ele>721.6</ele>
    <time>2026-06-13T08:53:05Z</time>
   </trkpt>
   <trkpt lat="47.6454690" lon="13.7996560">
    <ele>721.7</ele>
    <time>2026-06-13T08:53:06Z</time>
   </trkpt>
   <trkpt lat="47.6454810" lon="13.7996380">
    <ele>721.8</ele>
    <time>2026-06-13T08:53:07Z</time>
   </trkpt>
   <trkpt lat="47.6455190" lon="13.7996370">
    <ele>721.9</ele>
    <time>2026-06-13T08:53:08Z</time>
   </trkpt>
   <trkpt lat="47.6455400" lon="13.7996030">
    <ele>722.0</ele>
    <time>2026-06-13T08:53:09Z</time>
   </trkpt>
   <trkpt lat="47.6455470" lon="13.7995940">
    <ele>722.0</ele>
    <time>2026-06-13T08:53:10Z</time>
   </trkpt>
   <trkpt lat="47.6455770" lon="13.7996140">
    <ele>722.1</ele>
    <time>2026-06-13T08:53:11Z</time>
   </trkpt>
   <trkpt lat="47.6455940" lon="13.7996210">
    <ele>722.2</ele>
    <time>2026-06-13T08:53:12Z</time>
   </trkpt>
   <trkpt lat="47.6456200" lon="13.7996490">
    <ele>722.3</ele>
    <time>2026-06-13T08:53:13Z</time>
   </trkpt>
   <trkpt lat="47.6456240" lon="13.7996570">
    <ele>722.3</ele>
    <time>2026-06-13T08:53:14Z</time>
   </trkpt>
   <trkpt lat="47.6456410" lon="13.7996900">
    <ele>722.4</ele>
    <time>2026-06-13T08:53:15Z</time>
   </trkpt>
   <trkpt lat="47.6456610" lon="13.7997340">
    <ele>722.5</ele>
    <time>2026-06-13T08:53:16Z</time>
   </trkpt>
   <trkpt lat="47.6456750" lon="13.7997450">
    <ele>722.6</ele>
    <time>2026-06-13T08:53:17Z</time>
   </trkpt>
   <trkpt lat="47.6457030" lon="13.7997590">
    <ele>722.7</ele>
    <time>2026-06-13T08:53:18Z</time>
   </trkpt>
   <trkpt lat="47.6457150" lon="13.7997550">
    <ele>722.8</ele>
    <time>2026-06-13T08:53:19Z</time>
   </trkpt>
   <trkpt lat="47.6457370" lon="13.7997630">
    <ele>722.9</ele>
    <time>2026-06-13T08:53:20Z</time>
   </trkpt>
   <trkpt lat="47.6457360" lon="13.7997250">
    <ele>723.0</ele>
    <time>2026-06-13T08:53:21Z</time>
   </trkpt>
   <trkpt lat="47.6457450" lon="13.7996820">
    <ele>723.1</ele>
    <time>2026-06-13T08:53:22Z</time>
   </trkpt>
   <trkpt lat="47.6457540" lon="13.7996630">
    <ele>723.2</ele>
    <time>2026-06-13T08:53:23Z</time>
   </trkpt>
   <trkpt lat="47.6457510" lon="13.7996270">
    <ele>723.3</ele>
    <time>2026-06-13T08:53:24Z</time>
   </trkpt>
   <trkpt lat="47.6457350" lon="13.7996080">
    <ele>723.4</ele>
    <time>2026-06-13T08:53:25Z</time>
   </trkpt>
   <trkpt lat="47.6457560" lon="13.7995850">
    <ele>723.5</ele>
    <time>2026-06-13T08:53:26Z</time>
   </trkpt>
   <trkpt lat="47.6457640" lon="13.7995730">
    <ele>723.5</ele>
    <time>2026-06-13T08:53:27Z</time>
   </trkpt>
   <trkpt lat="47.6457940" lon="13.7995340">
    <ele>723.5</ele>
    <time>2026-06-13T08:53:28Z</time>
   </trkpt>
   <trkpt lat="47.6458040" lon="13.7995210">
    <ele>723.5</ele>
    <time>2026-06-13T08:53:29Z</time>
   </trkpt>
   <trkpt lat="47.6458150" lon="13.7994940">
    <ele>723.5</ele>
    <time>2026-06-13T08:53:30Z</time>
   </trkpt>
   <trkpt lat="47.6458340" lon="13.7994980">
    <ele>723.5</ele>
    <time>2026-06-13T08:53:31Z</time>
   </trkpt>
   <trkpt lat="47.6458740" lon="13.7995210">
    <ele>723.3</ele>
    <time>2026-06-13T08:53:32Z</time>
   </trkpt>
   <trkpt lat="47.6458980" lon="13.7995390">
    <ele>723.2</ele>
    <time>2026-06-13T08:53:33Z</time>
   </trkpt>
   <trkpt lat="47.6459050" lon="13.7995580">
    <ele>723.1</ele>
    <time>2026-06-13T08:53:34Z</time>
   </trkpt>
   <trkpt lat="47.6459300" lon="13.7995650">
    <ele>723.0</ele>
    <time>2026-06-13T08:53:35Z</time>
   </trkpt>
   <trkpt lat="47.6459420" lon="13.7995600">
    <ele>722.9</ele>
    <time>2026-06-13T08:53:36Z</time>
   </trkpt>
   <trkpt lat="47.6459790" lon="13.7995570">
    <ele>722.7</ele>
    <time>2026-06-13T08:53:37Z</time>
   </trkpt>
   <trkpt lat="47.6460040" lon="13.7995450">
    <ele>722.5</ele>
    <time>2026-06-13T08:53:38Z</time>
   </trkpt>
   <trkpt lat="47.6460180" lon="13.7995410">
    <ele>722.4</ele>
    <time>2026-06-13T08:53:39Z</time>
   </trkpt>
   <trkpt lat="47.6460550" lon="13.7995310">
    <ele>722.2</ele>
    <time>2026-06-13T08:53:40Z</time>
   </trkpt>
   <trkpt lat="47.6460910" lon="13.7995710">
    <ele>722.0</ele>
    <time>2026-06-13T08:53:41Z</time>
   </trkpt>
   <trkpt lat="47.6461100" lon="13.7995810">
    <ele>721.9</ele>
    <time>2026-06-13T08:53:42Z</time>
   </trkpt>
   <trkpt lat="47.6461380" lon="13.7995770">
    <ele>721.8</ele>
    <time>2026-06-13T08:53:43Z</time>
   </trkpt>
   <trkpt lat="47.6461480" lon="13.7995840">
    <ele>721.8</ele>
    <time>2026-06-13T08:53:44Z</time>
   </trkpt>
   <trkpt lat="47.6461810" lon="13.7996080">
    <ele>721.7</ele>
    <time>2026-06-13T08:53:45Z</time>
   </trkpt>
   <trkpt lat="47.6461950" lon="13.7996190">
    <ele>721.7</ele>
    <time>2026-06-13T08:53:46Z</time>
   </trkpt>
   <trkpt lat="47.6462270" lon="13.7996420">
    <ele>721.6</ele>
    <time>2026-06-13T08:53:47Z</time>
   </trkpt>
   <trkpt lat="47.6462360" lon="13.7996500">
    <ele>721.6</ele>
    <time>2026-06-13T08:53:48Z</time>
   </trkpt>
   <trkpt lat="47.6462670" lon="13.7996520">
    <ele>721.5</ele>
    <time>2026-06-13T08:53:49Z</time>
   </trkpt>
   <trkpt lat="47.6463090" lon="13.7996470">
    <ele>721.5</ele>
    <time>2026-06-13T08:53:50Z</time>
   </trkpt>
   <trkpt lat="47.6463240" lon="13.7996440">
    <ele>721.5</ele>
    <time>2026-06-13T08:53:51Z</time>
   </trkpt>
   <trkpt lat="47.6463590" lon="13.7996440">
    <ele>721.5</ele>
    <time>2026-06-13T08:53:52Z</time>
   </trkpt>
   <trkpt lat="47.6463770" lon="13.7996280">
    <ele>721.5</ele>
    <time>2026-06-13T08:53:53Z</time>
   </trkpt>
   <trkpt lat="47.6464190" lon="13.7996240">
    <ele>721.5</ele>
    <time>2026-06-13T08:53:54Z</time>
   </trkpt>
   <trkpt lat="47.6464370" lon="13.7996270">
    <ele>721.5</ele>
    <time>2026-06-13T08:53:55Z</time>
   </trkpt>
   <trkpt lat="47.6464720" lon="13.7996330">
    <ele>721.6</ele>
    <time>2026-06-13T08:53:56Z</time>
   </trkpt>
   <trkpt lat="47.6464800" lon="13.7996420">
    <ele>721.6</ele>
    <time>2026-06-13T08:53:57Z</time>
   </trkpt>
   <trkpt lat="47.6465100" lon="13.7996380">
    <ele>721.7</ele>
    <time>2026-06-13T08:53:58Z</time>
   </trkpt>
   <trkpt lat="47.6465250" lon="13.7996290">
    <ele>721.8</ele>
    <time>2026-06-13T08:53:59Z</time>
   </trkpt>
   <trkpt lat="47.6465560" lon="13.7996250">
    <ele>721.9</ele>
    <time>2026-06-13T08:54:00Z</time>
   </trkpt>
   <trkpt lat="47.6465750" lon="13.7996460">
    <ele>722.0</ele>
    <time>2026-06-13T08:54:01Z</time>
   </trkpt>
   <trkpt lat="47.6465880" lon="13.7996350">
    <ele>722.1</ele>
    <time>2026-06-13T08:54:02Z</time>
   </trkpt>
   <trkpt lat="47.6466220" lon="13.7996260">
    <ele>722.3</ele>
    <time>2026-06-13T08:54:03Z</time>
   </trkpt>
   <trkpt lat="47.6466330" lon="13.7996200">
    <ele>722.4</ele>
    <time>2026-06-13T08:54:04Z</time>
   </trkpt>
   <trkpt lat="47.6466610" lon="13.7996090">
    <ele>722.6</ele>
    <time>2026-06-13T08:54:05Z</time>
   </trkpt>
   <trkpt lat="47.6466740" lon="13.7996060">
    <ele>722.7</ele>
    <time>2026-06-13T08:54:06Z</time>
   </trkpt>
   <trkpt lat="47.6467040" lon="13.7995880">
    <ele>722.8</ele>
    <time>2026-06-13T08:54:07Z</time>
   </trkpt>
   <trkpt lat="47.6467180" lon="13.7995830">
    <ele>722.9</ele>
    <time>2026-06-13T08:54:08Z</time>
   </trkpt>
   <trkpt lat="47.6467400" lon="13.7995840">
    <ele>723.0</ele>
    <time>2026-06-13T08:54:09Z</time>
   </trkpt>
   <trkpt lat="47.6467540" lon="13.7995800">
    <ele>723.1</ele>
    <time>2026-06-13T08:54:10Z</time>
   </trkpt>
   <trkpt lat="47.6467740" lon="13.7995700">
    <ele>723.2</ele>
    <time>2026-06-13T08:54:11Z</time>
   </trkpt>
   <trkpt lat="47.6467860" lon="13.7995620">
    <ele>723.2</ele>
    <time>2026-06-13T08:54:12Z</time>
   </trkpt>
   <trkpt lat="47.6467980" lon="13.7995530">
    <ele>723.3</ele>
    <time>2026-06-13T08:54:13Z</time>
   </trkpt>
   <trkpt lat="47.6468280" lon="13.7995520">
    <ele>723.3</ele>
    <time>2026-06-13T08:54:14Z</time>
   </trkpt>
   <trkpt lat="47.6468560" lon="13.7995160">
    <ele>723.3</ele>
    <time>2026-06-13T08:54:15Z</time>
   </trkpt>
   <trkpt lat="47.6468850" lon="13.7995120">
    <ele>723.3</ele>
    <time>2026-06-13T08:54:16Z</time>
   </trkpt>
   <trkpt lat="47.6469160" lon="13.7994890">
    <ele>723.2</ele>
    <time>2026-06-13T08:54:17Z</time>
   </trkpt>
   <trkpt lat="47.6469260" lon="13.7994860">
    <ele>723.2</ele>
    <time>2026-06-13T08:54:18Z</time>
   </trkpt>
   <trkpt lat="47.6469340" lon="13.7994920">
    <ele>723.2</ele>
    <time>2026-06-13T08:54:19Z</time>
   </trkpt>
   <trkpt lat="47.6469360" lon="13.7994870">
    <ele>723.2</ele>
    <time>2026-06-13T08:54:20Z</time>
   </trkpt>
   <trkpt lat="47.6469520" lon="13.7994670">
    <ele>723.1</ele>
    <time>2026-06-13T08:54:21Z</time>
   </trkpt>
   <trkpt lat="47.6469370" lon="13.7994570">
    <ele>723.1</ele>
    <time>2026-06-13T08:54:22Z</time>
   </trkpt>
   <trkpt lat="47.6469410" lon="13.7994460">
    <ele>723.0</ele>
    <time>2026-06-13T08:54:23Z</time>
   </trkpt>
   <trkpt lat="47.6469590" lon="13.7994170">
    <ele>723.0</ele>
    <time>2026-06-13T08:54:24Z</time>
   </trkpt>
   <trkpt lat="47.6469870" lon="13.7993770">
    <ele>722.8</ele>
    <time>2026-06-13T08:54:25Z</time>
   </trkpt>
   <trkpt lat="47.6470000" lon="13.7993590">
    <ele>722.8</ele>
    <time>2026-06-13T08:54:26Z</time>
   </trkpt>
   <trkpt lat="47.6470280" lon="13.7993590">
    <ele>722.8</ele>
    <time>2026-06-13T08:54:27Z</time>
   </trkpt>
   <trkpt lat="47.6470640" lon="13.7993430">
    <ele>722.8</ele>
    <time>2026-06-13T08:54:28Z</time>
   </trkpt>
   <trkpt lat="47.6470740" lon="13.7993360">
    <ele>722.8</ele>
    <time>2026-06-13T08:54:29Z</time>
   </trkpt>
   <trkpt lat="47.6470900" lon="13.7992910">
    <ele>722.9</ele>
    <time>2026-06-13T08:54:30Z</time>
   </trkpt>
   <trkpt lat="47.6471020" lon="13.7992840">
    <ele>722.9</ele>
    <time>2026-06-13T08:54:31Z</time>
   </trkpt>
   <trkpt lat="47.6471270" lon="13.7992870">
    <ele>723.0</ele>
    <time>2026-06-13T08:54:32Z</time>
   </trkpt>
   <trkpt lat="47.6471330" lon="13.7993030">
    <ele>723.0</ele>
    <time>2026-06-13T08:54:33Z</time>
   </trkpt>
   <trkpt lat="47.6471680" lon="13.7993100">
    <ele>723.2</ele>
    <time>2026-06-13T08:54:34Z</time>
   </trkpt>
   <trkpt lat="47.6471850" lon="13.7993080">
    <ele>723.2</ele>
    <time>2026-06-13T08:54:35Z</time>
   </trkpt>
   <trkpt lat="47.6472170" lon="13.7993060">
    <ele>723.4</ele>
    <time>2026-06-13T08:54:36Z</time>
   </trkpt>
   <trkpt lat="47.6472270" lon="13.7993000">
    <ele>723.4</ele>
    <time>2026-06-13T08:54:37Z</time>
   </trkpt>
   <trkpt lat="47.6472340" lon="13.7992880">
    <ele>723.5</ele>
    <time>2026-06-13T08:54:38Z</time>
   </trkpt>
   <trkpt lat="47.6472570" lon="13.7992900">
    <ele>723.5</ele>
    <time>2026-06-13T08:54:39Z</time>
   </trkpt>
   <trkpt lat="47.6472970" lon="13.7992970">
    <ele>723.7</ele>
    <time>2026-06-13T08:54:40Z</time>
   </trkpt>
   <trkpt lat="47.6473130" lon="13.7992990">
    <ele>723.7</ele>
    <time>2026-06-13T08:54:41Z</time>
   </trkpt>
   <trkpt lat="47.6473410" lon="13.7993060">
    <ele>723.7</ele>
    <time>2026-06-13T08:54:42Z</time>
   </trkpt>
   <trkpt lat="47.6473510" lon="13.7993050">
    <ele>723.8</ele>
    <time>2026-06-13T08:54:43Z</time>
   </trkpt>
   <trkpt lat="47.6473830" lon="13.7992960">
    <ele>723.8</ele>
    <time>2026-06-13T08:54:44Z</time>
   </trkpt>
   <trkpt lat="47.6473880" lon="13.7992940">
    <ele>723.8</ele>
    <time>2026-06-13T08:54:45Z</time>
   </trkpt>
   <trkpt lat="47.6474110" lon="13.7992730">
    <ele>723.8</ele>
    <time>2026-06-13T08:54:46Z</time>
   </trkpt>
   <trkpt lat="47.6474200" lon="13.7992610">
    <ele>723.8</ele>
    <time>2026-06-13T08:54:47Z</time>
   </trkpt>
   <trkpt lat="47.6474470" lon="13.7992680">
    <ele>723.8</ele>
    <time>2026-06-13T08:54:48Z</time>
   </trkpt>
   <trkpt lat="47.6474560" lon="13.7992690">
    <ele>723.8</ele>
    <time>2026-06-13T08:54:49Z</time>
   </trkpt>
   <trkpt lat="47.6474790" lon="13.7992440">
    <ele>723.8</ele>
    <time>2026-06-13T08:54:50Z</time>
   </trkpt>
   <trkpt lat="47.6475050" lon="13.7992070">
    <ele>723.9</ele>
    <time>2026-06-13T08:54:51Z</time>
   </trkpt>
   <trkpt lat="47.6475130" lon="13.7991990">
    <ele>723.9</ele>
    <time>2026-06-13T08:54:52Z</time>
   </trkpt>
   <trkpt lat="47.6475240" lon="13.7991860">
    <ele>723.9</ele>
    <time>2026-06-13T08:54:53Z</time>
   </trkpt>
   <trkpt lat="47.6475350" lon="13.7991710">
    <ele>723.9</ele>
    <time>2026-06-13T08:54:54Z</time>
   </trkpt>
   <trkpt lat="47.6475520" lon="13.7991520">
    <ele>724.0</ele>
    <time>2026-06-13T08:54:55Z</time>
   </trkpt>
   <trkpt lat="47.6475650" lon="13.7991430">
    <ele>724.0</ele>
    <time>2026-06-13T08:54:56Z</time>
   </trkpt>
   <trkpt lat="47.6475930" lon="13.7991340">
    <ele>724.0</ele>
    <time>2026-06-13T08:54:57Z</time>
   </trkpt>
   <trkpt lat="47.6476060" lon="13.7991000">
    <ele>724.1</ele>
    <time>2026-06-13T08:54:58Z</time>
   </trkpt>
   <trkpt lat="47.6476110" lon="13.7990850">
    <ele>724.1</ele>
    <time>2026-06-13T08:54:59Z</time>
   </trkpt>
   <trkpt lat="47.6476240" lon="13.7990760">
    <ele>724.2</ele>
    <time>2026-06-13T08:55:00Z</time>
   </trkpt>
   <trkpt lat="47.6476390" lon="13.7990660">
    <ele>724.2</ele>
    <time>2026-06-13T08:55:01Z</time>
   </trkpt>
   <trkpt lat="47.6476670" lon="13.7990450">
    <ele>724.3</ele>
    <time>2026-06-13T08:55:02Z</time>
   </trkpt>
   <trkpt lat="47.6477030" lon="13.7990260">
    <ele>724.4</ele>
    <time>2026-06-13T08:55:03Z</time>
   </trkpt>
   <trkpt lat="47.6477140" lon="13.7990190">
    <ele>724.5</ele>
    <time>2026-06-13T08:55:04Z</time>
   </trkpt>
   <trkpt lat="47.6477230" lon="13.7990020">
    <ele>724.5</ele>
    <time>2026-06-13T08:55:05Z</time>
   </trkpt>
   <trkpt lat="47.6477360" lon="13.7989810">
    <ele>724.6</ele>
    <time>2026-06-13T08:55:06Z</time>
   </trkpt>
   <trkpt lat="47.6477700" lon="13.7989530">
    <ele>724.7</ele>
    <time>2026-06-13T08:55:07Z</time>
   </trkpt>
   <trkpt lat="47.6477880" lon="13.7989410">
    <ele>724.7</ele>
    <time>2026-06-13T08:55:08Z</time>
   </trkpt>
   <trkpt lat="47.6478180" lon="13.7989640">
    <ele>724.8</ele>
    <time>2026-06-13T08:55:09Z</time>
   </trkpt>
   <trkpt lat="47.6478250" lon="13.7989250">
    <ele>724.9</ele>
    <time>2026-06-13T08:55:10Z</time>
   </trkpt>
   <trkpt lat="47.6478560" lon="13.7989000">
    <ele>724.9</ele>
    <time>2026-06-13T08:55:11Z</time>
   </trkpt>
   <trkpt lat="47.6478640" lon="13.7988940">
    <ele>724.9</ele>
    <time>2026-06-13T08:55:12Z</time>
   </trkpt>
   <trkpt lat="47.6478790" lon="13.7988740">
    <ele>725.0</ele>
    <time>2026-06-13T08:55:13Z</time>
   </trkpt>
   <trkpt lat="47.6478900" lon="13.7988670">
    <ele>725.0</ele>
    <time>2026-06-13T08:55:14Z</time>
   </trkpt>
   <trkpt lat="47.6479000" lon="13.7988590">
    <ele>725.0</ele>
    <time>2026-06-13T08:55:15Z</time>
   </trkpt>
   <trkpt lat="47.6479280" lon="13.7988400">
    <ele>725.0</ele>
    <time>2026-06-13T08:55:16Z</time>
   </trkpt>
   <trkpt lat="47.6479400" lon="13.7988370">
    <ele>724.9</ele>
    <time>2026-06-13T08:55:17Z</time>
   </trkpt>
   <trkpt lat="47.6479710" lon="13.7988260">
    <ele>724.9</ele>
    <time>2026-06-13T08:55:18Z</time>
   </trkpt>
   <trkpt lat="47.6479840" lon="13.7988140">
    <ele>724.9</ele>
    <time>2026-06-13T08:55:19Z</time>
   </trkpt>
   <trkpt lat="47.6480020" lon="13.7988030">
    <ele>724.8</ele>
    <time>2026-06-13T08:55:20Z</time>
   </trkpt>
   <trkpt lat="47.6480450" lon="13.7987870">
    <ele>724.7</ele>
    <time>2026-06-13T08:55:21Z</time>
   </trkpt>
   <trkpt lat="47.6480600" lon="13.7987900">
    <ele>724.6</ele>
    <time>2026-06-13T08:55:22Z</time>
   </trkpt>
   <trkpt lat="47.6480750" lon="13.7987920">
    <ele>724.6</ele>
    <time>2026-06-13T08:55:23Z</time>
   </trkpt>
   <trkpt lat="47.6480880" lon="13.7988000">
    <ele>724.5</ele>
    <time>2026-06-13T08:55:24Z</time>
   </trkpt>
   <trkpt lat="47.6481020" lon="13.7988110">
    <ele>724.5</ele>
    <time>2026-06-13T08:55:25Z</time>
   </trkpt>
   <trkpt lat="47.6481360" lon="13.7988220">
    <ele>724.8</ele>
    <time>2026-06-13T08:55:26Z</time>
   </trkpt>
   <trkpt lat="47.6481480" lon="13.7988280">
    <ele>724.9</ele>
    <time>2026-06-13T08:55:27Z</time>
   </trkpt>
   <trkpt lat="47.6481710" lon="13.7988330">
    <ele>725.1</ele>
    <time>2026-06-13T08:55:28Z</time>
   </trkpt>
   <trkpt lat="47.6481810" lon="13.7988460">
    <ele>725.3</ele>
    <time>2026-06-13T08:55:29Z</time>
   </trkpt>
   <trkpt lat="47.6481940" lon="13.7988640">
    <ele>725.4</ele>
    <time>2026-06-13T08:55:30Z</time>
   </trkpt>
   <trkpt lat="47.6481950" lon="13.7988700">
    <ele>725.5</ele>
    <time>2026-06-13T08:55:31Z</time>
   </trkpt>
   <trkpt lat="47.6482090" lon="13.7988760">
    <ele>725.6</ele>
    <time>2026-06-13T08:55:32Z</time>
   </trkpt>
   <trkpt lat="47.6482160" lon="13.7988960">
    <ele>725.7</ele>
    <time>2026-06-13T08:55:33Z</time>
   </trkpt>
   <trkpt lat="47.6482330" lon="13.7989090">
    <ele>725.9</ele>
    <time>2026-06-13T08:55:34Z</time>
   </trkpt>
   <trkpt lat="47.6482610" lon="13.7989310">
    <ele>726.1</ele>
    <time>2026-06-13T08:55:35Z</time>
   </trkpt>
   <trkpt lat="47.6482670" lon="13.7989410">
    <ele>726.1</ele>
    <time>2026-06-13T08:55:36Z</time>
   </trkpt>
   <trkpt lat="47.6482860" lon="13.7989720">
    <ele>726.0</ele>
    <time>2026-06-13T08:55:37Z</time>
   </trkpt>
   <trkpt lat="47.6482900" lon="13.7989870">
    <ele>725.9</ele>
    <time>2026-06-13T08:55:38Z</time>
   </trkpt>
   <trkpt lat="47.6483200" lon="13.7990080">
    <ele>725.8</ele>
    <time>2026-06-13T08:55:39Z</time>
   </trkpt>
   <trkpt lat="47.6483280" lon="13.7990190">
    <ele>725.7</ele>
    <time>2026-06-13T08:55:40Z</time>
   </trkpt>
   <trkpt lat="47.6483570" lon="13.7990420">
    <ele>725.5</ele>
    <time>2026-06-13T08:55:41Z</time>
   </trkpt>
   <trkpt lat="47.6483700" lon="13.7990430">
    <ele>725.5</ele>
    <time>2026-06-13T08:55:42Z</time>
   </trkpt>
   <trkpt lat="47.6483760" lon="13.7990610">
    <ele>725.4</ele>
    <time>2026-06-13T08:55:43Z</time>
   </trkpt>
   <trkpt lat="47.6483900" lon="13.7990760">
    <ele>725.2</ele>
    <time>2026-06-13T08:55:44Z</time>
   </trkpt>
   <trkpt lat="47.6484200" lon="13.7990840">
    <ele>725.0</ele>
    <time>2026-06-13T08:55:45Z</time>
   </trkpt>
   <trkpt lat="47.6484220" lon="13.7991410">
    <ele>724.7</ele>
    <time>2026-06-13T08:55:46Z</time>
   </trkpt>
   <trkpt lat="47.6484270" lon="13.7991580">
    <ele>724.7</ele>
    <time>2026-06-13T08:55:47Z</time>
   </trkpt>
   <trkpt lat="47.6484560" lon="13.7991580">
    <ele>724.5</ele>
    <time>2026-06-13T08:55:48Z</time>
   </trkpt>
   <trkpt lat="47.6484920" lon="13.7991870">
    <ele>724.3</ele>
    <time>2026-06-13T08:55:49Z</time>
   </trkpt>
   <trkpt lat="47.6485130" lon="13.7992170">
    <ele>724.1</ele>
    <time>2026-06-13T08:55:50Z</time>
   </trkpt>
   <trkpt lat="47.6485180" lon="13.7992310">
    <ele>724.1</ele>
    <time>2026-06-13T08:55:51Z</time>
   </trkpt>
   <trkpt lat="47.6485350" lon="13.7992650">
    <ele>724.0</ele>
    <time>2026-06-13T08:55:52Z</time>
   </trkpt>
   <trkpt lat="47.6485400" lon="13.7992760">
    <ele>724.0</ele>
    <time>2026-06-13T08:55:53Z</time>
   </trkpt>
   <trkpt lat="47.6485650" lon="13.7993060">
    <ele>723.9</ele>
    <time>2026-06-13T08:55:54Z</time>
   </trkpt>
   <trkpt lat="47.6485690" lon="13.7993110">
    <ele>723.9</ele>
    <time>2026-06-13T08:55:55Z</time>
   </trkpt>
   <trkpt lat="47.6485850" lon="13.7993600">
    <ele>723.8</ele>
    <time>2026-06-13T08:55:56Z</time>
   </trkpt>
   <trkpt lat="47.6485920" lon="13.7993780">
    <ele>723.8</ele>
    <time>2026-06-13T08:55:57Z</time>
   </trkpt>
   <trkpt lat="47.6486080" lon="13.7994270">
    <ele>723.8</ele>
    <time>2026-06-13T08:55:58Z</time>
   </trkpt>
   <trkpt lat="47.6486100" lon="13.7994440">
    <ele>723.8</ele>
    <time>2026-06-13T08:55:59Z</time>
   </trkpt>
   <trkpt lat="47.6486200" lon="13.7994920">
    <ele>723.7</ele>
    <time>2026-06-13T08:56:00Z</time>
   </trkpt>
   <trkpt lat="47.6486240" lon="13.7995030">
    <ele>723.7</ele>
    <time>2026-06-13T08:56:01Z</time>
   </trkpt>
   <trkpt lat="47.6486390" lon="13.7995490">
    <ele>723.6</ele>
    <time>2026-06-13T08:56:02Z</time>
   </trkpt>
   <trkpt lat="47.6486390" lon="13.7995700">
    <ele>723.5</ele>
    <time>2026-06-13T08:56:03Z</time>
   </trkpt>
   <trkpt lat="47.6486540" lon="13.7995780">
    <ele>723.5</ele>
    <time>2026-06-13T08:56:04Z</time>
   </trkpt>
   <trkpt lat="47.6486740" lon="13.7995840">
    <ele>723.4</ele>
    <time>2026-06-13T08:56:05Z</time>
   </trkpt>
   <trkpt lat="47.6486870" lon="13.7995970">
    <ele>723.3</ele>
    <time>2026-06-13T08:56:06Z</time>
   </trkpt>
   <trkpt lat="47.6487000" lon="13.7996050">
    <ele>723.2</ele>
    <time>2026-06-13T08:56:07Z</time>
   </trkpt>
   <trkpt lat="47.6487170" lon="13.7996110">
    <ele>723.1</ele>
    <time>2026-06-13T08:56:08Z</time>
   </trkpt>
   <trkpt lat="47.6487300" lon="13.7996210">
    <ele>723.0</ele>
    <time>2026-06-13T08:56:09Z</time>
   </trkpt>
   <trkpt lat="47.6487510" lon="13.7996630">
    <ele>722.7</ele>
    <time>2026-06-13T08:56:10Z</time>
   </trkpt>
   <trkpt lat="47.6487550" lon="13.7996820">
    <ele>722.6</ele>
    <time>2026-06-13T08:56:11Z</time>
   </trkpt>
   <trkpt lat="47.6487610" lon="13.7996990">
    <ele>722.5</ele>
    <time>2026-06-13T08:56:12Z</time>
   </trkpt>
   <trkpt lat="47.6487780" lon="13.7997130">
    <ele>722.3</ele>
    <time>2026-06-13T08:56:13Z</time>
   </trkpt>
   <trkpt lat="47.6488100" lon="13.7997430">
    <ele>722.1</ele>
    <time>2026-06-13T08:56:14Z</time>
   </trkpt>
   <trkpt lat="47.6488250" lon="13.7997570">
    <ele>722.0</ele>
    <time>2026-06-13T08:56:15Z</time>
   </trkpt>
   <trkpt lat="47.6488550" lon="13.7997670">
    <ele>721.9</ele>
    <time>2026-06-13T08:56:16Z</time>
   </trkpt>
   <trkpt lat="47.6488630" lon="13.7997720">
    <ele>721.8</ele>
    <time>2026-06-13T08:56:17Z</time>
   </trkpt>
   <trkpt lat="47.6488910" lon="13.7998030">
    <ele>721.8</ele>
    <time>2026-06-13T08:56:18Z</time>
   </trkpt>
   <trkpt lat="47.6488970" lon="13.7998140">
    <ele>721.8</ele>
    <time>2026-06-13T08:56:19Z</time>
   </trkpt>
   <trkpt lat="47.6489150" lon="13.7998510">
    <ele>721.8</ele>
    <time>2026-06-13T08:56:20Z</time>
   </trkpt>
   <trkpt lat="47.6489210" lon="13.7998610">
    <ele>721.8</ele>
    <time>2026-06-13T08:56:21Z</time>
   </trkpt>
   <trkpt lat="47.6489500" lon="13.7998840">
    <ele>721.9</ele>
    <time>2026-06-13T08:56:22Z</time>
   </trkpt>
   <trkpt lat="47.6489590" lon="13.7998960">
    <ele>722.0</ele>
    <time>2026-06-13T08:56:23Z</time>
   </trkpt>
   <trkpt lat="47.6489850" lon="13.7999220">
    <ele>722.1</ele>
    <time>2026-06-13T08:56:24Z</time>
   </trkpt>
   <trkpt lat="47.6489940" lon="13.7999250">
    <ele>722.1</ele>
    <time>2026-06-13T08:56:25Z</time>
   </trkpt>
   <trkpt lat="47.6490250" lon="13.7999440">
    <ele>722.3</ele>
    <time>2026-06-13T08:56:26Z</time>
   </trkpt>
   <trkpt lat="47.6490340" lon="13.7999480">
    <ele>722.3</ele>
    <time>2026-06-13T08:56:27Z</time>
   </trkpt>
   <trkpt lat="47.6490470" lon="13.7999880">
    <ele>722.4</ele>
    <time>2026-06-13T08:56:28Z</time>
   </trkpt>
   <trkpt lat="47.6490520" lon="13.8000000">
    <ele>722.4</ele>
    <time>2026-06-13T08:56:29Z</time>
   </trkpt>
   <trkpt lat="47.6490590" lon="13.8000390">
    <ele>722.4</ele>
    <time>2026-06-13T08:56:30Z</time>
   </trkpt>
   <trkpt lat="47.6490940" lon="13.8000540">
    <ele>722.4</ele>
    <time>2026-06-13T08:56:31Z</time>
   </trkpt>
   <trkpt lat="47.6491020" lon="13.8000660">
    <ele>722.4</ele>
    <time>2026-06-13T08:56:32Z</time>
   </trkpt>
   <trkpt lat="47.6491290" lon="13.8000790">
    <ele>722.4</ele>
    <time>2026-06-13T08:56:33Z</time>
   </trkpt>
   <trkpt lat="47.6491640" lon="13.8001040">
    <ele>722.3</ele>
    <time>2026-06-13T08:56:34Z</time>
   </trkpt>
   <trkpt lat="47.6491730" lon="13.8001140">
    <ele>722.3</ele>
    <time>2026-06-13T08:56:35Z</time>
   </trkpt>
   <trkpt lat="47.6492020" lon="13.8001370">
    <ele>722.2</ele>
    <time>2026-06-13T08:56:36Z</time>
   </trkpt>
   <trkpt lat="47.6492330" lon="13.8001370">
    <ele>722.1</ele>
    <time>2026-06-13T08:56:37Z</time>
   </trkpt>
   <trkpt lat="47.6492650" lon="13.8001490">
    <ele>722.0</ele>
    <time>2026-06-13T08:56:38Z</time>
   </trkpt>
   <trkpt lat="47.6492740" lon="13.8001570">
    <ele>722.0</ele>
    <time>2026-06-13T08:56:39Z</time>
   </trkpt>
   <trkpt lat="47.6493010" lon="13.8001670">
    <ele>721.9</ele>
    <time>2026-06-13T08:56:40Z</time>
   </trkpt>
   <trkpt lat="47.6493150" lon="13.8001700">
    <ele>721.9</ele>
    <time>2026-06-13T08:56:41Z</time>
   </trkpt>
   <trkpt lat="47.6493330" lon="13.8001670">
    <ele>721.9</ele>
    <time>2026-06-13T08:56:42Z</time>
   </trkpt>
   <trkpt lat="47.6493510" lon="13.8001790">
    <ele>721.9</ele>
    <time>2026-06-13T08:56:43Z</time>
   </trkpt>
   <trkpt lat="47.6493600" lon="13.8001490">
    <ele>721.8</ele>
    <time>2026-06-13T08:56:44Z</time>
   </trkpt>
   <trkpt lat="47.6493780" lon="13.8001450">
    <ele>721.8</ele>
    <time>2026-06-13T08:56:45Z</time>
   </trkpt>
   <trkpt lat="47.6493950" lon="13.8001390">
    <ele>721.8</ele>
    <time>2026-06-13T08:56:46Z</time>
   </trkpt>
   <trkpt lat="47.6494220" lon="13.8001310">
    <ele>721.7</ele>
    <time>2026-06-13T08:56:47Z</time>
   </trkpt>
   <trkpt lat="47.6494560" lon="13.8001220">
    <ele>721.7</ele>
    <time>2026-06-13T08:56:48Z</time>
   </trkpt>
   <trkpt lat="47.6494680" lon="13.8001170">
    <ele>721.7</ele>
    <time>2026-06-13T08:56:49Z</time>
   </trkpt>
   <trkpt lat="47.6495050" lon="13.8001100">
    <ele>721.6</ele>
    <time>2026-06-13T08:56:50Z</time>
   </trkpt>
   <trkpt lat="47.6495140" lon="13.8001010">
    <ele>721.6</ele>
    <time>2026-06-13T08:56:51Z</time>
   </trkpt>
   <trkpt lat="47.6495370" lon="13.8000990">
    <ele>721.5</ele>
    <time>2026-06-13T08:56:52Z</time>
   </trkpt>
   <trkpt lat="47.6495460" lon="13.8000880">
    <ele>721.5</ele>
    <time>2026-06-13T08:56:53Z</time>
   </trkpt>
   <trkpt lat="47.6495540" lon="13.8000780">
    <ele>721.5</ele>
    <time>2026-06-13T08:56:54Z</time>
   </trkpt>
   <trkpt lat="47.6495840" lon="13.8000390">
    <ele>721.4</ele>
    <time>2026-06-13T08:56:55Z</time>
   </trkpt>
   <trkpt lat="47.6496040" lon="13.8000090">
    <ele>721.4</ele>
    <time>2026-06-13T08:56:56Z</time>
   </trkpt>
   <trkpt lat="47.6496290" lon="13.7999900">
    <ele>721.3</ele>
    <time>2026-06-13T08:56:57Z</time>
   </trkpt>
   <trkpt lat="47.6496390" lon="13.7999790">
    <ele>721.3</ele>
    <time>2026-06-13T08:56:58Z</time>
   </trkpt>
   <trkpt lat="47.6496730" lon="13.7999450">
    <ele>721.3</ele>
    <time>2026-06-13T08:56:59Z</time>
   </trkpt>
   <trkpt lat="47.6496870" lon="13.7999370">
    <ele>721.2</ele>
    <time>2026-06-13T08:57:00Z</time>
   </trkpt>
   <trkpt lat="47.6497040" lon="13.7999200">
    <ele>721.2</ele>
    <time>2026-06-13T08:57:01Z</time>
   </trkpt>
   <trkpt lat="47.6497150" lon="13.7999040">
    <ele>721.2</ele>
    <time>2026-06-13T08:57:02Z</time>
   </trkpt>
   <trkpt lat="47.6497250" lon="13.7998890">
    <ele>721.2</ele>
    <time>2026-06-13T08:57:03Z</time>
   </trkpt>
   <trkpt lat="47.6497510" lon="13.7998640">
    <ele>721.2</ele>
    <time>2026-06-13T08:57:04Z</time>
   </trkpt>
   <trkpt lat="47.6497600" lon="13.7998550">
    <ele>721.2</ele>
    <time>2026-06-13T08:57:05Z</time>
   </trkpt>
   <trkpt lat="47.6497680" lon="13.7998700">
    <ele>721.2</ele>
    <time>2026-06-13T08:57:06Z</time>
   </trkpt>
   <trkpt lat="47.6497830" lon="13.7998460">
    <ele>721.3</ele>
    <time>2026-06-13T08:57:07Z</time>
   </trkpt>
   <trkpt lat="47.6498070" lon="13.7998140">
    <ele>721.3</ele>
    <time>2026-06-13T08:57:08Z</time>
   </trkpt>
   <trkpt lat="47.6498120" lon="13.7998010">
    <ele>721.3</ele>
    <time>2026-06-13T08:57:09Z</time>
   </trkpt>
   <trkpt lat="47.6498450" lon="13.7997790">
    <ele>721.4</ele>
    <time>2026-06-13T08:57:10Z</time>
   </trkpt>
   <trkpt lat="47.6498570" lon="13.7997710">
    <ele>721.4</ele>
    <time>2026-06-13T08:57:11Z</time>
   </trkpt>
   <trkpt lat="47.6498650" lon="13.7997300">
    <ele>721.5</ele>
    <time>2026-06-13T08:57:12Z</time>
   </trkpt>
   <trkpt lat="47.6498940" lon="13.7997020">
    <ele>721.6</ele>
    <time>2026-06-13T08:57:13Z</time>
   </trkpt>
   <trkpt lat="47.6499290" lon="13.7996640">
    <ele>721.7</ele>
    <time>2026-06-13T08:57:14Z</time>
   </trkpt>
   <trkpt lat="47.6499410" lon="13.7996470">
    <ele>721.7</ele>
    <time>2026-06-13T08:57:15Z</time>
   </trkpt>
   <trkpt lat="47.6499730" lon="13.7996100">
    <ele>721.8</ele>
    <time>2026-06-13T08:57:16Z</time>
   </trkpt>
   <trkpt lat="47.6499900" lon="13.7995990">
    <ele>721.9</ele>
    <time>2026-06-13T08:57:17Z</time>
   </trkpt>
   <trkpt lat="47.6499850" lon="13.7995670">
    <ele>722.0</ele>
    <time>2026-06-13T08:57:18Z</time>
   </trkpt>
   <trkpt lat="47.6500030" lon="13.7995590">
    <ele>722.0</ele>
    <time>2026-06-13T08:57:19Z</time>
   </trkpt>
   <trkpt lat="47.6500300" lon="13.7995280">
    <ele>722.1</ele>
    <time>2026-06-13T08:57:20Z</time>
   </trkpt>
   <trkpt lat="47.6500390" lon="13.7995110">
    <ele>722.1</ele>
    <time>2026-06-13T08:57:21Z</time>
   </trkpt>
   <trkpt lat="47.6500700" lon="13.7995190">
    <ele>722.2</ele>
    <time>2026-06-13T08:57:22Z</time>
   </trkpt>
   <trkpt lat="47.6500800" lon="13.7995200">
    <ele>722.2</ele>
    <time>2026-06-13T08:57:23Z</time>
   </trkpt>
   <trkpt lat="47.6501000" lon="13.7994670">
    <ele>722.2</ele>
    <time>2026-06-13T08:57:24Z</time>
   </trkpt>
   <trkpt lat="47.6501170" lon="13.7994240">
    <ele>722.2</ele>
    <time>2026-06-13T08:57:25Z</time>
   </trkpt>
   <trkpt lat="47.6501320" lon="13.7994120">
    <ele>722.2</ele>
    <time>2026-06-13T08:57:26Z</time>
   </trkpt>
   <trkpt lat="47.6501410" lon="13.7994030">
    <ele>722.2</ele>
    <time>2026-06-13T08:57:27Z</time>
   </trkpt>
   <trkpt lat="47.6501660" lon="13.7993530">
    <ele>722.2</ele>
    <time>2026-06-13T08:57:28Z</time>
   </trkpt>
   <trkpt lat="47.6501770" lon="13.7993340">
    <ele>722.2</ele>
    <time>2026-06-13T08:57:29Z</time>
   </trkpt>
   <trkpt lat="47.6501990" lon="13.7992960">
    <ele>722.2</ele>
    <time>2026-06-13T08:57:30Z</time>
   </trkpt>
   <trkpt lat="47.6502050" lon="13.7992830">
    <ele>722.2</ele>
    <time>2026-06-13T08:57:31Z</time>
   </trkpt>
   <trkpt lat="47.6502270" lon="13.7992550">
    <ele>722.2</ele>
    <time>2026-06-13T08:57:32Z</time>
   </trkpt>
   <trkpt lat="47.6502350" lon="13.7992410">
    <ele>722.2</ele>
    <time>2026-06-13T08:57:33Z</time>
   </trkpt>
   <trkpt lat="47.6502580" lon="13.7992130">
    <ele>722.3</ele>
    <time>2026-06-13T08:57:34Z</time>
   </trkpt>
   <trkpt lat="47.6502820" lon="13.7991820">
    <ele>722.3</ele>
    <time>2026-06-13T08:57:35Z</time>
   </trkpt>
   <trkpt lat="47.6502910" lon="13.7991780">
    <ele>722.3</ele>
    <time>2026-06-13T08:57:36Z</time>
   </trkpt>
   <trkpt lat="47.6503110" lon="13.7991430">
    <ele>722.4</ele>
    <time>2026-06-13T08:57:37Z</time>
   </trkpt>
   <trkpt lat="47.6503170" lon="13.7991280">
    <ele>722.4</ele>
    <time>2026-06-13T08:57:38Z</time>
   </trkpt>
   <trkpt lat="47.6503470" lon="13.7990930">
    <ele>722.5</ele>
    <time>2026-06-13T08:57:39Z</time>
   </trkpt>
   <trkpt lat="47.6503590" lon="13.7990790">
    <ele>722.5</ele>
    <time>2026-06-13T08:57:40Z</time>
   </trkpt>
   <trkpt lat="47.6503840" lon="13.7990390">
    <ele>722.6</ele>
    <time>2026-06-13T08:57:41Z</time>
   </trkpt>
   <trkpt lat="47.6504020" lon="13.7990100">
    <ele>722.7</ele>
    <time>2026-06-13T08:57:42Z</time>
   </trkpt>
   <trkpt lat="47.6504200" lon="13.7989920">
    <ele>722.8</ele>
    <time>2026-06-13T08:57:43Z</time>
   </trkpt>
   <trkpt lat="47.6504360" lon="13.7989920">
    <ele>722.8</ele>
    <time>2026-06-13T08:57:44Z</time>
   </trkpt>
   <trkpt lat="47.6504610" lon="13.7989520">
    <ele>722.9</ele>
    <time>2026-06-13T08:57:45Z</time>
   </trkpt>
   <trkpt lat="47.6504710" lon="13.7989400">
    <ele>722.9</ele>
    <time>2026-06-13T08:57:46Z</time>
   </trkpt>
   <trkpt lat="47.6504810" lon="13.7988970">
    <ele>723.0</ele>
    <time>2026-06-13T08:57:47Z</time>
   </trkpt>
   <trkpt lat="47.6505080" lon="13.7988730">
    <ele>723.1</ele>
    <time>2026-06-13T08:57:48Z</time>
   </trkpt>
   <trkpt lat="47.6505410" lon="13.7988480">
    <ele>723.2</ele>
    <time>2026-06-13T08:57:49Z</time>
   </trkpt>
   <trkpt lat="47.6505500" lon="13.7988410">
    <ele>723.2</ele>
    <time>2026-06-13T08:57:50Z</time>
   </trkpt>
   <trkpt lat="47.6505540" lon="13.7987920">
    <ele>723.3</ele>
    <time>2026-06-13T08:57:51Z</time>
   </trkpt>
   <trkpt lat="47.6505760" lon="13.7987780">
    <ele>723.4</ele>
    <time>2026-06-13T08:57:52Z</time>
   </trkpt>
   <trkpt lat="47.6505850" lon="13.7987710">
    <ele>723.4</ele>
    <time>2026-06-13T08:57:53Z</time>
   </trkpt>
   <trkpt lat="47.6506040" lon="13.7987550">
    <ele>723.5</ele>
    <time>2026-06-13T08:57:54Z</time>
   </trkpt>
   <trkpt lat="47.6506100" lon="13.7987460">
    <ele>723.5</ele>
    <time>2026-06-13T08:57:55Z</time>
   </trkpt>
   <trkpt lat="47.6506160" lon="13.7987370">
    <ele>723.6</ele>
    <time>2026-06-13T08:57:56Z</time>
   </trkpt>
   <trkpt lat="47.6506430" lon="13.7986840">
    <ele>723.7</ele>
    <time>2026-06-13T08:57:57Z</time>
   </trkpt>
   <trkpt lat="47.6506580" lon="13.7986480">
    <ele>723.7</ele>
    <time>2026-06-13T08:57:58Z</time>
   </trkpt>
   <trkpt lat="47.6507090" lon="13.7986510">
    <ele>723.7</ele>
    <time>2026-06-13T08:57:59Z</time>
   </trkpt>
   <trkpt lat="47.6507500" lon="13.7986420">
    <ele>723.6</ele>
    <time>2026-06-13T08:58:00Z</time>
   </trkpt>
   <trkpt lat="47.6507650" lon="13.7986400">
    <ele>723.6</ele>
    <time>2026-06-13T08:58:01Z</time>
   </trkpt>
   <trkpt lat="47.6507680" lon="13.7986240">
    <ele>723.6</ele>
    <time>2026-06-13T08:58:02Z</time>
   </trkpt>
   <trkpt lat="47.6507710" lon="13.7985940">
    <ele>723.5</ele>
    <time>2026-06-13T08:58:03Z</time>
   </trkpt>
   <trkpt lat="47.6507840" lon="13.7985830">
    <ele>723.5</ele>
    <time>2026-06-13T08:58:04Z</time>
   </trkpt>
   <trkpt lat="47.6508030" lon="13.7985720">
    <ele>723.4</ele>
    <time>2026-06-13T08:58:05Z</time>
   </trkpt>
   <trkpt lat="47.6508320" lon="13.7985450">
    <ele>723.3</ele>
    <time>2026-06-13T08:58:06Z</time>
   </trkpt>
   <trkpt lat="47.6508410" lon="13.7985330">
    <ele>723.3</ele>
    <time>2026-06-13T08:58:07Z</time>
   </trkpt>
   <trkpt lat="47.6508480" lon="13.7985030">
    <ele>723.2</ele>
    <time>2026-06-13T08:58:08Z</time>
   </trkpt>
   <trkpt lat="47.6508580" lon="13.7984810">
    <ele>723.1</ele>
    <time>2026-06-13T08:58:09Z</time>
   </trkpt>
   <trkpt lat="47.6508680" lon="13.7984600">
    <ele>723.1</ele>
    <time>2026-06-13T08:58:10Z</time>
   </trkpt>
   <trkpt lat="47.6508940" lon="13.7984430">
    <ele>723.0</ele>
    <time>2026-06-13T08:58:11Z</time>
   </trkpt>
   <trkpt lat="47.6509230" lon="13.7984150">
    <ele>723.0</ele>
    <time>2026-06-13T08:58:12Z</time>
   </trkpt>
   <trkpt lat="47.6509320" lon="13.7984000">
    <ele>722.9</ele>
    <time>2026-06-13T08:58:13Z</time>
   </trkpt>
   <trkpt lat="47.6509580" lon="13.7984240">
    <ele>722.9</ele>
    <time>2026-06-13T08:58:14Z</time>
   </trkpt>
   <trkpt lat="47.6509820" lon="13.7984000">
    <ele>722.9</ele>
    <time>2026-06-13T08:58:15Z</time>
   </trkpt>
   <trkpt lat="47.6510030" lon="13.7983680">
    <ele>722.9</ele>
    <time>2026-06-13T08:58:16Z</time>
   </trkpt>
   <trkpt lat="47.6510290" lon="13.7983430">
    <ele>722.9</ele>
    <time>2026-06-13T08:58:17Z</time>
   </trkpt>
   <trkpt lat="47.6510380" lon="13.7983340">
    <ele>722.9</ele>
    <time>2026-06-13T08:58:18Z</time>
   </trkpt>
   <trkpt lat="47.6510280" lon="13.7982930">
    <ele>723.0</ele>
    <time>2026-06-13T08:58:19Z</time>
   </trkpt>
   <trkpt lat="47.6510370" lon="13.7982340">
    <ele>723.1</ele>
    <time>2026-06-13T08:58:20Z</time>
   </trkpt>
   <trkpt lat="47.6510510" lon="13.7982360">
    <ele>723.1</ele>
    <time>2026-06-13T08:58:21Z</time>
   </trkpt>
   <trkpt lat="47.6510430" lon="13.7982080">
    <ele>723.1</ele>
    <time>2026-06-13T08:58:22Z</time>
   </trkpt>
   <trkpt lat="47.6510600" lon="13.7981950">
    <ele>723.2</ele>
    <time>2026-06-13T08:58:23Z</time>
   </trkpt>
   <trkpt lat="47.6510750" lon="13.7981550">
    <ele>723.2</ele>
    <time>2026-06-13T08:58:24Z</time>
   </trkpt>
   <trkpt lat="47.6510940" lon="13.7981170">
    <ele>723.2</ele>
    <time>2026-06-13T08:58:25Z</time>
   </trkpt>
   <trkpt lat="47.6511010" lon="13.7981030">
    <ele>723.2</ele>
    <time>2026-06-13T08:58:26Z</time>
   </trkpt>
   <trkpt lat="47.6511010" lon="13.7980510">
    <ele>723.2</ele>
    <time>2026-06-13T08:58:27Z</time>
   </trkpt>
   <trkpt lat="47.6511130" lon="13.7980150">
    <ele>723.2</ele>
    <time>2026-06-13T08:58:28Z</time>
   </trkpt>
   <trkpt lat="47.6511140" lon="13.7979990">
    <ele>723.2</ele>
    <time>2026-06-13T08:58:29Z</time>
   </trkpt>
   <trkpt lat="47.6511310" lon="13.7979820">
    <ele>723.2</ele>
    <time>2026-06-13T08:58:30Z</time>
   </trkpt>
   <trkpt lat="47.6511350" lon="13.7979570">
    <ele>723.2</ele>
    <time>2026-06-13T08:58:31Z</time>
   </trkpt>
   <trkpt lat="47.6511470" lon="13.7979340">
    <ele>723.1</ele>
    <time>2026-06-13T08:58:32Z</time>
   </trkpt>
   <trkpt lat="47.6511670" lon="13.7979340">
    <ele>723.1</ele>
    <time>2026-06-13T08:58:33Z</time>
   </trkpt>
   <trkpt lat="47.6511850" lon="13.7979040">
    <ele>723.1</ele>
    <time>2026-06-13T08:58:34Z</time>
   </trkpt>
   <trkpt lat="47.6512100" lon="13.7978660">
    <ele>723.0</ele>
    <time>2026-06-13T08:58:35Z</time>
   </trkpt>
   <trkpt lat="47.6512170" lon="13.7978450">
    <ele>723.0</ele>
    <time>2026-06-13T08:58:36Z</time>
   </trkpt>
   <trkpt lat="47.6512390" lon="13.7977990">
    <ele>723.0</ele>
    <time>2026-06-13T08:58:37Z</time>
   </trkpt>
   <trkpt lat="47.6512440" lon="13.7977760">
    <ele>723.0</ele>
    <time>2026-06-13T08:58:38Z</time>
   </trkpt>
   <trkpt lat="47.6512600" lon="13.7977360">
    <ele>723.0</ele>
    <time>2026-06-13T08:58:39Z</time>
   </trkpt>
   <trkpt lat="47.6512720" lon="13.7976950">
    <ele>723.1</ele>
    <time>2026-06-13T08:58:40Z</time>
   </trkpt>
   <trkpt lat="47.6512780" lon="13.7976840">
    <ele>723.1</ele>
    <time>2026-06-13T08:58:41Z</time>
   </trkpt>
   <trkpt lat="47.6513120" lon="13.7976550">
    <ele>723.1</ele>
    <time>2026-06-13T08:58:42Z</time>
   </trkpt>
   <trkpt lat="47.6513210" lon="13.7976410">
    <ele>723.2</ele>
    <time>2026-06-13T08:58:43Z</time>
   </trkpt>
   <trkpt lat="47.6513330" lon="13.7976000">
    <ele>723.2</ele>
    <time>2026-06-13T08:58:44Z</time>
   </trkpt>
   <trkpt lat="47.6513610" lon="13.7975780">
    <ele>723.2</ele>
    <time>2026-06-13T08:58:45Z</time>
   </trkpt>
   <trkpt lat="47.6513700" lon="13.7975770">
    <ele>723.2</ele>
    <time>2026-06-13T08:58:46Z</time>
   </trkpt>
   <trkpt lat="47.6513980" lon="13.7975570">
    <ele>723.2</ele>
    <time>2026-06-13T08:58:47Z</time>
   </trkpt>
   <trkpt lat="47.6514240" lon="13.7975280">
    <ele>723.2</ele>
    <time>2026-06-13T08:58:48Z</time>
   </trkpt>
   <trkpt lat="47.6514680" lon="13.7974960">
    <ele>723.2</ele>
    <time>2026-06-13T08:58:49Z</time>
   </trkpt>
   <trkpt lat="47.6514860" lon="13.7974750">
    <ele>723.2</ele>
    <time>2026-06-13T08:58:50Z</time>
   </trkpt>
   <trkpt lat="47.6514900" lon="13.7974100">
    <ele>723.3</ele>
    <time>2026-06-13T08:58:51Z</time>
   </trkpt>
   <trkpt lat="47.6515020" lon="13.7973940">
    <ele>723.3</ele>
    <time>2026-06-13T08:58:52Z</time>
   </trkpt>
   <trkpt lat="47.6515160" lon="13.7973760">
    <ele>723.3</ele>
    <time>2026-06-13T08:58:53Z</time>
   </trkpt>
   <trkpt lat="47.6515390" lon="13.7973380">
    <ele>723.4</ele>
    <time>2026-06-13T08:58:54Z</time>
   </trkpt>
   <trkpt lat="47.6515490" lon="13.7973290">
    <ele>723.4</ele>
    <time>2026-06-13T08:58:55Z</time>
   </trkpt>
   <trkpt lat="47.6515820" lon="13.7973140">
    <ele>723.5</ele>
    <time>2026-06-13T08:58:56Z</time>
   </trkpt>
   <trkpt lat="47.6515960" lon="13.7973120">
    <ele>723.5</ele>
    <time>2026-06-13T08:58:57Z</time>
   </trkpt>
   <trkpt lat="47.6516320" lon="13.7973030">
    <ele>723.6</ele>
    <time>2026-06-13T08:58:58Z</time>
   </trkpt>
   <trkpt lat="47.6516410" lon="13.7972900">
    <ele>723.6</ele>
    <time>2026-06-13T08:58:59Z</time>
   </trkpt>
   <trkpt lat="47.6516650" lon="13.7972460">
    <ele>723.8</ele>
    <time>2026-06-13T08:59:00Z</time>
   </trkpt>
   <trkpt lat="47.6516810" lon="13.7972180">
    <ele>723.8</ele>
    <time>2026-06-13T08:59:01Z</time>
   </trkpt>
   <trkpt lat="47.6517090" lon="13.7972190">
    <ele>723.9</ele>
    <time>2026-06-13T08:59:02Z</time>
   </trkpt>
   <trkpt lat="47.6517420" lon="13.7972130">
    <ele>724.0</ele>
    <time>2026-06-13T08:59:03Z</time>
   </trkpt>
   <trkpt lat="47.6517590" lon="13.7972140">
    <ele>724.0</ele>
    <time>2026-06-13T08:59:04Z</time>
   </trkpt>
   <trkpt lat="47.6517880" lon="13.7971950">
    <ele>724.1</ele>
    <time>2026-06-13T08:59:05Z</time>
   </trkpt>
   <trkpt lat="47.6517990" lon="13.7971860">
    <ele>724.2</ele>
    <time>2026-06-13T08:59:06Z</time>
   </trkpt>
   <trkpt lat="47.6518280" lon="13.7971760">
    <ele>724.2</ele>
    <time>2026-06-13T08:59:07Z</time>
   </trkpt>
   <trkpt lat="47.6518380" lon="13.7971680">
    <ele>724.3</ele>
    <time>2026-06-13T08:59:08Z</time>
   </trkpt>
   <trkpt lat="47.6518490" lon="13.7971670">
    <ele>724.3</ele>
    <time>2026-06-13T08:59:09Z</time>
   </trkpt>
   <trkpt lat="47.6518700" lon="13.7971480">
    <ele>724.4</ele>
    <time>2026-06-13T08:59:10Z</time>
   </trkpt>
   <trkpt lat="47.6519000" lon="13.7971240">
    <ele>724.4</ele>
    <time>2026-06-13T08:59:11Z</time>
   </trkpt>
   <trkpt lat="47.6519110" lon="13.7971140">
    <ele>724.5</ele>
    <time>2026-06-13T08:59:12Z</time>
   </trkpt>
   <trkpt lat="47.6519320" lon="13.7970840">
    <ele>724.6</ele>
    <time>2026-06-13T08:59:13Z</time>
   </trkpt>
   <trkpt lat="47.6519390" lon="13.7970650">
    <ele>724.6</ele>
    <time>2026-06-13T08:59:14Z</time>
   </trkpt>
   <trkpt lat="47.6519680" lon="13.7970480">
    <ele>724.7</ele>
    <time>2026-06-13T08:59:15Z</time>
   </trkpt>
   <trkpt lat="47.6519780" lon="13.7970400">
    <ele>724.7</ele>
    <time>2026-06-13T08:59:16Z</time>
   </trkpt>
   <trkpt lat="47.6519980" lon="13.7970060">
    <ele>724.7</ele>
    <time>2026-06-13T08:59:17Z</time>
   </trkpt>
   <trkpt lat="47.6520270" lon="13.7969760">
    <ele>724.8</ele>
    <time>2026-06-13T08:59:18Z</time>
   </trkpt>
   <trkpt lat="47.6520370" lon="13.7969720">
    <ele>724.8</ele>
    <time>2026-06-13T08:59:19Z</time>
   </trkpt>
   <trkpt lat="47.6520720" lon="13.7969500">
    <ele>724.8</ele>
    <time>2026-06-13T08:59:20Z</time>
   </trkpt>
   <trkpt lat="47.6520870" lon="13.7969300">
    <ele>724.8</ele>
    <time>2026-06-13T08:59:21Z</time>
   </trkpt>
   <trkpt lat="47.6521140" lon="13.7969180">
    <ele>724.8</ele>
    <time>2026-06-13T08:59:22Z</time>
   </trkpt>
   <trkpt lat="47.6521470" lon="13.7968980">
    <ele>724.7</ele>
    <time>2026-06-13T08:59:23Z</time>
   </trkpt>
   <trkpt lat="47.6521560" lon="13.7968950">
    <ele>724.7</ele>
    <time>2026-06-13T08:59:24Z</time>
   </trkpt>
   <trkpt lat="47.6521800" lon="13.7968670">
    <ele>724.6</ele>
    <time>2026-06-13T08:59:25Z</time>
   </trkpt>
   <trkpt lat="47.6521860" lon="13.7968630">
    <ele>724.5</ele>
    <time>2026-06-13T08:59:26Z</time>
   </trkpt>
   <trkpt lat="47.6522220" lon="13.7968460">
    <ele>724.4</ele>
    <time>2026-06-13T08:59:27Z</time>
   </trkpt>
   <trkpt lat="47.6522400" lon="13.7968530">
    <ele>724.3</ele>
    <time>2026-06-13T08:59:28Z</time>
   </trkpt>
   <trkpt lat="47.6522730" lon="13.7968400">
    <ele>724.2</ele>
    <time>2026-06-13T08:59:29Z</time>
   </trkpt>
   <trkpt lat="47.6522970" lon="13.7968130">
    <ele>724.0</ele>
    <time>2026-06-13T08:59:30Z</time>
   </trkpt>
   <trkpt lat="47.6523040" lon="13.7968060">
    <ele>724.0</ele>
    <time>2026-06-13T08:59:31Z</time>
   </trkpt>
   <trkpt lat="47.6523310" lon="13.7967770">
    <ele>723.8</ele>
    <time>2026-06-13T08:59:32Z</time>
   </trkpt>
   <trkpt lat="47.6523400" lon="13.7967610">
    <ele>723.8</ele>
    <time>2026-06-13T08:59:33Z</time>
   </trkpt>
   <trkpt lat="47.6523720" lon="13.7967650">
    <ele>723.6</ele>
    <time>2026-06-13T08:59:34Z</time>
   </trkpt>
   <trkpt lat="47.6523790" lon="13.7967610">
    <ele>723.6</ele>
    <time>2026-06-13T08:59:35Z</time>
   </trkpt>
   <trkpt lat="47.6524140" lon="13.7967380">
    <ele>723.5</ele>
    <time>2026-06-13T08:59:36Z</time>
   </trkpt>
   <trkpt lat="47.6524220" lon="13.7967250">
    <ele>723.4</ele>
    <time>2026-06-13T08:59:37Z</time>
   </trkpt>
   <trkpt lat="47.6524470" lon="13.7967010">
    <ele>723.3</ele>
    <time>2026-06-13T08:59:38Z</time>
   </trkpt>
   <trkpt lat="47.6524580" lon="13.7966970">
    <ele>723.2</ele>
    <time>2026-06-13T08:59:39Z</time>
   </trkpt>
   <trkpt lat="47.6524910" lon="13.7966750">
    <ele>723.1</ele>
    <time>2026-06-13T08:59:40Z</time>
   </trkpt>
   <trkpt lat="47.6525000" lon="13.7966710">
    <ele>723.0</ele>
    <time>2026-06-13T08:59:41Z</time>
   </trkpt>
   <trkpt lat="47.6525290" lon="13.7966560">
    <ele>722.9</ele>
    <time>2026-06-13T08:59:42Z</time>
   </trkpt>
   <trkpt lat="47.6525390" lon="13.7966590">
    <ele>722.8</ele>
    <time>2026-06-13T08:59:43Z</time>
   </trkpt>
   <trkpt lat="47.6525560" lon="13.7966420">
    <ele>722.7</ele>
    <time>2026-06-13T08:59:44Z</time>
   </trkpt>
   <trkpt lat="47.6525500" lon="13.7966140">
    <ele>722.7</ele>
    <time>2026-06-13T08:59:45Z</time>
   </trkpt>
   <trkpt lat="47.6525630" lon="13.7965710">
    <ele>722.5</ele>
    <time>2026-06-13T08:59:46Z</time>
   </trkpt>
   <trkpt lat="47.6525830" lon="13.7965250">
    <ele>722.5</ele>
    <time>2026-06-13T08:59:47Z</time>
   </trkpt>
   <trkpt lat="47.6525860" lon="13.7965080">
    <ele>722.5</ele>
    <time>2026-06-13T08:59:48Z</time>
   </trkpt>
   <trkpt lat="47.6526040" lon="13.7964550">
    <ele>722.4</ele>
    <time>2026-06-13T08:59:49Z</time>
   </trkpt>
   <trkpt lat="47.6526030" lon="13.7964090">
    <ele>722.4</ele>
    <time>2026-06-13T08:59:50Z</time>
   </trkpt>
   <trkpt lat="47.6525910" lon="13.7963900">
    <ele>722.3</ele>
    <time>2026-06-13T08:59:51Z</time>
   </trkpt>
   <trkpt lat="47.6525870" lon="13.7963260">
    <ele>722.3</ele>
    <time>2026-06-13T08:59:52Z</time>
   </trkpt>
   <trkpt lat="47.6525820" lon="13.7963030">
    <ele>722.3</ele>
    <time>2026-06-13T08:59:53Z</time>
   </trkpt>
   <trkpt lat="47.6526050" lon="13.7963070">
    <ele>722.2</ele>
    <time>2026-06-13T08:59:54Z</time>
   </trkpt>
   <trkpt lat="47.6526010" lon="13.7962690">
    <ele>722.2</ele>
    <time>2026-06-13T08:59:55Z</time>
   </trkpt>
   <trkpt lat="47.6526080" lon="13.7962310">
    <ele>722.2</ele>
    <time>2026-06-13T08:59:56Z</time>
   </trkpt>
   <trkpt lat="47.6526110" lon="13.7962160">
    <ele>722.2</ele>
    <time>2026-06-13T08:59:57Z</time>
   </trkpt>
   <trkpt lat="47.6526260" lon="13.7961710">
    <ele>722.2</ele>
    <time>2026-06-13T08:59:58Z</time>
   </trkpt>
   <trkpt lat="47.6526340" lon="13.7961560">
    <ele>722.2</ele>
    <time>2026-06-13T08:59:59Z</time>
   </trkpt>
   <trkpt lat="47.6526540" lon="13.7961250">
    <ele>722.2</ele>
    <time>2026-06-13T09:00:00Z</time>
   </trkpt>
   <trkpt lat="47.6526580" lon="13.7961110">
    <ele>722.2</ele>
    <time>2026-06-13T09:00:01Z</time>
   </trkpt>
   <trkpt lat="47.6526520" lon="13.7960640">
    <ele>722.1</ele>
    <time>2026-06-13T09:00:02Z</time>
   </trkpt>
   <trkpt lat="47.6526660" lon="13.7960320">
    <ele>722.1</ele>
    <time>2026-06-13T09:00:03Z</time>
   </trkpt>
   <trkpt lat="47.6526720" lon="13.7960170">
    <ele>722.1</ele>
    <time>2026-06-13T09:00:04Z</time>
   </trkpt>
   <trkpt lat="47.6526820" lon="13.7959770">
    <ele>722.1</ele>
    <time>2026-06-13T09:00:05Z</time>
   </trkpt>
   <trkpt lat="47.6526910" lon="13.7959670">
    <ele>722.1</ele>
    <time>2026-06-13T09:00:06Z</time>
   </trkpt>
   <trkpt lat="47.6526850" lon="13.7959200">
    <ele>722.1</ele>
    <time>2026-06-13T09:00:07Z</time>
   </trkpt>
   <trkpt lat="47.6526730" lon="13.7958770">
    <ele>722.1</ele>
    <time>2026-06-13T09:00:08Z</time>
   </trkpt>
   <trkpt lat="47.6526720" lon="13.7958660">
    <ele>722.1</ele>
    <time>2026-06-13T09:00:09Z</time>
   </trkpt>
   <trkpt lat="47.6526570" lon="13.7958320">
    <ele>722.1</ele>
    <time>2026-06-13T09:00:10Z</time>
   </trkpt>
   <trkpt lat="47.6526330" lon="13.7958110">
    <ele>722.1</ele>
    <time>2026-06-13T09:00:11Z</time>
   </trkpt>
   <trkpt lat="47.6526040" lon="13.7958100">
    <ele>722.1</ele>
    <time>2026-06-13T09:00:12Z</time>
   </trkpt>
   <trkpt lat="47.6525830" lon="13.7957680">
    <ele>722.1</ele>
    <time>2026-06-13T09:00:13Z</time>
   </trkpt>
   <trkpt lat="47.6525640" lon="13.7957390">
    <ele>722.1</ele>
    <time>2026-06-13T09:00:14Z</time>
   </trkpt>
   <trkpt lat="47.6525560" lon="13.7956800">
    <ele>722.1</ele>
    <time>2026-06-13T09:00:15Z</time>
   </trkpt>
   <trkpt lat="47.6525520" lon="13.7956330">
    <ele>722.1</ele>
    <time>2026-06-13T09:00:16Z</time>
   </trkpt>
   <trkpt lat="47.6525490" lon="13.7956150">
    <ele>722.2</ele>
    <time>2026-06-13T09:00:17Z</time>
   </trkpt>
   <trkpt lat="47.6525370" lon="13.7955720">
    <ele>722.2</ele>
    <time>2026-06-13T09:00:18Z</time>
   </trkpt>
   <trkpt lat="47.6525350" lon="13.7955570">
    <ele>722.2</ele>
    <time>2026-06-13T09:00:19Z</time>
   </trkpt>
   <trkpt lat="47.6525270" lon="13.7955000">
    <ele>722.3</ele>
    <time>2026-06-13T09:00:20Z</time>
   </trkpt>
   <trkpt lat="47.6525200" lon="13.7954810">
    <ele>722.3</ele>
    <time>2026-06-13T09:00:21Z</time>
   </trkpt>
   <trkpt lat="47.6525140" lon="13.7954350">
    <ele>722.3</ele>
    <time>2026-06-13T09:00:22Z</time>
   </trkpt>
   <trkpt lat="47.6525160" lon="13.7954110">
    <ele>722.4</ele>
    <time>2026-06-13T09:00:23Z</time>
   </trkpt>
   <trkpt lat="47.6525100" lon="13.7953850">
    <ele>722.4</ele>
    <time>2026-06-13T09:00:24Z</time>
   </trkpt>
   <trkpt lat="47.6525140" lon="13.7953430">
    <ele>722.5</ele>
    <time>2026-06-13T09:00:25Z</time>
   </trkpt>
   <trkpt lat="47.6525110" lon="13.7953280">
    <ele>722.5</ele>
    <time>2026-06-13T09:00:26Z</time>
   </trkpt>
   <trkpt lat="47.6525030" lon="13.7952840">
    <ele>722.5</ele>
    <time>2026-06-13T09:00:27Z</time>
   </trkpt>
   <trkpt lat="47.6525070" lon="13.7952720">
    <ele>722.5</ele>
    <time>2026-06-13T09:00:28Z</time>
   </trkpt>
   <trkpt lat="47.6524970" lon="13.7952190">
    <ele>722.6</ele>
    <time>2026-06-13T09:00:29Z</time>
   </trkpt>
   <trkpt lat="47.6524900" lon="13.7952050">
    <ele>722.6</ele>
    <time>2026-06-13T09:00:30Z</time>
   </trkpt>
   <trkpt lat="47.6524690" lon="13.7951660">
    <ele>722.7</ele>
    <time>2026-06-13T09:00:31Z</time>
   </trkpt>
   <trkpt lat="47.6524610" lon="13.7951570">
    <ele>722.7</ele>
    <time>2026-06-13T09:00:32Z</time>
   </trkpt>
   <trkpt lat="47.6524560" lon="13.7951350">
    <ele>722.7</ele>
    <time>2026-06-13T09:00:33Z</time>
   </trkpt>
   <trkpt lat="47.6524460" lon="13.7951240">
    <ele>722.7</ele>
    <time>2026-06-13T09:00:34Z</time>
   </trkpt>
   <trkpt lat="47.6524370" lon="13.7951120">
    <ele>722.7</ele>
    <time>2026-06-13T09:00:35Z</time>
   </trkpt>
   <trkpt lat="47.6524080" lon="13.7950910">
    <ele>722.6</ele>
    <time>2026-06-13T09:00:36Z</time>
   </trkpt>
   <trkpt lat="47.6523960" lon="13.7950800">
    <ele>722.6</ele>
    <time>2026-06-13T09:00:37Z</time>
   </trkpt>
   <trkpt lat="47.6523680" lon="13.7950730">
    <ele>722.5</ele>
    <time>2026-06-13T09:00:38Z</time>
   </trkpt>
   <trkpt lat="47.6523390" lon="13.7950470">
    <ele>722.4</ele>
    <time>2026-06-13T09:00:39Z</time>
   </trkpt>
   <trkpt lat="47.6523260" lon="13.7950460">
    <ele>722.3</ele>
    <time>2026-06-13T09:00:40Z</time>
   </trkpt>
   <trkpt lat="47.6523000" lon="13.7950200">
    <ele>722.3</ele>
    <time>2026-06-13T09:00:41Z</time>
   </trkpt>
   <trkpt lat="47.6522950" lon="13.7950040">
    <ele>722.2</ele>
    <time>2026-06-13T09:00:42Z</time>
   </trkpt>
   <trkpt lat="47.6522790" lon="13.7949930">
    <ele>722.2</ele>
    <time>2026-06-13T09:00:43Z</time>
   </trkpt>
   <trkpt lat="47.6522670" lon="13.7949910">
    <ele>722.1</ele>
    <time>2026-06-13T09:00:44Z</time>
   </trkpt>
   <trkpt lat="47.6522360" lon="13.7950070">
    <ele>722.0</ele>
    <time>2026-06-13T09:00:45Z</time>
   </trkpt>
   <trkpt lat="47.6522060" lon="13.7950090">
    <ele>721.9</ele>
    <time>2026-06-13T09:00:46Z</time>
   </trkpt>
   <trkpt lat="47.6521700" lon="13.7950150">
    <ele>721.8</ele>
    <time>2026-06-13T09:00:47Z</time>
   </trkpt>
   <trkpt lat="47.6521580" lon="13.7950140">
    <ele>721.8</ele>
    <time>2026-06-13T09:00:48Z</time>
   </trkpt>
   <trkpt lat="47.6521220" lon="13.7949880">
    <ele>721.6</ele>
    <time>2026-06-13T09:00:49Z</time>
   </trkpt>
   <trkpt lat="47.6521090" lon="13.7949800">
    <ele>721.6</ele>
    <time>2026-06-13T09:00:50Z</time>
   </trkpt>
   <trkpt lat="47.6520810" lon="13.7949750">
    <ele>721.5</ele>
    <time>2026-06-13T09:00:51Z</time>
   </trkpt>
   <trkpt lat="47.6520460" lon="13.7950120">
    <ele>721.3</ele>
    <time>2026-06-13T09:00:52Z</time>
   </trkpt>
   <trkpt lat="47.6520200" lon="13.7949930">
    <ele>721.2</ele>
    <time>2026-06-13T09:00:53Z</time>
   </trkpt>
   <trkpt lat="47.6519870" lon="13.7949800">
    <ele>721.1</ele>
    <time>2026-06-13T09:00:54Z</time>
   </trkpt>
   <trkpt lat="47.6519710" lon="13.7949840">
    <ele>721.0</ele>
    <time>2026-06-13T09:00:55Z</time>
   </trkpt>
   <trkpt lat="47.6519440" lon="13.7949610">
    <ele>720.9</ele>
    <time>2026-06-13T09:00:56Z</time>
   </trkpt>
   <trkpt lat="47.6519390" lon="13.7949470">
    <ele>720.9</ele>
    <time>2026-06-13T09:00:57Z</time>
   </trkpt>
   <trkpt lat="47.6519140" lon="13.7949390">
    <ele>720.8</ele>
    <time>2026-06-13T09:00:58Z</time>
   </trkpt>
   <trkpt lat="47.6519020" lon="13.7949390">
    <ele>720.8</ele>
    <time>2026-06-13T09:00:59Z</time>
   </trkpt>
   <trkpt lat="47.6518750" lon="13.7949380">
    <ele>720.7</ele>
    <time>2026-06-13T09:01:00Z</time>
   </trkpt>
   <trkpt lat="47.6518790" lon="13.7949400">
    <ele>720.7</ele>
    <time>2026-06-13T09:01:01Z</time>
   </trkpt>
   <trkpt lat="47.6518660" lon="13.7949280">
    <ele>720.6</ele>
    <time>2026-06-13T09:01:02Z</time>
   </trkpt>
   <trkpt lat="47.6518550" lon="13.7949060">
    <ele>720.6</ele>
    <time>2026-06-13T09:01:03Z</time>
   </trkpt>
   <trkpt lat="47.6518220" lon="13.7948940">
    <ele>720.4</ele>
    <time>2026-06-13T09:01:04Z</time>
   </trkpt>
   <trkpt lat="47.6517950" lon="13.7948830">
    <ele>720.3</ele>
    <time>2026-06-13T09:01:05Z</time>
   </trkpt>
   <trkpt lat="47.6517550" lon="13.7948720">
    <ele>720.2</ele>
    <time>2026-06-13T09:01:06Z</time>
   </trkpt>
   <trkpt lat="47.6517390" lon="13.7948700">
    <ele>720.1</ele>
    <time>2026-06-13T09:01:07Z</time>
   </trkpt>
   <trkpt lat="47.6517270" lon="13.7948560">
    <ele>720.0</ele>
    <time>2026-06-13T09:01:08Z</time>
   </trkpt>
   <trkpt lat="47.6517120" lon="13.7948370">
    <ele>719.9</ele>
    <time>2026-06-13T09:01:09Z</time>
   </trkpt>
   <trkpt lat="47.6516820" lon="13.7948140">
    <ele>719.8</ele>
    <time>2026-06-13T09:01:10Z</time>
   </trkpt>
   <trkpt lat="47.6516560" lon="13.7948030">
    <ele>719.6</ele>
    <time>2026-06-13T09:01:11Z</time>
   </trkpt>
   <trkpt lat="47.6516290" lon="13.7947900">
    <ele>719.5</ele>
    <time>2026-06-13T09:01:12Z</time>
   </trkpt>
   <trkpt lat="47.6515910" lon="13.7947480">
    <ele>719.3</ele>
    <time>2026-06-13T09:01:13Z</time>
   </trkpt>
   <trkpt lat="47.6515490" lon="13.7947270">
    <ele>719.2</ele>
    <time>2026-06-13T09:01:14Z</time>
   </trkpt>
   <trkpt lat="47.6515310" lon="13.7947220">
    <ele>719.2</ele>
    <time>2026-06-13T09:01:15Z</time>
   </trkpt>
   <trkpt lat="47.6515010" lon="13.7947240">
    <ele>719.2</ele>
    <time>2026-06-13T09:01:16Z</time>
   </trkpt>
   <trkpt lat="47.6514730" lon="13.7947180">
    <ele>719.2</ele>
    <time>2026-06-13T09:01:17Z</time>
   </trkpt>
   <trkpt lat="47.6514440" lon="13.7946830">
    <ele>719.3</ele>
    <time>2026-06-13T09:01:18Z</time>
   </trkpt>
   <trkpt lat="47.6514340" lon="13.7946690">
    <ele>719.3</ele>
    <time>2026-06-13T09:01:19Z</time>
   </trkpt>
   <trkpt lat="47.6514060" lon="13.7946470">
    <ele>719.4</ele>
    <time>2026-06-13T09:01:20Z</time>
   </trkpt>
   <trkpt lat="47.6513930" lon="13.7946490">
    <ele>719.4</ele>
    <time>2026-06-13T09:01:21Z</time>
   </trkpt>
   <trkpt lat="47.6513650" lon="13.7946350">
    <ele>719.5</ele>
    <time>2026-06-13T09:01:22Z</time>
   </trkpt>
   <trkpt lat="47.6513420" lon="13.7946110">
    <ele>719.6</ele>
    <time>2026-06-13T09:01:23Z</time>
   </trkpt>
   <trkpt lat="47.6513190" lon="13.7945840">
    <ele>719.8</ele>
    <time>2026-06-13T09:01:24Z</time>
   </trkpt>
   <trkpt lat="47.6513130" lon="13.7945750">
    <ele>719.8</ele>
    <time>2026-06-13T09:01:25Z</time>
   </trkpt>
   <trkpt lat="47.6512860" lon="13.7945590">
    <ele>719.9</ele>
    <time>2026-06-13T09:01:26Z</time>
   </trkpt>
   <trkpt lat="47.6512570" lon="13.7945380">
    <ele>720.1</ele>
    <time>2026-06-13T09:01:27Z</time>
   </trkpt>
   <trkpt lat="47.6512480" lon="13.7944910">
    <ele>720.2</ele>
    <time>2026-06-13T09:01:28Z</time>
   </trkpt>
   <trkpt lat="47.6512170" lon="13.7944680">
    <ele>720.4</ele>
    <time>2026-06-13T09:01:29Z</time>
   </trkpt>
   <trkpt lat="47.6512060" lon="13.7944610">
    <ele>720.5</ele>
    <time>2026-06-13T09:01:30Z</time>
   </trkpt>
   <trkpt lat="47.6511740" lon="13.7944500">
    <ele>720.7</ele>
    <time>2026-06-13T09:01:31Z</time>
   </trkpt>
   <trkpt lat="47.6511640" lon="13.7944430">
    <ele>720.7</ele>
    <time>2026-06-13T09:01:32Z</time>
   </trkpt>
   <trkpt lat="47.6511410" lon="13.7944220">
    <ele>720.9</ele>
    <time>2026-06-13T09:01:33Z</time>
   </trkpt>
   <trkpt lat="47.6511210" lon="13.7943950">
    <ele>721.1</ele>
    <time>2026-06-13T09:01:34Z</time>
   </trkpt>
   <trkpt lat="47.6511140" lon="13.7943850">
    <ele>721.1</ele>
    <time>2026-06-13T09:01:35Z</time>
   </trkpt>
   <trkpt lat="47.6510800" lon="13.7943540">
    <ele>721.4</ele>
    <time>2026-06-13T09:01:36Z</time>
   </trkpt>
   <trkpt lat="47.6510690" lon="13.7943420">
    <ele>721.4</ele>
    <time>2026-06-13T09:01:37Z</time>
   </trkpt>
   <trkpt lat="47.6510490" lon="13.7943150">
    <ele>721.6</ele>
    <time>2026-06-13T09:01:38Z</time>
   </trkpt>
   <trkpt lat="47.6510260" lon="13.7942790">
    <ele>721.8</ele>
    <time>2026-06-13T09:01:39Z</time>
   </trkpt>
   <trkpt lat="47.6510190" lon="13.7942650">
    <ele>721.9</ele>
    <time>2026-06-13T09:01:40Z</time>
   </trkpt>
   <trkpt lat="47.6509930" lon="13.7942480">
    <ele>722.0</ele>
    <time>2026-06-13T09:01:41Z</time>
   </trkpt>
   <trkpt lat="47.6509680" lon="13.7942220">
    <ele>722.2</ele>
    <time>2026-06-13T09:01:42Z</time>
   </trkpt>
   <trkpt lat="47.6509560" lon="13.7942100">
    <ele>722.3</ele>
    <time>2026-06-13T09:01:43Z</time>
   </trkpt>
   <trkpt lat="47.6509360" lon="13.7941830">
    <ele>722.4</ele>
    <time>2026-06-13T09:01:44Z</time>
   </trkpt>
   <trkpt lat="47.6509080" lon="13.7941530">
    <ele>722.6</ele>
    <time>2026-06-13T09:01:45Z</time>
   </trkpt>
   <trkpt lat="47.6508980" lon="13.7941450">
    <ele>722.7</ele>
    <time>2026-06-13T09:01:46Z</time>
   </trkpt>
   <trkpt lat="47.6508730" lon="13.7941130">
    <ele>722.8</ele>
    <time>2026-06-13T09:01:47Z</time>
   </trkpt>
   <trkpt lat="47.6508640" lon="13.7941020">
    <ele>722.9</ele>
    <time>2026-06-13T09:01:48Z</time>
   </trkpt>
   <trkpt lat="47.6508310" lon="13.7940800">
    <ele>723.0</ele>
    <time>2026-06-13T09:01:49Z</time>
   </trkpt>
   <trkpt lat="47.6508190" lon="13.7940760">
    <ele>723.1</ele>
    <time>2026-06-13T09:01:50Z</time>
   </trkpt>
   <trkpt lat="47.6507770" lon="13.7940770">
    <ele>723.2</ele>
    <time>2026-06-13T09:01:51Z</time>
   </trkpt>
   <trkpt lat="47.6507560" lon="13.7940790">
    <ele>723.2</ele>
    <time>2026-06-13T09:01:52Z</time>
   </trkpt>
   <trkpt lat="47.6507250" lon="13.7940500">
    <ele>723.3</ele>
    <time>2026-06-13T09:01:53Z</time>
   </trkpt>
   <trkpt lat="47.6507100" lon="13.7940160">
    <ele>723.4</ele>
    <time>2026-06-13T09:01:54Z</time>
   </trkpt>
   <trkpt lat="47.6506950" lon="13.7939760">
    <ele>723.5</ele>
    <time>2026-06-13T09:01:55Z</time>
   </trkpt>
   <trkpt lat="47.6506620" lon="13.7939740">
    <ele>723.6</ele>
    <time>2026-06-13T09:01:56Z</time>
   </trkpt>
   <trkpt lat="47.6506440" lon="13.7939350">
    <ele>723.7</ele>
    <time>2026-06-13T09:01:57Z</time>
   </trkpt>
   <trkpt lat="47.6506270" lon="13.7939330">
    <ele>723.8</ele>
    <time>2026-06-13T09:01:58Z</time>
   </trkpt>
   <trkpt lat="47.6505950" lon="13.7939090">
    <ele>723.9</ele>
    <time>2026-06-13T09:01:59Z</time>
   </trkpt>
   <trkpt lat="47.6505840" lon="13.7939040">
    <ele>723.9</ele>
    <time>2026-06-13T09:02:00Z</time>
   </trkpt>
   <trkpt lat="47.6505530" lon="13.7938930">
    <ele>724.1</ele>
    <time>2026-06-13T09:02:01Z</time>
   </trkpt>
   <trkpt lat="47.6505450" lon="13.7938880">
    <ele>724.1</ele>
    <time>2026-06-13T09:02:02Z</time>
   </trkpt>
   <trkpt lat="47.6505130" lon="13.7938640">
    <ele>724.2</ele>
    <time>2026-06-13T09:02:03Z</time>
   </trkpt>
   <trkpt lat="47.6505030" lon="13.7938600">
    <ele>724.2</ele>
    <time>2026-06-13T09:02:04Z</time>
   </trkpt>
   <trkpt lat="47.6504670" lon="13.7938440">
    <ele>724.3</ele>
    <time>2026-06-13T09:02:05Z</time>
   </trkpt>
   <trkpt lat="47.6504540" lon="13.7938380">
    <ele>724.3</ele>
    <time>2026-06-13T09:02:06Z</time>
   </trkpt>
   <trkpt lat="47.6504200" lon="13.7938210">
    <ele>724.4</ele>
    <time>2026-06-13T09:02:07Z</time>
   </trkpt>
   <trkpt lat="47.6504100" lon="13.7938140">
    <ele>724.4</ele>
    <time>2026-06-13T09:02:08Z</time>
   </trkpt>
   <trkpt lat="47.6503730" lon="13.7937990">
    <ele>724.4</ele>
    <time>2026-06-13T09:02:09Z</time>
   </trkpt>
   <trkpt lat="47.6503600" lon="13.7937920">
    <ele>724.4</ele>
    <time>2026-06-13T09:02:10Z</time>
   </trkpt>
   <trkpt lat="47.6503320" lon="13.7937710">
    <ele>724.4</ele>
    <time>2026-06-13T09:02:11Z</time>
   </trkpt>
   <trkpt lat="47.6503220" lon="13.7937690">
    <ele>724.4</ele>
    <time>2026-06-13T09:02:12Z</time>
   </trkpt>
   <trkpt lat="47.6502910" lon="13.7937550">
    <ele>724.4</ele>
    <time>2026-06-13T09:02:13Z</time>
   </trkpt>
   <trkpt lat="47.6502810" lon="13.7937520">
    <ele>724.4</ele>
    <time>2026-06-13T09:02:14Z</time>
   </trkpt>
   <trkpt lat="47.6502460" lon="13.7937490">
    <ele>724.3</ele>
    <time>2026-06-13T09:02:15Z</time>
   </trkpt>
   <trkpt lat="47.6502350" lon="13.7937450">
    <ele>724.3</ele>
    <time>2026-06-13T09:02:16Z</time>
   </trkpt>
   <trkpt lat="47.6502050" lon="13.7937310">
    <ele>724.1</ele>
    <time>2026-06-13T09:02:17Z</time>
   </trkpt>
   <trkpt lat="47.6501940" lon="13.7937250">
    <ele>724.1</ele>
    <time>2026-06-13T09:02:18Z</time>
   </trkpt>
   <trkpt lat="47.6501640" lon="13.7937010">
    <ele>723.9</ele>
    <time>2026-06-13T09:02:19Z</time>
   </trkpt>
   <trkpt lat="47.6501540" lon="13.7936920">
    <ele>723.8</ele>
    <time>2026-06-13T09:02:20Z</time>
   </trkpt>
   <trkpt lat="47.6501280" lon="13.7936730">
    <ele>723.6</ele>
    <time>2026-06-13T09:02:21Z</time>
   </trkpt>
   <trkpt lat="47.6501010" lon="13.7936680">
    <ele>723.4</ele>
    <time>2026-06-13T09:02:22Z</time>
   </trkpt>
   <trkpt lat="47.6500680" lon="13.7936420">
    <ele>723.2</ele>
    <time>2026-06-13T09:02:23Z</time>
   </trkpt>
   <trkpt lat="47.6500570" lon="13.7936360">
    <ele>723.1</ele>
    <time>2026-06-13T09:02:24Z</time>
   </trkpt>
   <trkpt lat="47.6500270" lon="13.7936180">
    <ele>722.9</ele>
    <time>2026-06-13T09:02:25Z</time>
   </trkpt>
   <trkpt lat="47.6500150" lon="13.7936140">
    <ele>722.8</ele>
    <time>2026-06-13T09:02:26Z</time>
   </trkpt>
   <trkpt lat="47.6499850" lon="13.7935900">
    <ele>722.7</ele>
    <time>2026-06-13T09:02:27Z</time>
   </trkpt>
   <trkpt lat="47.6499740" lon="13.7935840">
    <ele>722.6</ele>
    <time>2026-06-13T09:02:28Z</time>
   </trkpt>
   <trkpt lat="47.6499470" lon="13.7935560">
    <ele>722.5</ele>
    <time>2026-06-13T09:02:29Z</time>
   </trkpt>
   <trkpt lat="47.6499370" lon="13.7935460">
    <ele>722.5</ele>
    <time>2026-06-13T09:02:30Z</time>
   </trkpt>
   <trkpt lat="47.6499160" lon="13.7935100">
    <ele>722.4</ele>
    <time>2026-06-13T09:02:31Z</time>
   </trkpt>
   <trkpt lat="47.6499100" lon="13.7935010">
    <ele>722.4</ele>
    <time>2026-06-13T09:02:32Z</time>
   </trkpt>
   <trkpt lat="47.6498880" lon="13.7934750">
    <ele>722.4</ele>
    <time>2026-06-13T09:02:33Z</time>
   </trkpt>
   <trkpt lat="47.6498570" lon="13.7934440">
    <ele>722.4</ele>
    <time>2026-06-13T09:02:34Z</time>
   </trkpt>
   <trkpt lat="47.6498470" lon="13.7934340">
    <ele>722.4</ele>
    <time>2026-06-13T09:02:35Z</time>
   </trkpt>
   <trkpt lat="47.6498190" lon="13.7934050">
    <ele>722.4</ele>
    <time>2026-06-13T09:02:36Z</time>
   </trkpt>
   <trkpt lat="47.6498100" lon="13.7933960">
    <ele>722.4</ele>
    <time>2026-06-13T09:02:37Z</time>
   </trkpt>
   <trkpt lat="47.6497770" lon="13.7933690">
    <ele>722.4</ele>
    <time>2026-06-13T09:02:38Z</time>
   </trkpt>
   <trkpt lat="47.6497590" lon="13.7933640">
    <ele>722.5</ele>
    <time>2026-06-13T09:02:39Z</time>
   </trkpt>
   <trkpt lat="47.6497270" lon="13.7933370">
    <ele>722.5</ele>
    <time>2026-06-13T09:02:40Z</time>
   </trkpt>
   <trkpt lat="47.6497170" lon="13.7933230">
    <ele>722.5</ele>
    <time>2026-06-13T09:02:41Z</time>
   </trkpt>
   <trkpt lat="47.6496830" lon="13.7933230">
    <ele>722.4</ele>
    <time>2026-06-13T09:02:42Z</time>
   </trkpt>
   <trkpt lat="47.6496700" lon="13.7933240">
    <ele>722.4</ele>
    <time>2026-06-13T09:02:43Z</time>
   </trkpt>
   <trkpt lat="47.6496360" lon="13.7933160">
    <ele>722.4</ele>
    <time>2026-06-13T09:02:44Z</time>
   </trkpt>
   <trkpt lat="47.6496240" lon="13.7933160">
    <ele>722.4</ele>
    <time>2026-06-13T09:02:45Z</time>
   </trkpt>
   <trkpt lat="47.6495980" lon="13.7932980">
    <ele>722.4</ele>
    <time>2026-06-13T09:02:46Z</time>
   </trkpt>
   <trkpt lat="47.6495890" lon="13.7932930">
    <ele>722.4</ele>
    <time>2026-06-13T09:02:47Z</time>
   </trkpt>
   <trkpt lat="47.6495570" lon="13.7933080">
    <ele>722.3</ele>
    <time>2026-06-13T09:02:48Z</time>
   </trkpt>
   <trkpt lat="47.6495190" lon="13.7933030">
    <ele>722.3</ele>
    <time>2026-06-13T09:02:49Z</time>
   </trkpt>
   <trkpt lat="47.6495070" lon="13.7932990">
    <ele>722.3</ele>
    <time>2026-06-13T09:02:50Z</time>
   </trkpt>
   <trkpt lat="47.6494670" lon="13.7933020">
    <ele>722.2</ele>
    <time>2026-06-13T09:02:51Z</time>
   </trkpt>
   <trkpt lat="47.6494540" lon="13.7933010">
    <ele>722.2</ele>
    <time>2026-06-13T09:02:52Z</time>
   </trkpt>
   <trkpt lat="47.6494270" lon="13.7932960">
    <ele>722.1</ele>
    <time>2026-06-13T09:02:53Z</time>
   </trkpt>
   <trkpt lat="47.6493990" lon="13.7932900">
    <ele>722.1</ele>
    <time>2026-06-13T09:02:54Z</time>
   </trkpt>
   <trkpt lat="47.6493700" lon="13.7933050">
    <ele>722.0</ele>
    <time>2026-06-13T09:02:55Z</time>
   </trkpt>
   <trkpt lat="47.6493340" lon="13.7932970">
    <ele>722.0</ele>
    <time>2026-06-13T09:02:56Z</time>
   </trkpt>
   <trkpt lat="47.6493220" lon="13.7932940">
    <ele>721.9</ele>
    <time>2026-06-13T09:02:57Z</time>
   </trkpt>
   <trkpt lat="47.6492950" lon="13.7932770">
    <ele>721.9</ele>
    <time>2026-06-13T09:02:58Z</time>
   </trkpt>
   <trkpt lat="47.6492830" lon="13.7932810">
    <ele>721.8</ele>
    <time>2026-06-13T09:02:59Z</time>
   </trkpt>
   <trkpt lat="47.6492480" lon="13.7932750">
    <ele>721.7</ele>
    <time>2026-06-13T09:03:00Z</time>
   </trkpt>
   <trkpt lat="47.6492390" lon="13.7932640">
    <ele>721.7</ele>
    <time>2026-06-13T09:03:01Z</time>
   </trkpt>
   <trkpt lat="47.6492100" lon="13.7932490">
    <ele>721.6</ele>
    <time>2026-06-13T09:03:02Z</time>
   </trkpt>
   <trkpt lat="47.6491990" lon="13.7932510">
    <ele>721.6</ele>
    <time>2026-06-13T09:03:03Z</time>
   </trkpt>
   <trkpt lat="47.6491590" lon="13.7932450">
    <ele>721.4</ele>
    <time>2026-06-13T09:03:04Z</time>
   </trkpt>
   <trkpt lat="47.6491440" lon="13.7932390">
    <ele>721.3</ele>
    <time>2026-06-13T09:03:05Z</time>
   </trkpt>
   <trkpt lat="47.6491110" lon="13.7932170">
    <ele>721.2</ele>
    <time>2026-06-13T09:03:06Z</time>
   </trkpt>
   <trkpt lat="47.6490990" lon="13.7932160">
    <ele>721.1</ele>
    <time>2026-06-13T09:03:07Z</time>
   </trkpt>
   <trkpt lat="47.6490650" lon="13.7932000">
    <ele>721.0</ele>
    <time>2026-06-13T09:03:08Z</time>
   </trkpt>
   <trkpt lat="47.6490540" lon="13.7931990">
    <ele>721.0</ele>
    <time>2026-06-13T09:03:09Z</time>
   </trkpt>
   <trkpt lat="47.6490230" lon="13.7931830">
    <ele>720.8</ele>
    <time>2026-06-13T09:03:10Z</time>
   </trkpt>
   <trkpt lat="47.6490140" lon="13.7931750">
    <ele>720.8</ele>
    <time>2026-06-13T09:03:11Z</time>
   </trkpt>
   <trkpt lat="47.6489880" lon="13.7931610">
    <ele>720.7</ele>
    <time>2026-06-13T09:03:12Z</time>
   </trkpt>
   <trkpt lat="47.6489720" lon="13.7931540">
    <ele>720.7</ele>
    <time>2026-06-13T09:03:13Z</time>
   </trkpt>
   <trkpt lat="47.6489450" lon="13.7931510">
    <ele>720.6</ele>
    <time>2026-06-13T09:03:14Z</time>
   </trkpt>
   <trkpt lat="47.6489110" lon="13.7931470">
    <ele>720.5</ele>
    <time>2026-06-13T09:03:15Z</time>
   </trkpt>
   <trkpt lat="47.6488980" lon="13.7931470">
    <ele>720.5</ele>
    <time>2026-06-13T09:03:16Z</time>
   </trkpt>
   <trkpt lat="47.6488700" lon="13.7931290">
    <ele>720.4</ele>
    <time>2026-06-13T09:03:17Z</time>
   </trkpt>
   <trkpt lat="47.6488490" lon="13.7930860">
    <ele>720.3</ele>
    <time>2026-06-13T09:03:18Z</time>
   </trkpt>
   <trkpt lat="47.6488400" lon="13.7930750">
    <ele>720.2</ele>
    <time>2026-06-13T09:03:19Z</time>
   </trkpt>
   <trkpt lat="47.6488090" lon="13.7930480">
    <ele>720.2</ele>
    <time>2026-06-13T09:03:20Z</time>
   </trkpt>
   <trkpt lat="47.6487980" lon="13.7930420">
    <ele>720.1</ele>
    <time>2026-06-13T09:03:21Z</time>
   </trkpt>
   <trkpt lat="47.6487690" lon="13.7930050">
    <ele>720.0</ele>
    <time>2026-06-13T09:03:22Z</time>
   </trkpt>
   <trkpt lat="47.6487580" lon="13.7929930">
    <ele>720.0</ele>
    <time>2026-06-13T09:03:23Z</time>
   </trkpt>
   <trkpt lat="47.6487240" lon="13.7929710">
    <ele>719.9</ele>
    <time>2026-06-13T09:03:24Z</time>
   </trkpt>
   <trkpt lat="47.6487120" lon="13.7929670">
    <ele>719.9</ele>
    <time>2026-06-13T09:03:25Z</time>
   </trkpt>
   <trkpt lat="47.6486790" lon="13.7929450">
    <ele>719.7</ele>
    <time>2026-06-13T09:03:26Z</time>
   </trkpt>
   <trkpt lat="47.6486680" lon="13.7929420">
    <ele>719.7</ele>
    <time>2026-06-13T09:03:27Z</time>
   </trkpt>
   <trkpt lat="47.6486420" lon="13.7929220">
    <ele>719.6</ele>
    <time>2026-06-13T09:03:28Z</time>
   </trkpt>
   <trkpt lat="47.6486330" lon="13.7929160">
    <ele>719.6</ele>
    <time>2026-06-13T09:03:29Z</time>
   </trkpt>
   <trkpt lat="47.6486030" lon="13.7928880">
    <ele>719.4</ele>
    <time>2026-06-13T09:03:30Z</time>
   </trkpt>
   <trkpt lat="47.6485940" lon="13.7928730">
    <ele>719.3</ele>
    <time>2026-06-13T09:03:31Z</time>
   </trkpt>
   <trkpt lat="47.6485660" lon="13.7928650">
    <ele>719.2</ele>
    <time>2026-06-13T09:03:32Z</time>
   </trkpt>
   <trkpt lat="47.6485570" lon="13.7928620">
    <ele>719.1</ele>
    <time>2026-06-13T09:03:33Z</time>
   </trkpt>
   <trkpt lat="47.6485290" lon="13.7928570">
    <ele>719.0</ele>
    <time>2026-06-13T09:03:34Z</time>
   </trkpt>
   <trkpt lat="47.6485020" lon="13.7928220">
    <ele>718.8</ele>
    <time>2026-06-13T09:03:35Z</time>
   </trkpt>
   <trkpt lat="47.6484910" lon="13.7928070">
    <ele>718.7</ele>
    <time>2026-06-13T09:03:36Z</time>
   </trkpt>
   <trkpt lat="47.6484650" lon="13.7927900">
    <ele>718.6</ele>
    <time>2026-06-13T09:03:37Z</time>
   </trkpt>
   <trkpt lat="47.6484380" lon="13.7927840">
    <ele>718.4</ele>
    <time>2026-06-13T09:03:38Z</time>
   </trkpt>
   <trkpt lat="47.6484030" lon="13.7927670">
    <ele>718.2</ele>
    <time>2026-06-13T09:03:39Z</time>
   </trkpt>
   <trkpt lat="47.6483910" lon="13.7927670">
    <ele>718.2</ele>
    <time>2026-06-13T09:03:40Z</time>
   </trkpt>
   <trkpt lat="47.6483550" lon="13.7927540">
    <ele>718.0</ele>
    <time>2026-06-13T09:03:41Z</time>
   </trkpt>
   <trkpt lat="47.6483450" lon="13.7927450">
    <ele>718.0</ele>
    <time>2026-06-13T09:03:42Z</time>
   </trkpt>
   <trkpt lat="47.6483150" lon="13.7927300">
    <ele>718.0</ele>
    <time>2026-06-13T09:03:43Z</time>
   </trkpt>
   <trkpt lat="47.6483020" lon="13.7927290">
    <ele>718.0</ele>
    <time>2026-06-13T09:03:44Z</time>
   </trkpt>
   <trkpt lat="47.6482690" lon="13.7927140">
    <ele>718.0</ele>
    <time>2026-06-13T09:03:45Z</time>
   </trkpt>
   <trkpt lat="47.6482580" lon="13.7927050">
    <ele>718.0</ele>
    <time>2026-06-13T09:03:46Z</time>
   </trkpt>
   <trkpt lat="47.6482330" lon="13.7926900">
    <ele>718.0</ele>
    <time>2026-06-13T09:03:47Z</time>
   </trkpt>
   <trkpt lat="47.6482200" lon="13.7926850">
    <ele>718.0</ele>
    <time>2026-06-13T09:03:48Z</time>
   </trkpt>
   <trkpt lat="47.6481890" lon="13.7926590">
    <ele>718.0</ele>
    <time>2026-06-13T09:03:49Z</time>
   </trkpt>
   <trkpt lat="47.6481750" lon="13.7926500">
    <ele>718.0</ele>
    <time>2026-06-13T09:03:50Z</time>
   </trkpt>
   <trkpt lat="47.6481360" lon="13.7926390">
    <ele>718.1</ele>
    <time>2026-06-13T09:03:51Z</time>
   </trkpt>
   <trkpt lat="47.6481220" lon="13.7926270">
    <ele>718.1</ele>
    <time>2026-06-13T09:03:52Z</time>
   </trkpt>
   <trkpt lat="47.6481080" lon="13.7926180">
    <ele>718.1</ele>
    <time>2026-06-13T09:03:53Z</time>
   </trkpt>
   <trkpt lat="47.6480770" lon="13.7925940">
    <ele>718.1</ele>
    <time>2026-06-13T09:03:54Z</time>
   </trkpt>
   <trkpt lat="47.6480670" lon="13.7925870">
    <ele>718.1</ele>
    <time>2026-06-13T09:03:55Z</time>
   </trkpt>
   <trkpt lat="47.6480320" lon="13.7925620">
    <ele>718.1</ele>
    <time>2026-06-13T09:03:56Z</time>
   </trkpt>
   <trkpt lat="47.6480210" lon="13.7925560">
    <ele>718.1</ele>
    <time>2026-06-13T09:03:57Z</time>
   </trkpt>
   <trkpt lat="47.6479910" lon="13.7925380">
    <ele>718.0</ele>
    <time>2026-06-13T09:03:58Z</time>
   </trkpt>
   <trkpt lat="47.6479800" lon="13.7925440">
    <ele>718.0</ele>
    <time>2026-06-13T09:03:59Z</time>
   </trkpt>
   <trkpt lat="47.6479470" lon="13.7925250">
    <ele>717.9</ele>
    <time>2026-06-13T09:04:00Z</time>
   </trkpt>
   <trkpt lat="47.6479330" lon="13.7925210">
    <ele>717.9</ele>
    <time>2026-06-13T09:04:01Z</time>
   </trkpt>
   <trkpt lat="47.6479000" lon="13.7924950">
    <ele>717.8</ele>
    <time>2026-06-13T09:04:02Z</time>
   </trkpt>
   <trkpt lat="47.6478870" lon="13.7924900">
    <ele>717.7</ele>
    <time>2026-06-13T09:04:03Z</time>
   </trkpt>
   <trkpt lat="47.6478540" lon="13.7924690">
    <ele>717.6</ele>
    <time>2026-06-13T09:04:04Z</time>
   </trkpt>
   <trkpt lat="47.6478440" lon="13.7924630">
    <ele>717.6</ele>
    <time>2026-06-13T09:04:05Z</time>
   </trkpt>
   <trkpt lat="47.6478350" lon="13.7924460">
    <ele>717.5</ele>
    <time>2026-06-13T09:04:06Z</time>
   </trkpt>
   <trkpt lat="47.6478150" lon="13.7924310">
    <ele>717.5</ele>
    <time>2026-06-13T09:04:07Z</time>
   </trkpt>
   <trkpt lat="47.6478120" lon="13.7923800">
    <ele>717.4</ele>
    <time>2026-06-13T09:04:08Z</time>
   </trkpt>
   <trkpt lat="47.6477810" lon="13.7923530">
    <ele>717.3</ele>
    <time>2026-06-13T09:04:09Z</time>
   </trkpt>
   <trkpt lat="47.6477720" lon="13.7923440">
    <ele>717.3</ele>
    <time>2026-06-13T09:04:10Z</time>
   </trkpt>
   <trkpt lat="47.6477610" lon="13.7923310">
    <ele>717.3</ele>
    <time>2026-06-13T09:04:11Z</time>
   </trkpt>
   <trkpt lat="47.6477540" lon="13.7923020">
    <ele>717.3</ele>
    <time>2026-06-13T09:04:12Z</time>
   </trkpt>
   <trkpt lat="47.6477310" lon="13.7922730">
    <ele>717.2</ele>
    <time>2026-06-13T09:04:13Z</time>
   </trkpt>
   <trkpt lat="47.6477000" lon="13.7922760">
    <ele>717.2</ele>
    <time>2026-06-13T09:04:14Z</time>
   </trkpt>
   <trkpt lat="47.6476740" lon="13.7922560">
    <ele>717.2</ele>
    <time>2026-06-13T09:04:15Z</time>
   </trkpt>
   <trkpt lat="47.6476540" lon="13.7922260">
    <ele>717.2</ele>
    <time>2026-06-13T09:04:16Z</time>
   </trkpt>
   <trkpt lat="47.6476290" lon="13.7922020">
    <ele>717.2</ele>
    <time>2026-06-13T09:04:17Z</time>
   </trkpt>
   <trkpt lat="47.6476170" lon="13.7921900">
    <ele>717.2</ele>
    <time>2026-06-13T09:04:18Z</time>
   </trkpt>
   <trkpt lat="47.6475970" lon="13.7921540">
    <ele>717.2</ele>
    <time>2026-06-13T09:04:19Z</time>
   </trkpt>
   <trkpt lat="47.6475950" lon="13.7921440">
    <ele>717.2</ele>
    <time>2026-06-13T09:04:20Z</time>
   </trkpt>
   <trkpt lat="47.6475590" lon="13.7921150">
    <ele>717.1</ele>
    <time>2026-06-13T09:04:21Z</time>
   </trkpt>
   <trkpt lat="47.6475300" lon="13.7920890">
    <ele>717.1</ele>
    <time>2026-06-13T09:04:22Z</time>
   </trkpt>
   <trkpt lat="47.6475170" lon="13.7920820">
    <ele>717.1</ele>
    <time>2026-06-13T09:04:23Z</time>
   </trkpt>
   <trkpt lat="47.6474910" lon="13.7920590">
    <ele>717.0</ele>
    <time>2026-06-13T09:04:24Z</time>
   </trkpt>
   <trkpt lat="47.6474620" lon="13.7920310">
    <ele>716.9</ele>
    <time>2026-06-13T09:04:25Z</time>
   </trkpt>
   <trkpt lat="47.6474440" lon="13.7919940">
    <ele>716.8</ele>
    <time>2026-06-13T09:04:26Z</time>
   </trkpt>
   <trkpt lat="47.6474340" lon="13.7919860">
    <ele>716.8</ele>
    <time>2026-06-13T09:04:27Z</time>
   </trkpt>
   <trkpt lat="47.6474180" lon="13.7919510">
    <ele>716.7</ele>
    <time>2026-06-13T09:04:28Z</time>
   </trkpt>
   <trkpt lat="47.6474000" lon="13.7919160">
    <ele>716.7</ele>
    <time>2026-06-13T09:04:29Z</time>
   </trkpt>
   <trkpt lat="47.6473840" lon="13.7918800">
    <ele>716.6</ele>
    <time>2026-06-13T09:04:30Z</time>
   </trkpt>
   <trkpt lat="47.6473690" lon="13.7918460">
    <ele>716.5</ele>
    <time>2026-06-13T09:04:31Z</time>
   </trkpt>
   <trkpt lat="47.6473510" lon="13.7918110">
    <ele>716.4</ele>
    <time>2026-06-13T09:04:32Z</time>
   </trkpt>
   <trkpt lat="47.6473190" lon="13.7917850">
    <ele>716.4</ele>
    <time>2026-06-13T09:04:33Z</time>
   </trkpt>
   <trkpt lat="47.6473080" lon="13.7917740">
    <ele>716.3</ele>
    <time>2026-06-13T09:04:34Z</time>
   </trkpt>
   <trkpt lat="47.6472880" lon="13.7917300">
    <ele>716.3</ele>
    <time>2026-06-13T09:04:35Z</time>
   </trkpt>
   <trkpt lat="47.6472820" lon="13.7917080">
    <ele>716.2</ele>
    <time>2026-06-13T09:04:36Z</time>
   </trkpt>
   <trkpt lat="47.6472620" lon="13.7916650">
    <ele>716.2</ele>
    <time>2026-06-13T09:04:37Z</time>
   </trkpt>
   <trkpt lat="47.6472570" lon="13.7916530">
    <ele>716.1</ele>
    <time>2026-06-13T09:04:38Z</time>
   </trkpt>
   <trkpt lat="47.6472390" lon="13.7916040">
    <ele>716.1</ele>
    <time>2026-06-13T09:04:39Z</time>
   </trkpt>
   <trkpt lat="47.6472290" lon="13.7915870">
    <ele>716.0</ele>
    <time>2026-06-13T09:04:40Z</time>
   </trkpt>
   <trkpt lat="47.6472050" lon="13.7915580">
    <ele>716.0</ele>
    <time>2026-06-13T09:04:41Z</time>
   </trkpt>
   <trkpt lat="47.6471790" lon="13.7915170">
    <ele>715.9</ele>
    <time>2026-06-13T09:04:42Z</time>
   </trkpt>
   <trkpt lat="47.6471650" lon="13.7915060">
    <ele>715.9</ele>
    <time>2026-06-13T09:04:43Z</time>
   </trkpt>
   <trkpt lat="47.6471350" lon="13.7914910">
    <ele>715.8</ele>
    <time>2026-06-13T09:04:44Z</time>
   </trkpt>
   <trkpt lat="47.6471030" lon="13.7914740">
    <ele>715.8</ele>
    <time>2026-06-13T09:04:45Z</time>
   </trkpt>
   <trkpt lat="47.6470910" lon="13.7914730">
    <ele>715.8</ele>
    <time>2026-06-13T09:04:46Z</time>
   </trkpt>
   <trkpt lat="47.6470570" lon="13.7914460">
    <ele>715.8</ele>
    <time>2026-06-13T09:04:47Z</time>
   </trkpt>
   <trkpt lat="47.6470400" lon="13.7914410">
    <ele>715.8</ele>
    <time>2026-06-13T09:04:48Z</time>
   </trkpt>
   <trkpt lat="47.6470230" lon="13.7914090">
    <ele>715.8</ele>
    <time>2026-06-13T09:04:49Z</time>
   </trkpt>
   <trkpt lat="47.6470100" lon="13.7914030">
    <ele>715.8</ele>
    <time>2026-06-13T09:04:50Z</time>
   </trkpt>
   <trkpt lat="47.6469840" lon="13.7913920">
    <ele>715.9</ele>
    <time>2026-06-13T09:04:51Z</time>
   </trkpt>
   <trkpt lat="47.6469510" lon="13.7913730">
    <ele>715.9</ele>
    <time>2026-06-13T09:04:52Z</time>
   </trkpt>
   <trkpt lat="47.6469380" lon="13.7913690">
    <ele>715.9</ele>
    <time>2026-06-13T09:04:53Z</time>
   </trkpt>
   <trkpt lat="47.6469080" lon="13.7913400">
    <ele>716.0</ele>
    <time>2026-06-13T09:04:54Z</time>
   </trkpt>
   <trkpt lat="47.6469000" lon="13.7913310">
    <ele>716.0</ele>
    <time>2026-06-13T09:04:55Z</time>
   </trkpt>
   <trkpt lat="47.6468760" lon="13.7913070">
    <ele>716.0</ele>
    <time>2026-06-13T09:04:56Z</time>
   </trkpt>
   <trkpt lat="47.6468670" lon="13.7913010">
    <ele>716.0</ele>
    <time>2026-06-13T09:04:57Z</time>
   </trkpt>
   <trkpt lat="47.6468410" lon="13.7912760">
    <ele>716.0</ele>
    <time>2026-06-13T09:04:58Z</time>
   </trkpt>
   <trkpt lat="47.6468310" lon="13.7912680">
    <ele>716.0</ele>
    <time>2026-06-13T09:04:59Z</time>
   </trkpt>
   <trkpt lat="47.6468070" lon="13.7912450">
    <ele>716.0</ele>
    <time>2026-06-13T09:05:00Z</time>
   </trkpt>
   <trkpt lat="47.6467970" lon="13.7912370">
    <ele>716.0</ele>
    <time>2026-06-13T09:05:01Z</time>
   </trkpt>
   <trkpt lat="47.6467690" lon="13.7911990">
    <ele>716.0</ele>
    <time>2026-06-13T09:05:02Z</time>
   </trkpt>
   <trkpt lat="47.6467610" lon="13.7911870">
    <ele>715.9</ele>
    <time>2026-06-13T09:05:03Z</time>
   </trkpt>
   <trkpt lat="47.6467400" lon="13.7911420">
    <ele>715.9</ele>
    <time>2026-06-13T09:05:04Z</time>
   </trkpt>
   <trkpt lat="47.6467340" lon="13.7911280">
    <ele>715.9</ele>
    <time>2026-06-13T09:05:05Z</time>
   </trkpt>
   <trkpt lat="47.6467150" lon="13.7910870">
    <ele>715.8</ele>
    <time>2026-06-13T09:05:06Z</time>
   </trkpt>
   <trkpt lat="47.6467100" lon="13.7910750">
    <ele>715.8</ele>
    <time>2026-06-13T09:05:07Z</time>
   </trkpt>
   <trkpt lat="47.6466840" lon="13.7910380">
    <ele>715.7</ele>
    <time>2026-06-13T09:05:08Z</time>
   </trkpt>
   <trkpt lat="47.6466760" lon="13.7910250">
    <ele>715.7</ele>
    <time>2026-06-13T09:05:09Z</time>
   </trkpt>
   <trkpt lat="47.6466560" lon="13.7909810">
    <ele>715.6</ele>
    <time>2026-06-13T09:05:10Z</time>
   </trkpt>
   <trkpt lat="47.6466500" lon="13.7909660">
    <ele>715.6</ele>
    <time>2026-06-13T09:05:11Z</time>
   </trkpt>
   <trkpt lat="47.6466290" lon="13.7909210">
    <ele>715.6</ele>
    <time>2026-06-13T09:05:12Z</time>
   </trkpt>
   <trkpt lat="47.6466220" lon="13.7909090">
    <ele>715.6</ele>
    <time>2026-06-13T09:05:13Z</time>
   </trkpt>
   <trkpt lat="47.6465990" lon="13.7908720">
    <ele>715.5</ele>
    <time>2026-06-13T09:05:14Z</time>
   </trkpt>
   <trkpt lat="47.6465910" lon="13.7908560">
    <ele>715.5</ele>
    <time>2026-06-13T09:05:15Z</time>
   </trkpt>
   <trkpt lat="47.6465870" lon="13.7908020">
    <ele>715.5</ele>
    <time>2026-06-13T09:05:16Z</time>
   </trkpt>
   <trkpt lat="47.6465860" lon="13.7907860">
    <ele>715.5</ele>
    <time>2026-06-13T09:05:17Z</time>
   </trkpt>
   <trkpt lat="47.6465740" lon="13.7907360">
    <ele>715.5</ele>
    <time>2026-06-13T09:05:18Z</time>
   </trkpt>
   <trkpt lat="47.6465680" lon="13.7907190">
    <ele>715.5</ele>
    <time>2026-06-13T09:05:19Z</time>
   </trkpt>
   <trkpt lat="47.6465500" lon="13.7906730">
    <ele>715.6</ele>
    <time>2026-06-13T09:05:20Z</time>
   </trkpt>
   <trkpt lat="47.6465410" lon="13.7906540">
    <ele>715.6</ele>
    <time>2026-06-13T09:05:21Z</time>
   </trkpt>
   <trkpt lat="47.6465150" lon="13.7906110">
    <ele>715.6</ele>
    <time>2026-06-13T09:05:22Z</time>
   </trkpt>
   <trkpt lat="47.6465050" lon="13.7905930">
    <ele>715.7</ele>
    <time>2026-06-13T09:05:23Z</time>
   </trkpt>
   <trkpt lat="47.6464830" lon="13.7905590">
    <ele>715.7</ele>
    <time>2026-06-13T09:05:24Z</time>
   </trkpt>
   <trkpt lat="47.6464760" lon="13.7905480">
    <ele>715.7</ele>
    <time>2026-06-13T09:05:25Z</time>
   </trkpt>
   <trkpt lat="47.6464540" lon="13.7905090">
    <ele>715.8</ele>
    <time>2026-06-13T09:05:26Z</time>
   </trkpt>
   <trkpt lat="47.6464470" lon="13.7904960">
    <ele>715.8</ele>
    <time>2026-06-13T09:05:27Z</time>
   </trkpt>
   <trkpt lat="47.6464310" lon="13.7904600">
    <ele>715.9</ele>
    <time>2026-06-13T09:05:28Z</time>
   </trkpt>
   <trkpt lat="47.6464240" lon="13.7904470">
    <ele>715.9</ele>
    <time>2026-06-13T09:05:29Z</time>
   </trkpt>
   <trkpt lat="47.6464100" lon="13.7904280">
    <ele>716.0</ele>
    <time>2026-06-13T09:05:30Z</time>
   </trkpt>
   <trkpt lat="47.6464040" lon="13.7904190">
    <ele>716.0</ele>
    <time>2026-06-13T09:05:31Z</time>
   </trkpt>
   <trkpt lat="47.6463800" lon="13.7903840">
    <ele>716.1</ele>
    <time>2026-06-13T09:05:32Z</time>
   </trkpt>
   <trkpt lat="47.6463640" lon="13.7903430">
    <ele>716.2</ele>
    <time>2026-06-13T09:05:33Z</time>
   </trkpt>
   <trkpt lat="47.6463560" lon="13.7903320">
    <ele>716.3</ele>
    <time>2026-06-13T09:05:34Z</time>
   </trkpt>
   <trkpt lat="47.6463360" lon="13.7902920">
    <ele>716.4</ele>
    <time>2026-06-13T09:05:35Z</time>
   </trkpt>
   <trkpt lat="47.6463300" lon="13.7902800">
    <ele>716.4</ele>
    <time>2026-06-13T09:05:36Z</time>
   </trkpt>
   <trkpt lat="47.6463120" lon="13.7902460">
    <ele>716.6</ele>
    <time>2026-06-13T09:05:37Z</time>
   </trkpt>
   <trkpt lat="47.6463080" lon="13.7902370">
    <ele>716.6</ele>
    <time>2026-06-13T09:05:38Z</time>
   </trkpt>
   <trkpt lat="47.6462900" lon="13.7901980">
    <ele>716.8</ele>
    <time>2026-06-13T09:05:39Z</time>
   </trkpt>
   <trkpt lat="47.6462820" lon="13.7901840">
    <ele>716.8</ele>
    <time>2026-06-13T09:05:40Z</time>
   </trkpt>
   <trkpt lat="47.6462600" lon="13.7901520">
    <ele>717.0</ele>
    <time>2026-06-13T09:05:41Z</time>
   </trkpt>
   <trkpt lat="47.6462510" lon="13.7901420">
    <ele>717.0</ele>
    <time>2026-06-13T09:05:42Z</time>
   </trkpt>
   <trkpt lat="47.6462360" lon="13.7901110">
    <ele>717.2</ele>
    <time>2026-06-13T09:05:43Z</time>
   </trkpt>
   <trkpt lat="47.6462290" lon="13.7900980">
    <ele>717.3</ele>
    <time>2026-06-13T09:05:44Z</time>
   </trkpt>
   <trkpt lat="47.6462180" lon="13.7900820">
    <ele>717.3</ele>
    <time>2026-06-13T09:05:45Z</time>
   </trkpt>
   <trkpt lat="47.6462050" lon="13.7900620">
    <ele>717.4</ele>
    <time>2026-06-13T09:05:46Z</time>
   </trkpt>
   <trkpt lat="47.6461790" lon="13.7900280">
    <ele>717.6</ele>
    <time>2026-06-13T09:05:47Z</time>
   </trkpt>
   <trkpt lat="47.6461710" lon="13.7900190">
    <ele>717.7</ele>
    <time>2026-06-13T09:05:48Z</time>
   </trkpt>
   <trkpt lat="47.6461490" lon="13.7899840">
    <ele>717.9</ele>
    <time>2026-06-13T09:05:49Z</time>
   </trkpt>
   <trkpt lat="47.6461420" lon="13.7899720">
    <ele>717.9</ele>
    <time>2026-06-13T09:05:50Z</time>
   </trkpt>
   <trkpt lat="47.6461180" lon="13.7899400">
    <ele>718.0</ele>
    <time>2026-06-13T09:05:51Z</time>
   </trkpt>
   <trkpt lat="47.6461100" lon="13.7899290">
    <ele>718.1</ele>
    <time>2026-06-13T09:05:52Z</time>
   </trkpt>
   <trkpt lat="47.6460910" lon="13.7898910">
    <ele>718.2</ele>
    <time>2026-06-13T09:05:53Z</time>
   </trkpt>
   <trkpt lat="47.6460860" lon="13.7898770">
    <ele>718.2</ele>
    <time>2026-06-13T09:05:54Z</time>
   </trkpt>
   <trkpt lat="47.6460720" lon="13.7898520">
    <ele>718.3</ele>
    <time>2026-06-13T09:05:55Z</time>
   </trkpt>
   <trkpt lat="47.6460670" lon="13.7898330">
    <ele>718.3</ele>
    <time>2026-06-13T09:05:56Z</time>
   </trkpt>
   <trkpt lat="47.6460500" lon="13.7898000">
    <ele>718.4</ele>
    <time>2026-06-13T09:05:57Z</time>
   </trkpt>
   <trkpt lat="47.6460450" lon="13.7897570">
    <ele>718.4</ele>
    <time>2026-06-13T09:05:58Z</time>
   </trkpt>
   <trkpt lat="47.6460410" lon="13.7897430">
    <ele>718.5</ele>
    <time>2026-06-13T09:05:59Z</time>
   </trkpt>
   <trkpt lat="47.6460230" lon="13.7896990">
    <ele>718.5</ele>
    <time>2026-06-13T09:06:00Z</time>
   </trkpt>
   <trkpt lat="47.6460200" lon="13.7896850">
    <ele>718.5</ele>
    <time>2026-06-13T09:06:01Z</time>
   </trkpt>
   <trkpt lat="47.6460190" lon="13.7896380">
    <ele>718.5</ele>
    <time>2026-06-13T09:06:02Z</time>
   </trkpt>
   <trkpt lat="47.6460210" lon="13.7896220">
    <ele>718.5</ele>
    <time>2026-06-13T09:06:03Z</time>
   </trkpt>
   <trkpt lat="47.6460230" lon="13.7895700">
    <ele>718.6</ele>
    <time>2026-06-13T09:06:04Z</time>
   </trkpt>
   <trkpt lat="47.6460220" lon="13.7895510">
    <ele>718.6</ele>
    <time>2026-06-13T09:06:05Z</time>
   </trkpt>
   <trkpt lat="47.6460240" lon="13.7894980">
    <ele>718.6</ele>
    <time>2026-06-13T09:06:06Z</time>
   </trkpt>
   <trkpt lat="47.6460210" lon="13.7894820">
    <ele>718.5</ele>
    <time>2026-06-13T09:06:07Z</time>
   </trkpt>
   <trkpt lat="47.6460210" lon="13.7894380">
    <ele>718.5</ele>
    <time>2026-06-13T09:06:08Z</time>
   </trkpt>
   <trkpt lat="47.6460220" lon="13.7894240">
    <ele>718.5</ele>
    <time>2026-06-13T09:06:09Z</time>
   </trkpt>
   <trkpt lat="47.6460130" lon="13.7893720">
    <ele>718.5</ele>
    <time>2026-06-13T09:06:10Z</time>
   </trkpt>
   <trkpt lat="47.6460100" lon="13.7893550">
    <ele>718.5</ele>
    <time>2026-06-13T09:06:11Z</time>
   </trkpt>
   <trkpt lat="47.6460080" lon="13.7893090">
    <ele>718.5</ele>
    <time>2026-06-13T09:06:12Z</time>
   </trkpt>
   <trkpt lat="47.6460040" lon="13.7892880">
    <ele>718.5</ele>
    <time>2026-06-13T09:06:13Z</time>
   </trkpt>
   <trkpt lat="47.6460110" lon="13.7892360">
    <ele>718.5</ele>
    <time>2026-06-13T09:06:14Z</time>
   </trkpt>
   <trkpt lat="47.6460140" lon="13.7892210">
    <ele>718.5</ele>
    <time>2026-06-13T09:06:15Z</time>
   </trkpt>
   <trkpt lat="47.6460190" lon="13.7891740">
    <ele>718.5</ele>
    <time>2026-06-13T09:06:16Z</time>
   </trkpt>
   <trkpt lat="47.6460250" lon="13.7891630">
    <ele>718.5</ele>
    <time>2026-06-13T09:06:17Z</time>
   </trkpt>
   <trkpt lat="47.6460410" lon="13.7891190">
    <ele>718.5</ele>
    <time>2026-06-13T09:06:18Z</time>
   </trkpt>
   <trkpt lat="47.6460460" lon="13.7891070">
    <ele>718.5</ele>
    <time>2026-06-13T09:06:19Z</time>
   </trkpt>
   <trkpt lat="47.6460560" lon="13.7890670">
    <ele>718.6</ele>
    <time>2026-06-13T09:06:20Z</time>
   </trkpt>
   <trkpt lat="47.6460620" lon="13.7890570">
    <ele>718.6</ele>
    <time>2026-06-13T09:06:21Z</time>
   </trkpt>
   <trkpt lat="47.6460790" lon="13.7890400">
    <ele>718.6</ele>
    <time>2026-06-13T09:06:22Z</time>
   </trkpt>
   <trkpt lat="47.6460810" lon="13.7890150">
    <ele>718.7</ele>
    <time>2026-06-13T09:06:23Z</time>
   </trkpt>
   <trkpt lat="47.6460890" lon="13.7889910">
    <ele>718.7</ele>
    <time>2026-06-13T09:06:24Z</time>
   </trkpt>
   <trkpt lat="47.6460720" lon="13.7889750">
    <ele>718.8</ele>
    <time>2026-06-13T09:06:25Z</time>
   </trkpt>
   <trkpt lat="47.6460990" lon="13.7889410">
    <ele>719.0</ele>
    <time>2026-06-13T09:06:26Z</time>
   </trkpt>
   <trkpt lat="47.6461080" lon="13.7889240">
    <ele>719.0</ele>
    <time>2026-06-13T09:06:27Z</time>
   </trkpt>
   <trkpt lat="47.6461220" lon="13.7889210">
    <ele>719.1</ele>
    <time>2026-06-13T09:06:28Z</time>
   </trkpt>
   <trkpt lat="47.6461270" lon="13.7888930">
    <ele>719.2</ele>
    <time>2026-06-13T09:06:29Z</time>
   </trkpt>
   <trkpt lat="47.6461310" lon="13.7888460">
    <ele>719.4</ele>
    <time>2026-06-13T09:06:30Z</time>
   </trkpt>
   <trkpt lat="47.6461330" lon="13.7888310">
    <ele>719.4</ele>
    <time>2026-06-13T09:06:31Z</time>
   </trkpt>
   <trkpt lat="47.6461430" lon="13.7887890">
    <ele>719.6</ele>
    <time>2026-06-13T09:06:32Z</time>
   </trkpt>
   <trkpt lat="47.6461440" lon="13.7887790">
    <ele>719.6</ele>
    <time>2026-06-13T09:06:33Z</time>
   </trkpt>
   <trkpt lat="47.6461310" lon="13.7887230">
    <ele>719.8</ele>
    <time>2026-06-13T09:06:34Z</time>
   </trkpt>
   <trkpt lat="47.6461310" lon="13.7886860">
    <ele>719.9</ele>
    <time>2026-06-13T09:06:35Z</time>
   </trkpt>
   <trkpt lat="47.6461380" lon="13.7886720">
    <ele>719.9</ele>
    <time>2026-06-13T09:06:36Z</time>
   </trkpt>
   <trkpt lat="47.6461440" lon="13.7886570">
    <ele>719.9</ele>
    <time>2026-06-13T09:06:37Z</time>
   </trkpt>
   <trkpt lat="47.6461250" lon="13.7886070">
    <ele>719.9</ele>
    <time>2026-06-13T09:06:38Z</time>
   </trkpt>
   <trkpt lat="47.6461160" lon="13.7885930">
    <ele>720.0</ele>
    <time>2026-06-13T09:06:39Z</time>
   </trkpt>
   <trkpt lat="47.6461120" lon="13.7885430">
    <ele>719.9</ele>
    <time>2026-06-13T09:06:40Z</time>
   </trkpt>
   <trkpt lat="47.6461080" lon="13.7885310">
    <ele>719.9</ele>
    <time>2026-06-13T09:06:41Z</time>
   </trkpt>
   <trkpt lat="47.6461180" lon="13.7884860">
    <ele>719.9</ele>
    <time>2026-06-13T09:06:42Z</time>
   </trkpt>
   <trkpt lat="47.6461170" lon="13.7884700">
    <ele>719.8</ele>
    <time>2026-06-13T09:06:43Z</time>
   </trkpt>
   <trkpt lat="47.6461110" lon="13.7884160">
    <ele>719.7</ele>
    <time>2026-06-13T09:06:44Z</time>
   </trkpt>
   <trkpt lat="47.6461060" lon="13.7884010">
    <ele>719.7</ele>
    <time>2026-06-13T09:06:45Z</time>
   </trkpt>
   <trkpt lat="47.6460990" lon="13.7883480">
    <ele>719.5</ele>
    <time>2026-06-13T09:06:46Z</time>
   </trkpt>
   <trkpt lat="47.6460940" lon="13.7883310">
    <ele>719.5</ele>
    <time>2026-06-13T09:06:47Z</time>
   </trkpt>
   <trkpt lat="47.6460940" lon="13.7882880">
    <ele>719.3</ele>
    <time>2026-06-13T09:06:48Z</time>
   </trkpt>
   <trkpt lat="47.6460950" lon="13.7882390">
    <ele>719.1</ele>
    <time>2026-06-13T09:06:49Z</time>
   </trkpt>
   <trkpt lat="47.6460910" lon="13.7882210">
    <ele>719.1</ele>
    <time>2026-06-13T09:06:50Z</time>
   </trkpt>
   <trkpt lat="47.6460810" lon="13.7881690">
    <ele>718.9</ele>
    <time>2026-06-13T09:06:51Z</time>
   </trkpt>
   <trkpt lat="47.6460750" lon="13.7881470">
    <ele>718.8</ele>
    <time>2026-06-13T09:06:52Z</time>
   </trkpt>
   <trkpt lat="47.6460820" lon="13.7880990">
    <ele>718.6</ele>
    <time>2026-06-13T09:06:53Z</time>
   </trkpt>
   <trkpt lat="47.6460830" lon="13.7880850">
    <ele>718.6</ele>
    <time>2026-06-13T09:06:54Z</time>
   </trkpt>
   <trkpt lat="47.6460790" lon="13.7880380">
    <ele>718.4</ele>
    <time>2026-06-13T09:06:55Z</time>
   </trkpt>
   <trkpt lat="47.6460780" lon="13.7880260">
    <ele>718.4</ele>
    <time>2026-06-13T09:06:56Z</time>
   </trkpt>
   <trkpt lat="47.6460720" lon="13.7879770">
    <ele>718.2</ele>
    <time>2026-06-13T09:06:57Z</time>
   </trkpt>
   <trkpt lat="47.6460780" lon="13.7879360">
    <ele>718.1</ele>
    <time>2026-06-13T09:06:58Z</time>
   </trkpt>
   <trkpt lat="47.6460780" lon="13.7879210">
    <ele>718.1</ele>
    <time>2026-06-13T09:06:59Z</time>
   </trkpt>
   <trkpt lat="47.6460820" lon="13.7878820">
    <ele>718.0</ele>
    <time>2026-06-13T09:07:00Z</time>
   </trkpt>
   <trkpt lat="47.6460790" lon="13.7878620">
    <ele>717.9</ele>
    <time>2026-06-13T09:07:01Z</time>
   </trkpt>
   <trkpt lat="47.6460760" lon="13.7878410">
    <ele>717.9</ele>
    <time>2026-06-13T09:07:02Z</time>
   </trkpt>
   <trkpt lat="47.6460690" lon="13.7877870">
    <ele>717.8</ele>
    <time>2026-06-13T09:07:03Z</time>
   </trkpt>
   <trkpt lat="47.6460620" lon="13.7877680">
    <ele>717.7</ele>
    <time>2026-06-13T09:07:04Z</time>
   </trkpt>
   <trkpt lat="47.6460540" lon="13.7877410">
    <ele>717.7</ele>
    <time>2026-06-13T09:07:05Z</time>
   </trkpt>
   <trkpt lat="47.6460630" lon="13.7877190">
    <ele>717.6</ele>
    <time>2026-06-13T09:07:06Z</time>
   </trkpt>
   <trkpt lat="47.6460520" lon="13.7876680">
    <ele>717.6</ele>
    <time>2026-06-13T09:07:07Z</time>
   </trkpt>
   <trkpt lat="47.6460420" lon="13.7876500">
    <ele>717.5</ele>
    <time>2026-06-13T09:07:08Z</time>
   </trkpt>
   <trkpt lat="47.6460110" lon="13.7875670">
    <ele>717.4</ele>
    <time>2026-06-13T09:07:09Z</time>
   </trkpt>
   <trkpt lat="47.6459850" lon="13.7875410">
    <ele>717.4</ele>
    <time>2026-06-13T09:07:10Z</time>
   </trkpt>
   <trkpt lat="47.6459760" lon="13.7875350">
    <ele>717.4</ele>
    <time>2026-06-13T09:07:11Z</time>
   </trkpt>
   <trkpt lat="47.6459500" lon="13.7875070">
    <ele>717.3</ele>
    <time>2026-06-13T09:07:12Z</time>
   </trkpt>
   <trkpt lat="47.6459410" lon="13.7874970">
    <ele>717.3</ele>
    <time>2026-06-13T09:07:13Z</time>
   </trkpt>
   <trkpt lat="47.6459250" lon="13.7874650">
    <ele>717.3</ele>
    <time>2026-06-13T09:07:14Z</time>
   </trkpt>
   <trkpt lat="47.6458940" lon="13.7874310">
    <ele>717.2</ele>
    <time>2026-06-13T09:07:15Z</time>
   </trkpt>
   <trkpt lat="47.6458800" lon="13.7874240">
    <ele>717.2</ele>
    <time>2026-06-13T09:07:16Z</time>
   </trkpt>
   <trkpt lat="47.6458600" lon="13.7873890">
    <ele>717.1</ele>
    <time>2026-06-13T09:07:17Z</time>
   </trkpt>
   <trkpt lat="47.6458470" lon="13.7873840">
    <ele>717.1</ele>
    <time>2026-06-13T09:07:18Z</time>
   </trkpt>
   <trkpt lat="47.6458240" lon="13.7873630">
    <ele>717.0</ele>
    <time>2026-06-13T09:07:19Z</time>
   </trkpt>
   <trkpt lat="47.6458030" lon="13.7873290">
    <ele>716.9</ele>
    <time>2026-06-13T09:07:20Z</time>
   </trkpt>
   <trkpt lat="47.6457970" lon="13.7873190">
    <ele>716.9</ele>
    <time>2026-06-13T09:07:21Z</time>
   </trkpt>
   <trkpt lat="47.6457900" lon="13.7873080">
    <ele>716.9</ele>
    <time>2026-06-13T09:07:22Z</time>
   </trkpt>
   <trkpt lat="47.6457840" lon="13.7872670">
    <ele>716.8</ele>
    <time>2026-06-13T09:07:23Z</time>
   </trkpt>
   <trkpt lat="47.6457510" lon="13.7872450">
    <ele>716.6</ele>
    <time>2026-06-13T09:07:24Z</time>
   </trkpt>
   <trkpt lat="47.6457460" lon="13.7872050">
    <ele>716.5</ele>
    <time>2026-06-13T09:07:25Z</time>
   </trkpt>
   <trkpt lat="47.6457500" lon="13.7871890">
    <ele>716.4</ele>
    <time>2026-06-13T09:07:26Z</time>
   </trkpt>
   <trkpt lat="47.6457370" lon="13.7871600">
    <ele>716.3</ele>
    <time>2026-06-13T09:07:27Z</time>
   </trkpt>
   <trkpt lat="47.6457050" lon="13.7871280">
    <ele>716.2</ele>
    <time>2026-06-13T09:07:28Z</time>
   </trkpt>
   <trkpt lat="47.6456900" lon="13.7870760">
    <ele>716.0</ele>
    <time>2026-06-13T09:07:29Z</time>
   </trkpt>
   <trkpt lat="47.6456860" lon="13.7870550">
    <ele>715.9</ele>
    <time>2026-06-13T09:07:30Z</time>
   </trkpt>
   <trkpt lat="47.6456900" lon="13.7870250">
    <ele>715.9</ele>
    <time>2026-06-13T09:07:31Z</time>
   </trkpt>
   <trkpt lat="47.6456850" lon="13.7870040">
    <ele>715.8</ele>
    <time>2026-06-13T09:07:32Z</time>
   </trkpt>
   <trkpt lat="47.6456810" lon="13.7869830">
    <ele>715.8</ele>
    <time>2026-06-13T09:07:33Z</time>
   </trkpt>
   <trkpt lat="47.6456750" lon="13.7869240">
    <ele>715.6</ele>
    <time>2026-06-13T09:07:34Z</time>
   </trkpt>
   <trkpt lat="47.6456760" lon="13.7868660">
    <ele>715.5</ele>
    <time>2026-06-13T09:07:35Z</time>
   </trkpt>
   <trkpt lat="47.6456880" lon="13.7868360">
    <ele>715.4</ele>
    <time>2026-06-13T09:07:36Z</time>
   </trkpt>
   <trkpt lat="47.6456880" lon="13.7867980">
    <ele>715.4</ele>
    <time>2026-06-13T09:07:37Z</time>
   </trkpt>
   <trkpt lat="47.6456980" lon="13.7867860">
    <ele>715.4</ele>
    <time>2026-06-13T09:07:38Z</time>
   </trkpt>
   <trkpt lat="47.6456830" lon="13.7867450">
    <ele>715.3</ele>
    <time>2026-06-13T09:07:39Z</time>
   </trkpt>
   <trkpt lat="47.6456820" lon="13.7867100">
    <ele>715.3</ele>
    <time>2026-06-13T09:07:40Z</time>
   </trkpt>
   <trkpt lat="47.6456800" lon="13.7866870">
    <ele>715.3</ele>
    <time>2026-06-13T09:07:41Z</time>
   </trkpt>
   <trkpt lat="47.6456790" lon="13.7866650">
    <ele>715.3</ele>
    <time>2026-06-13T09:07:42Z</time>
   </trkpt>
   <trkpt lat="47.6456610" lon="13.7866020">
    <ele>715.3</ele>
    <time>2026-06-13T09:07:43Z</time>
   </trkpt>
   <trkpt lat="47.6456480" lon="13.7865730">
    <ele>715.4</ele>
    <time>2026-06-13T09:07:44Z</time>
   </trkpt>
   <trkpt lat="47.6456250" lon="13.7865160">
    <ele>715.5</ele>
    <time>2026-06-13T09:07:45Z</time>
   </trkpt>
   <trkpt lat="47.6456330" lon="13.7864710">
    <ele>715.5</ele>
    <time>2026-06-13T09:07:46Z</time>
   </trkpt>
   <trkpt lat="47.6456290" lon="13.7864560">
    <ele>715.6</ele>
    <time>2026-06-13T09:07:47Z</time>
   </trkpt>
   <trkpt lat="47.6456160" lon="13.7864030">
    <ele>715.7</ele>
    <time>2026-06-13T09:07:48Z</time>
   </trkpt>
   <trkpt lat="47.6456020" lon="13.7863560">
    <ele>715.8</ele>
    <time>2026-06-13T09:07:49Z</time>
   </trkpt>
   <trkpt lat="47.6456020" lon="13.7863280">
    <ele>715.9</ele>
    <time>2026-06-13T09:07:50Z</time>
   </trkpt>
   <trkpt lat="47.6455780" lon="13.7862910">
    <ele>716.0</ele>
    <time>2026-06-13T09:07:51Z</time>
   </trkpt>
   <trkpt lat="47.6455600" lon="13.7862790">
    <ele>716.1</ele>
    <time>2026-06-13T09:07:52Z</time>
   </trkpt>
   <trkpt lat="47.6455410" lon="13.7862510">
    <ele>716.2</ele>
    <time>2026-06-13T09:07:53Z</time>
   </trkpt>
   <trkpt lat="47.6455300" lon="13.7862370">
    <ele>716.3</ele>
    <time>2026-06-13T09:07:54Z</time>
   </trkpt>
   <trkpt lat="47.6455080" lon="13.7862080">
    <ele>716.4</ele>
    <time>2026-06-13T09:07:55Z</time>
   </trkpt>
   <trkpt lat="47.6454980" lon="13.7861620">
    <ele>716.5</ele>
    <time>2026-06-13T09:07:56Z</time>
   </trkpt>
   <trkpt lat="47.6454980" lon="13.7861430">
    <ele>716.6</ele>
    <time>2026-06-13T09:07:57Z</time>
   </trkpt>
   <trkpt lat="47.6454850" lon="13.7861120">
    <ele>716.7</ele>
    <time>2026-06-13T09:07:58Z</time>
   </trkpt>
   <trkpt lat="47.6454760" lon="13.7861010">
    <ele>716.7</ele>
    <time>2026-06-13T09:07:59Z</time>
   </trkpt>
   <trkpt lat="47.6454560" lon="13.7860550">
    <ele>716.8</ele>
    <time>2026-06-13T09:08:00Z</time>
   </trkpt>
   <trkpt lat="47.6454460" lon="13.7860440">
    <ele>716.9</ele>
    <time>2026-06-13T09:08:01Z</time>
   </trkpt>
   <trkpt lat="47.6454340" lon="13.7859940">
    <ele>717.0</ele>
    <time>2026-06-13T09:08:02Z</time>
   </trkpt>
   <trkpt lat="47.6454260" lon="13.7859790">
    <ele>717.0</ele>
    <time>2026-06-13T09:08:03Z</time>
   </trkpt>
   <trkpt lat="47.6454170" lon="13.7859400">
    <ele>717.1</ele>
    <time>2026-06-13T09:08:04Z</time>
   </trkpt>
   <trkpt lat="47.6454120" lon="13.7859270">
    <ele>717.1</ele>
    <time>2026-06-13T09:08:05Z</time>
   </trkpt>
   <trkpt lat="47.6454160" lon="13.7858990">
    <ele>717.1</ele>
    <time>2026-06-13T09:08:06Z</time>
   </trkpt>
   <trkpt lat="47.6453970" lon="13.7858640">
    <ele>717.2</ele>
    <time>2026-06-13T09:08:07Z</time>
   </trkpt>
   <trkpt lat="47.6453940" lon="13.7858480">
    <ele>717.2</ele>
    <time>2026-06-13T09:08:08Z</time>
   </trkpt>
   <trkpt lat="47.6453770" lon="13.7858160">
    <ele>717.2</ele>
    <time>2026-06-13T09:08:09Z</time>
   </trkpt>
   <trkpt lat="47.6453770" lon="13.7857980">
    <ele>717.2</ele>
    <time>2026-06-13T09:08:10Z</time>
   </trkpt>
   <trkpt lat="47.6453660" lon="13.7857750">
    <ele>717.2</ele>
    <time>2026-06-13T09:08:11Z</time>
   </trkpt>
   <trkpt lat="47.6453620" lon="13.7857580">
    <ele>717.2</ele>
    <time>2026-06-13T09:08:12Z</time>
   </trkpt>
   <trkpt lat="47.6453660" lon="13.7857060">
    <ele>717.2</ele>
    <time>2026-06-13T09:08:13Z</time>
   </trkpt>
   <trkpt lat="47.6453450" lon="13.7856710">
    <ele>717.2</ele>
    <time>2026-06-13T09:08:14Z</time>
   </trkpt>
   <trkpt lat="47.6453200" lon="13.7856310">
    <ele>717.2</ele>
    <time>2026-06-13T09:08:15Z</time>
   </trkpt>
   <trkpt lat="47.6453140" lon="13.7856130">
    <ele>717.2</ele>
    <time>2026-06-13T09:08:16Z</time>
   </trkpt>
   <trkpt lat="47.6453050" lon="13.7855700">
    <ele>717.2</ele>
    <time>2026-06-13T09:08:17Z</time>
   </trkpt>
   <trkpt lat="47.6453130" lon="13.7855000">
    <ele>717.2</ele>
    <time>2026-06-13T09:08:18Z</time>
   </trkpt>
   <trkpt lat="47.6452900" lon="13.7854550">
    <ele>717.2</ele>
    <time>2026-06-13T09:08:19Z</time>
   </trkpt>
   <trkpt lat="47.6452840" lon="13.7854340">
    <ele>717.2</ele>
    <time>2026-06-13T09:08:20Z</time>
   </trkpt>
   <trkpt lat="47.6452700" lon="13.7853900">
    <ele>717.2</ele>
    <time>2026-06-13T09:08:21Z</time>
   </trkpt>
   <trkpt lat="47.6452540" lon="13.7853440">
    <ele>717.2</ele>
    <time>2026-06-13T09:08:22Z</time>
   </trkpt>
   <trkpt lat="47.6452520" lon="13.7853280">
    <ele>717.2</ele>
    <time>2026-06-13T09:08:23Z</time>
   </trkpt>
   <trkpt lat="47.6452540" lon="13.7852690">
    <ele>717.2</ele>
    <time>2026-06-13T09:08:24Z</time>
   </trkpt>
   <trkpt lat="47.6452430" lon="13.7852620">
    <ele>717.3</ele>
    <time>2026-06-13T09:08:25Z</time>
   </trkpt>
   <trkpt lat="47.6452340" lon="13.7852370">
    <ele>717.3</ele>
    <time>2026-06-13T09:08:26Z</time>
   </trkpt>
   <trkpt lat="47.6452240" lon="13.7851810">
    <ele>717.3</ele>
    <time>2026-06-13T09:08:27Z</time>
   </trkpt>
   <trkpt lat="47.6452120" lon="13.7851520">
    <ele>717.3</ele>
    <time>2026-06-13T09:08:28Z</time>
   </trkpt>
   <trkpt lat="47.6451930" lon="13.7851160">
    <ele>717.4</ele>
    <time>2026-06-13T09:08:29Z</time>
   </trkpt>
   <trkpt lat="47.6451820" lon="13.7850950">
    <ele>717.4</ele>
    <time>2026-06-13T09:08:30Z</time>
   </trkpt>
   <trkpt lat="47.6451780" lon="13.7850700">
    <ele>717.4</ele>
    <time>2026-06-13T09:08:31Z</time>
   </trkpt>
   <trkpt lat="47.6451640" lon="13.7850300">
    <ele>717.4</ele>
    <time>2026-06-13T09:08:32Z</time>
   </trkpt>
   <trkpt lat="47.6451700" lon="13.7849800">
    <ele>717.5</ele>
    <time>2026-06-13T09:08:33Z</time>
   </trkpt>
   <trkpt lat="47.6451790" lon="13.7849560">
    <ele>717.5</ele>
    <time>2026-06-13T09:08:34Z</time>
   </trkpt>
   <trkpt lat="47.6451710" lon="13.7849310">
    <ele>717.5</ele>
    <time>2026-06-13T09:08:35Z</time>
   </trkpt>
   <trkpt lat="47.6451620" lon="13.7849100">
    <ele>717.5</ele>
    <time>2026-06-13T09:08:36Z</time>
   </trkpt>
   <trkpt lat="47.6451520" lon="13.7848880">
    <ele>717.5</ele>
    <time>2026-06-13T09:08:37Z</time>
   </trkpt>
   <trkpt lat="47.6451370" lon="13.7848470">
    <ele>717.4</ele>
    <time>2026-06-13T09:08:38Z</time>
   </trkpt>
   <trkpt lat="47.6451340" lon="13.7848020">
    <ele>717.4</ele>
    <time>2026-06-13T09:08:39Z</time>
   </trkpt>
   <trkpt lat="47.6451160" lon="13.7847560">
    <ele>717.3</ele>
    <time>2026-06-13T09:08:40Z</time>
   </trkpt>
   <trkpt lat="47.6451070" lon="13.7847450">
    <ele>717.3</ele>
    <time>2026-06-13T09:08:41Z</time>
   </trkpt>
   <trkpt lat="47.6450960" lon="13.7847310">
    <ele>717.3</ele>
    <time>2026-06-13T09:08:42Z</time>
   </trkpt>
   <trkpt lat="47.6450860" lon="13.7847010">
    <ele>717.2</ele>
    <time>2026-06-13T09:08:43Z</time>
   </trkpt>
   <trkpt lat="47.6450760" lon="13.7846450">
    <ele>717.1</ele>
    <time>2026-06-13T09:08:44Z</time>
   </trkpt>
   <trkpt lat="47.6450690" lon="13.7846220">
    <ele>717.0</ele>
    <time>2026-06-13T09:08:45Z</time>
   </trkpt>
   <trkpt lat="47.6450510" lon="13.7845840">
    <ele>716.9</ele>
    <time>2026-06-13T09:08:46Z</time>
   </trkpt>
   <trkpt lat="47.6450550" lon="13.7845470">
    <ele>716.7</ele>
    <time>2026-06-13T09:08:47Z</time>
   </trkpt>
   <trkpt lat="47.6450540" lon="13.7845280">
    <ele>716.7</ele>
    <time>2026-06-13T09:08:48Z</time>
   </trkpt>
   <trkpt lat="47.6450220" lon="13.7844810">
    <ele>716.5</ele>
    <time>2026-06-13T09:08:49Z</time>
   </trkpt>
   <trkpt lat="47.6450040" lon="13.7844650">
    <ele>716.3</ele>
    <time>2026-06-13T09:08:50Z</time>
   </trkpt>
   <trkpt lat="47.6449890" lon="13.7844200">
    <ele>716.2</ele>
    <time>2026-06-13T09:08:51Z</time>
   </trkpt>
   <trkpt lat="47.6449860" lon="13.7844030">
    <ele>716.1</ele>
    <time>2026-06-13T09:08:52Z</time>
   </trkpt>
   <trkpt lat="47.6449720" lon="13.7843660">
    <ele>716.0</ele>
    <time>2026-06-13T09:08:53Z</time>
   </trkpt>
   <trkpt lat="47.6449860" lon="13.7843230">
    <ele>715.9</ele>
    <time>2026-06-13T09:08:54Z</time>
   </trkpt>
   <trkpt lat="47.6449560" lon="13.7842860">
    <ele>715.7</ele>
    <time>2026-06-13T09:08:55Z</time>
   </trkpt>
   <trkpt lat="47.6449470" lon="13.7842700">
    <ele>715.7</ele>
    <time>2026-06-13T09:08:56Z</time>
   </trkpt>
   <trkpt lat="47.6449320" lon="13.7842330">
    <ele>715.6</ele>
    <time>2026-06-13T09:08:57Z</time>
   </trkpt>
   <trkpt lat="47.6449280" lon="13.7841800">
    <ele>715.5</ele>
    <time>2026-06-13T09:08:58Z</time>
   </trkpt>
   <trkpt lat="47.6449220" lon="13.7841510">
    <ele>715.4</ele>
    <time>2026-06-13T09:08:59Z</time>
   </trkpt>
   <trkpt lat="47.6449220" lon="13.7841300">
    <ele>715.4</ele>
    <time>2026-06-13T09:09:00Z</time>
   </trkpt>
   <trkpt lat="47.6449090" lon="13.7840900">
    <ele>715.3</ele>
    <time>2026-06-13T09:09:01Z</time>
   </trkpt>
   <trkpt lat="47.6449220" lon="13.7840620">
    <ele>715.3</ele>
    <time>2026-06-13T09:09:02Z</time>
   </trkpt>
   <trkpt lat="47.6449140" lon="13.7840470">
    <ele>715.2</ele>
    <time>2026-06-13T09:09:03Z</time>
   </trkpt>
   <trkpt lat="47.6449050" lon="13.7840320">
    <ele>715.2</ele>
    <time>2026-06-13T09:09:04Z</time>
   </trkpt>
   <trkpt lat="47.6448840" lon="13.7840020">
    <ele>715.1</ele>
    <time>2026-06-13T09:09:05Z</time>
   </trkpt>
   <trkpt lat="47.6448650" lon="13.7839550">
    <ele>715.1</ele>
    <time>2026-06-13T09:09:06Z</time>
   </trkpt>
   <trkpt lat="47.6448590" lon="13.7839370">
    <ele>715.1</ele>
    <time>2026-06-13T09:09:07Z</time>
   </trkpt>
   <trkpt lat="47.6448560" lon="13.7838840">
    <ele>715.0</ele>
    <time>2026-06-13T09:09:08Z</time>
   </trkpt>
   <trkpt lat="47.6448280" lon="13.7838440">
    <ele>715.0</ele>
    <time>2026-06-13T09:09:09Z</time>
   </trkpt>
   <trkpt lat="47.6448190" lon="13.7838250">
    <ele>715.0</ele>
    <time>2026-06-13T09:09:10Z</time>
   </trkpt>
   <trkpt lat="47.6448080" lon="13.7837850">
    <ele>714.9</ele>
    <time>2026-06-13T09:09:11Z</time>
   </trkpt>
   <trkpt lat="47.6447930" lon="13.7837490">
    <ele>714.9</ele>
    <time>2026-06-13T09:09:12Z</time>
   </trkpt>
   <trkpt lat="47.6447820" lon="13.7837360">
    <ele>714.9</ele>
    <time>2026-06-13T09:09:13Z</time>
   </trkpt>
   <trkpt lat="47.6447510" lon="13.7837120">
    <ele>714.9</ele>
    <time>2026-06-13T09:09:14Z</time>
   </trkpt>
   <trkpt lat="47.6447380" lon="13.7837020">
    <ele>714.9</ele>
    <time>2026-06-13T09:09:15Z</time>
   </trkpt>
   <trkpt lat="47.6447380" lon="13.7836460">
    <ele>714.9</ele>
    <time>2026-06-13T09:09:16Z</time>
   </trkpt>
   <trkpt lat="47.6447440" lon="13.7836030">
    <ele>715.0</ele>
    <time>2026-06-13T09:09:17Z</time>
   </trkpt>
   <trkpt lat="47.6447210" lon="13.7835830">
    <ele>715.0</ele>
    <time>2026-06-13T09:09:18Z</time>
   </trkpt>
   <trkpt lat="47.6447170" lon="13.7835680">
    <ele>715.0</ele>
    <time>2026-06-13T09:09:19Z</time>
   </trkpt>
   <trkpt lat="47.6447060" lon="13.7835340">
    <ele>715.0</ele>
    <time>2026-06-13T09:09:20Z</time>
   </trkpt>
   <trkpt lat="47.6446970" lon="13.7835140">
    <ele>715.0</ele>
    <time>2026-06-13T09:09:21Z</time>
   </trkpt>
   <trkpt lat="47.6446810" lon="13.7834760">
    <ele>715.0</ele>
    <time>2026-06-13T09:09:22Z</time>
   </trkpt>
   <trkpt lat="47.6446750" lon="13.7834360">
    <ele>715.1</ele>
    <time>2026-06-13T09:09:23Z</time>
   </trkpt>
   <trkpt lat="47.6446600" lon="13.7834080">
    <ele>715.1</ele>
    <time>2026-06-13T09:09:24Z</time>
   </trkpt>
   <trkpt lat="47.6446490" lon="13.7833960">
    <ele>715.1</ele>
    <time>2026-06-13T09:09:25Z</time>
   </trkpt>
   <trkpt lat="47.6446370" lon="13.7833390">
    <ele>715.1</ele>
    <time>2026-06-13T09:09:26Z</time>
   </trkpt>
   <trkpt lat="47.6446320" lon="13.7833200">
    <ele>715.2</ele>
    <time>2026-06-13T09:09:27Z</time>
   </trkpt>
   <trkpt lat="47.6446120" lon="13.7833190">
    <ele>715.2</ele>
    <time>2026-06-13T09:09:28Z</time>
   </trkpt>
   <trkpt lat="47.6446090" lon="13.7832990">
    <ele>715.2</ele>
    <time>2026-06-13T09:09:29Z</time>
   </trkpt>
   <trkpt lat="47.6446060" lon="13.7832790">
    <ele>715.2</ele>
    <time>2026-06-13T09:09:30Z</time>
   </trkpt>
   <trkpt lat="47.6446030" lon="13.7832590">
    <ele>715.2</ele>
    <time>2026-06-13T09:09:31Z</time>
   </trkpt>
   <trkpt lat="47.6445970" lon="13.7832080">
    <ele>715.2</ele>
    <time>2026-06-13T09:09:32Z</time>
   </trkpt>
   <trkpt lat="47.6445720" lon="13.7831800">
    <ele>715.3</ele>
    <time>2026-06-13T09:09:33Z</time>
   </trkpt>
   <trkpt lat="47.6445660" lon="13.7831350">
    <ele>715.3</ele>
    <time>2026-06-13T09:09:34Z</time>
   </trkpt>
   <trkpt lat="47.6445630" lon="13.7831190">
    <ele>715.3</ele>
    <time>2026-06-13T09:09:35Z</time>
   </trkpt>
   <trkpt lat="47.6445450" lon="13.7830890">
    <ele>715.3</ele>
    <time>2026-06-13T09:09:36Z</time>
   </trkpt>
   <trkpt lat="47.6445340" lon="13.7830390">
    <ele>715.3</ele>
    <time>2026-06-13T09:09:37Z</time>
   </trkpt>
   <trkpt lat="47.6445320" lon="13.7830240">
    <ele>715.3</ele>
    <time>2026-06-13T09:09:38Z</time>
   </trkpt>
   <trkpt lat="47.6445170" lon="13.7829680">
    <ele>715.3</ele>
    <time>2026-06-13T09:09:39Z</time>
   </trkpt>
   <trkpt lat="47.6445090" lon="13.7829460">
    <ele>715.3</ele>
    <time>2026-06-13T09:09:40Z</time>
   </trkpt>
   <trkpt lat="47.6444880" lon="13.7829030">
    <ele>715.2</ele>
    <time>2026-06-13T09:09:41Z</time>
   </trkpt>
   <trkpt lat="47.6444840" lon="13.7828830">
    <ele>715.2</ele>
    <time>2026-06-13T09:09:42Z</time>
   </trkpt>
   <trkpt lat="47.6444740" lon="13.7828430">
    <ele>715.1</ele>
    <time>2026-06-13T09:09:43Z</time>
   </trkpt>
   <trkpt lat="47.6444660" lon="13.7828300">
    <ele>715.1</ele>
    <time>2026-06-13T09:09:44Z</time>
   </trkpt>
   <trkpt lat="47.6444430" lon="13.7827870">
    <ele>715.0</ele>
    <time>2026-06-13T09:09:45Z</time>
   </trkpt>
   <trkpt lat="47.6444360" lon="13.7827710">
    <ele>715.0</ele>
    <time>2026-06-13T09:09:46Z</time>
   </trkpt>
   <trkpt lat="47.6444360" lon="13.7827170">
    <ele>714.9</ele>
    <time>2026-06-13T09:09:47Z</time>
   </trkpt>
   <trkpt lat="47.6444550" lon="13.7826730">
    <ele>714.9</ele>
    <time>2026-06-13T09:09:48Z</time>
   </trkpt>
   <trkpt lat="47.6444610" lon="13.7826270">
    <ele>714.8</ele>
    <time>2026-06-13T09:09:49Z</time>
   </trkpt>
   <trkpt lat="47.6444500" lon="13.7826020">
    <ele>714.8</ele>
    <time>2026-06-13T09:09:50Z</time>
   </trkpt>
   <trkpt lat="47.6444490" lon="13.7825770">
    <ele>714.8</ele>
    <time>2026-06-13T09:09:51Z</time>
   </trkpt>
   <trkpt lat="47.6444490" lon="13.7825520">
    <ele>714.8</ele>
    <time>2026-06-13T09:09:52Z</time>
   </trkpt>
   <trkpt lat="47.6444480" lon="13.7825270">
    <ele>714.8</ele>
    <time>2026-06-13T09:09:53Z</time>
   </trkpt>
   <trkpt lat="47.6444440" lon="13.7824840">
    <ele>714.8</ele>
    <time>2026-06-13T09:09:54Z</time>
   </trkpt>
   <trkpt lat="47.6444280" lon="13.7824390">
    <ele>714.8</ele>
    <time>2026-06-13T09:09:55Z</time>
   </trkpt>
   <trkpt lat="47.6444330" lon="13.7823890">
    <ele>714.8</ele>
    <time>2026-06-13T09:09:56Z</time>
   </trkpt>
   <trkpt lat="47.6444350" lon="13.7823750">
    <ele>714.8</ele>
    <time>2026-06-13T09:09:57Z</time>
   </trkpt>
   <trkpt lat="47.6444290" lon="13.7823470">
    <ele>714.8</ele>
    <time>2026-06-13T09:09:58Z</time>
   </trkpt>
   <trkpt lat="47.6444240" lon="13.7823250">
    <ele>714.9</ele>
    <time>2026-06-13T09:09:59Z</time>
   </trkpt>
   <trkpt lat="47.6444160" lon="13.7822690">
    <ele>714.9</ele>
    <time>2026-06-13T09:10:00Z</time>
   </trkpt>
   <trkpt lat="47.6444190" lon="13.7822460">
    <ele>715.0</ele>
    <time>2026-06-13T09:10:01Z</time>
   </trkpt>
   <trkpt lat="47.6443990" lon="13.7822030">
    <ele>715.1</ele>
    <time>2026-06-13T09:10:02Z</time>
   </trkpt>
   <trkpt lat="47.6443990" lon="13.7821780">
    <ele>715.1</ele>
    <time>2026-06-13T09:10:03Z</time>
   </trkpt>
   <trkpt lat="47.6444010" lon="13.7821510">
    <ele>715.1</ele>
    <time>2026-06-13T09:10:04Z</time>
   </trkpt>
   <trkpt lat="47.6444010" lon="13.7821030">
    <ele>715.2</ele>
    <time>2026-06-13T09:10:05Z</time>
   </trkpt>
   <trkpt lat="47.6443770" lon="13.7820880">
    <ele>715.3</ele>
    <time>2026-06-13T09:10:06Z</time>
   </trkpt>
   <trkpt lat="47.6443650" lon="13.7820760">
    <ele>715.3</ele>
    <time>2026-06-13T09:10:07Z</time>
   </trkpt>
   <trkpt lat="47.6443530" lon="13.7820380">
    <ele>715.4</ele>
    <time>2026-06-13T09:10:08Z</time>
   </trkpt>
   <trkpt lat="47.6443550" lon="13.7820210">
    <ele>715.4</ele>
    <time>2026-06-13T09:10:09Z</time>
   </trkpt>
   <trkpt lat="47.6443260" lon="13.7819990">
    <ele>715.4</ele>
    <time>2026-06-13T09:10:10Z</time>
   </trkpt>
   <trkpt lat="47.6443130" lon="13.7819960">
    <ele>715.4</ele>
    <time>2026-06-13T09:10:11Z</time>
   </trkpt>
   <trkpt lat="47.6443080" lon="13.7819870">
    <ele>715.5</ele>
    <time>2026-06-13T09:10:12Z</time>
   </trkpt>
   <trkpt lat="47.6443130" lon="13.7819980">
    <ele>715.5</ele>
    <time>2026-06-13T09:10:13Z</time>
   </trkpt>
   <trkpt lat="47.6442970" lon="13.7819750">
    <ele>715.6</ele>
    <time>2026-06-13T09:10:14Z</time>
   </trkpt>
   <trkpt lat="47.6442840" lon="13.7819720">
    <ele>715.7</ele>
    <time>2026-06-13T09:10:15Z</time>
   </trkpt>
   <trkpt lat="47.6442760" lon="13.7819590">
    <ele>715.7</ele>
    <time>2026-06-13T09:10:16Z</time>
   </trkpt>
   <trkpt lat="47.6442720" lon="13.7819510">
    <ele>715.7</ele>
    <time>2026-06-13T09:10:17Z</time>
   </trkpt>
   <trkpt lat="47.6442680" lon="13.7819310">
    <ele>715.8</ele>
    <time>2026-06-13T09:10:18Z</time>
   </trkpt>
   <trkpt lat="47.6442530" lon="13.7819020">
    <ele>715.9</ele>
    <time>2026-06-13T09:10:19Z</time>
   </trkpt>
   <trkpt lat="47.6442460" lon="13.7818820">
    <ele>716.0</ele>
    <time>2026-06-13T09:10:20Z</time>
   </trkpt>
   <trkpt lat="47.6442290" lon="13.7818420">
    <ele>716.1</ele>
    <time>2026-06-13T09:10:21Z</time>
   </trkpt>
   <trkpt lat="47.6442250" lon="13.7818340">
    <ele>716.2</ele>
    <time>2026-06-13T09:10:22Z</time>
   </trkpt>
   <trkpt lat="47.6442130" lon="13.7818230">
    <ele>716.2</ele>
    <time>2026-06-13T09:10:23Z</time>
   </trkpt>
   <trkpt lat="47.6442090" lon="13.7817900">
    <ele>716.3</ele>
    <time>2026-06-13T09:10:24Z</time>
   </trkpt>
   <trkpt lat="47.6441970" lon="13.7817370">
    <ele>716.5</ele>
    <time>2026-06-13T09:10:25Z</time>
   </trkpt>
   <trkpt lat="47.6441900" lon="13.7817060">
    <ele>716.5</ele>
    <time>2026-06-13T09:10:26Z</time>
   </trkpt>
   <trkpt lat="47.6441890" lon="13.7816970">
    <ele>716.6</ele>
    <time>2026-06-13T09:10:27Z</time>
   </trkpt>
   <trkpt lat="47.6441850" lon="13.7816890">
    <ele>716.6</ele>
    <time>2026-06-13T09:10:29Z</time>
   </trkpt>
   <trkpt lat="47.6441710" lon="13.7816530">
    <ele>716.7</ele>
    <time>2026-06-13T09:10:30Z</time>
   </trkpt>
   <trkpt lat="47.6441520" lon="13.7816120">
    <ele>716.8</ele>
    <time>2026-06-13T09:10:31Z</time>
   </trkpt>
   <trkpt lat="47.6441460" lon="13.7815660">
    <ele>716.8</ele>
    <time>2026-06-13T09:10:32Z</time>
   </trkpt>
   <trkpt lat="47.6441550" lon="13.7815500">
    <ele>716.9</ele>
    <time>2026-06-13T09:10:33Z</time>
   </trkpt>
   <trkpt lat="47.6441370" lon="13.7815170">
    <ele>717.0</ele>
    <time>2026-06-13T09:10:34Z</time>
   </trkpt>
   <trkpt lat="47.6441300" lon="13.7814650">
    <ele>717.0</ele>
    <time>2026-06-13T09:10:35Z</time>
   </trkpt>
   <trkpt lat="47.6441270" lon="13.7814520">
    <ele>717.1</ele>
    <time>2026-06-13T09:10:36Z</time>
   </trkpt>
   <trkpt lat="47.6441480" lon="13.7814190">
    <ele>717.2</ele>
    <time>2026-06-13T09:10:37Z</time>
   </trkpt>
   <trkpt lat="47.6441300" lon="13.7813720">
    <ele>717.2</ele>
    <time>2026-06-13T09:10:38Z</time>
   </trkpt>
   <trkpt lat="47.6441240" lon="13.7813530">
    <ele>717.3</ele>
    <time>2026-06-13T09:10:39Z</time>
   </trkpt>
   <trkpt lat="47.6441020" lon="13.7813230">
    <ele>717.4</ele>
    <time>2026-06-13T09:10:40Z</time>
   </trkpt>
   <trkpt lat="47.6440900" lon="13.7812830">
    <ele>717.5</ele>
    <time>2026-06-13T09:10:41Z</time>
   </trkpt>
   <trkpt lat="47.6440900" lon="13.7812600">
    <ele>717.5</ele>
    <time>2026-06-13T09:10:42Z</time>
   </trkpt>
   <trkpt lat="47.6440690" lon="13.7812170">
    <ele>717.6</ele>
    <time>2026-06-13T09:10:43Z</time>
   </trkpt>
   <trkpt lat="47.6440530" lon="13.7811820">
    <ele>717.7</ele>
    <time>2026-06-13T09:10:44Z</time>
   </trkpt>
   <trkpt lat="47.6440440" lon="13.7811780">
    <ele>717.7</ele>
    <time>2026-06-13T09:10:45Z</time>
   </trkpt>
   <trkpt lat="47.6440490" lon="13.7811380">
    <ele>717.8</ele>
    <time>2026-06-13T09:10:46Z</time>
   </trkpt>
   <trkpt lat="47.6440520" lon="13.7810840">
    <ele>717.9</ele>
    <time>2026-06-13T09:10:47Z</time>
   </trkpt>
   <trkpt lat="47.6440500" lon="13.7810700">
    <ele>718.0</ele>
    <time>2026-06-13T09:10:48Z</time>
   </trkpt>
   <trkpt lat="47.6440500" lon="13.7810220">
    <ele>718.1</ele>
    <time>2026-06-13T09:10:49Z</time>
   </trkpt>
   <trkpt lat="47.6440500" lon="13.7810050">
    <ele>718.1</ele>
    <time>2026-06-13T09:10:50Z</time>
   </trkpt>
   <trkpt lat="47.6440430" lon="13.7809590">
    <ele>718.2</ele>
    <time>2026-06-13T09:10:51Z</time>
   </trkpt>
   <trkpt lat="47.6440390" lon="13.7809420">
    <ele>718.3</ele>
    <time>2026-06-13T09:10:52Z</time>
   </trkpt>
   <trkpt lat="47.6440270" lon="13.7809100">
    <ele>718.4</ele>
    <time>2026-06-13T09:10:53Z</time>
   </trkpt>
   <trkpt lat="47.6440260" lon="13.7808970">
    <ele>718.4</ele>
    <time>2026-06-13T09:10:54Z</time>
   </trkpt>
   <trkpt lat="47.6440050" lon="13.7808470">
    <ele>718.5</ele>
    <time>2026-06-13T09:10:55Z</time>
   </trkpt>
   <trkpt lat="47.6439900" lon="13.7808310">
    <ele>718.6</ele>
    <time>2026-06-13T09:10:56Z</time>
   </trkpt>
   <trkpt lat="47.6439810" lon="13.7807840">
    <ele>718.6</ele>
    <time>2026-06-13T09:10:57Z</time>
   </trkpt>
   <trkpt lat="47.6439810" lon="13.7807690">
    <ele>718.7</ele>
    <time>2026-06-13T09:10:58Z</time>
   </trkpt>
   <trkpt lat="47.6439620" lon="13.7807350">
    <ele>718.7</ele>
    <time>2026-06-13T09:10:59Z</time>
   </trkpt>
   <trkpt lat="47.6439550" lon="13.7807230">
    <ele>718.8</ele>
    <time>2026-06-13T09:11:00Z</time>
   </trkpt>
   <trkpt lat="47.6439500" lon="13.7806890">
    <ele>718.8</ele>
    <time>2026-06-13T09:11:01Z</time>
   </trkpt>
   <trkpt lat="47.6439420" lon="13.7806790">
    <ele>718.8</ele>
    <time>2026-06-13T09:11:02Z</time>
   </trkpt>
   <trkpt lat="47.6439320" lon="13.7806340">
    <ele>718.9</ele>
    <time>2026-06-13T09:11:03Z</time>
   </trkpt>
   <trkpt lat="47.6439260" lon="13.7806170">
    <ele>718.9</ele>
    <time>2026-06-13T09:11:04Z</time>
   </trkpt>
   <trkpt lat="47.6439010" lon="13.7806010">
    <ele>719.0</ele>
    <time>2026-06-13T09:11:05Z</time>
   </trkpt>
   <trkpt lat="47.6438910" lon="13.7805830">
    <ele>719.1</ele>
    <time>2026-06-13T09:11:06Z</time>
   </trkpt>
   <trkpt lat="47.6438720" lon="13.7805450">
    <ele>719.2</ele>
    <time>2026-06-13T09:11:07Z</time>
   </trkpt>
   <trkpt lat="47.6438690" lon="13.7805330">
    <ele>719.2</ele>
    <time>2026-06-13T09:11:08Z</time>
   </trkpt>
   <trkpt lat="47.6438560" lon="13.7804890">
    <ele>719.4</ele>
    <time>2026-06-13T09:11:09Z</time>
   </trkpt>
   <trkpt lat="47.6438450" lon="13.7804470">
    <ele>719.5</ele>
    <time>2026-06-13T09:11:10Z</time>
   </trkpt>
   <trkpt lat="47.6438360" lon="13.7804330">
    <ele>719.6</ele>
    <time>2026-06-13T09:11:11Z</time>
   </trkpt>
   <trkpt lat="47.6438050" lon="13.7804030">
    <ele>719.8</ele>
    <time>2026-06-13T09:11:12Z</time>
   </trkpt>
   <trkpt lat="47.6438040" lon="13.7803740">
    <ele>720.0</ele>
    <time>2026-06-13T09:11:13Z</time>
   </trkpt>
   <trkpt lat="47.6438020" lon="13.7803610">
    <ele>720.1</ele>
    <time>2026-06-13T09:11:14Z</time>
   </trkpt>
   <trkpt lat="47.6438010" lon="13.7803490">
    <ele>720.1</ele>
    <time>2026-06-13T09:11:15Z</time>
   </trkpt>
   <trkpt lat="47.6438080" lon="13.7803020">
    <ele>720.4</ele>
    <time>2026-06-13T09:11:16Z</time>
   </trkpt>
   <trkpt lat="47.6438060" lon="13.7802820">
    <ele>720.5</ele>
    <time>2026-06-13T09:11:17Z</time>
   </trkpt>
   <trkpt lat="47.6438070" lon="13.7802700">
    <ele>720.6</ele>
    <time>2026-06-13T09:11:18Z</time>
   </trkpt>
   <trkpt lat="47.6438000" lon="13.7802430">
    <ele>720.7</ele>
    <time>2026-06-13T09:11:19Z</time>
   </trkpt>
   <trkpt lat="47.6437750" lon="13.7801980">
    <ele>721.1</ele>
    <time>2026-06-13T09:11:20Z</time>
   </trkpt>
   <trkpt lat="47.6437650" lon="13.7801790">
    <ele>721.2</ele>
    <time>2026-06-13T09:11:21Z</time>
   </trkpt>
   <trkpt lat="47.6437490" lon="13.7801710">
    <ele>721.3</ele>
    <time>2026-06-13T09:11:22Z</time>
   </trkpt>
   <trkpt lat="47.6437530" lon="13.7801480">
    <ele>721.5</ele>
    <time>2026-06-13T09:11:23Z</time>
   </trkpt>
   <trkpt lat="47.6437500" lon="13.7801300">
    <ele>721.6</ele>
    <time>2026-06-13T09:11:24Z</time>
   </trkpt>
   <trkpt lat="47.6437410" lon="13.7800860">
    <ele>721.8</ele>
    <time>2026-06-13T09:11:25Z</time>
   </trkpt>
   <trkpt lat="47.6437320" lon="13.7800670">
    <ele>721.9</ele>
    <time>2026-06-13T09:11:26Z</time>
   </trkpt>
   <trkpt lat="47.6437130" lon="13.7800370">
    <ele>722.0</ele>
    <time>2026-06-13T09:11:27Z</time>
   </trkpt>
   <trkpt lat="47.6437040" lon="13.7800150">
    <ele>722.1</ele>
    <time>2026-06-13T09:11:28Z</time>
   </trkpt>
   <trkpt lat="47.6436950" lon="13.7799900">
    <ele>722.2</ele>
    <time>2026-06-13T09:11:29Z</time>
   </trkpt>
   <trkpt lat="47.6436850" lon="13.7799660">
    <ele>722.3</ele>
    <time>2026-06-13T09:11:30Z</time>
   </trkpt>
   <trkpt lat="47.6436760" lon="13.7799410">
    <ele>722.4</ele>
    <time>2026-06-13T09:11:31Z</time>
   </trkpt>
   <trkpt lat="47.6436660" lon="13.7799160">
    <ele>722.4</ele>
    <time>2026-06-13T09:11:32Z</time>
   </trkpt>
   <trkpt lat="47.6436350" lon="13.7798420">
    <ele>722.6</ele>
    <time>2026-06-13T09:11:33Z</time>
   </trkpt>
   <trkpt lat="47.6436290" lon="13.7798340">
    <ele>722.6</ele>
    <time>2026-06-13T09:11:34Z</time>
   </trkpt>
   <trkpt lat="47.6436220" lon="13.7798220">
    <ele>722.6</ele>
    <time>2026-06-13T09:11:35Z</time>
   </trkpt>
   <trkpt lat="47.6436130" lon="13.7798100">
    <ele>722.7</ele>
    <time>2026-06-13T09:11:36Z</time>
   </trkpt>
   <trkpt lat="47.6436020" lon="13.7797990">
    <ele>722.7</ele>
    <time>2026-06-13T09:11:37Z</time>
   </trkpt>
   <trkpt lat="47.6436000" lon="13.7797660">
    <ele>722.7</ele>
    <time>2026-06-13T09:11:38Z</time>
   </trkpt>
   <trkpt lat="47.6435940" lon="13.7797260">
    <ele>722.8</ele>
    <time>2026-06-13T09:11:39Z</time>
   </trkpt>
   <trkpt lat="47.6435900" lon="13.7796870">
    <ele>722.8</ele>
    <time>2026-06-13T09:11:40Z</time>
   </trkpt>
   <trkpt lat="47.6435880" lon="13.7797100">
    <ele>722.8</ele>
    <time>2026-06-13T09:11:41Z</time>
   </trkpt>
   <trkpt lat="47.6435760" lon="13.7796850">
    <ele>722.8</ele>
    <time>2026-06-13T09:11:42Z</time>
   </trkpt>
   <trkpt lat="47.6435680" lon="13.7796590">
    <ele>722.8</ele>
    <time>2026-06-13T09:11:43Z</time>
   </trkpt>
   <trkpt lat="47.6435470" lon="13.7796040">
    <ele>722.9</ele>
    <time>2026-06-13T09:11:44Z</time>
   </trkpt>
   <trkpt lat="47.6435410" lon="13.7795760">
    <ele>722.9</ele>
    <time>2026-06-13T09:11:45Z</time>
   </trkpt>
   <trkpt lat="47.6435190" lon="13.7795350">
    <ele>722.9</ele>
    <time>2026-06-13T09:11:46Z</time>
   </trkpt>
   <trkpt lat="47.6435090" lon="13.7795270">
    <ele>722.9</ele>
    <time>2026-06-13T09:11:47Z</time>
   </trkpt>
   <trkpt lat="47.6435100" lon="13.7795000">
    <ele>722.9</ele>
    <time>2026-06-13T09:11:48Z</time>
   </trkpt>
   <trkpt lat="47.6434980" lon="13.7794840">
    <ele>722.9</ele>
    <time>2026-06-13T09:11:49Z</time>
   </trkpt>
   <trkpt lat="47.6434860" lon="13.7794690">
    <ele>722.9</ele>
    <time>2026-06-13T09:11:50Z</time>
   </trkpt>
   <trkpt lat="47.6434680" lon="13.7794360">
    <ele>722.9</ele>
    <time>2026-06-13T09:11:51Z</time>
   </trkpt>
   <trkpt lat="47.6434490" lon="13.7794070">
    <ele>722.9</ele>
    <time>2026-06-13T09:11:52Z</time>
   </trkpt>
   <trkpt lat="47.6434380" lon="13.7793420">
    <ele>722.9</ele>
    <time>2026-06-13T09:11:53Z</time>
   </trkpt>
   <trkpt lat="47.6434050" lon="13.7792970">
    <ele>723.0</ele>
    <time>2026-06-13T09:11:54Z</time>
   </trkpt>
   <trkpt lat="47.6433870" lon="13.7792800">
    <ele>723.0</ele>
    <time>2026-06-13T09:11:55Z</time>
   </trkpt>
   <trkpt lat="47.6433690" lon="13.7792580">
    <ele>723.0</ele>
    <time>2026-06-13T09:11:56Z</time>
   </trkpt>
   <trkpt lat="47.6433720" lon="13.7792490">
    <ele>723.0</ele>
    <time>2026-06-13T09:11:57Z</time>
   </trkpt>
   <trkpt lat="47.6433710" lon="13.7792480">
    <ele>723.0</ele>
    <time>2026-06-13T09:11:58Z</time>
   </trkpt>
   <trkpt lat="47.6433640" lon="13.7792220">
    <ele>723.0</ele>
    <time>2026-06-13T09:11:59Z</time>
   </trkpt>
   <trkpt lat="47.6433600" lon="13.7791980">
    <ele>723.0</ele>
    <time>2026-06-13T09:12:00Z</time>
   </trkpt>
   <trkpt lat="47.6433550" lon="13.7791750">
    <ele>723.0</ele>
    <time>2026-06-13T09:12:01Z</time>
   </trkpt>
   <trkpt lat="47.6433400" lon="13.7791350">
    <ele>723.0</ele>
    <time>2026-06-13T09:12:02Z</time>
   </trkpt>
   <trkpt lat="47.6433320" lon="13.7790890">
    <ele>723.1</ele>
    <time>2026-06-13T09:12:03Z</time>
   </trkpt>
   <trkpt lat="47.6433280" lon="13.7790740">
    <ele>723.1</ele>
    <time>2026-06-13T09:12:04Z</time>
   </trkpt>
   <trkpt lat="47.6433190" lon="13.7790300">
    <ele>723.1</ele>
    <time>2026-06-13T09:12:05Z</time>
   </trkpt>
   <trkpt lat="47.6433100" lon="13.7790130">
    <ele>723.1</ele>
    <time>2026-06-13T09:12:06Z</time>
   </trkpt>
   <trkpt lat="47.6432900" lon="13.7789780">
    <ele>723.1</ele>
    <time>2026-06-13T09:12:07Z</time>
   </trkpt>
   <trkpt lat="47.6432850" lon="13.7789630">
    <ele>723.1</ele>
    <time>2026-06-13T09:12:08Z</time>
   </trkpt>
   <trkpt lat="47.6432630" lon="13.7789190">
    <ele>723.1</ele>
    <time>2026-06-13T09:12:09Z</time>
   </trkpt>
   <trkpt lat="47.6432490" lon="13.7788940">
    <ele>723.1</ele>
    <time>2026-06-13T09:12:10Z</time>
   </trkpt>
   <trkpt lat="47.6432180" lon="13.7788530">
    <ele>723.1</ele>
    <time>2026-06-13T09:12:11Z</time>
   </trkpt>
   <trkpt lat="47.6432080" lon="13.7788100">
    <ele>723.1</ele>
    <time>2026-06-13T09:12:12Z</time>
   </trkpt>
   <trkpt lat="47.6432030" lon="13.7787940">
    <ele>723.1</ele>
    <time>2026-06-13T09:12:13Z</time>
   </trkpt>
   <trkpt lat="47.6431840" lon="13.7787780">
    <ele>723.1</ele>
    <time>2026-06-13T09:12:14Z</time>
   </trkpt>
   <trkpt lat="47.6431800" lon="13.7787650">
    <ele>723.1</ele>
    <time>2026-06-13T09:12:15Z</time>
   </trkpt>
   <trkpt lat="47.6431720" lon="13.7787460">
    <ele>723.1</ele>
    <time>2026-06-13T09:12:16Z</time>
   </trkpt>
   <trkpt lat="47.6431580" lon="13.7787300">
    <ele>723.1</ele>
    <time>2026-06-13T09:12:17Z</time>
   </trkpt>
   <trkpt lat="47.6431580" lon="13.7786870">
    <ele>723.1</ele>
    <time>2026-06-13T09:12:18Z</time>
   </trkpt>
   <trkpt lat="47.6431390" lon="13.7786570">
    <ele>723.1</ele>
    <time>2026-06-13T09:12:19Z</time>
   </trkpt>
   <trkpt lat="47.6431110" lon="13.7786190">
    <ele>723.1</ele>
    <time>2026-06-13T09:12:20Z</time>
   </trkpt>
   <trkpt lat="47.6431270" lon="13.7785920">
    <ele>723.1</ele>
    <time>2026-06-13T09:12:21Z</time>
   </trkpt>
   <trkpt lat="47.6431070" lon="13.7785750">
    <ele>723.1</ele>
    <time>2026-06-13T09:12:22Z</time>
   </trkpt>
   <trkpt lat="47.6430870" lon="13.7785540">
    <ele>723.1</ele>
    <time>2026-06-13T09:12:23Z</time>
   </trkpt>
   <trkpt lat="47.6430840" lon="13.7785450">
    <ele>723.1</ele>
    <time>2026-06-13T09:12:24Z</time>
   </trkpt>
   <trkpt lat="47.6430820" lon="13.7785350">
    <ele>723.1</ele>
    <time>2026-06-13T09:12:25Z</time>
   </trkpt>
   <trkpt lat="47.6430720" lon="13.7784940">
    <ele>723.1</ele>
    <time>2026-06-13T09:12:26Z</time>
   </trkpt>
   <trkpt lat="47.6430600" lon="13.7784540">
    <ele>723.1</ele>
    <time>2026-06-13T09:12:27Z</time>
   </trkpt>
   <trkpt lat="47.6430540" lon="13.7783760">
    <ele>723.0</ele>
    <time>2026-06-13T09:12:28Z</time>
   </trkpt>
   <trkpt lat="47.6430360" lon="13.7783370">
    <ele>723.0</ele>
    <time>2026-06-13T09:12:29Z</time>
   </trkpt>
   <trkpt lat="47.6430480" lon="13.7783320">
    <ele>723.0</ele>
    <time>2026-06-13T09:12:30Z</time>
   </trkpt>
   <trkpt lat="47.6430370" lon="13.7783160">
    <ele>723.0</ele>
    <time>2026-06-13T09:12:31Z</time>
   </trkpt>
   <trkpt lat="47.6430280" lon="13.7782900">
    <ele>722.9</ele>
    <time>2026-06-13T09:12:32Z</time>
   </trkpt>
   <trkpt lat="47.6430060" lon="13.7782570">
    <ele>722.9</ele>
    <time>2026-06-13T09:12:33Z</time>
   </trkpt>
   <trkpt lat="47.6429910" lon="13.7782430">
    <ele>722.9</ele>
    <time>2026-06-13T09:12:35Z</time>
   </trkpt>
   <trkpt lat="47.6429870" lon="13.7782220">
    <ele>722.8</ele>
    <time>2026-06-13T09:12:36Z</time>
   </trkpt>
   <trkpt lat="47.6429620" lon="13.7781960">
    <ele>722.8</ele>
    <time>2026-06-13T09:12:37Z</time>
   </trkpt>
   <trkpt lat="47.6429580" lon="13.7781860">
    <ele>722.8</ele>
    <time>2026-06-13T09:12:38Z</time>
   </trkpt>
   <trkpt lat="47.6429450" lon="13.7781450">
    <ele>722.7</ele>
    <time>2026-06-13T09:12:39Z</time>
   </trkpt>
   <trkpt lat="47.6429190" lon="13.7780880">
    <ele>722.6</ele>
    <time>2026-06-13T09:12:40Z</time>
   </trkpt>
   <trkpt lat="47.6428990" lon="13.7780610">
    <ele>722.6</ele>
    <time>2026-06-13T09:12:41Z</time>
   </trkpt>
   <trkpt lat="47.6428960" lon="13.7780270">
    <ele>722.5</ele>
    <time>2026-06-13T09:12:42Z</time>
   </trkpt>
   <trkpt lat="47.6428880" lon="13.7780130">
    <ele>722.5</ele>
    <time>2026-06-13T09:12:43Z</time>
   </trkpt>
   <trkpt lat="47.6428790" lon="13.7779990">
    <ele>722.5</ele>
    <time>2026-06-13T09:12:44Z</time>
   </trkpt>
   <trkpt lat="47.6428810" lon="13.7779570">
    <ele>722.4</ele>
    <time>2026-06-13T09:12:45Z</time>
   </trkpt>
   <trkpt lat="47.6429030" lon="13.7778870">
    <ele>722.3</ele>
    <time>2026-06-13T09:12:46Z</time>
   </trkpt>
   <trkpt lat="47.6428930" lon="13.7778250">
    <ele>722.2</ele>
    <time>2026-06-13T09:12:47Z</time>
   </trkpt>
   <trkpt lat="47.6428640" lon="13.7778160">
    <ele>722.1</ele>
    <time>2026-06-13T09:12:48Z</time>
   </trkpt>
   <trkpt lat="47.6428540" lon="13.7778110">
    <ele>722.1</ele>
    <time>2026-06-13T09:12:49Z</time>
   </trkpt>
   <trkpt lat="47.6428290" lon="13.7777830">
    <ele>722.0</ele>
    <time>2026-06-13T09:12:50Z</time>
   </trkpt>
   <trkpt lat="47.6428330" lon="13.7777410">
    <ele>722.0</ele>
    <time>2026-06-13T09:12:51Z</time>
   </trkpt>
   <trkpt lat="47.6428350" lon="13.7777330">
    <ele>722.0</ele>
    <time>2026-06-13T09:12:52Z</time>
   </trkpt>
   <trkpt lat="47.6428380" lon="13.7777250">
    <ele>722.0</ele>
    <time>2026-06-13T09:12:53Z</time>
   </trkpt>
   <trkpt lat="47.6428370" lon="13.7776660">
    <ele>721.9</ele>
    <time>2026-06-13T09:12:54Z</time>
   </trkpt>
   <trkpt lat="47.6428310" lon="13.7776440">
    <ele>721.8</ele>
    <time>2026-06-13T09:12:55Z</time>
   </trkpt>
   <trkpt lat="47.6428080" lon="13.7775840">
    <ele>721.8</ele>
    <time>2026-06-13T09:12:56Z</time>
   </trkpt>
   <trkpt lat="47.6428220" lon="13.7775510">
    <ele>721.7</ele>
    <time>2026-06-13T09:12:57Z</time>
   </trkpt>
   <trkpt lat="47.6428260" lon="13.7775300">
    <ele>721.7</ele>
    <time>2026-06-13T09:12:58Z</time>
   </trkpt>
   <trkpt lat="47.6428290" lon="13.7774720">
    <ele>721.6</ele>
    <time>2026-06-13T09:12:59Z</time>
   </trkpt>
   <trkpt lat="47.6428390" lon="13.7774510">
    <ele>721.5</ele>
    <time>2026-06-13T09:13:00Z</time>
   </trkpt>
   <trkpt lat="47.6428160" lon="13.7773950">
    <ele>721.4</ele>
    <time>2026-06-13T09:13:01Z</time>
   </trkpt>
   <trkpt lat="47.6428010" lon="13.7773710">
    <ele>721.3</ele>
    <time>2026-06-13T09:13:02Z</time>
   </trkpt>
   <trkpt lat="47.6427820" lon="13.7773270">
    <ele>721.2</ele>
    <time>2026-06-13T09:13:03Z</time>
   </trkpt>
   <trkpt lat="47.6428090" lon="13.7773160">
    <ele>721.1</ele>
    <time>2026-06-13T09:13:04Z</time>
   </trkpt>
   <trkpt lat="47.6428170" lon="13.7772660">
    <ele>721.0</ele>
    <time>2026-06-13T09:13:05Z</time>
   </trkpt>
   <trkpt lat="47.6428100" lon="13.7772460">
    <ele>720.9</ele>
    <time>2026-06-13T09:13:06Z</time>
   </trkpt>
   <trkpt lat="47.6428040" lon="13.7772030">
    <ele>720.8</ele>
    <time>2026-06-13T09:13:07Z</time>
   </trkpt>
   <trkpt lat="47.6428050" lon="13.7771890">
    <ele>720.8</ele>
    <time>2026-06-13T09:13:08Z</time>
   </trkpt>
   <trkpt lat="47.6428050" lon="13.7771360">
    <ele>720.6</ele>
    <time>2026-06-13T09:13:09Z</time>
   </trkpt>
   <trkpt lat="47.6428070" lon="13.7771140">
    <ele>720.6</ele>
    <time>2026-06-13T09:13:10Z</time>
   </trkpt>
   <trkpt lat="47.6428050" lon="13.7770700">
    <ele>720.5</ele>
    <time>2026-06-13T09:13:11Z</time>
   </trkpt>
   <trkpt lat="47.6427940" lon="13.7770260">
    <ele>720.3</ele>
    <time>2026-06-13T09:13:12Z</time>
   </trkpt>
   <trkpt lat="47.6427760" lon="13.7769720">
    <ele>720.1</ele>
    <time>2026-06-13T09:13:13Z</time>
   </trkpt>
   <trkpt lat="47.6427810" lon="13.7769470">
    <ele>720.1</ele>
    <time>2026-06-13T09:13:14Z</time>
   </trkpt>
   <trkpt lat="47.6427660" lon="13.7769390">
    <ele>720.0</ele>
    <time>2026-06-13T09:13:15Z</time>
   </trkpt>
   <trkpt lat="47.6427520" lon="13.7769310">
    <ele>719.9</ele>
    <time>2026-06-13T09:13:16Z</time>
   </trkpt>
   <trkpt lat="47.6427740" lon="13.7768800">
    <ele>719.7</ele>
    <time>2026-06-13T09:13:17Z</time>
   </trkpt>
   <trkpt lat="47.6427800" lon="13.7768510">
    <ele>719.7</ele>
    <time>2026-06-13T09:13:18Z</time>
   </trkpt>
   <trkpt lat="47.6427730" lon="13.7768120">
    <ele>719.5</ele>
    <time>2026-06-13T09:13:19Z</time>
   </trkpt>
   <trkpt lat="47.6427640" lon="13.7768010">
    <ele>719.5</ele>
    <time>2026-06-13T09:13:20Z</time>
   </trkpt>
   <trkpt lat="47.6427370" lon="13.7767880">
    <ele>719.4</ele>
    <time>2026-06-13T09:13:21Z</time>
   </trkpt>
   <trkpt lat="47.6427050" lon="13.7767890">
    <ele>719.2</ele>
    <time>2026-06-13T09:13:22Z</time>
   </trkpt>
   <trkpt lat="47.6427020" lon="13.7767390">
    <ele>719.1</ele>
    <time>2026-06-13T09:13:23Z</time>
   </trkpt>
   <trkpt lat="47.6427070" lon="13.7766590">
    <ele>718.9</ele>
    <time>2026-06-13T09:13:24Z</time>
   </trkpt>
   <trkpt lat="47.6427080" lon="13.7766160">
    <ele>718.8</ele>
    <time>2026-06-13T09:13:25Z</time>
   </trkpt>
   <trkpt lat="47.6426870" lon="13.7765750">
    <ele>718.7</ele>
    <time>2026-06-13T09:13:26Z</time>
   </trkpt>
   <trkpt lat="47.6426890" lon="13.7765210">
    <ele>718.5</ele>
    <time>2026-06-13T09:13:27Z</time>
   </trkpt>
   <trkpt lat="47.6427250" lon="13.7764810">
    <ele>718.4</ele>
    <time>2026-06-13T09:13:28Z</time>
   </trkpt>
   <trkpt lat="47.6427520" lon="13.7764370">
    <ele>718.2</ele>
    <time>2026-06-13T09:13:29Z</time>
   </trkpt>
   <trkpt lat="47.6427450" lon="13.7763920">
    <ele>718.1</ele>
    <time>2026-06-13T09:13:30Z</time>
   </trkpt>
   <trkpt lat="47.6427570" lon="13.7763510">
    <ele>718.0</ele>
    <time>2026-06-13T09:13:31Z</time>
   </trkpt>
   <trkpt lat="47.6427750" lon="13.7763180">
    <ele>718.0</ele>
    <time>2026-06-13T09:13:32Z</time>
   </trkpt>
   <trkpt lat="47.6427830" lon="13.7763050">
    <ele>717.9</ele>
    <time>2026-06-13T09:13:33Z</time>
   </trkpt>
   <trkpt lat="47.6427740" lon="13.7762670">
    <ele>717.9</ele>
    <time>2026-06-13T09:13:34Z</time>
   </trkpt>
   <trkpt lat="47.6427740" lon="13.7762230">
    <ele>717.8</ele>
    <time>2026-06-13T09:13:35Z</time>
   </trkpt>
   <trkpt lat="47.6427840" lon="13.7761740">
    <ele>717.7</ele>
    <time>2026-06-13T09:13:36Z</time>
   </trkpt>
   <trkpt lat="47.6427600" lon="13.7761300">
    <ele>717.6</ele>
    <time>2026-06-13T09:13:37Z</time>
   </trkpt>
   <trkpt lat="47.6427660" lon="13.7760830">
    <ele>717.6</ele>
    <time>2026-06-13T09:13:38Z</time>
   </trkpt>
   <trkpt lat="47.6427620" lon="13.7760740">
    <ele>717.6</ele>
    <time>2026-06-13T09:13:39Z</time>
   </trkpt>
   <trkpt lat="47.6427650" lon="13.7760550">
    <ele>717.6</ele>
    <time>2026-06-13T09:13:40Z</time>
   </trkpt>
   <trkpt lat="47.6427560" lon="13.7760320">
    <ele>717.5</ele>
    <time>2026-06-13T09:13:41Z</time>
   </trkpt>
   <trkpt lat="47.6427490" lon="13.7759880">
    <ele>717.5</ele>
    <time>2026-06-13T09:13:42Z</time>
   </trkpt>
   <trkpt lat="47.6427470" lon="13.7759770">
    <ele>717.5</ele>
    <time>2026-06-13T09:13:43Z</time>
   </trkpt>
   <trkpt lat="47.6427300" lon="13.7759330">
    <ele>717.5</ele>
    <time>2026-06-13T09:13:44Z</time>
   </trkpt>
   <trkpt lat="47.6427270" lon="13.7758930">
    <ele>717.5</ele>
    <time>2026-06-13T09:13:45Z</time>
   </trkpt>
   <trkpt lat="47.6427230" lon="13.7758740">
    <ele>717.5</ele>
    <time>2026-06-13T09:13:46Z</time>
   </trkpt>
   <trkpt lat="47.6427100" lon="13.7758210">
    <ele>717.5</ele>
    <time>2026-06-13T09:13:47Z</time>
   </trkpt>
   <trkpt lat="47.6427100" lon="13.7758020">
    <ele>717.5</ele>
    <time>2026-06-13T09:13:48Z</time>
   </trkpt>
   <trkpt lat="47.6426870" lon="13.7757680">
    <ele>717.5</ele>
    <time>2026-06-13T09:13:49Z</time>
   </trkpt>
   <trkpt lat="47.6426810" lon="13.7757590">
    <ele>717.5</ele>
    <time>2026-06-13T09:13:50Z</time>
   </trkpt>
   <trkpt lat="47.6426700" lon="13.7757210">
    <ele>717.5</ele>
    <time>2026-06-13T09:13:51Z</time>
   </trkpt>
   <trkpt lat="47.6426570" lon="13.7756730">
    <ele>717.5</ele>
    <time>2026-06-13T09:13:52Z</time>
   </trkpt>
   <trkpt lat="47.6426510" lon="13.7756550">
    <ele>717.5</ele>
    <time>2026-06-13T09:13:53Z</time>
   </trkpt>
   <trkpt lat="47.6426330" lon="13.7756140">
    <ele>717.6</ele>
    <time>2026-06-13T09:13:54Z</time>
   </trkpt>
   <trkpt lat="47.6426280" lon="13.7755960">
    <ele>717.6</ele>
    <time>2026-06-13T09:13:55Z</time>
   </trkpt>
   <trkpt lat="47.6426240" lon="13.7755700">
    <ele>717.6</ele>
    <time>2026-06-13T09:13:56Z</time>
   </trkpt>
   <trkpt lat="47.6426120" lon="13.7755560">
    <ele>717.6</ele>
    <time>2026-06-13T09:13:57Z</time>
   </trkpt>
   <trkpt lat="47.6426010" lon="13.7755290">
    <ele>717.7</ele>
    <time>2026-06-13T09:13:58Z</time>
   </trkpt>
   <trkpt lat="47.6425990" lon="13.7755180">
    <ele>717.7</ele>
    <time>2026-06-13T09:13:59Z</time>
   </trkpt>
   <trkpt lat="47.6425970" lon="13.7755060">
    <ele>717.7</ele>
    <time>2026-06-13T09:14:00Z</time>
   </trkpt>
   <trkpt lat="47.6425760" lon="13.7754660">
    <ele>717.8</ele>
    <time>2026-06-13T09:14:01Z</time>
   </trkpt>
   <trkpt lat="47.6425590" lon="13.7754320">
    <ele>717.8</ele>
    <time>2026-06-13T09:14:02Z</time>
   </trkpt>
   <trkpt lat="47.6425500" lon="13.7753990">
    <ele>717.9</ele>
    <time>2026-06-13T09:14:03Z</time>
   </trkpt>
   <trkpt lat="47.6425420" lon="13.7753910">
    <ele>717.9</ele>
    <time>2026-06-13T09:14:04Z</time>
   </trkpt>
   <trkpt lat="47.6425420" lon="13.7753490">
    <ele>717.9</ele>
    <time>2026-06-13T09:14:05Z</time>
   </trkpt>
   <trkpt lat="47.6425070" lon="13.7753500">
    <ele>718.0</ele>
    <time>2026-06-13T09:14:06Z</time>
   </trkpt>
   <trkpt lat="47.6424880" lon="13.7752990">
    <ele>718.0</ele>
    <time>2026-06-13T09:14:07Z</time>
   </trkpt>
   <trkpt lat="47.6424840" lon="13.7752790">
    <ele>718.1</ele>
    <time>2026-06-13T09:14:08Z</time>
   </trkpt>
   <trkpt lat="47.6424750" lon="13.7752240">
    <ele>718.1</ele>
    <time>2026-06-13T09:14:09Z</time>
   </trkpt>
   <trkpt lat="47.6424670" lon="13.7752090">
    <ele>718.1</ele>
    <time>2026-06-13T09:14:10Z</time>
   </trkpt>
   <trkpt lat="47.6424720" lon="13.7751500">
    <ele>718.3</ele>
    <time>2026-06-13T09:14:11Z</time>
   </trkpt>
   <trkpt lat="47.6424770" lon="13.7751270">
    <ele>718.3</ele>
    <time>2026-06-13T09:14:12Z</time>
   </trkpt>
   <trkpt lat="47.6424620" lon="13.7750980">
    <ele>718.4</ele>
    <time>2026-06-13T09:14:13Z</time>
   </trkpt>
   <trkpt lat="47.6424530" lon="13.7750830">
    <ele>718.4</ele>
    <time>2026-06-13T09:14:14Z</time>
   </trkpt>
   <trkpt lat="47.6424390" lon="13.7750360">
    <ele>718.5</ele>
    <time>2026-06-13T09:14:15Z</time>
   </trkpt>
   <trkpt lat="47.6424360" lon="13.7750170">
    <ele>718.6</ele>
    <time>2026-06-13T09:14:16Z</time>
   </trkpt>
   <trkpt lat="47.6424360" lon="13.7749890">
    <ele>718.7</ele>
    <time>2026-06-13T09:14:17Z</time>
   </trkpt>
   <trkpt lat="47.6424190" lon="13.7749710">
    <ele>718.8</ele>
    <time>2026-06-13T09:14:18Z</time>
   </trkpt>
   <trkpt lat="47.6424090" lon="13.7749190">
    <ele>719.0</ele>
    <time>2026-06-13T09:14:19Z</time>
   </trkpt>
   <trkpt lat="47.6424080" lon="13.7749020">
    <ele>719.1</ele>
    <time>2026-06-13T09:14:20Z</time>
   </trkpt>
   <trkpt lat="47.6424080" lon="13.7748590">
    <ele>719.2</ele>
    <time>2026-06-13T09:14:21Z</time>
   </trkpt>
   <trkpt lat="47.6423940" lon="13.7748140">
    <ele>719.4</ele>
    <time>2026-06-13T09:14:22Z</time>
   </trkpt>
   <trkpt lat="47.6423900" lon="13.7747960">
    <ele>719.5</ele>
    <time>2026-06-13T09:14:23Z</time>
   </trkpt>
   <trkpt lat="47.6424160" lon="13.7747990">
    <ele>719.7</ele>
    <time>2026-06-13T09:14:24Z</time>
   </trkpt>
   <trkpt lat="47.6424180" lon="13.7747650">
    <ele>719.8</ele>
    <time>2026-06-13T09:14:25Z</time>
   </trkpt>
   <trkpt lat="47.6424080" lon="13.7747100">
    <ele>720.0</ele>
    <time>2026-06-13T09:14:26Z</time>
   </trkpt>
   <trkpt lat="47.6423970" lon="13.7746930">
    <ele>720.1</ele>
    <time>2026-06-13T09:14:27Z</time>
   </trkpt>
   <trkpt lat="47.6424000" lon="13.7746600">
    <ele>720.2</ele>
    <time>2026-06-13T09:14:28Z</time>
   </trkpt>
   <trkpt lat="47.6424050" lon="13.7746410">
    <ele>720.3</ele>
    <time>2026-06-13T09:14:29Z</time>
   </trkpt>
   <trkpt lat="47.6424090" lon="13.7746000">
    <ele>720.4</ele>
    <time>2026-06-13T09:14:30Z</time>
   </trkpt>
   <trkpt lat="47.6424100" lon="13.7745550">
    <ele>720.6</ele>
    <time>2026-06-13T09:14:31Z</time>
   </trkpt>
   <trkpt lat="47.6424110" lon="13.7745450">
    <ele>720.6</ele>
    <time>2026-06-13T09:14:32Z</time>
   </trkpt>
   <trkpt lat="47.6424110" lon="13.7745180">
    <ele>720.7</ele>
    <time>2026-06-13T09:14:33Z</time>
   </trkpt>
   <trkpt lat="47.6424170" lon="13.7744940">
    <ele>720.8</ele>
    <time>2026-06-13T09:14:34Z</time>
   </trkpt>
   <trkpt lat="47.6424040" lon="13.7744490">
    <ele>720.9</ele>
    <time>2026-06-13T09:14:35Z</time>
   </trkpt>
   <trkpt lat="47.6424010" lon="13.7744270">
    <ele>720.9</ele>
    <time>2026-06-13T09:14:36Z</time>
   </trkpt>
   <trkpt lat="47.6423890" lon="13.7743910">
    <ele>721.0</ele>
    <time>2026-06-13T09:14:37Z</time>
   </trkpt>
   <trkpt lat="47.6423970" lon="13.7743630">
    <ele>721.0</ele>
    <time>2026-06-13T09:14:38Z</time>
   </trkpt>
   <trkpt lat="47.6423980" lon="13.7743420">
    <ele>721.0</ele>
    <time>2026-06-13T09:14:39Z</time>
   </trkpt>
   <trkpt lat="47.6423740" lon="13.7743140">
    <ele>721.1</ele>
    <time>2026-06-13T09:14:41Z</time>
   </trkpt>
   <trkpt lat="47.6423640" lon="13.7742970">
    <ele>721.1</ele>
    <time>2026-06-13T09:14:42Z</time>
   </trkpt>
   <trkpt lat="47.6423620" lon="13.7742380">
    <ele>721.2</ele>
    <time>2026-06-13T09:14:43Z</time>
   </trkpt>
   <trkpt lat="47.6423610" lon="13.7742170">
    <ele>721.2</ele>
    <time>2026-06-13T09:14:44Z</time>
   </trkpt>
   <trkpt lat="47.6423780" lon="13.7741830">
    <ele>721.2</ele>
    <time>2026-06-13T09:14:45Z</time>
   </trkpt>
   <trkpt lat="47.6423490" lon="13.7741680">
    <ele>721.2</ele>
    <time>2026-06-13T09:14:46Z</time>
   </trkpt>
   <trkpt lat="47.6423440" lon="13.7741450">
    <ele>721.2</ele>
    <time>2026-06-13T09:14:47Z</time>
   </trkpt>
   <trkpt lat="47.6423450" lon="13.7741180">
    <ele>721.2</ele>
    <time>2026-06-13T09:14:48Z</time>
   </trkpt>
   <trkpt lat="47.6423390" lon="13.7740660">
    <ele>721.3</ele>
    <time>2026-06-13T09:14:49Z</time>
   </trkpt>
   <trkpt lat="47.6423340" lon="13.7740470">
    <ele>721.3</ele>
    <time>2026-06-13T09:14:50Z</time>
   </trkpt>
   <trkpt lat="47.6423220" lon="13.7739940">
    <ele>721.3</ele>
    <time>2026-06-13T09:14:51Z</time>
   </trkpt>
   <trkpt lat="47.6423180" lon="13.7739770">
    <ele>721.3</ele>
    <time>2026-06-13T09:14:52Z</time>
   </trkpt>
   <trkpt lat="47.6423000" lon="13.7739450">
    <ele>721.3</ele>
    <time>2026-06-13T09:14:53Z</time>
   </trkpt>
   <trkpt lat="47.6422910" lon="13.7739020">
    <ele>721.3</ele>
    <time>2026-06-13T09:14:54Z</time>
   </trkpt>
   <trkpt lat="47.6422820" lon="13.7738880">
    <ele>721.3</ele>
    <time>2026-06-13T09:14:55Z</time>
   </trkpt>
   <trkpt lat="47.6422760" lon="13.7738460">
    <ele>721.3</ele>
    <time>2026-06-13T09:14:56Z</time>
   </trkpt>
   <trkpt lat="47.6422580" lon="13.7738060">
    <ele>721.3</ele>
    <time>2026-06-13T09:14:57Z</time>
   </trkpt>
   <trkpt lat="47.6422510" lon="13.7737910">
    <ele>721.3</ele>
    <time>2026-06-13T09:14:58Z</time>
   </trkpt>
   <trkpt lat="47.6422250" lon="13.7737240">
    <ele>721.3</ele>
    <time>2026-06-13T09:14:59Z</time>
   </trkpt>
   <trkpt lat="47.6422130" lon="13.7736780">
    <ele>721.3</ele>
    <time>2026-06-13T09:15:00Z</time>
   </trkpt>
   <trkpt lat="47.6422070" lon="13.7736670">
    <ele>721.3</ele>
    <time>2026-06-13T09:15:01Z</time>
   </trkpt>
   <trkpt lat="47.6421950" lon="13.7736240">
    <ele>721.3</ele>
    <time>2026-06-13T09:15:02Z</time>
   </trkpt>
   <trkpt lat="47.6421900" lon="13.7736100">
    <ele>721.4</ele>
    <time>2026-06-13T09:15:03Z</time>
   </trkpt>
   <trkpt lat="47.6421760" lon="13.7735610">
    <ele>721.4</ele>
    <time>2026-06-13T09:15:04Z</time>
   </trkpt>
   <trkpt lat="47.6421680" lon="13.7735440">
    <ele>721.4</ele>
    <time>2026-06-13T09:15:05Z</time>
   </trkpt>
   <trkpt lat="47.6421540" lon="13.7735000">
    <ele>721.5</ele>
    <time>2026-06-13T09:15:06Z</time>
   </trkpt>
   <trkpt lat="47.6421490" lon="13.7734850">
    <ele>721.5</ele>
    <time>2026-06-13T09:15:07Z</time>
   </trkpt>
   <trkpt lat="47.6421300" lon="13.7734550">
    <ele>721.6</ele>
    <time>2026-06-13T09:15:08Z</time>
   </trkpt>
   <trkpt lat="47.6421170" lon="13.7734130">
    <ele>721.6</ele>
    <time>2026-06-13T09:15:09Z</time>
   </trkpt>
   <trkpt lat="47.6421140" lon="13.7733950">
    <ele>721.7</ele>
    <time>2026-06-13T09:15:10Z</time>
   </trkpt>
   <trkpt lat="47.6421060" lon="13.7733570">
    <ele>721.7</ele>
    <time>2026-06-13T09:15:11Z</time>
   </trkpt>
   <trkpt lat="47.6420870" lon="13.7733220">
    <ele>721.8</ele>
    <time>2026-06-13T09:15:12Z</time>
   </trkpt>
   <trkpt lat="47.6420820" lon="13.7733060">
    <ele>721.8</ele>
    <time>2026-06-13T09:15:13Z</time>
   </trkpt>
   <trkpt lat="47.6420710" lon="13.7732580">
    <ele>721.9</ele>
    <time>2026-06-13T09:15:14Z</time>
   </trkpt>
   <trkpt lat="47.6420650" lon="13.7732420">
    <ele>721.9</ele>
    <time>2026-06-13T09:15:15Z</time>
   </trkpt>
   <trkpt lat="47.6420540" lon="13.7731930">
    <ele>722.0</ele>
    <time>2026-06-13T09:15:16Z</time>
   </trkpt>
   <trkpt lat="47.6420500" lon="13.7731750">
    <ele>722.0</ele>
    <time>2026-06-13T09:15:17Z</time>
   </trkpt>
   <trkpt lat="47.6420430" lon="13.7731300">
    <ele>722.1</ele>
    <time>2026-06-13T09:15:18Z</time>
   </trkpt>
   <trkpt lat="47.6420400" lon="13.7731160">
    <ele>722.1</ele>
    <time>2026-06-13T09:15:19Z</time>
   </trkpt>
   <trkpt lat="47.6420310" lon="13.7730680">
    <ele>722.2</ele>
    <time>2026-06-13T09:15:20Z</time>
   </trkpt>
   <trkpt lat="47.6420270" lon="13.7730540">
    <ele>722.2</ele>
    <time>2026-06-13T09:15:21Z</time>
   </trkpt>
   <trkpt lat="47.6420230" lon="13.7730140">
    <ele>722.3</ele>
    <time>2026-06-13T09:15:22Z</time>
   </trkpt>
   <trkpt lat="47.6420170" lon="13.7729690">
    <ele>722.4</ele>
    <time>2026-06-13T09:15:23Z</time>
   </trkpt>
   <trkpt lat="47.6420190" lon="13.7729530">
    <ele>722.4</ele>
    <time>2026-06-13T09:15:24Z</time>
   </trkpt>
   <trkpt lat="47.6420110" lon="13.7729090">
    <ele>722.5</ele>
    <time>2026-06-13T09:15:25Z</time>
   </trkpt>
   <trkpt lat="47.6420070" lon="13.7729010">
    <ele>722.5</ele>
    <time>2026-06-13T09:15:26Z</time>
   </trkpt>
   <trkpt lat="47.6420020" lon="13.7728630">
    <ele>722.6</ele>
    <time>2026-06-13T09:15:27Z</time>
   </trkpt>
   <trkpt lat="47.6420110" lon="13.7728430">
    <ele>722.6</ele>
    <time>2026-06-13T09:15:28Z</time>
   </trkpt>
   <trkpt lat="47.6420120" lon="13.7727910">
    <ele>722.7</ele>
    <time>2026-06-13T09:15:29Z</time>
   </trkpt>
   <trkpt lat="47.6420090" lon="13.7727740">
    <ele>722.8</ele>
    <time>2026-06-13T09:15:30Z</time>
   </trkpt>
   <trkpt lat="47.6420130" lon="13.7727190">
    <ele>722.9</ele>
    <time>2026-06-13T09:15:31Z</time>
   </trkpt>
   <trkpt lat="47.6420180" lon="13.7727040">
    <ele>722.9</ele>
    <time>2026-06-13T09:15:32Z</time>
   </trkpt>
   <trkpt lat="47.6420300" lon="13.7726660">
    <ele>723.0</ele>
    <time>2026-06-13T09:15:33Z</time>
   </trkpt>
   <trkpt lat="47.6420290" lon="13.7726110">
    <ele>723.1</ele>
    <time>2026-06-13T09:15:34Z</time>
   </trkpt>
   <trkpt lat="47.6420290" lon="13.7725900">
    <ele>723.1</ele>
    <time>2026-06-13T09:15:35Z</time>
   </trkpt>
   <trkpt lat="47.6420390" lon="13.7725380">
    <ele>723.2</ele>
    <time>2026-06-13T09:15:36Z</time>
   </trkpt>
   <trkpt lat="47.6420360" lon="13.7725190">
    <ele>723.2</ele>
    <time>2026-06-13T09:15:37Z</time>
   </trkpt>
   <trkpt lat="47.6420430" lon="13.7724740">
    <ele>723.3</ele>
    <time>2026-06-13T09:15:38Z</time>
   </trkpt>
   <trkpt lat="47.6420470" lon="13.7724520">
    <ele>723.3</ele>
    <time>2026-06-13T09:15:39Z</time>
   </trkpt>
   <trkpt lat="47.6420500" lon="13.7724300">
    <ele>723.4</ele>
    <time>2026-06-13T09:15:40Z</time>
   </trkpt>
   <trkpt lat="47.6420480" lon="13.7724040">
    <ele>723.4</ele>
    <time>2026-06-13T09:15:41Z</time>
   </trkpt>
   <trkpt lat="47.6420420" lon="13.7723530">
    <ele>723.5</ele>
    <time>2026-06-13T09:15:42Z</time>
   </trkpt>
   <trkpt lat="47.6420310" lon="13.7723110">
    <ele>723.5</ele>
    <time>2026-06-13T09:15:43Z</time>
   </trkpt>
   <trkpt lat="47.6420310" lon="13.7722970">
    <ele>723.5</ele>
    <time>2026-06-13T09:15:44Z</time>
   </trkpt>
   <trkpt lat="47.6420230" lon="13.7722510">
    <ele>723.6</ele>
    <time>2026-06-13T09:15:45Z</time>
   </trkpt>
   <trkpt lat="47.6420200" lon="13.7722360">
    <ele>723.6</ele>
    <time>2026-06-13T09:15:46Z</time>
   </trkpt>
   <trkpt lat="47.6420090" lon="13.7721890">
    <ele>723.6</ele>
    <time>2026-06-13T09:15:47Z</time>
   </trkpt>
   <trkpt lat="47.6420090" lon="13.7721710">
    <ele>723.6</ele>
    <time>2026-06-13T09:15:48Z</time>
   </trkpt>
   <trkpt lat="47.6420020" lon="13.7721250">
    <ele>723.6</ele>
    <time>2026-06-13T09:15:49Z</time>
   </trkpt>
   <trkpt lat="47.6420000" lon="13.7721100">
    <ele>723.6</ele>
    <time>2026-06-13T09:15:50Z</time>
   </trkpt>
   <trkpt lat="47.6420000" lon="13.7720940">
    <ele>723.6</ele>
    <time>2026-06-13T09:15:51Z</time>
   </trkpt>
   <trkpt lat="47.6419990" lon="13.7720630">
    <ele>723.6</ele>
    <time>2026-06-13T09:15:52Z</time>
   </trkpt>
   <trkpt lat="47.6419850" lon="13.7720150">
    <ele>723.6</ele>
    <time>2026-06-13T09:15:53Z</time>
   </trkpt>
   <trkpt lat="47.6419720" lon="13.7719960">
    <ele>723.6</ele>
    <time>2026-06-13T09:15:54Z</time>
   </trkpt>
   <trkpt lat="47.6419780" lon="13.7719850">
    <ele>723.6</ele>
    <time>2026-06-13T09:15:55Z</time>
   </trkpt>
   <trkpt lat="47.6419770" lon="13.7719540">
    <ele>723.6</ele>
    <time>2026-06-13T09:15:56Z</time>
   </trkpt>
   <trkpt lat="47.6419660" lon="13.7719110">
    <ele>723.6</ele>
    <time>2026-06-13T09:15:57Z</time>
   </trkpt>
   <trkpt lat="47.6419560" lon="13.7718550">
    <ele>723.5</ele>
    <time>2026-06-13T09:15:58Z</time>
   </trkpt>
   <trkpt lat="47.6419510" lon="13.7718390">
    <ele>723.5</ele>
    <time>2026-06-13T09:15:59Z</time>
   </trkpt>
   <trkpt lat="47.6419340" lon="13.7717910">
    <ele>723.5</ele>
    <time>2026-06-13T09:16:00Z</time>
   </trkpt>
   <trkpt lat="47.6419340" lon="13.7717700">
    <ele>723.5</ele>
    <time>2026-06-13T09:16:01Z</time>
   </trkpt>
   <trkpt lat="47.6419230" lon="13.7717320">
    <ele>723.4</ele>
    <time>2026-06-13T09:16:02Z</time>
   </trkpt>
   <trkpt lat="47.6419000" lon="13.7716950">
    <ele>723.4</ele>
    <time>2026-06-13T09:16:03Z</time>
   </trkpt>
   <trkpt lat="47.6418860" lon="13.7716870">
    <ele>723.4</ele>
    <time>2026-06-13T09:16:04Z</time>
   </trkpt>
   <trkpt lat="47.6418760" lon="13.7716460">
    <ele>723.3</ele>
    <time>2026-06-13T09:16:05Z</time>
   </trkpt>
   <trkpt lat="47.6418730" lon="13.7716340">
    <ele>723.3</ele>
    <time>2026-06-13T09:16:06Z</time>
   </trkpt>
   <trkpt lat="47.6418630" lon="13.7715910">
    <ele>723.3</ele>
    <time>2026-06-13T09:16:07Z</time>
   </trkpt>
   <trkpt lat="47.6418580" lon="13.7715750">
    <ele>723.2</ele>
    <time>2026-06-13T09:16:08Z</time>
   </trkpt>
   <trkpt lat="47.6418440" lon="13.7715370">
    <ele>723.2</ele>
    <time>2026-06-13T09:16:09Z</time>
   </trkpt>
   <trkpt lat="47.6418380" lon="13.7715180">
    <ele>723.1</ele>
    <time>2026-06-13T09:16:10Z</time>
   </trkpt>
   <trkpt lat="47.6418340" lon="13.7714710">
    <ele>723.1</ele>
    <time>2026-06-13T09:16:11Z</time>
   </trkpt>
   <trkpt lat="47.6418260" lon="13.7714570">
    <ele>723.0</ele>
    <time>2026-06-13T09:16:12Z</time>
   </trkpt>
   <trkpt lat="47.6418080" lon="13.7714230">
    <ele>722.9</ele>
    <time>2026-06-13T09:16:13Z</time>
   </trkpt>
   <trkpt lat="47.6417750" lon="13.7713910">
    <ele>722.8</ele>
    <time>2026-06-13T09:16:14Z</time>
   </trkpt>
   <trkpt lat="47.6417600" lon="13.7713490">
    <ele>722.7</ele>
    <time>2026-06-13T09:16:15Z</time>
   </trkpt>
   <trkpt lat="47.6417500" lon="13.7713070">
    <ele>722.5</ele>
    <time>2026-06-13T09:16:16Z</time>
   </trkpt>
   <trkpt lat="47.6417530" lon="13.7712890">
    <ele>722.5</ele>
    <time>2026-06-13T09:16:17Z</time>
   </trkpt>
   <trkpt lat="47.6417770" lon="13.7712160">
    <ele>722.2</ele>
    <time>2026-06-13T09:16:18Z</time>
   </trkpt>
   <trkpt lat="47.6417620" lon="13.7711710">
    <ele>722.1</ele>
    <time>2026-06-13T09:16:19Z</time>
   </trkpt>
   <trkpt lat="47.6417530" lon="13.7711550">
    <ele>722.0</ele>
    <time>2026-06-13T09:16:20Z</time>
   </trkpt>
   <trkpt lat="47.6417410" lon="13.7711560">
    <ele>722.0</ele>
    <time>2026-06-13T09:16:21Z</time>
   </trkpt>
   <trkpt lat="47.6417230" lon="13.7711520">
    <ele>721.9</ele>
    <time>2026-06-13T09:16:22Z</time>
   </trkpt>
   <trkpt lat="47.6416940" lon="13.7711360">
    <ele>721.8</ele>
    <time>2026-06-13T09:16:23Z</time>
   </trkpt>
   <trkpt lat="47.6416520" lon="13.7711390">
    <ele>721.7</ele>
    <time>2026-06-13T09:16:24Z</time>
   </trkpt>
   <trkpt lat="47.6416140" lon="13.7711330">
    <ele>721.6</ele>
    <time>2026-06-13T09:16:25Z</time>
   </trkpt>
   <trkpt lat="47.6415670" lon="13.7710980">
    <ele>721.5</ele>
    <time>2026-06-13T09:16:26Z</time>
   </trkpt>
   <trkpt lat="47.6415450" lon="13.7710720">
    <ele>721.4</ele>
    <time>2026-06-13T09:16:27Z</time>
   </trkpt>
   <trkpt lat="47.6415070" lon="13.7711180">
    <ele>721.3</ele>
    <time>2026-06-13T09:16:28Z</time>
   </trkpt>
   <trkpt lat="47.6414740" lon="13.7711570">
    <ele>721.1</ele>
    <time>2026-06-13T09:16:29Z</time>
   </trkpt>
   <trkpt lat="47.6414500" lon="13.7711620">
    <ele>721.0</ele>
    <time>2026-06-13T09:16:30Z</time>
   </trkpt>
   <trkpt lat="47.6414360" lon="13.7711630">
    <ele>720.9</ele>
    <time>2026-06-13T09:16:31Z</time>
   </trkpt>
   <trkpt lat="47.6414160" lon="13.7711610">
    <ele>720.8</ele>
    <time>2026-06-13T09:16:32Z</time>
   </trkpt>
   <trkpt lat="47.6414030" lon="13.7711560">
    <ele>720.7</ele>
    <time>2026-06-13T09:16:33Z</time>
   </trkpt>
   <trkpt lat="47.6414110" lon="13.7711800">
    <ele>720.6</ele>
    <time>2026-06-13T09:16:34Z</time>
   </trkpt>
   <trkpt lat="47.6413870" lon="13.7711740">
    <ele>720.4</ele>
    <time>2026-06-13T09:16:35Z</time>
   </trkpt>
   <trkpt lat="47.6413760" lon="13.7711790">
    <ele>720.3</ele>
    <time>2026-06-13T09:16:36Z</time>
   </trkpt>
   <trkpt lat="47.6413590" lon="13.7711440">
    <ele>719.9</ele>
    <time>2026-06-13T09:16:37Z</time>
   </trkpt>
   <trkpt lat="47.6413560" lon="13.7711220">
    <ele>719.8</ele>
    <time>2026-06-13T09:16:38Z</time>
   </trkpt>
   <trkpt lat="47.6413240" lon="13.7711120">
    <ele>719.4</ele>
    <time>2026-06-13T09:16:39Z</time>
   </trkpt>
   <trkpt lat="47.6413110" lon="13.7711090">
    <ele>719.3</ele>
    <time>2026-06-13T09:16:40Z</time>
   </trkpt>
   <trkpt lat="47.6412900" lon="13.7710960">
    <ele>719.0</ele>
    <time>2026-06-13T09:16:41Z</time>
   </trkpt>
   <trkpt lat="47.6412780" lon="13.7710850">
    <ele>718.9</ele>
    <time>2026-06-13T09:16:42Z</time>
   </trkpt>
   <trkpt lat="47.6412570" lon="13.7710830">
    <ele>718.7</ele>
    <time>2026-06-13T09:16:43Z</time>
   </trkpt>
   <trkpt lat="47.6412520" lon="13.7710680">
    <ele>718.6</ele>
    <time>2026-06-13T09:16:44Z</time>
   </trkpt>
   <trkpt lat="47.6412500" lon="13.7710720">
    <ele>718.7</ele>
    <time>2026-06-13T09:16:45Z</time>
   </trkpt>
   <trkpt lat="47.6412560" lon="13.7710790">
    <ele>718.7</ele>
    <time>2026-06-13T09:16:47Z</time>
   </trkpt>
   <trkpt lat="47.6412560" lon="13.7710760">
    <ele>718.7</ele>
    <time>2026-06-13T09:16:48Z</time>
   </trkpt>
   <trkpt lat="47.6412590" lon="13.7710630">
    <ele>718.7</ele>
    <time>2026-06-13T09:16:49Z</time>
   </trkpt>
   <trkpt lat="47.6412620" lon="13.7710690">
    <ele>718.7</ele>
    <time>2026-06-13T09:16:50Z</time>
   </trkpt>
   <trkpt lat="47.6412610" lon="13.7710650">
    <ele>718.7</ele>
    <time>2026-06-13T09:16:51Z</time>
   </trkpt>
   <trkpt lat="47.6412670" lon="13.7710760">
    <ele>718.8</ele>
    <time>2026-06-13T09:16:52Z</time>
   </trkpt>
   <trkpt lat="47.6412610" lon="13.7710630">
    <ele>718.8</ele>
    <time>2026-06-13T09:16:53Z</time>
   </trkpt>
   <trkpt lat="47.6412660" lon="13.7710570">
    <ele>718.8</ele>
    <time>2026-06-13T09:16:54Z</time>
   </trkpt>
   <trkpt lat="47.6412660" lon="13.7710370">
    <ele>718.9</ele>
    <time>2026-06-13T09:16:55Z</time>
   </trkpt>
   <trkpt lat="47.6412600" lon="13.7710130">
    <ele>718.9</ele>
    <time>2026-06-13T09:16:56Z</time>
   </trkpt>
   <trkpt lat="47.6412550" lon="13.7710010">
    <ele>719.0</ele>
    <time>2026-06-13T09:16:57Z</time>
   </trkpt>
   <trkpt lat="47.6412520" lon="13.7709870">
    <ele>719.0</ele>
    <time>2026-06-13T09:16:58Z</time>
   </trkpt>
   <trkpt lat="47.6412480" lon="13.7709770">
    <ele>719.0</ele>
    <time>2026-06-13T09:16:59Z</time>
   </trkpt>
   <trkpt lat="47.6412410" lon="13.7709710">
    <ele>719.1</ele>
    <time>2026-06-13T09:17:00Z</time>
   </trkpt>
   <trkpt lat="47.6412380" lon="13.7709650">
    <ele>719.1</ele>
    <time>2026-06-13T09:17:01Z</time>
   </trkpt>
   <trkpt lat="47.6412330" lon="13.7709460">
    <ele>719.2</ele>
    <time>2026-06-13T09:17:02Z</time>
   </trkpt>
   <trkpt lat="47.6412400" lon="13.7709320">
    <ele>719.2</ele>
    <time>2026-06-13T09:17:03Z</time>
   </trkpt>
   <trkpt lat="47.6412450" lon="13.7709100">
    <ele>719.2</ele>
    <time>2026-06-13T09:17:04Z</time>
   </trkpt>
   <trkpt lat="47.6412470" lon="13.7708680">
    <ele>719.3</ele>
    <time>2026-06-13T09:17:05Z</time>
   </trkpt>
   <trkpt lat="47.6412500" lon="13.7708550">
    <ele>719.4</ele>
    <time>2026-06-13T09:17:06Z</time>
   </trkpt>
   <trkpt lat="47.6412580" lon="13.7708280">
    <ele>719.4</ele>
    <time>2026-06-13T09:17:07Z</time>
   </trkpt>
   <trkpt lat="47.6412630" lon="13.7708140">
    <ele>719.4</ele>
    <time>2026-06-13T09:17:08Z</time>
   </trkpt>
   <trkpt lat="47.6412690" lon="13.7707990">
    <ele>719.5</ele>
    <time>2026-06-13T09:17:09Z</time>
   </trkpt>
   <trkpt lat="47.6412690" lon="13.7707980">
    <ele>719.5</ele>
    <time>2026-06-13T09:17:10Z</time>
   </trkpt>
   <trkpt lat="47.6412690" lon="13.7707770">
    <ele>719.5</ele>
    <time>2026-06-13T09:17:11Z</time>
   </trkpt>
   <trkpt lat="47.6412720" lon="13.7707560">
    <ele>719.5</ele>
    <time>2026-06-13T09:17:12Z</time>
   </trkpt>
   <trkpt lat="47.6412700" lon="13.7707440">
    <ele>719.5</ele>
    <time>2026-06-13T09:17:13Z</time>
   </trkpt>
   <trkpt lat="47.6412670" lon="13.7707220">
    <ele>719.6</ele>
    <time>2026-06-13T09:17:14Z</time>
   </trkpt>
   <trkpt lat="47.6412700" lon="13.7707040">
    <ele>719.6</ele>
    <time>2026-06-13T09:17:15Z</time>
   </trkpt>
   <trkpt lat="47.6412730" lon="13.7706890">
    <ele>719.6</ele>
    <time>2026-06-13T09:17:16Z</time>
   </trkpt>
   <trkpt lat="47.6412730" lon="13.7706730">
    <ele>719.6</ele>
    <time>2026-06-13T09:17:17Z</time>
   </trkpt>
   <trkpt lat="47.6412750" lon="13.7706540">
    <ele>719.6</ele>
    <time>2026-06-13T09:17:18Z</time>
   </trkpt>
   <trkpt lat="47.6412780" lon="13.7706360">
    <ele>719.6</ele>
    <time>2026-06-13T09:17:19Z</time>
   </trkpt>
   <trkpt lat="47.6412750" lon="13.7706090">
    <ele>719.7</ele>
    <time>2026-06-13T09:17:20Z</time>
   </trkpt>
   <trkpt lat="47.6412820" lon="13.7705980">
    <ele>719.7</ele>
    <time>2026-06-13T09:17:21Z</time>
   </trkpt>
   <trkpt lat="47.6412860" lon="13.7705890">
    <ele>719.7</ele>
    <time>2026-06-13T09:17:22Z</time>
   </trkpt>
   <trkpt lat="47.6412940" lon="13.7705730">
    <ele>719.7</ele>
    <time>2026-06-13T09:17:23Z</time>
   </trkpt>
   <trkpt lat="47.6413000" lon="13.7705580">
    <ele>719.7</ele>
    <time>2026-06-13T09:17:24Z</time>
   </trkpt>
   <trkpt lat="47.6412990" lon="13.7705230">
    <ele>719.8</ele>
    <time>2026-06-13T09:17:25Z</time>
   </trkpt>
   <trkpt lat="47.6413010" lon="13.7705070">
    <ele>719.8</ele>
    <time>2026-06-13T09:17:26Z</time>
   </trkpt>
   <trkpt lat="47.6413070" lon="13.7704880">
    <ele>719.8</ele>
    <time>2026-06-13T09:17:27Z</time>
   </trkpt>
   <trkpt lat="47.6413130" lon="13.7704760">
    <ele>719.8</ele>
    <time>2026-06-13T09:17:28Z</time>
   </trkpt>
   <trkpt lat="47.6413230" lon="13.7704740">
    <ele>719.9</ele>
    <time>2026-06-13T09:17:29Z</time>
   </trkpt>
   <trkpt lat="47.6413280" lon="13.7704560">
    <ele>719.9</ele>
    <time>2026-06-13T09:17:30Z</time>
   </trkpt>
   <trkpt lat="47.6413370" lon="13.7704590">
    <ele>720.0</ele>
    <time>2026-06-13T09:17:31Z</time>
   </trkpt>
   <trkpt lat="47.6413390" lon="13.7704540">
    <ele>720.0</ele>
    <time>2026-06-13T09:17:32Z</time>
   </trkpt>
   <trkpt lat="47.6413390" lon="13.7704530">
    <ele>720.0</ele>
    <time>2026-06-13T09:17:33Z</time>
   </trkpt>
   <trkpt lat="47.6413460" lon="13.7704460">
    <ele>720.0</ele>
    <time>2026-06-13T09:17:34Z</time>
   </trkpt>
   <trkpt lat="47.6413530" lon="13.7704430">
    <ele>720.1</ele>
    <time>2026-06-13T09:17:35Z</time>
   </trkpt>
   <trkpt lat="47.6413600" lon="13.7704350">
    <ele>720.1</ele>
    <time>2026-06-13T09:17:36Z</time>
   </trkpt>
   <trkpt lat="47.6413650" lon="13.7704300">
    <ele>720.1</ele>
    <time>2026-06-13T09:17:37Z</time>
   </trkpt>
   <trkpt lat="47.6413680" lon="13.7704220">
    <ele>720.1</ele>
    <time>2026-06-13T09:17:38Z</time>
   </trkpt>
   <trkpt lat="47.6413650" lon="13.7704210">
    <ele>720.2</ele>
    <time>2026-06-13T09:17:39Z</time>
   </trkpt>
   <trkpt lat="47.6413630" lon="13.7704190">
    <ele>720.2</ele>
    <time>2026-06-13T09:17:41Z</time>
   </trkpt>
   <trkpt lat="47.6413610" lon="13.7704170">
    <ele>720.2</ele>
    <time>2026-06-13T09:17:47Z</time>
   </trkpt>
   <trkpt lat="47.6413580" lon="13.7704160">
    <ele>720.2</ele>
    <time>2026-06-13T09:17:48Z</time>
   </trkpt>
   <trkpt lat="47.6413560" lon="13.7704140">
    <ele>720.2</ele>
    <time>2026-06-13T09:17:49Z</time>
   </trkpt>
   <trkpt lat="47.6411700" lon="13.7708370">
    <ele>719.3</ele>
    <time>2026-06-13T09:17:50Z</time>
   </trkpt>
   <trkpt lat="47.6411110" lon="13.7709500">
    <ele>719.3</ele>
    <time>2026-06-13T09:17:51Z</time>
   </trkpt>
   <trkpt lat="47.6412110" lon="13.7708610">
    <ele>719.3</ele>
    <time>2026-06-13T09:17:52Z</time>
   </trkpt>
   <trkpt lat="47.6412550" lon="13.7708230">
    <ele>719.4</ele>
    <time>2026-06-13T09:17:53Z</time>
   </trkpt>
   <trkpt lat="47.6412800" lon="13.7707840">
    <ele>719.5</ele>
    <time>2026-06-13T09:17:54Z</time>
   </trkpt>
   <trkpt lat="47.6413050" lon="13.7707450">
    <ele>719.6</ele>
    <time>2026-06-13T09:17:55Z</time>
   </trkpt>
   <trkpt lat="47.6413300" lon="13.7707060">
    <ele>719.6</ele>
    <time>2026-06-13T09:17:56Z</time>
   </trkpt>
   <trkpt lat="47.6413550" lon="13.7706670">
    <ele>719.7</ele>
    <time>2026-06-13T09:17:57Z</time>
   </trkpt>
   <trkpt lat="47.6413800" lon="13.7706290">
    <ele>719.8</ele>
    <time>2026-06-13T09:17:58Z</time>
   </trkpt>
   <trkpt lat="47.6414050" lon="13.7705900">
    <ele>719.9</ele>
    <time>2026-06-13T09:17:59Z</time>
   </trkpt>
   <trkpt lat="47.6414300" lon="13.7705510">
    <ele>720.0</ele>
    <time>2026-06-13T09:18:00Z</time>
   </trkpt>
   <trkpt lat="47.6414550" lon="13.7705120">
    <ele>720.1</ele>
    <time>2026-06-13T09:18:01Z</time>
   </trkpt>
   <trkpt lat="47.6414800" lon="13.7704730">
    <ele>720.2</ele>
    <time>2026-06-13T09:18:02Z</time>
   </trkpt>
   <trkpt lat="47.6415050" lon="13.7704340">
    <ele>720.3</ele>
    <time>2026-06-13T09:19:01Z</time>
   </trkpt>
   <trkpt lat="47.6415300" lon="13.7703950">
    <ele>720.3</ele>
    <time>2026-06-13T09:19:02Z</time>
   </trkpt>
   <trkpt lat="47.6414970" lon="13.7703690">
    <ele>720.5</ele>
    <time>2026-06-13T09:19:03Z</time>
   </trkpt>
   <trkpt lat="47.6414790" lon="13.7703720">
    <ele>720.5</ele>
    <time>2026-06-13T09:19:04Z</time>
   </trkpt>
   <trkpt lat="47.6414270" lon="13.7703580">
    <ele>720.7</ele>
    <time>2026-06-13T09:19:05Z</time>
   </trkpt>
   <trkpt lat="47.6414430" lon="13.7703420">
    <ele>720.7</ele>
    <time>2026-06-13T09:19:06Z</time>
   </trkpt>
   <trkpt lat="47.6414440" lon="13.7703440">
    <ele>720.7</ele>
    <time>2026-06-13T09:19:07Z</time>
   </trkpt>
   <trkpt lat="47.6414190" lon="13.7703350">
    <ele>720.5</ele>
    <time>2026-06-13T09:19:08Z</time>
   </trkpt>
   <trkpt lat="47.6413980" lon="13.7703530">
    <ele>720.4</ele>
    <time>2026-06-13T09:19:09Z</time>
   </trkpt>
   <trkpt lat="47.6413670" lon="13.7703450">
    <ele>720.3</ele>
    <time>2026-06-13T09:19:10Z</time>
   </trkpt>
   <trkpt lat="47.6413550" lon="13.7703550">
    <ele>720.2</ele>
    <time>2026-06-13T09:19:11Z</time>
   </trkpt>
   <trkpt lat="47.6413270" lon="13.7703860">
    <ele>720.0</ele>
    <time>2026-06-13T09:19:12Z</time>
   </trkpt>
   <trkpt lat="47.6413180" lon="13.7703990">
    <ele>720.0</ele>
    <time>2026-06-13T09:19:13Z</time>
   </trkpt>
   <trkpt lat="47.6412990" lon="13.7704010">
    <ele>719.9</ele>
    <time>2026-06-13T09:19:14Z</time>
   </trkpt>
   <trkpt lat="47.6412960" lon="13.7704190">
    <ele>719.9</ele>
    <time>2026-06-13T09:19:15Z</time>
   </trkpt>
   <trkpt lat="47.6412870" lon="13.7704240">
    <ele>719.8</ele>
    <time>2026-06-13T09:19:16Z</time>
   </trkpt>
   <trkpt lat="47.6412750" lon="13.7704260">
    <ele>719.8</ele>
    <time>2026-06-13T09:19:17Z</time>
   </trkpt>
   <trkpt lat="47.6412730" lon="13.7704490">
    <ele>719.8</ele>
    <time>2026-06-13T09:19:18Z</time>
   </trkpt>
   <trkpt lat="47.6412660" lon="13.7704630">
    <ele>719.7</ele>
    <time>2026-06-13T09:19:19Z</time>
   </trkpt>
   <trkpt lat="47.6412600" lon="13.7704920">
    <ele>719.7</ele>
    <time>2026-06-13T09:19:20Z</time>
   </trkpt>
   <trkpt lat="47.6412560" lon="13.7705050">
    <ele>719.7</ele>
    <time>2026-06-13T09:19:21Z</time>
   </trkpt>
   <trkpt lat="47.6412530" lon="13.7705170">
    <ele>719.7</ele>
    <time>2026-06-13T09:19:22Z</time>
   </trkpt>
   <trkpt lat="47.6412510" lon="13.7705390">
    <ele>719.7</ele>
    <time>2026-06-13T09:19:23Z</time>
   </trkpt>
   <trkpt lat="47.6412550" lon="13.7705590">
    <ele>719.7</ele>
    <time>2026-06-13T09:19:24Z</time>
   </trkpt>
   <trkpt lat="47.6412520" lon="13.7705810">
    <ele>719.6</ele>
    <time>2026-06-13T09:19:25Z</time>
   </trkpt>
   <trkpt lat="47.6412540" lon="13.7706020">
    <ele>719.6</ele>
    <time>2026-06-13T09:19:26Z</time>
   </trkpt>
   <trkpt lat="47.6412550" lon="13.7706100">
    <ele>719.6</ele>
    <time>2026-06-13T09:19:27Z</time>
   </trkpt>
   <trkpt lat="47.6412530" lon="13.7706330">
    <ele>719.6</ele>
    <time>2026-06-13T09:19:28Z</time>
   </trkpt>
   <trkpt lat="47.6412510" lon="13.7706460">
    <ele>719.6</ele>
    <time>2026-06-13T09:19:29Z</time>
   </trkpt>
   <trkpt lat="47.6412470" lon="13.7706780">
    <ele>719.6</ele>
    <time>2026-06-13T09:19:30Z</time>
   </trkpt>
   <trkpt lat="47.6412460" lon="13.7706900">
    <ele>719.5</ele>
    <time>2026-06-13T09:19:31Z</time>
   </trkpt>
   <trkpt lat="47.6412460" lon="13.7707020">
    <ele>719.5</ele>
    <time>2026-06-13T09:19:32Z</time>
   </trkpt>
   <trkpt lat="47.6412440" lon="13.7707250">
    <ele>719.5</ele>
    <time>2026-06-13T09:19:33Z</time>
   </trkpt>
   <trkpt lat="47.6412430" lon="13.7707340">
    <ele>719.5</ele>
    <time>2026-06-13T09:19:34Z</time>
   </trkpt>
   <trkpt lat="47.6412420" lon="13.7707540">
    <ele>719.5</ele>
    <time>2026-06-13T09:19:35Z</time>
   </trkpt>
   <trkpt lat="47.6412400" lon="13.7707710">
    <ele>719.4</ele>
    <time>2026-06-13T09:19:36Z</time>
   </trkpt>
   <trkpt lat="47.6412410" lon="13.7707910">
    <ele>719.4</ele>
    <time>2026-06-13T09:19:37Z</time>
   </trkpt>
   <trkpt lat="47.6412420" lon="13.7708050">
    <ele>719.4</ele>
    <time>2026-06-13T09:19:38Z</time>
   </trkpt>
   <trkpt lat="47.6412410" lon="13.7708430">
    <ele>719.3</ele>
    <time>2026-06-13T09:19:39Z</time>
   </trkpt>
   <trkpt lat="47.6412410" lon="13.7708520">
    <ele>719.3</ele>
    <time>2026-06-13T09:19:40Z</time>
   </trkpt>
   <trkpt lat="47.6412410" lon="13.7708600">
    <ele>719.3</ele>
    <time>2026-06-13T09:19:41Z</time>
   </trkpt>
   <trkpt lat="47.6412430" lon="13.7708760">
    <ele>719.2</ele>
    <time>2026-06-13T09:19:42Z</time>
   </trkpt>
   <trkpt lat="47.6412370" lon="13.7708850">
    <ele>719.2</ele>
    <time>2026-06-13T09:19:43Z</time>
   </trkpt>
   <trkpt lat="47.6412350" lon="13.7709050">
    <ele>719.2</ele>
    <time>2026-06-13T09:19:44Z</time>
   </trkpt>
   <trkpt lat="47.6412280" lon="13.7709370">
    <ele>719.1</ele>
    <time>2026-06-13T09:19:45Z</time>
   </trkpt>
   <trkpt lat="47.6412270" lon="13.7709480">
    <ele>719.0</ele>
    <time>2026-06-13T09:19:46Z</time>
   </trkpt>
   <trkpt lat="47.6412270" lon="13.7709590">
    <ele>719.0</ele>
    <time>2026-06-13T09:19:47Z</time>
   </trkpt>
   <trkpt lat="47.6412260" lon="13.7709800">
    <ele>719.0</ele>
    <time>2026-06-13T09:19:48Z</time>
   </trkpt>
   <trkpt lat="47.6412350" lon="13.7709900">
    <ele>718.9</ele>
    <time>2026-06-13T09:19:49Z</time>
   </trkpt>
   <trkpt lat="47.6412440" lon="13.7710010">
    <ele>718.9</ele>
    <time>2026-06-13T09:19:50Z</time>
   </trkpt>
   <trkpt lat="47.6412510" lon="13.7710110">
    <ele>718.8</ele>
    <time>2026-06-13T09:19:51Z</time>
   </trkpt>
   <trkpt lat="47.6412560" lon="13.7710290">
    <ele>718.8</ele>
    <time>2026-06-13T09:19:52Z</time>
   </trkpt>
   <trkpt lat="47.6412590" lon="13.7710450">
    <ele>718.7</ele>
    <time>2026-06-13T09:19:53Z</time>
   </trkpt>
   <trkpt lat="47.6412610" lon="13.7710540">
    <ele>718.7</ele>
    <time>2026-06-13T09:19:54Z</time>
   </trkpt>
   <trkpt lat="47.6412630" lon="13.7710620">
    <ele>718.7</ele>
    <time>2026-06-13T09:19:55Z</time>
   </trkpt>
   <trkpt lat="47.6412640" lon="13.7710690">
    <ele>718.7</ele>
    <time>2026-06-13T09:19:56Z</time>
   </trkpt>
   <trkpt lat="47.6412650" lon="13.7710760">
    <ele>718.7</ele>
    <time>2026-06-13T09:19:57Z</time>
   </trkpt>
   <trkpt lat="47.6412600" lon="13.7710910">
    <ele>718.6</ele>
    <time>2026-06-13T09:19:58Z</time>
   </trkpt>
   <trkpt lat="47.6412620" lon="13.7710770">
    <ele>718.5</ele>
    <time>2026-06-13T09:19:59Z</time>
   </trkpt>
   <trkpt lat="47.6412560" lon="13.7710770">
    <ele>718.4</ele>
    <time>2026-06-13T09:20:00Z</time>
   </trkpt>
   <trkpt lat="47.6412490" lon="13.7710770">
    <ele>718.4</ele>
    <time>2026-06-13T09:20:01Z</time>
   </trkpt>
   <trkpt lat="47.6412430" lon="13.7710770">
    <ele>718.3</ele>
    <time>2026-06-13T09:20:02Z</time>
   </trkpt>
   <trkpt lat="47.6412370" lon="13.7710770">
    <ele>718.2</ele>
    <time>2026-06-13T09:20:03Z</time>
   </trkpt>
   <trkpt lat="47.6412310" lon="13.7710770">
    <ele>718.1</ele>
    <time>2026-06-13T09:20:04Z</time>
   </trkpt>
   <trkpt lat="47.6412240" lon="13.7710770">
    <ele>718.0</ele>
    <time>2026-06-13T09:20:05Z</time>
   </trkpt>
   <trkpt lat="47.6412180" lon="13.7710770">
    <ele>718.0</ele>
    <time>2026-06-13T09:20:06Z</time>
   </trkpt>
   <trkpt lat="47.6412000" lon="13.7710700">
    <ele>717.8</ele>
    <time>2026-06-13T09:20:07Z</time>
   </trkpt>
   <trkpt lat="47.6411900" lon="13.7710650">
    <ele>717.6</ele>
    <time>2026-06-13T09:20:08Z</time>
   </trkpt>
   <trkpt lat="47.6411810" lon="13.7710600">
    <ele>717.5</ele>
    <time>2026-06-13T09:20:09Z</time>
   </trkpt>
   <trkpt lat="47.6411610" lon="13.7710460">
    <ele>717.3</ele>
    <time>2026-06-13T09:20:10Z</time>
   </trkpt>
   <trkpt lat="47.6411520" lon="13.7710320">
    <ele>717.1</ele>
    <time>2026-06-13T09:20:11Z</time>
   </trkpt>
   <trkpt lat="47.6411230" lon="13.7710360">
    <ele>716.8</ele>
    <time>2026-06-13T09:20:12Z</time>
   </trkpt>
   <trkpt lat="47.6411090" lon="13.7710390">
    <ele>716.7</ele>
    <time>2026-06-13T09:20:13Z</time>
   </trkpt>
   <trkpt lat="47.6410970" lon="13.7710330">
    <ele>716.6</ele>
    <time>2026-06-13T09:20:14Z</time>
   </trkpt>
   <trkpt lat="47.6410790" lon="13.7710320">
    <ele>716.5</ele>
    <time>2026-06-13T09:20:15Z</time>
   </trkpt>
   <trkpt lat="47.6410810" lon="13.7710270">
    <ele>716.4</ele>
    <time>2026-06-13T09:20:16Z</time>
   </trkpt>
   <trkpt lat="47.6410530" lon="13.7710180">
    <ele>716.2</ele>
    <time>2026-06-13T09:20:17Z</time>
   </trkpt>
   <trkpt lat="47.6410210" lon="13.7710290">
    <ele>716.0</ele>
    <time>2026-06-13T09:20:18Z</time>
   </trkpt>
   <trkpt lat="47.6409900" lon="13.7710130">
    <ele>715.9</ele>
    <time>2026-06-13T09:20:19Z</time>
   </trkpt>
   <trkpt lat="47.6409840" lon="13.7709970">
    <ele>715.8</ele>
    <time>2026-06-13T09:20:20Z</time>
   </trkpt>
   <trkpt lat="47.6409540" lon="13.7710050">
    <ele>715.7</ele>
    <time>2026-06-13T09:20:21Z</time>
   </trkpt>
   <trkpt lat="47.6409420" lon="13.7710090">
    <ele>715.8</ele>
    <time>2026-06-13T09:20:22Z</time>
   </trkpt>
   <trkpt lat="47.6409130" lon="13.7710100">
    <ele>715.8</ele>
    <time>2026-06-13T09:20:23Z</time>
   </trkpt>
   <trkpt lat="47.6408800" lon="13.7710360">
    <ele>715.9</ele>
    <time>2026-06-13T09:20:24Z</time>
   </trkpt>
   <trkpt lat="47.6408710" lon="13.7710430">
    <ele>715.9</ele>
    <time>2026-06-13T09:20:25Z</time>
   </trkpt>
   <trkpt lat="47.6408430" lon="13.7710620">
    <ele>716.0</ele>
    <time>2026-06-13T09:20:26Z</time>
   </trkpt>
   <trkpt lat="47.6408350" lon="13.7710760">
    <ele>716.0</ele>
    <time>2026-06-13T09:20:27Z</time>
   </trkpt>
   <trkpt lat="47.6408080" lon="13.7710980">
    <ele>716.1</ele>
    <time>2026-06-13T09:20:28Z</time>
   </trkpt>
   <trkpt lat="47.6407960" lon="13.7711060">
    <ele>716.1</ele>
    <time>2026-06-13T09:20:29Z</time>
   </trkpt>
   <trkpt lat="47.6407790" lon="13.7711150">
    <ele>716.2</ele>
    <time>2026-06-13T09:20:30Z</time>
   </trkpt>
   <trkpt lat="47.6407650" lon="13.7711220">
    <ele>716.2</ele>
    <time>2026-06-13T09:20:31Z</time>
   </trkpt>
   <trkpt lat="47.6407290" lon="13.7711210">
    <ele>716.3</ele>
    <time>2026-06-13T09:20:32Z</time>
   </trkpt>
   <trkpt lat="47.6407150" lon="13.7711170">
    <ele>716.3</ele>
    <time>2026-06-13T09:20:33Z</time>
   </trkpt>
   <trkpt lat="47.6407030" lon="13.7711200">
    <ele>716.3</ele>
    <time>2026-06-13T09:20:34Z</time>
   </trkpt>
   <trkpt lat="47.6406790" lon="13.7711230">
    <ele>716.4</ele>
    <time>2026-06-13T09:20:35Z</time>
   </trkpt>
   <trkpt lat="47.6406490" lon="13.7711020">
    <ele>716.4</ele>
    <time>2026-06-13T09:20:36Z</time>
   </trkpt>
   <trkpt lat="47.6406380" lon="13.7710990">
    <ele>716.4</ele>
    <time>2026-06-13T09:20:37Z</time>
   </trkpt>
   <trkpt lat="47.6406090" lon="13.7711080">
    <ele>716.6</ele>
    <time>2026-06-13T09:20:38Z</time>
   </trkpt>
   <trkpt lat="47.6405950" lon="13.7711180">
    <ele>716.6</ele>
    <time>2026-06-13T09:20:39Z</time>
   </trkpt>
   <trkpt lat="47.6406080" lon="13.7711350">
    <ele>716.7</ele>
    <time>2026-06-13T09:20:40Z</time>
   </trkpt>
   <trkpt lat="47.6405960" lon="13.7711050">
    <ele>716.8</ele>
    <time>2026-06-13T09:20:41Z</time>
   </trkpt>
   <trkpt lat="47.6405700" lon="13.7710890">
    <ele>716.9</ele>
    <time>2026-06-13T09:20:42Z</time>
   </trkpt>
   <trkpt lat="47.6405430" lon="13.7710560">
    <ele>717.1</ele>
    <time>2026-06-13T09:20:43Z</time>
   </trkpt>
   <trkpt lat="47.6405180" lon="13.7710360">
    <ele>717.2</ele>
    <time>2026-06-13T09:20:44Z</time>
   </trkpt>
   <trkpt lat="47.6405100" lon="13.7710260">
    <ele>717.3</ele>
    <time>2026-06-13T09:20:45Z</time>
   </trkpt>
   <trkpt lat="47.6404790" lon="13.7710030">
    <ele>717.4</ele>
    <time>2026-06-13T09:20:46Z</time>
   </trkpt>
   <trkpt lat="47.6404550" lon="13.7709650">
    <ele>717.6</ele>
    <time>2026-06-13T09:20:47Z</time>
   </trkpt>
   <trkpt lat="47.6404500" lon="13.7709510">
    <ele>717.7</ele>
    <time>2026-06-13T09:20:48Z</time>
   </trkpt>
   <trkpt lat="47.6404240" lon="13.7709360">
    <ele>717.8</ele>
    <time>2026-06-13T09:20:49Z</time>
   </trkpt>
   <trkpt lat="47.6404130" lon="13.7709310">
    <ele>717.8</ele>
    <time>2026-06-13T09:20:50Z</time>
   </trkpt>
   <trkpt lat="47.6403760" lon="13.7709180">
    <ele>718.0</ele>
    <time>2026-06-13T09:20:51Z</time>
   </trkpt>
   <trkpt lat="47.6403640" lon="13.7709180">
    <ele>718.0</ele>
    <time>2026-06-13T09:20:52Z</time>
   </trkpt>
   <trkpt lat="47.6403450" lon="13.7709290">
    <ele>718.1</ele>
    <time>2026-06-13T09:20:53Z</time>
   </trkpt>
   <trkpt lat="47.6403390" lon="13.7709350">
    <ele>718.1</ele>
    <time>2026-06-13T09:20:54Z</time>
   </trkpt>
   <trkpt lat="47.6403110" lon="13.7709300">
    <ele>718.2</ele>
    <time>2026-06-13T09:20:55Z</time>
   </trkpt>
   <trkpt lat="47.6402990" lon="13.7709280">
    <ele>718.2</ele>
    <time>2026-06-13T09:20:56Z</time>
   </trkpt>
   <trkpt lat="47.6402720" lon="13.7709230">
    <ele>718.3</ele>
    <time>2026-06-13T09:20:57Z</time>
   </trkpt>
   <trkpt lat="47.6402630" lon="13.7709230">
    <ele>718.3</ele>
    <time>2026-06-13T09:20:58Z</time>
   </trkpt>
   <trkpt lat="47.6402340" lon="13.7709220">
    <ele>718.4</ele>
    <time>2026-06-13T09:20:59Z</time>
   </trkpt>
   <trkpt lat="47.6402040" lon="13.7709420">
    <ele>718.4</ele>
    <time>2026-06-13T09:21:00Z</time>
   </trkpt>
   <trkpt lat="47.6401950" lon="13.7709470">
    <ele>718.4</ele>
    <time>2026-06-13T09:21:01Z</time>
   </trkpt>
   <trkpt lat="47.6401680" lon="13.7709420">
    <ele>718.5</ele>
    <time>2026-06-13T09:21:02Z</time>
   </trkpt>
   <trkpt lat="47.6401510" lon="13.7709430">
    <ele>718.5</ele>
    <time>2026-06-13T09:21:03Z</time>
   </trkpt>
   <trkpt lat="47.6401080" lon="13.7709380">
    <ele>718.5</ele>
    <time>2026-06-13T09:21:04Z</time>
   </trkpt>
   <trkpt lat="47.6400760" lon="13.7709440">
    <ele>718.5</ele>
    <time>2026-06-13T09:21:05Z</time>
   </trkpt>
   <trkpt lat="47.6400390" lon="13.7709520">
    <ele>718.5</ele>
    <time>2026-06-13T09:21:06Z</time>
   </trkpt>
   <trkpt lat="47.6400250" lon="13.7709520">
    <ele>718.5</ele>
    <time>2026-06-13T09:21:07Z</time>
   </trkpt>
   <trkpt lat="47.6399960" lon="13.7709550">
    <ele>718.5</ele>
    <time>2026-06-13T09:21:08Z</time>
   </trkpt>
   <trkpt lat="47.6399650" lon="13.7709560">
    <ele>718.5</ele>
    <time>2026-06-13T09:21:09Z</time>
   </trkpt>
   <trkpt lat="47.6399560" lon="13.7709510">
    <ele>718.4</ele>
    <time>2026-06-13T09:21:10Z</time>
   </trkpt>
   <trkpt lat="47.6399270" lon="13.7709410">
    <ele>718.4</ele>
    <time>2026-06-13T09:21:11Z</time>
   </trkpt>
   <trkpt lat="47.6399120" lon="13.7709370">
    <ele>718.4</ele>
    <time>2026-06-13T09:21:12Z</time>
   </trkpt>
   <trkpt lat="47.6398950" lon="13.7709200">
    <ele>718.4</ele>
    <time>2026-06-13T09:21:13Z</time>
   </trkpt>
   <trkpt lat="47.6398790" lon="13.7709270">
    <ele>718.4</ele>
    <time>2026-06-13T09:21:14Z</time>
   </trkpt>
   <trkpt lat="47.6398590" lon="13.7709280">
    <ele>718.3</ele>
    <time>2026-06-13T09:21:15Z</time>
   </trkpt>
   <trkpt lat="47.6398520" lon="13.7709030">
    <ele>718.3</ele>
    <time>2026-06-13T09:21:16Z</time>
   </trkpt>
   <trkpt lat="47.6398240" lon="13.7708740">
    <ele>718.3</ele>
    <time>2026-06-13T09:21:17Z</time>
   </trkpt>
   <trkpt lat="47.6398170" lon="13.7708700">
    <ele>718.3</ele>
    <time>2026-06-13T09:21:18Z</time>
   </trkpt>
   <trkpt lat="47.6397890" lon="13.7708730">
    <ele>718.2</ele>
    <time>2026-06-13T09:21:19Z</time>
   </trkpt>
   <trkpt lat="47.6397730" lon="13.7708390">
    <ele>718.2</ele>
    <time>2026-06-13T09:21:20Z</time>
   </trkpt>
   <trkpt lat="47.6397590" lon="13.7707990">
    <ele>718.2</ele>
    <time>2026-06-13T09:21:21Z</time>
   </trkpt>
   <trkpt lat="47.6397270" lon="13.7707720">
    <ele>718.2</ele>
    <time>2026-06-13T09:21:22Z</time>
   </trkpt>
   <trkpt lat="47.6397140" lon="13.7707620">
    <ele>718.2</ele>
    <time>2026-06-13T09:21:23Z</time>
   </trkpt>
   <trkpt lat="47.6396920" lon="13.7707630">
    <ele>718.1</ele>
    <time>2026-06-13T09:21:24Z</time>
   </trkpt>
   <trkpt lat="47.6396840" lon="13.7707570">
    <ele>718.1</ele>
    <time>2026-06-13T09:21:25Z</time>
   </trkpt>
   <trkpt lat="47.6396680" lon="13.7707180">
    <ele>718.1</ele>
    <time>2026-06-13T09:21:26Z</time>
   </trkpt>
   <trkpt lat="47.6396660" lon="13.7707090">
    <ele>718.1</ele>
    <time>2026-06-13T09:21:27Z</time>
   </trkpt>
   <trkpt lat="47.6396460" lon="13.7706530">
    <ele>718.0</ele>
    <time>2026-06-13T09:21:28Z</time>
   </trkpt>
   <trkpt lat="47.6396280" lon="13.7705990">
    <ele>717.9</ele>
    <time>2026-06-13T09:21:29Z</time>
   </trkpt>
   <trkpt lat="47.6396130" lon="13.7705800">
    <ele>717.9</ele>
    <time>2026-06-13T09:21:30Z</time>
   </trkpt>
   <trkpt lat="47.6395840" lon="13.7705600">
    <ele>717.8</ele>
    <time>2026-06-13T09:21:31Z</time>
   </trkpt>
   <trkpt lat="47.6395670" lon="13.7705210">
    <ele>717.7</ele>
    <time>2026-06-13T09:21:32Z</time>
   </trkpt>
   <trkpt lat="47.6395630" lon="13.7704660">
    <ele>717.5</ele>
    <time>2026-06-13T09:21:33Z</time>
   </trkpt>
   <trkpt lat="47.6395610" lon="13.7704170">
    <ele>717.4</ele>
    <time>2026-06-13T09:21:34Z</time>
   </trkpt>
   <trkpt lat="47.6395470" lon="13.7703630">
    <ele>717.3</ele>
    <time>2026-06-13T09:21:35Z</time>
   </trkpt>
   <trkpt lat="47.6395380" lon="13.7703440">
    <ele>717.3</ele>
    <time>2026-06-13T09:21:36Z</time>
   </trkpt>
   <trkpt lat="47.6395140" lon="13.7703010">
    <ele>717.3</ele>
    <time>2026-06-13T09:21:37Z</time>
   </trkpt>
   <trkpt lat="47.6395010" lon="13.7702900">
    <ele>717.3</ele>
    <time>2026-06-13T09:21:38Z</time>
   </trkpt>
   <trkpt lat="47.6394690" lon="13.7702650">
    <ele>717.3</ele>
    <time>2026-06-13T09:21:39Z</time>
   </trkpt>
   <trkpt lat="47.6394570" lon="13.7702560">
    <ele>717.3</ele>
    <time>2026-06-13T09:21:40Z</time>
   </trkpt>
   <trkpt lat="47.6394300" lon="13.7702470">
    <ele>717.4</ele>
    <time>2026-06-13T09:21:41Z</time>
   </trkpt>
   <trkpt lat="47.6393950" lon="13.7702500">
    <ele>717.4</ele>
    <time>2026-06-13T09:21:42Z</time>
   </trkpt>
   <trkpt lat="47.6393600" lon="13.7702530">
    <ele>717.5</ele>
    <time>2026-06-13T09:21:43Z</time>
   </trkpt>
   <trkpt lat="47.6393480" lon="13.7702490">
    <ele>717.5</ele>
    <time>2026-06-13T09:21:44Z</time>
   </trkpt>
   <trkpt lat="47.6393170" lon="13.7702440">
    <ele>717.6</ele>
    <time>2026-06-13T09:21:45Z</time>
   </trkpt>
   <trkpt lat="47.6392860" lon="13.7702390">
    <ele>717.6</ele>
    <time>2026-06-13T09:21:46Z</time>
   </trkpt>
   <trkpt lat="47.6392760" lon="13.7702380">
    <ele>717.6</ele>
    <time>2026-06-13T09:21:47Z</time>
   </trkpt>
   <trkpt lat="47.6392450" lon="13.7702160">
    <ele>717.6</ele>
    <time>2026-06-13T09:21:48Z</time>
   </trkpt>
   <trkpt lat="47.6392340" lon="13.7702030">
    <ele>717.6</ele>
    <time>2026-06-13T09:21:49Z</time>
   </trkpt>
   <trkpt lat="47.6392070" lon="13.7701770">
    <ele>717.6</ele>
    <time>2026-06-13T09:21:50Z</time>
   </trkpt>
   <trkpt lat="47.6392000" lon="13.7701640">
    <ele>717.6</ele>
    <time>2026-06-13T09:21:51Z</time>
   </trkpt>
   <trkpt lat="47.6391760" lon="13.7701220">
    <ele>717.5</ele>
    <time>2026-06-13T09:21:52Z</time>
   </trkpt>
   <trkpt lat="47.6391690" lon="13.7701070">
    <ele>717.5</ele>
    <time>2026-06-13T09:21:53Z</time>
   </trkpt>
   <trkpt lat="47.6391590" lon="13.7700480">
    <ele>717.5</ele>
    <time>2026-06-13T09:21:54Z</time>
   </trkpt>
   <trkpt lat="47.6391500" lon="13.7700180">
    <ele>717.4</ele>
    <time>2026-06-13T09:21:55Z</time>
   </trkpt>
   <trkpt lat="47.6391370" lon="13.7699740">
    <ele>717.4</ele>
    <time>2026-06-13T09:21:56Z</time>
   </trkpt>
   <trkpt lat="47.6391170" lon="13.7699410">
    <ele>717.4</ele>
    <time>2026-06-13T09:21:57Z</time>
   </trkpt>
   <trkpt lat="47.6391090" lon="13.7699310">
    <ele>717.4</ele>
    <time>2026-06-13T09:21:58Z</time>
   </trkpt>
   <trkpt lat="47.6391020" lon="13.7698870">
    <ele>717.3</ele>
    <time>2026-06-13T09:21:59Z</time>
   </trkpt>
   <trkpt lat="47.6390920" lon="13.7698720">
    <ele>717.3</ele>
    <time>2026-06-13T09:22:00Z</time>
   </trkpt>
   <trkpt lat="47.6390640" lon="13.7698500">
    <ele>717.3</ele>
    <time>2026-06-13T09:22:01Z</time>
   </trkpt>
   <trkpt lat="47.6390460" lon="13.7698050">
    <ele>717.3</ele>
    <time>2026-06-13T09:22:02Z</time>
   </trkpt>
   <trkpt lat="47.6390360" lon="13.7697900">
    <ele>717.3</ele>
    <time>2026-06-13T09:22:03Z</time>
   </trkpt>
   <trkpt lat="47.6390130" lon="13.7697670">
    <ele>717.3</ele>
    <time>2026-06-13T09:22:04Z</time>
   </trkpt>
   <trkpt lat="47.6390080" lon="13.7697570">
    <ele>717.3</ele>
    <time>2026-06-13T09:22:05Z</time>
   </trkpt>
   <trkpt lat="47.6389970" lon="13.7697080">
    <ele>717.3</ele>
    <time>2026-06-13T09:22:06Z</time>
   </trkpt>
   <trkpt lat="47.6389980" lon="13.7696860">
    <ele>717.3</ele>
    <time>2026-06-13T09:22:07Z</time>
   </trkpt>
   <trkpt lat="47.6389530" lon="13.7696780">
    <ele>717.3</ele>
    <time>2026-06-13T09:22:08Z</time>
   </trkpt>
   <trkpt lat="47.6389320" lon="13.7696770">
    <ele>717.4</ele>
    <time>2026-06-13T09:22:09Z</time>
   </trkpt>
   <trkpt lat="47.6389130" lon="13.7696360">
    <ele>717.4</ele>
    <time>2026-06-13T09:22:10Z</time>
   </trkpt>
   <trkpt lat="47.6389070" lon="13.7696220">
    <ele>717.5</ele>
    <time>2026-06-13T09:22:11Z</time>
   </trkpt>
   <trkpt lat="47.6388740" lon="13.7696030">
    <ele>717.5</ele>
    <time>2026-06-13T09:22:12Z</time>
   </trkpt>
   <trkpt lat="47.6388650" lon="13.7695890">
    <ele>717.6</ele>
    <time>2026-06-13T09:22:13Z</time>
   </trkpt>
   <trkpt lat="47.6388340" lon="13.7695710">
    <ele>717.6</ele>
    <time>2026-06-13T09:22:14Z</time>
   </trkpt>
   <trkpt lat="47.6388240" lon="13.7695590">
    <ele>717.7</ele>
    <time>2026-06-13T09:22:15Z</time>
   </trkpt>
   <trkpt lat="47.6388070" lon="13.7695180">
    <ele>717.8</ele>
    <time>2026-06-13T09:22:16Z</time>
   </trkpt>
   <trkpt lat="47.6387950" lon="13.7695070">
    <ele>717.8</ele>
    <time>2026-06-13T09:22:17Z</time>
   </trkpt>
   <trkpt lat="47.6387650" lon="13.7694880">
    <ele>717.9</ele>
    <time>2026-06-13T09:22:18Z</time>
   </trkpt>
   <trkpt lat="47.6387580" lon="13.7694780">
    <ele>717.9</ele>
    <time>2026-06-13T09:22:19Z</time>
   </trkpt>
   <trkpt lat="47.6387340" lon="13.7694410">
    <ele>718.0</ele>
    <time>2026-06-13T09:22:20Z</time>
   </trkpt>
   <trkpt lat="47.6387170" lon="13.7694330">
    <ele>718.0</ele>
    <time>2026-06-13T09:22:21Z</time>
   </trkpt>
   <trkpt lat="47.6387020" lon="13.7694250">
    <ele>718.1</ele>
    <time>2026-06-13T09:22:22Z</time>
   </trkpt>
   <trkpt lat="47.6386860" lon="13.7693960">
    <ele>718.1</ele>
    <time>2026-06-13T09:22:23Z</time>
   </trkpt>
   <trkpt lat="47.6386710" lon="13.7693880">
    <ele>718.1</ele>
    <time>2026-06-13T09:22:24Z</time>
   </trkpt>
   <trkpt lat="47.6386430" lon="13.7693640">
    <ele>718.1</ele>
    <time>2026-06-13T09:22:25Z</time>
   </trkpt>
   <trkpt lat="47.6386320" lon="13.7693580">
    <ele>718.1</ele>
    <time>2026-06-13T09:22:26Z</time>
   </trkpt>
   <trkpt lat="47.6386050" lon="13.7693350">
    <ele>718.1</ele>
    <time>2026-06-13T09:22:27Z</time>
   </trkpt>
   <trkpt lat="47.6385940" lon="13.7693300">
    <ele>718.0</ele>
    <time>2026-06-13T09:22:28Z</time>
   </trkpt>
   <trkpt lat="47.6385770" lon="13.7692970">
    <ele>718.0</ele>
    <time>2026-06-13T09:22:29Z</time>
   </trkpt>
   <trkpt lat="47.6385390" lon="13.7692940">
    <ele>717.8</ele>
    <time>2026-06-13T09:22:30Z</time>
   </trkpt>
   <trkpt lat="47.6385210" lon="13.7693000">
    <ele>717.7</ele>
    <time>2026-06-13T09:22:31Z</time>
   </trkpt>
   <trkpt lat="47.6385180" lon="13.7692800">
    <ele>717.6</ele>
    <time>2026-06-13T09:22:32Z</time>
   </trkpt>
   <trkpt lat="47.6385100" lon="13.7692570">
    <ele>717.5</ele>
    <time>2026-06-13T09:22:33Z</time>
   </trkpt>
   <trkpt lat="47.6384780" lon="13.7692520">
    <ele>717.2</ele>
    <time>2026-06-13T09:22:34Z</time>
   </trkpt>
   <trkpt lat="47.6384660" lon="13.7692480">
    <ele>717.1</ele>
    <time>2026-06-13T09:22:35Z</time>
   </trkpt>
   <trkpt lat="47.6384370" lon="13.7692290">
    <ele>716.8</ele>
    <time>2026-06-13T09:22:36Z</time>
   </trkpt>
   <trkpt lat="47.6384280" lon="13.7692250">
    <ele>716.8</ele>
    <time>2026-06-13T09:22:37Z</time>
   </trkpt>
   <trkpt lat="47.6384000" lon="13.7691930">
    <ele>716.4</ele>
    <time>2026-06-13T09:22:38Z</time>
   </trkpt>
   <trkpt lat="47.6383920" lon="13.7691860">
    <ele>716.3</ele>
    <time>2026-06-13T09:22:39Z</time>
   </trkpt>
   <trkpt lat="47.6383580" lon="13.7691710">
    <ele>716.0</ele>
    <time>2026-06-13T09:22:40Z</time>
   </trkpt>
   <trkpt lat="47.6383460" lon="13.7691690">
    <ele>715.9</ele>
    <time>2026-06-13T09:22:41Z</time>
   </trkpt>
   <trkpt lat="47.6383080" lon="13.7691580">
    <ele>715.6</ele>
    <time>2026-06-13T09:22:42Z</time>
   </trkpt>
   <trkpt lat="47.6383010" lon="13.7691350">
    <ele>715.5</ele>
    <time>2026-06-13T09:22:43Z</time>
   </trkpt>
   <trkpt lat="47.6382900" lon="13.7691230">
    <ele>715.3</ele>
    <time>2026-06-13T09:22:44Z</time>
   </trkpt>
   <trkpt lat="47.6382540" lon="13.7691140">
    <ele>715.1</ele>
    <time>2026-06-13T09:22:45Z</time>
   </trkpt>
   <trkpt lat="47.6382440" lon="13.7691120">
    <ele>715.1</ele>
    <time>2026-06-13T09:22:46Z</time>
   </trkpt>
   <trkpt lat="47.6382350" lon="13.7691030">
    <ele>715.1</ele>
    <time>2026-06-13T09:22:47Z</time>
   </trkpt>
   <trkpt lat="47.6382170" lon="13.7690920">
    <ele>715.1</ele>
    <time>2026-06-13T09:22:48Z</time>
   </trkpt>
   <trkpt lat="47.6381990" lon="13.7690780">
    <ele>715.1</ele>
    <time>2026-06-13T09:22:49Z</time>
   </trkpt>
   <trkpt lat="47.6381970" lon="13.7690680">
    <ele>715.1</ele>
    <time>2026-06-13T09:22:50Z</time>
   </trkpt>
   <trkpt lat="47.6382070" lon="13.7690540">
    <ele>715.1</ele>
    <time>2026-06-13T09:22:51Z</time>
   </trkpt>
   <trkpt lat="47.6382150" lon="13.7690460">
    <ele>715.0</ele>
    <time>2026-06-13T09:22:52Z</time>
   </trkpt>
   <trkpt lat="47.6382200" lon="13.7690470">
    <ele>715.0</ele>
    <time>2026-06-13T09:22:53Z</time>
   </trkpt>
   <trkpt lat="47.6382180" lon="13.7690460">
    <ele>715.0</ele>
    <time>2026-06-13T09:22:54Z</time>
   </trkpt>
   <trkpt lat="47.6382390" lon="13.7690350">
    <ele>715.0</ele>
    <time>2026-06-13T09:22:55Z</time>
   </trkpt>
   <trkpt lat="47.6382220" lon="13.7690420">
    <ele>715.0</ele>
    <time>2026-06-13T09:22:56Z</time>
   </trkpt>
   <trkpt lat="47.6382190" lon="13.7690420">
    <ele>715.0</ele>
    <time>2026-06-13T09:22:57Z</time>
   </trkpt>
   <trkpt lat="47.6382170" lon="13.7690420">
    <ele>715.0</ele>
    <time>2026-06-13T09:22:58Z</time>
   </trkpt>
   <trkpt lat="47.6382150" lon="13.7690420">
    <ele>715.0</ele>
    <time>2026-06-13T09:22:59Z</time>
   </trkpt>
   <trkpt lat="47.6382120" lon="13.7690420">
    <ele>715.0</ele>
    <time>2026-06-13T09:23:00Z</time>
   </trkpt>
   <trkpt lat="47.6382100" lon="13.7690420">
    <ele>715.0</ele>
    <time>2026-06-13T09:23:01Z</time>
   </trkpt>
   <trkpt lat="47.6382080" lon="13.7690420">
    <ele>715.0</ele>
    <time>2026-06-13T09:23:02Z</time>
   </trkpt>
   <trkpt lat="47.6382060" lon="13.7690420">
    <ele>715.0</ele>
    <time>2026-06-13T09:23:03Z</time>
   </trkpt>
   <trkpt lat="47.6382030" lon="13.7690420">
    <ele>715.0</ele>
    <time>2026-06-13T09:23:04Z</time>
   </trkpt>
   <trkpt lat="47.6382010" lon="13.7690420">
    <ele>715.0</ele>
    <time>2026-06-13T09:23:05Z</time>
   </trkpt>
   <trkpt lat="47.6381990" lon="13.7690420">
    <ele>715.0</ele>
    <time>2026-06-13T09:23:12Z</time>
   </trkpt>
   <trkpt lat="47.6381960" lon="13.7690420">
    <ele>715.0</ele>
    <time>2026-06-13T09:23:13Z</time>
   </trkpt>
   <trkpt lat="47.6381940" lon="13.7690420">
    <ele>715.0</ele>
    <time>2026-06-13T09:23:14Z</time>
   </trkpt>
   <trkpt lat="47.6381920" lon="13.7690420">
    <ele>715.0</ele>
    <time>2026-06-13T09:23:15Z</time>
   </trkpt>
   <trkpt lat="47.6381890" lon="13.7690420">
    <ele>715.0</ele>
    <time>2026-06-13T09:23:16Z</time>
   </trkpt>
   <trkpt lat="47.6381870" lon="13.7690420">
    <ele>715.0</ele>
    <time>2026-06-13T09:23:17Z</time>
   </trkpt>
   <trkpt lat="47.6381570" lon="13.7690460">
    <ele>714.9</ele>
    <time>2026-06-13T09:23:18Z</time>
   </trkpt>
   <trkpt lat="47.6381290" lon="13.7690530">
    <ele>714.9</ele>
    <time>2026-06-13T09:23:19Z</time>
   </trkpt>
   <trkpt lat="47.6381200" lon="13.7690490">
    <ele>714.8</ele>
    <time>2026-06-13T09:23:20Z</time>
   </trkpt>
   <trkpt lat="47.6380870" lon="13.7690410">
    <ele>714.7</ele>
    <time>2026-06-13T09:23:21Z</time>
   </trkpt>
   <trkpt lat="47.6380760" lon="13.7690410">
    <ele>714.7</ele>
    <time>2026-06-13T09:23:22Z</time>
   </trkpt>
   <trkpt lat="47.6380510" lon="13.7690260">
    <ele>714.6</ele>
    <time>2026-06-13T09:23:23Z</time>
   </trkpt>
   <trkpt lat="47.6380420" lon="13.7690230">
    <ele>714.6</ele>
    <time>2026-06-13T09:23:24Z</time>
   </trkpt>
   <trkpt lat="47.6380140" lon="13.7690130">
    <ele>714.5</ele>
    <time>2026-06-13T09:23:25Z</time>
   </trkpt>
   <trkpt lat="47.6380050" lon="13.7690130">
    <ele>714.5</ele>
    <time>2026-06-13T09:23:26Z</time>
   </trkpt>
   <trkpt lat="47.6379770" lon="13.7689990">
    <ele>714.5</ele>
    <time>2026-06-13T09:23:27Z</time>
   </trkpt>
   <trkpt lat="47.6379590" lon="13.7689870">
    <ele>714.5</ele>
    <time>2026-06-13T09:23:28Z</time>
   </trkpt>
   <trkpt lat="47.6379290" lon="13.7689830">
    <ele>714.5</ele>
    <time>2026-06-13T09:23:29Z</time>
   </trkpt>
   <trkpt lat="47.6379210" lon="13.7689720">
    <ele>714.4</ele>
    <time>2026-06-13T09:23:30Z</time>
   </trkpt>
   <trkpt lat="47.6378860" lon="13.7689240">
    <ele>714.4</ele>
    <time>2026-06-13T09:23:31Z</time>
   </trkpt>
   <trkpt lat="47.6378600" lon="13.7688930">
    <ele>714.4</ele>
    <time>2026-06-13T09:23:32Z</time>
   </trkpt>
   <trkpt lat="47.6378370" lon="13.7688590">
    <ele>714.3</ele>
    <time>2026-06-13T09:23:33Z</time>
   </trkpt>
   <trkpt lat="47.6378310" lon="13.7688120">
    <ele>714.3</ele>
    <time>2026-06-13T09:23:34Z</time>
   </trkpt>
   <trkpt lat="47.6377820" lon="13.7687970">
    <ele>714.3</ele>
    <time>2026-06-13T09:23:35Z</time>
   </trkpt>
   <trkpt lat="47.6377620" lon="13.7687620">
    <ele>714.3</ele>
    <time>2026-06-13T09:23:36Z</time>
   </trkpt>
   <trkpt lat="47.6377450" lon="13.7687580">
    <ele>714.3</ele>
    <time>2026-06-13T09:23:37Z</time>
   </trkpt>
   <trkpt lat="47.6377120" lon="13.7687180">
    <ele>714.3</ele>
    <time>2026-06-13T09:23:38Z</time>
   </trkpt>
   <trkpt lat="47.6376790" lon="13.7686820">
    <ele>714.2</ele>
    <time>2026-06-13T09:23:39Z</time>
   </trkpt>
   <trkpt lat="47.6376600" lon="13.7686680">
    <ele>714.2</ele>
    <time>2026-06-13T09:23:40Z</time>
   </trkpt>
   <trkpt lat="47.6376020" lon="13.7686590">
    <ele>714.2</ele>
    <time>2026-06-13T09:23:41Z</time>
   </trkpt>
   <trkpt lat="47.6375700" lon="13.7686460">
    <ele>714.2</ele>
    <time>2026-06-13T09:23:42Z</time>
   </trkpt>
   <trkpt lat="47.6375490" lon="13.7686350">
    <ele>714.1</ele>
    <time>2026-06-13T09:23:43Z</time>
   </trkpt>
   <trkpt lat="47.6375270" lon="13.7686180">
    <ele>714.1</ele>
    <time>2026-06-13T09:23:44Z</time>
   </trkpt>
   <trkpt lat="47.6374840" lon="13.7686070">
    <ele>714.1</ele>
    <time>2026-06-13T09:23:45Z</time>
   </trkpt>
   <trkpt lat="47.6374520" lon="13.7686060">
    <ele>714.1</ele>
    <time>2026-06-13T09:23:46Z</time>
   </trkpt>
   <trkpt lat="47.6374130" lon="13.7685770">
    <ele>714.1</ele>
    <time>2026-06-13T09:23:47Z</time>
   </trkpt>
   <trkpt lat="47.6373730" lon="13.7685800">
    <ele>714.1</ele>
    <time>2026-06-13T09:23:48Z</time>
   </trkpt>
   <trkpt lat="47.6373540" lon="13.7685920">
    <ele>714.0</ele>
    <time>2026-06-13T09:23:49Z</time>
   </trkpt>
   <trkpt lat="47.6372930" lon="13.7685740">
    <ele>714.0</ele>
    <time>2026-06-13T09:23:50Z</time>
   </trkpt>
   <trkpt lat="47.6372660" lon="13.7685350">
    <ele>714.0</ele>
    <time>2026-06-13T09:23:51Z</time>
   </trkpt>
   <trkpt lat="47.6372490" lon="13.7685270">
    <ele>714.0</ele>
    <time>2026-06-13T09:23:52Z</time>
   </trkpt>
   <trkpt lat="47.6372160" lon="13.7685110">
    <ele>714.0</ele>
    <time>2026-06-13T09:23:53Z</time>
   </trkpt>
   <trkpt lat="47.6371780" lon="13.7684830">
    <ele>714.1</ele>
    <time>2026-06-13T09:23:54Z</time>
   </trkpt>
   <trkpt lat="47.6371340" lon="13.7684920">
    <ele>714.1</ele>
    <time>2026-06-13T09:23:55Z</time>
   </trkpt>
   <trkpt lat="47.6370960" lon="13.7684950">
    <ele>714.1</ele>
    <time>2026-06-13T09:23:56Z</time>
   </trkpt>
   <trkpt lat="47.6370670" lon="13.7684830">
    <ele>714.1</ele>
    <time>2026-06-13T09:23:57Z</time>
   </trkpt>
   <trkpt lat="47.6370290" lon="13.7684710">
    <ele>714.1</ele>
    <time>2026-06-13T09:23:58Z</time>
   </trkpt>
   <trkpt lat="47.6369760" lon="13.7684420">
    <ele>714.2</ele>
    <time>2026-06-13T09:23:59Z</time>
   </trkpt>
   <trkpt lat="47.6369470" lon="13.7684220">
    <ele>714.2</ele>
    <time>2026-06-13T09:24:00Z</time>
   </trkpt>
   <trkpt lat="47.6369020" lon="13.7683730">
    <ele>714.2</ele>
    <time>2026-06-13T09:24:01Z</time>
   </trkpt>
   <trkpt lat="47.6368650" lon="13.7683910">
    <ele>714.2</ele>
    <time>2026-06-13T09:24:02Z</time>
   </trkpt>
   <trkpt lat="47.6368490" lon="13.7683910">
    <ele>714.2</ele>
    <time>2026-06-13T09:24:03Z</time>
   </trkpt>
   <trkpt lat="47.6368160" lon="13.7683640">
    <ele>714.3</ele>
    <time>2026-06-13T09:24:04Z</time>
   </trkpt>
   <trkpt lat="47.6367740" lon="13.7683540">
    <ele>714.3</ele>
    <time>2026-06-13T09:24:05Z</time>
   </trkpt>
   <trkpt lat="47.6367570" lon="13.7683450">
    <ele>714.3</ele>
    <time>2026-06-13T09:24:06Z</time>
   </trkpt>
   <trkpt lat="47.6367380" lon="13.7683460">
    <ele>714.3</ele>
    <time>2026-06-13T09:24:07Z</time>
   </trkpt>
   <trkpt lat="47.6366960" lon="13.7683190">
    <ele>714.3</ele>
    <time>2026-06-13T09:24:08Z</time>
   </trkpt>
   <trkpt lat="47.6366750" lon="13.7683070">
    <ele>714.3</ele>
    <time>2026-06-13T09:24:09Z</time>
   </trkpt>
   <trkpt lat="47.6366500" lon="13.7683310">
    <ele>714.4</ele>
    <time>2026-06-13T09:24:10Z</time>
   </trkpt>
   <trkpt lat="47.6366280" lon="13.7683040">
    <ele>714.4</ele>
    <time>2026-06-13T09:24:11Z</time>
   </trkpt>
   <trkpt lat="47.6366200" lon="13.7682820">
    <ele>714.4</ele>
    <time>2026-06-13T09:24:12Z</time>
   </trkpt>
   <trkpt lat="47.6366120" lon="13.7682790">
    <ele>714.4</ele>
    <time>2026-06-13T09:24:13Z</time>
   </trkpt>
   <trkpt lat="47.6366090" lon="13.7682790">
    <ele>714.4</ele>
    <time>2026-06-13T09:24:14Z</time>
   </trkpt>
   <trkpt lat="47.6366050" lon="13.7682650">
    <ele>714.4</ele>
    <time>2026-06-13T09:24:15Z</time>
   </trkpt>
   <trkpt lat="47.6365930" lon="13.7682530">
    <ele>714.4</ele>
    <time>2026-06-13T09:24:16Z</time>
   </trkpt>
   <trkpt lat="47.6365760" lon="13.7682400">
    <ele>714.5</ele>
    <time>2026-06-13T09:24:17Z</time>
   </trkpt>
   <trkpt lat="47.6365590" lon="13.7682240">
    <ele>714.5</ele>
    <time>2026-06-13T09:24:18Z</time>
   </trkpt>
   <trkpt lat="47.6365500" lon="13.7682150">
    <ele>714.5</ele>
    <time>2026-06-13T09:24:19Z</time>
   </trkpt>
   <trkpt lat="47.6365400" lon="13.7682070">
    <ele>714.5</ele>
    <time>2026-06-13T09:24:20Z</time>
   </trkpt>
   <trkpt lat="47.6365260" lon="13.7682040">
    <ele>714.6</ele>
    <time>2026-06-13T09:24:21Z</time>
   </trkpt>
   <trkpt lat="47.6365080" lon="13.7681980">
    <ele>714.6</ele>
    <time>2026-06-13T09:24:22Z</time>
   </trkpt>
   <trkpt lat="47.6364920" lon="13.7681760">
    <ele>714.7</ele>
    <time>2026-06-13T09:24:23Z</time>
   </trkpt>
   <trkpt lat="47.6364880" lon="13.7681690">
    <ele>714.7</ele>
    <time>2026-06-13T09:24:24Z</time>
   </trkpt>
   <trkpt lat="47.6364670" lon="13.7681580">
    <ele>714.7</ele>
    <time>2026-06-13T09:24:25Z</time>
   </trkpt>
   <trkpt lat="47.6364580" lon="13.7681560">
    <ele>714.8</ele>
    <time>2026-06-13T09:24:26Z</time>
   </trkpt>
   <trkpt lat="47.6364500" lon="13.7681530">
    <ele>714.8</ele>
    <time>2026-06-13T09:24:27Z</time>
   </trkpt>
   <trkpt lat="47.6364400" lon="13.7681470">
    <ele>714.8</ele>
    <time>2026-06-13T09:24:28Z</time>
   </trkpt>
   <trkpt lat="47.6364310" lon="13.7681450">
    <ele>714.9</ele>
    <time>2026-06-13T09:24:29Z</time>
   </trkpt>
   <trkpt lat="47.6364180" lon="13.7681440">
    <ele>714.9</ele>
    <time>2026-06-13T09:24:30Z</time>
   </trkpt>
   <trkpt lat="47.6364080" lon="13.7681420">
    <ele>715.0</ele>
    <time>2026-06-13T09:24:31Z</time>
   </trkpt>
   <trkpt lat="47.6363990" lon="13.7681400">
    <ele>715.0</ele>
    <time>2026-06-13T09:24:32Z</time>
   </trkpt>
   <trkpt lat="47.6363870" lon="13.7681380">
    <ele>714.9</ele>
    <time>2026-06-13T09:24:33Z</time>
   </trkpt>
   <trkpt lat="47.6363670" lon="13.7681420">
    <ele>714.8</ele>
    <time>2026-06-13T09:24:34Z</time>
   </trkpt>
   <trkpt lat="47.6363580" lon="13.7681440">
    <ele>714.8</ele>
    <time>2026-06-13T09:24:35Z</time>
   </trkpt>
   <trkpt lat="47.6363490" lon="13.7681460">
    <ele>714.8</ele>
    <time>2026-06-13T09:24:36Z</time>
   </trkpt>
   <trkpt lat="47.6363410" lon="13.7681430">
    <ele>714.7</ele>
    <time>2026-06-13T09:24:37Z</time>
   </trkpt>
   <trkpt lat="47.6363330" lon="13.7681360">
    <ele>714.7</ele>
    <time>2026-06-13T09:24:38Z</time>
   </trkpt>
   <trkpt lat="47.6363220" lon="13.7681250">
    <ele>714.7</ele>
    <time>2026-06-13T09:24:39Z</time>
   </trkpt>
   <trkpt lat="47.6363130" lon="13.7681160">
    <ele>714.6</ele>
    <time>2026-06-13T09:24:40Z</time>
   </trkpt>
   <trkpt lat="47.6363000" lon="13.7681080">
    <ele>714.6</ele>
    <time>2026-06-13T09:24:41Z</time>
   </trkpt>
   <trkpt lat="47.6362900" lon="13.7681020">
    <ele>714.5</ele>
    <time>2026-06-13T09:24:42Z</time>
   </trkpt>
   <trkpt lat="47.6362780" lon="13.7680980">
    <ele>714.5</ele>
    <time>2026-06-13T09:24:43Z</time>
   </trkpt>
   <trkpt lat="47.6362620" lon="13.7680940">
    <ele>714.5</ele>
    <time>2026-06-13T09:24:44Z</time>
   </trkpt>
   <trkpt lat="47.6362540" lon="13.7680960">
    <ele>714.5</ele>
    <time>2026-06-13T09:24:45Z</time>
   </trkpt>
   <trkpt lat="47.6362410" lon="13.7680890">
    <ele>714.5</ele>
    <time>2026-06-13T09:24:46Z</time>
   </trkpt>
   <trkpt lat="47.6362300" lon="13.7680860">
    <ele>714.5</ele>
    <time>2026-06-13T09:24:47Z</time>
   </trkpt>
   <trkpt lat="47.6362090" lon="13.7680860">
    <ele>714.5</ele>
    <time>2026-06-13T09:24:48Z</time>
   </trkpt>
   <trkpt lat="47.6362000" lon="13.7680840">
    <ele>714.5</ele>
    <time>2026-06-13T09:24:49Z</time>
   </trkpt>
   <trkpt lat="47.6361920" lon="13.7680830">
    <ele>714.5</ele>
    <time>2026-06-13T09:24:50Z</time>
   </trkpt>
   <trkpt lat="47.6361820" lon="13.7680810">
    <ele>714.5</ele>
    <time>2026-06-13T09:24:51Z</time>
   </trkpt>
   <trkpt lat="47.6361680" lon="13.7680820">
    <ele>714.5</ele>
    <time>2026-06-13T09:24:52Z</time>
   </trkpt>
   <trkpt lat="47.6361580" lon="13.7680790">
    <ele>714.5</ele>
    <time>2026-06-13T09:24:53Z</time>
   </trkpt>
   <trkpt lat="47.6361480" lon="13.7680640">
    <ele>714.5</ele>
    <time>2026-06-13T09:24:54Z</time>
   </trkpt>
   <trkpt lat="47.6361340" lon="13.7680560">
    <ele>714.5</ele>
    <time>2026-06-13T09:24:55Z</time>
   </trkpt>
   <trkpt lat="47.6361120" lon="13.7680570">
    <ele>714.6</ele>
    <time>2026-06-13T09:24:56Z</time>
   </trkpt>
   <trkpt lat="47.6361030" lon="13.7680550">
    <ele>714.6</ele>
    <time>2026-06-13T09:24:57Z</time>
   </trkpt>
   <trkpt lat="47.6360940" lon="13.7680530">
    <ele>714.6</ele>
    <time>2026-06-13T09:24:58Z</time>
   </trkpt>
   <trkpt lat="47.6360840" lon="13.7680610">
    <ele>714.6</ele>
    <time>2026-06-13T09:24:59Z</time>
   </trkpt>
   <trkpt lat="47.6360740" lon="13.7680550">
    <ele>714.6</ele>
    <time>2026-06-13T09:25:00Z</time>
   </trkpt>
   <trkpt lat="47.6360580" lon="13.7680570">
    <ele>714.7</ele>
    <time>2026-06-13T09:25:01Z</time>
   </trkpt>
   <trkpt lat="47.6360470" lon="13.7680510">
    <ele>714.7</ele>
    <time>2026-06-13T09:25:02Z</time>
   </trkpt>
   <trkpt lat="47.6360370" lon="13.7680520">
    <ele>714.7</ele>
    <time>2026-06-13T09:25:03Z</time>
   </trkpt>
   <trkpt lat="47.6360220" lon="13.7680500">
    <ele>714.7</ele>
    <time>2026-06-13T09:25:04Z</time>
   </trkpt>
   <trkpt lat="47.6360060" lon="13.7680500">
    <ele>714.8</ele>
    <time>2026-06-13T09:25:05Z</time>
   </trkpt>
   <trkpt lat="47.6360030" lon="13.7680580">
    <ele>714.8</ele>
    <time>2026-06-13T09:25:06Z</time>
   </trkpt>
   <trkpt lat="47.6359900" lon="13.7680600">
    <ele>714.8</ele>
    <time>2026-06-13T09:25:07Z</time>
   </trkpt>
   <trkpt lat="47.6359800" lon="13.7680620">
    <ele>714.8</ele>
    <time>2026-06-13T09:25:08Z</time>
   </trkpt>
   <trkpt lat="47.6359720" lon="13.7680710">
    <ele>714.8</ele>
    <time>2026-06-13T09:25:09Z</time>
   </trkpt>
   <trkpt lat="47.6359620" lon="13.7680760">
    <ele>714.8</ele>
    <time>2026-06-13T09:25:10Z</time>
   </trkpt>
   <trkpt lat="47.6359630" lon="13.7680840">
    <ele>714.8</ele>
    <time>2026-06-13T09:25:11Z</time>
   </trkpt>
   <trkpt lat="47.6359680" lon="13.7680890">
    <ele>714.8</ele>
    <time>2026-06-13T09:25:12Z</time>
   </trkpt>
   <trkpt lat="47.6359680" lon="13.7680870">
    <ele>714.8</ele>
    <time>2026-06-13T09:25:13Z</time>
   </trkpt>
   <trkpt lat="47.6359680" lon="13.7680850">
    <ele>714.8</ele>
    <time>2026-06-13T09:25:14Z</time>
   </trkpt>
   <trkpt lat="47.6359690" lon="13.7680890">
    <ele>714.8</ele>
    <time>2026-06-13T09:25:15Z</time>
   </trkpt>
   <trkpt lat="47.6359680" lon="13.7680960">
    <ele>714.8</ele>
    <time>2026-06-13T09:25:16Z</time>
   </trkpt>
   <trkpt lat="47.6359640" lon="13.7681070">
    <ele>714.8</ele>
    <time>2026-06-13T09:25:17Z</time>
   </trkpt>
   <trkpt lat="47.6359620" lon="13.7681170">
    <ele>714.8</ele>
    <time>2026-06-13T09:25:18Z</time>
   </trkpt>
   <trkpt lat="47.6359600" lon="13.7681240">
    <ele>714.8</ele>
    <time>2026-06-13T09:25:19Z</time>
   </trkpt>
   <trkpt lat="47.6359600" lon="13.7681310">
    <ele>714.8</ele>
    <time>2026-06-13T09:25:20Z</time>
   </trkpt>
   <trkpt lat="47.6359960" lon="13.7682000">
    <ele>714.8</ele>
    <time>2026-06-13T09:25:23Z</time>
   </trkpt>
   <trkpt lat="47.6359960" lon="13.7682000">
    <ele>714.8</ele>
    <time>2026-06-13T09:25:25Z</time>
   </trkpt>
  </trkseg>
 </trk>
</gpx>
