<?xml version="1.0" encoding="UTF-8"?>
<gpx creator="StravaGPX" version="1.1" xmlns="http://www.topografix.com/GPX/1/1" xmlns:xsi="http://www.w3.org/2001/XMLSchema-instance" xsi:schemaLocation="http://www.topografix.com/GPX/1/1 http://www.topografix.com/GPX/1/1/gpx.xsd">
 <metadata>
  <time>2026-04-26T16:49:48Z</time>
 </metadata>
 <trk>
  <name>Long run keine Ahnung</name>
  <type>running</type>
  <trkseg>
   <trkpt lat="47.2588330" lon="11.3798990">
    <ele>577.6</ele>
    <time>2026-04-26T16:49:48Z</time>
   </trkpt>
   <trkpt lat="47.2588680" lon="11.3798930">
    <ele>577.7</ele>
    <time>2026-04-26T16:49:49Z</time>
   </trkpt>
   <trkpt lat="47.2588830" lon="11.3798910">
    <ele>577.7</ele>
    <time>2026-04-26T16:49:50Z</time>
   </trkpt>
   <trkpt lat="47.2589130" lon="11.3798890">
    <ele>577.7</ele>
    <time>2026-04-26T16:49:51Z</time>
   </trkpt>
   <trkpt lat="47.2589320" lon="11.3798550">
    <ele>577.8</ele>
    <time>2026-04-26T16:49:52Z</time>
   </trkpt>
   <trkpt lat="47.2589330" lon="11.3798430">
    <ele>577.8</ele>
    <time>2026-04-26T16:49:53Z</time>
   </trkpt>
   <trkpt lat="47.2589090" lon="11.3798370">
    <ele>577.8</ele>
    <time>2026-04-26T16:49:54Z</time>
   </trkpt>
   <trkpt lat="47.2588990" lon="11.3798240">
    <ele>577.8</ele>
    <time>2026-04-26T16:49:55Z</time>
   </trkpt>
   <trkpt lat="47.2588960" lon="11.3798070">
    <ele>577.8</ele>
    <time>2026-04-26T16:49:56Z</time>
   </trkpt>
   <trkpt lat="47.2588980" lon="11.3797820">
    <ele>577.8</ele>
    <time>2026-04-26T16:49:57Z</time>
   </trkpt>
   <trkpt lat="47.2589000" lon="11.3797580">
    <ele>577.8</ele>
    <time>2026-04-26T16:49:58Z</time>
   </trkpt>
   <trkpt lat="47.2589020" lon="11.3797330">
    <ele>577.8</ele>
    <time>2026-04-26T16:49:59Z</time>
   </trkpt>
   <trkpt lat="47.2589240" lon="11.3796920">
    <ele>577.8</ele>
    <time>2026-04-26T16:50:00Z</time>
   </trkpt>
   <trkpt lat="47.2589300" lon="11.3796810">
    <ele>577.7</ele>
    <time>2026-04-26T16:50:01Z</time>
   </trkpt>
   <trkpt lat="47.2589440" lon="11.3796440">
    <ele>577.7</ele>
    <time>2026-04-26T16:50:02Z</time>
   </trkpt>
   <trkpt lat="47.2589460" lon="11.3796310">
    <ele>577.7</ele>
    <time>2026-04-26T16:50:03Z</time>
   </trkpt>
   <trkpt lat="47.2589540" lon="11.3796060">
    <ele>577.7</ele>
    <time>2026-04-26T16:50:04Z</time>
   </trkpt>
   <trkpt lat="47.2589590" lon="11.3795870">
    <ele>577.6</ele>
    <time>2026-04-26T16:50:05Z</time>
   </trkpt>
   <trkpt lat="47.2589480" lon="11.3795650">
    <ele>577.5</ele>
    <time>2026-04-26T16:50:06Z</time>
   </trkpt>
   <trkpt lat="47.2589400" lon="11.3795570">
    <ele>577.5</ele>
    <time>2026-04-26T16:50:07Z</time>
   </trkpt>
   <trkpt lat="47.2589330" lon="11.3795480">
    <ele>577.4</ele>
    <time>2026-04-26T16:50:08Z</time>
   </trkpt>
   <trkpt lat="47.2589070" lon="11.3795450">
    <ele>577.3</ele>
    <time>2026-04-26T16:50:09Z</time>
   </trkpt>
   <trkpt lat="47.2588960" lon="11.3795420">
    <ele>577.3</ele>
    <time>2026-04-26T16:50:10Z</time>
   </trkpt>
   <trkpt lat="47.2588560" lon="11.3795100">
    <ele>577.1</ele>
    <time>2026-04-26T16:50:11Z</time>
   </trkpt>
   <trkpt lat="47.2588300" lon="11.3794700">
    <ele>577.0</ele>
    <time>2026-04-26T16:50:12Z</time>
   </trkpt>
   <trkpt lat="47.2588020" lon="11.3794600">
    <ele>576.9</ele>
    <time>2026-04-26T16:50:13Z</time>
   </trkpt>
   <trkpt lat="47.2587800" lon="11.3794730">
    <ele>577.0</ele>
    <time>2026-04-26T16:50:14Z</time>
   </trkpt>
   <trkpt lat="47.2587670" lon="11.3794510">
    <ele>577.0</ele>
    <time>2026-04-26T16:50:15Z</time>
   </trkpt>
   <trkpt lat="47.2587570" lon="11.3794670">
    <ele>577.1</ele>
    <time>2026-04-26T16:50:16Z</time>
   </trkpt>
   <trkpt lat="47.2587370" lon="11.3794540">
    <ele>577.2</ele>
    <time>2026-04-26T16:50:17Z</time>
   </trkpt>
   <trkpt lat="47.2587170" lon="11.3794180">
    <ele>577.2</ele>
    <time>2026-04-26T16:50:18Z</time>
   </trkpt>
   <trkpt lat="47.2586990" lon="11.3793930">
    <ele>577.3</ele>
    <time>2026-04-26T16:50:19Z</time>
   </trkpt>
   <trkpt lat="47.2586850" lon="11.3794030">
    <ele>577.3</ele>
    <time>2026-04-26T16:50:20Z</time>
   </trkpt>
   <trkpt lat="47.2586630" lon="11.3793890">
    <ele>577.4</ele>
    <time>2026-04-26T16:50:21Z</time>
   </trkpt>
   <trkpt lat="47.2586510" lon="11.3793800">
    <ele>577.4</ele>
    <time>2026-04-26T16:50:22Z</time>
   </trkpt>
   <trkpt lat="47.2586260" lon="11.3793380">
    <ele>577.4</ele>
    <time>2026-04-26T16:50:23Z</time>
   </trkpt>
   <trkpt lat="47.2586020" lon="11.3793050">
    <ele>577.5</ele>
    <time>2026-04-26T16:50:24Z</time>
   </trkpt>
   <trkpt lat="47.2585940" lon="11.3792990">
    <ele>577.5</ele>
    <time>2026-04-26T16:50:25Z</time>
   </trkpt>
   <trkpt lat="47.2585630" lon="11.3792600">
    <ele>577.5</ele>
    <time>2026-04-26T16:50:26Z</time>
   </trkpt>
   <trkpt lat="47.2585520" lon="11.3792430">
    <ele>577.5</ele>
    <time>2026-04-26T16:50:27Z</time>
   </trkpt>
   <trkpt lat="47.2585240" lon="11.3792340">
    <ele>577.5</ele>
    <time>2026-04-26T16:50:28Z</time>
   </trkpt>
   <trkpt lat="47.2585000" lon="11.3791990">
    <ele>577.5</ele>
    <time>2026-04-26T16:50:29Z</time>
   </trkpt>
   <trkpt lat="47.2584890" lon="11.3791790">
    <ele>577.5</ele>
    <time>2026-04-26T16:50:30Z</time>
   </trkpt>
   <trkpt lat="47.2584780" lon="11.3791240">
    <ele>577.5</ele>
    <time>2026-04-26T16:50:31Z</time>
   </trkpt>
   <trkpt lat="47.2584470" lon="11.3790870">
    <ele>577.5</ele>
    <time>2026-04-26T16:50:32Z</time>
   </trkpt>
   <trkpt lat="47.2584340" lon="11.3790780">
    <ele>577.5</ele>
    <time>2026-04-26T16:50:33Z</time>
   </trkpt>
   <trkpt lat="47.2584080" lon="11.3790480">
    <ele>577.5</ele>
    <time>2026-04-26T16:50:34Z</time>
   </trkpt>
   <trkpt lat="47.2583880" lon="11.3790160">
    <ele>577.5</ele>
    <time>2026-04-26T16:50:35Z</time>
   </trkpt>
   <trkpt lat="47.2583840" lon="11.3790060">
    <ele>577.5</ele>
    <time>2026-04-26T16:50:36Z</time>
   </trkpt>
   <trkpt lat="47.2583610" lon="11.3789650">
    <ele>577.5</ele>
    <time>2026-04-26T16:50:37Z</time>
   </trkpt>
   <trkpt lat="47.2583530" lon="11.3789510">
    <ele>577.5</ele>
    <time>2026-04-26T16:50:38Z</time>
   </trkpt>
   <trkpt lat="47.2583210" lon="11.3789230">
    <ele>577.5</ele>
    <time>2026-04-26T16:50:39Z</time>
   </trkpt>
   <trkpt lat="47.2583070" lon="11.3789200">
    <ele>577.5</ele>
    <time>2026-04-26T16:50:40Z</time>
   </trkpt>
   <trkpt lat="47.2582890" lon="11.3788780">
    <ele>577.6</ele>
    <time>2026-04-26T16:50:41Z</time>
   </trkpt>
   <trkpt lat="47.2582790" lon="11.3788670">
    <ele>577.6</ele>
    <time>2026-04-26T16:50:42Z</time>
   </trkpt>
   <trkpt lat="47.2582450" lon="11.3788510">
    <ele>577.6</ele>
    <time>2026-04-26T16:50:43Z</time>
   </trkpt>
   <trkpt lat="47.2582340" lon="11.3788390">
    <ele>577.6</ele>
    <time>2026-04-26T16:50:44Z</time>
   </trkpt>
   <trkpt lat="47.2582250" lon="11.3788650">
    <ele>577.6</ele>
    <time>2026-04-26T16:50:45Z</time>
   </trkpt>
   <trkpt lat="47.2582060" lon="11.3788530">
    <ele>577.6</ele>
    <time>2026-04-26T16:50:46Z</time>
   </trkpt>
   <trkpt lat="47.2581790" lon="11.3788290">
    <ele>577.6</ele>
    <time>2026-04-26T16:50:47Z</time>
   </trkpt>
   <trkpt lat="47.2581540" lon="11.3788380">
    <ele>577.6</ele>
    <time>2026-04-26T16:50:48Z</time>
   </trkpt>
   <trkpt lat="47.2581430" lon="11.3788270">
    <ele>577.6</ele>
    <time>2026-04-26T16:50:49Z</time>
   </trkpt>
   <trkpt lat="47.2581320" lon="11.3788150">
    <ele>577.6</ele>
    <time>2026-04-26T16:50:50Z</time>
   </trkpt>
   <trkpt lat="47.2581060" lon="11.3787820">
    <ele>577.6</ele>
    <time>2026-04-26T16:50:51Z</time>
   </trkpt>
   <trkpt lat="47.2580960" lon="11.3787770">
    <ele>577.6</ele>
    <time>2026-04-26T16:50:52Z</time>
   </trkpt>
   <trkpt lat="47.2580820" lon="11.3787430">
    <ele>577.6</ele>
    <time>2026-04-26T16:50:53Z</time>
   </trkpt>
   <trkpt lat="47.2580620" lon="11.3786990">
    <ele>577.6</ele>
    <time>2026-04-26T16:50:54Z</time>
   </trkpt>
   <trkpt lat="47.2580560" lon="11.3786830">
    <ele>577.6</ele>
    <time>2026-04-26T16:50:55Z</time>
   </trkpt>
   <trkpt lat="47.2580320" lon="11.3786390">
    <ele>577.6</ele>
    <time>2026-04-26T16:50:56Z</time>
   </trkpt>
   <trkpt lat="47.2580250" lon="11.3786220">
    <ele>577.6</ele>
    <time>2026-04-26T16:50:57Z</time>
   </trkpt>
   <trkpt lat="47.2579970" lon="11.3785960">
    <ele>577.6</ele>
    <time>2026-04-26T16:50:58Z</time>
   </trkpt>
   <trkpt lat="47.2579880" lon="11.3785790">
    <ele>577.7</ele>
    <time>2026-04-26T16:50:59Z</time>
   </trkpt>
   <trkpt lat="47.2579860" lon="11.3785290">
    <ele>577.7</ele>
    <time>2026-04-26T16:51:00Z</time>
   </trkpt>
   <trkpt lat="47.2579580" lon="11.3785030">
    <ele>577.7</ele>
    <time>2026-04-26T16:51:01Z</time>
   </trkpt>
   <trkpt lat="47.2579230" lon="11.3784910">
    <ele>577.7</ele>
    <time>2026-04-26T16:51:02Z</time>
   </trkpt>
   <trkpt lat="47.2579040" lon="11.3784570">
    <ele>577.7</ele>
    <time>2026-04-26T16:51:03Z</time>
   </trkpt>
   <trkpt lat="47.2578760" lon="11.3784280">
    <ele>577.7</ele>
    <time>2026-04-26T16:51:04Z</time>
   </trkpt>
   <trkpt lat="47.2578660" lon="11.3784150">
    <ele>577.7</ele>
    <time>2026-04-26T16:51:05Z</time>
   </trkpt>
   <trkpt lat="47.2578430" lon="11.3783800">
    <ele>577.7</ele>
    <time>2026-04-26T16:51:06Z</time>
   </trkpt>
   <trkpt lat="47.2578360" lon="11.3783720">
    <ele>577.7</ele>
    <time>2026-04-26T16:51:07Z</time>
   </trkpt>
   <trkpt lat="47.2578060" lon="11.3783590">
    <ele>577.7</ele>
    <time>2026-04-26T16:51:08Z</time>
   </trkpt>
   <trkpt lat="47.2577750" lon="11.3783510">
    <ele>577.7</ele>
    <time>2026-04-26T16:51:09Z</time>
   </trkpt>
   <trkpt lat="47.2577640" lon="11.3783350">
    <ele>577.7</ele>
    <time>2026-04-26T16:51:10Z</time>
   </trkpt>
   <trkpt lat="47.2577430" lon="11.3783070">
    <ele>577.7</ele>
    <time>2026-04-26T16:51:11Z</time>
   </trkpt>
   <trkpt lat="47.2577220" lon="11.3782850">
    <ele>577.7</ele>
    <time>2026-04-26T16:51:12Z</time>
   </trkpt>
   <trkpt lat="47.2577090" lon="11.3782760">
    <ele>577.7</ele>
    <time>2026-04-26T16:51:13Z</time>
   </trkpt>
   <trkpt lat="47.2576860" lon="11.3782300">
    <ele>577.7</ele>
    <time>2026-04-26T16:51:14Z</time>
   </trkpt>
   <trkpt lat="47.2576750" lon="11.3782150">
    <ele>577.7</ele>
    <time>2026-04-26T16:51:15Z</time>
   </trkpt>
   <trkpt lat="47.2576460" lon="11.3781860">
    <ele>577.7</ele>
    <time>2026-04-26T16:51:16Z</time>
   </trkpt>
   <trkpt lat="47.2576330" lon="11.3781800">
    <ele>577.7</ele>
    <time>2026-04-26T16:51:17Z</time>
   </trkpt>
   <trkpt lat="47.2576100" lon="11.3781530">
    <ele>577.7</ele>
    <time>2026-04-26T16:51:18Z</time>
   </trkpt>
   <trkpt lat="47.2576010" lon="11.3781450">
    <ele>577.7</ele>
    <time>2026-04-26T16:51:19Z</time>
   </trkpt>
   <trkpt lat="47.2575750" lon="11.3781410">
    <ele>577.7</ele>
    <time>2026-04-26T16:51:20Z</time>
   </trkpt>
   <trkpt lat="47.2575530" lon="11.3781130">
    <ele>577.7</ele>
    <time>2026-04-26T16:51:21Z</time>
   </trkpt>
   <trkpt lat="47.2575220" lon="11.3780880">
    <ele>577.7</ele>
    <time>2026-04-26T16:51:22Z</time>
   </trkpt>
   <trkpt lat="47.2574910" lon="11.3780510">
    <ele>577.7</ele>
    <time>2026-04-26T16:51:23Z</time>
   </trkpt>
   <trkpt lat="47.2574730" lon="11.3780350">
    <ele>577.7</ele>
    <time>2026-04-26T16:51:24Z</time>
   </trkpt>
   <trkpt lat="47.2574540" lon="11.3779870">
    <ele>577.7</ele>
    <time>2026-04-26T16:51:25Z</time>
   </trkpt>
   <trkpt lat="47.2574470" lon="11.3779730">
    <ele>577.7</ele>
    <time>2026-04-26T16:51:26Z</time>
   </trkpt>
   <trkpt lat="47.2574230" lon="11.3779460">
    <ele>577.7</ele>
    <time>2026-04-26T16:51:27Z</time>
   </trkpt>
   <trkpt lat="47.2574140" lon="11.3779370">
    <ele>577.7</ele>
    <time>2026-04-26T16:51:28Z</time>
   </trkpt>
   <trkpt lat="47.2573890" lon="11.3778990">
    <ele>577.7</ele>
    <time>2026-04-26T16:51:29Z</time>
   </trkpt>
   <trkpt lat="47.2573780" lon="11.3778830">
    <ele>577.7</ele>
    <time>2026-04-26T16:51:30Z</time>
   </trkpt>
   <trkpt lat="47.2573520" lon="11.3778670">
    <ele>577.7</ele>
    <time>2026-04-26T16:51:31Z</time>
   </trkpt>
   <trkpt lat="47.2573190" lon="11.3778360">
    <ele>577.7</ele>
    <time>2026-04-26T16:51:32Z</time>
   </trkpt>
   <trkpt lat="47.2573050" lon="11.3778220">
    <ele>577.7</ele>
    <time>2026-04-26T16:51:33Z</time>
   </trkpt>
   <trkpt lat="47.2572830" lon="11.3777980">
    <ele>577.7</ele>
    <time>2026-04-26T16:51:34Z</time>
   </trkpt>
   <trkpt lat="47.2572580" lon="11.3777630">
    <ele>577.6</ele>
    <time>2026-04-26T16:51:35Z</time>
   </trkpt>
   <trkpt lat="47.2572500" lon="11.3777460">
    <ele>577.6</ele>
    <time>2026-04-26T16:51:36Z</time>
   </trkpt>
   <trkpt lat="47.2572260" lon="11.3777090">
    <ele>577.6</ele>
    <time>2026-04-26T16:51:37Z</time>
   </trkpt>
   <trkpt lat="47.2572180" lon="11.3777000">
    <ele>577.6</ele>
    <time>2026-04-26T16:51:38Z</time>
   </trkpt>
   <trkpt lat="47.2572000" lon="11.3776790">
    <ele>577.6</ele>
    <time>2026-04-26T16:51:39Z</time>
   </trkpt>
   <trkpt lat="47.2571940" lon="11.3776690">
    <ele>577.6</ele>
    <time>2026-04-26T16:51:40Z</time>
   </trkpt>
   <trkpt lat="47.2571880" lon="11.3776580">
    <ele>577.6</ele>
    <time>2026-04-26T16:51:41Z</time>
   </trkpt>
   <trkpt lat="47.2571550" lon="11.3776260">
    <ele>577.6</ele>
    <time>2026-04-26T16:51:42Z</time>
   </trkpt>
   <trkpt lat="47.2571440" lon="11.3776170">
    <ele>577.6</ele>
    <time>2026-04-26T16:51:43Z</time>
   </trkpt>
   <trkpt lat="47.2571270" lon="11.3775780">
    <ele>577.6</ele>
    <time>2026-04-26T16:51:44Z</time>
   </trkpt>
   <trkpt lat="47.2571240" lon="11.3775610">
    <ele>577.6</ele>
    <time>2026-04-26T16:51:45Z</time>
   </trkpt>
   <trkpt lat="47.2571010" lon="11.3775480">
    <ele>577.6</ele>
    <time>2026-04-26T16:51:46Z</time>
   </trkpt>
   <trkpt lat="47.2570940" lon="11.3775410">
    <ele>577.6</ele>
    <time>2026-04-26T16:51:47Z</time>
   </trkpt>
   <trkpt lat="47.2570690" lon="11.3774980">
    <ele>577.6</ele>
    <time>2026-04-26T16:51:48Z</time>
   </trkpt>
   <trkpt lat="47.2570580" lon="11.3774850">
    <ele>577.6</ele>
    <time>2026-04-26T16:51:49Z</time>
   </trkpt>
   <trkpt lat="47.2570210" lon="11.3774640">
    <ele>577.6</ele>
    <time>2026-04-26T16:51:50Z</time>
   </trkpt>
   <trkpt lat="47.2569970" lon="11.3774290">
    <ele>577.7</ele>
    <time>2026-04-26T16:51:51Z</time>
   </trkpt>
   <trkpt lat="47.2569860" lon="11.3774150">
    <ele>577.7</ele>
    <time>2026-04-26T16:51:52Z</time>
   </trkpt>
   <trkpt lat="47.2569590" lon="11.3773820">
    <ele>577.7</ele>
    <time>2026-04-26T16:51:53Z</time>
   </trkpt>
   <trkpt lat="47.2569510" lon="11.3773710">
    <ele>577.7</ele>
    <time>2026-04-26T16:51:54Z</time>
   </trkpt>
   <trkpt lat="47.2569280" lon="11.3773450">
    <ele>577.8</ele>
    <time>2026-04-26T16:51:55Z</time>
   </trkpt>
   <trkpt lat="47.2569190" lon="11.3773340">
    <ele>577.8</ele>
    <time>2026-04-26T16:51:56Z</time>
   </trkpt>
   <trkpt lat="47.2568920" lon="11.3773100">
    <ele>577.9</ele>
    <time>2026-04-26T16:51:57Z</time>
   </trkpt>
   <trkpt lat="47.2568750" lon="11.3773190">
    <ele>577.9</ele>
    <time>2026-04-26T16:51:58Z</time>
   </trkpt>
   <trkpt lat="47.2568630" lon="11.3773210">
    <ele>577.9</ele>
    <time>2026-04-26T16:51:59Z</time>
   </trkpt>
   <trkpt lat="47.2568440" lon="11.3773030">
    <ele>578.0</ele>
    <time>2026-04-26T16:52:00Z</time>
   </trkpt>
   <trkpt lat="47.2568330" lon="11.3772930">
    <ele>578.0</ele>
    <time>2026-04-26T16:52:01Z</time>
   </trkpt>
   <trkpt lat="47.2568220" lon="11.3772820">
    <ele>578.0</ele>
    <time>2026-04-26T16:52:02Z</time>
   </trkpt>
   <trkpt lat="47.2568180" lon="11.3772520">
    <ele>578.0</ele>
    <time>2026-04-26T16:52:03Z</time>
   </trkpt>
   <trkpt lat="47.2568310" lon="11.3772430">
    <ele>578.0</ele>
    <time>2026-04-26T16:52:04Z</time>
   </trkpt>
   <trkpt lat="47.2568470" lon="11.3772280">
    <ele>578.0</ele>
    <time>2026-04-26T16:52:05Z</time>
   </trkpt>
   <trkpt lat="47.2568540" lon="11.3772170">
    <ele>578.0</ele>
    <time>2026-04-26T16:52:06Z</time>
   </trkpt>
   <trkpt lat="47.2568600" lon="11.3772060">
    <ele>577.9</ele>
    <time>2026-04-26T16:52:07Z</time>
   </trkpt>
   <trkpt lat="47.2568600" lon="11.3771900">
    <ele>577.9</ele>
    <time>2026-04-26T16:52:08Z</time>
   </trkpt>
   <trkpt lat="47.2568640" lon="11.3771790">
    <ele>577.9</ele>
    <time>2026-04-26T16:52:09Z</time>
   </trkpt>
   <trkpt lat="47.2568610" lon="11.3771590">
    <ele>577.9</ele>
    <time>2026-04-26T16:52:10Z</time>
   </trkpt>
   <trkpt lat="47.2568800" lon="11.3771380">
    <ele>577.9</ele>
    <time>2026-04-26T16:52:11Z</time>
   </trkpt>
   <trkpt lat="47.2568890" lon="11.3771250">
    <ele>577.9</ele>
    <time>2026-04-26T16:52:12Z</time>
   </trkpt>
   <trkpt lat="47.2569080" lon="11.3770880">
    <ele>577.8</ele>
    <time>2026-04-26T16:52:13Z</time>
   </trkpt>
   <trkpt lat="47.2569220" lon="11.3770710">
    <ele>577.8</ele>
    <time>2026-04-26T16:52:14Z</time>
   </trkpt>
   <trkpt lat="47.2569360" lon="11.3770530">
    <ele>577.8</ele>
    <time>2026-04-26T16:52:15Z</time>
   </trkpt>
   <trkpt lat="47.2569520" lon="11.3770180">
    <ele>577.8</ele>
    <time>2026-04-26T16:52:16Z</time>
   </trkpt>
   <trkpt lat="47.2569570" lon="11.3770070">
    <ele>577.8</ele>
    <time>2026-04-26T16:52:17Z</time>
   </trkpt>
   <trkpt lat="47.2569620" lon="11.3769950">
    <ele>577.8</ele>
    <time>2026-04-26T16:52:18Z</time>
   </trkpt>
   <trkpt lat="47.2569590" lon="11.3769700">
    <ele>577.7</ele>
    <time>2026-04-26T16:52:19Z</time>
   </trkpt>
   <trkpt lat="47.2569750" lon="11.3769540">
    <ele>577.7</ele>
    <time>2026-04-26T16:52:20Z</time>
   </trkpt>
   <trkpt lat="47.2569990" lon="11.3769160">
    <ele>577.7</ele>
    <time>2026-04-26T16:52:21Z</time>
   </trkpt>
   <trkpt lat="47.2570200" lon="11.3768870">
    <ele>577.7</ele>
    <time>2026-04-26T16:52:22Z</time>
   </trkpt>
   <trkpt lat="47.2570380" lon="11.3768500">
    <ele>577.6</ele>
    <time>2026-04-26T16:52:23Z</time>
   </trkpt>
   <trkpt lat="47.2570780" lon="11.3768080">
    <ele>577.6</ele>
    <time>2026-04-26T16:52:24Z</time>
   </trkpt>
   <trkpt lat="47.2570960" lon="11.3767840">
    <ele>577.6</ele>
    <time>2026-04-26T16:52:25Z</time>
   </trkpt>
   <trkpt lat="47.2571190" lon="11.3767440">
    <ele>577.5</ele>
    <time>2026-04-26T16:52:26Z</time>
   </trkpt>
   <trkpt lat="47.2571510" lon="11.3767240">
    <ele>577.5</ele>
    <time>2026-04-26T16:52:27Z</time>
   </trkpt>
   <trkpt lat="47.2571520" lon="11.3767020">
    <ele>577.5</ele>
    <time>2026-04-26T16:52:28Z</time>
   </trkpt>
   <trkpt lat="47.2571610" lon="11.3766890">
    <ele>577.5</ele>
    <time>2026-04-26T16:52:29Z</time>
   </trkpt>
   <trkpt lat="47.2571690" lon="11.3766770">
    <ele>577.5</ele>
    <time>2026-04-26T16:52:30Z</time>
   </trkpt>
   <trkpt lat="47.2571780" lon="11.3766640">
    <ele>577.5</ele>
    <time>2026-04-26T16:52:31Z</time>
   </trkpt>
   <trkpt lat="47.2571860" lon="11.3766520">
    <ele>577.5</ele>
    <time>2026-04-26T16:52:32Z</time>
   </trkpt>
   <trkpt lat="47.2571930" lon="11.3766090">
    <ele>577.5</ele>
    <time>2026-04-26T16:52:33Z</time>
   </trkpt>
   <trkpt lat="47.2571970" lon="11.3765980">
    <ele>577.5</ele>
    <time>2026-04-26T16:52:34Z</time>
   </trkpt>
   <trkpt lat="47.2572180" lon="11.3765530">
    <ele>577.5</ele>
    <time>2026-04-26T16:52:35Z</time>
   </trkpt>
   <trkpt lat="47.2572250" lon="11.3765350">
    <ele>577.5</ele>
    <time>2026-04-26T16:52:36Z</time>
   </trkpt>
   <trkpt lat="47.2572550" lon="11.3765010">
    <ele>577.5</ele>
    <time>2026-04-26T16:52:37Z</time>
   </trkpt>
   <trkpt lat="47.2572620" lon="11.3764850">
    <ele>577.5</ele>
    <time>2026-04-26T16:52:38Z</time>
   </trkpt>
   <trkpt lat="47.2572910" lon="11.3764270">
    <ele>577.5</ele>
    <time>2026-04-26T16:52:39Z</time>
   </trkpt>
   <trkpt lat="47.2572930" lon="11.3763740">
    <ele>577.5</ele>
    <time>2026-04-26T16:52:40Z</time>
   </trkpt>
   <trkpt lat="47.2572790" lon="11.3763300">
    <ele>577.5</ele>
    <time>2026-04-26T16:52:41Z</time>
   </trkpt>
   <trkpt lat="47.2572630" lon="11.3762900">
    <ele>577.4</ele>
    <time>2026-04-26T16:52:42Z</time>
   </trkpt>
   <trkpt lat="47.2572580" lon="11.3762720">
    <ele>577.4</ele>
    <time>2026-04-26T16:52:43Z</time>
   </trkpt>
   <trkpt lat="47.2572450" lon="11.3762340">
    <ele>577.4</ele>
    <time>2026-04-26T16:52:44Z</time>
   </trkpt>
   <trkpt lat="47.2572300" lon="11.3761970">
    <ele>577.3</ele>
    <time>2026-04-26T16:52:45Z</time>
   </trkpt>
   <trkpt lat="47.2572100" lon="11.3761670">
    <ele>577.3</ele>
    <time>2026-04-26T16:52:46Z</time>
   </trkpt>
   <trkpt lat="47.2571820" lon="11.3761280">
    <ele>577.2</ele>
    <time>2026-04-26T16:52:47Z</time>
   </trkpt>
   <trkpt lat="47.2571670" lon="11.3761220">
    <ele>577.2</ele>
    <time>2026-04-26T16:52:48Z</time>
   </trkpt>
   <trkpt lat="47.2571560" lon="11.3760850">
    <ele>577.2</ele>
    <time>2026-04-26T16:52:49Z</time>
   </trkpt>
   <trkpt lat="47.2571400" lon="11.3760490">
    <ele>577.1</ele>
    <time>2026-04-26T16:52:50Z</time>
   </trkpt>
   <trkpt lat="47.2571150" lon="11.3760090">
    <ele>577.1</ele>
    <time>2026-04-26T16:52:51Z</time>
   </trkpt>
   <trkpt lat="47.2571090" lon="11.3759940">
    <ele>577.1</ele>
    <time>2026-04-26T16:52:52Z</time>
   </trkpt>
   <trkpt lat="47.2571100" lon="11.3759400">
    <ele>577.1</ele>
    <time>2026-04-26T16:52:53Z</time>
   </trkpt>
   <trkpt lat="47.2570810" lon="11.3759230">
    <ele>577.1</ele>
    <time>2026-04-26T16:52:54Z</time>
   </trkpt>
   <trkpt lat="47.2570490" lon="11.3758960">
    <ele>577.0</ele>
    <time>2026-04-26T16:52:55Z</time>
   </trkpt>
   <trkpt lat="47.2570390" lon="11.3758850">
    <ele>577.0</ele>
    <time>2026-04-26T16:52:56Z</time>
   </trkpt>
   <trkpt lat="47.2570120" lon="11.3758440">
    <ele>577.0</ele>
    <time>2026-04-26T16:52:57Z</time>
   </trkpt>
   <trkpt lat="47.2570040" lon="11.3758310">
    <ele>577.0</ele>
    <time>2026-04-26T16:52:58Z</time>
   </trkpt>
   <trkpt lat="47.2569740" lon="11.3758130">
    <ele>577.0</ele>
    <time>2026-04-26T16:52:59Z</time>
   </trkpt>
   <trkpt lat="47.2569590" lon="11.3758100">
    <ele>577.0</ele>
    <time>2026-04-26T16:53:00Z</time>
   </trkpt>
   <trkpt lat="47.2569380" lon="11.3757820">
    <ele>577.0</ele>
    <time>2026-04-26T16:53:01Z</time>
   </trkpt>
   <trkpt lat="47.2569060" lon="11.3757580">
    <ele>577.0</ele>
    <time>2026-04-26T16:53:02Z</time>
   </trkpt>
   <trkpt lat="47.2568960" lon="11.3757470">
    <ele>577.0</ele>
    <time>2026-04-26T16:53:03Z</time>
   </trkpt>
   <trkpt lat="47.2568640" lon="11.3757220">
    <ele>577.0</ele>
    <time>2026-04-26T16:53:04Z</time>
   </trkpt>
   <trkpt lat="47.2568540" lon="11.3757060">
    <ele>577.0</ele>
    <time>2026-04-26T16:53:05Z</time>
   </trkpt>
   <trkpt lat="47.2568210" lon="11.3756730">
    <ele>577.0</ele>
    <time>2026-04-26T16:53:06Z</time>
   </trkpt>
   <trkpt lat="47.2568050" lon="11.3756570">
    <ele>577.1</ele>
    <time>2026-04-26T16:53:07Z</time>
   </trkpt>
   <trkpt lat="47.2567920" lon="11.3756410">
    <ele>577.1</ele>
    <time>2026-04-26T16:53:08Z</time>
   </trkpt>
   <trkpt lat="47.2567750" lon="11.3756270">
    <ele>577.1</ele>
    <time>2026-04-26T16:53:09Z</time>
   </trkpt>
   <trkpt lat="47.2567510" lon="11.3755960">
    <ele>577.1</ele>
    <time>2026-04-26T16:53:10Z</time>
   </trkpt>
   <trkpt lat="47.2567400" lon="11.3755790">
    <ele>577.1</ele>
    <time>2026-04-26T16:53:11Z</time>
   </trkpt>
   <trkpt lat="47.2567170" lon="11.3755400">
    <ele>577.1</ele>
    <time>2026-04-26T16:53:12Z</time>
   </trkpt>
   <trkpt lat="47.2567040" lon="11.3755290">
    <ele>577.1</ele>
    <time>2026-04-26T16:53:13Z</time>
   </trkpt>
   <trkpt lat="47.2566780" lon="11.3754940">
    <ele>577.1</ele>
    <time>2026-04-26T16:53:14Z</time>
   </trkpt>
   <trkpt lat="47.2566680" lon="11.3754840">
    <ele>577.1</ele>
    <time>2026-04-26T16:53:15Z</time>
   </trkpt>
   <trkpt lat="47.2566620" lon="11.3754600">
    <ele>577.1</ele>
    <time>2026-04-26T16:53:16Z</time>
   </trkpt>
   <trkpt lat="47.2566420" lon="11.3754450">
    <ele>577.1</ele>
    <time>2026-04-26T16:53:17Z</time>
   </trkpt>
   <trkpt lat="47.2566180" lon="11.3754240">
    <ele>577.1</ele>
    <time>2026-04-26T16:53:18Z</time>
   </trkpt>
   <trkpt lat="47.2565920" lon="11.3754000">
    <ele>577.1</ele>
    <time>2026-04-26T16:53:19Z</time>
   </trkpt>
   <trkpt lat="47.2565640" lon="11.3753620">
    <ele>577.1</ele>
    <time>2026-04-26T16:53:20Z</time>
   </trkpt>
   <trkpt lat="47.2565520" lon="11.3753510">
    <ele>577.1</ele>
    <time>2026-04-26T16:53:21Z</time>
   </trkpt>
   <trkpt lat="47.2565230" lon="11.3753140">
    <ele>577.1</ele>
    <time>2026-04-26T16:53:22Z</time>
   </trkpt>
   <trkpt lat="47.2565110" lon="11.3753020">
    <ele>577.1</ele>
    <time>2026-04-26T16:53:23Z</time>
   </trkpt>
   <trkpt lat="47.2564820" lon="11.3752730">
    <ele>577.1</ele>
    <time>2026-04-26T16:53:24Z</time>
   </trkpt>
   <trkpt lat="47.2564730" lon="11.3752600">
    <ele>577.1</ele>
    <time>2026-04-26T16:53:25Z</time>
   </trkpt>
   <trkpt lat="47.2564500" lon="11.3752360">
    <ele>577.1</ele>
    <time>2026-04-26T16:53:26Z</time>
   </trkpt>
   <trkpt lat="47.2564160" lon="11.3752030">
    <ele>577.1</ele>
    <time>2026-04-26T16:53:27Z</time>
   </trkpt>
   <trkpt lat="47.2564040" lon="11.3751910">
    <ele>577.1</ele>
    <time>2026-04-26T16:53:28Z</time>
   </trkpt>
   <trkpt lat="47.2563760" lon="11.3751670">
    <ele>577.1</ele>
    <time>2026-04-26T16:53:29Z</time>
   </trkpt>
   <trkpt lat="47.2563660" lon="11.3751620">
    <ele>577.1</ele>
    <time>2026-04-26T16:53:30Z</time>
   </trkpt>
   <trkpt lat="47.2563380" lon="11.3751300">
    <ele>577.1</ele>
    <time>2026-04-26T16:53:31Z</time>
   </trkpt>
   <trkpt lat="47.2563310" lon="11.3751170">
    <ele>577.1</ele>
    <time>2026-04-26T16:53:32Z</time>
   </trkpt>
   <trkpt lat="47.2562970" lon="11.3750830">
    <ele>577.1</ele>
    <time>2026-04-26T16:53:33Z</time>
   </trkpt>
   <trkpt lat="47.2562850" lon="11.3750670">
    <ele>577.1</ele>
    <time>2026-04-26T16:53:34Z</time>
   </trkpt>
   <trkpt lat="47.2562600" lon="11.3750430">
    <ele>577.1</ele>
    <time>2026-04-26T16:53:35Z</time>
   </trkpt>
   <trkpt lat="47.2562520" lon="11.3750360">
    <ele>577.1</ele>
    <time>2026-04-26T16:53:36Z</time>
   </trkpt>
   <trkpt lat="47.2562260" lon="11.3750080">
    <ele>577.1</ele>
    <time>2026-04-26T16:53:37Z</time>
   </trkpt>
   <trkpt lat="47.2562220" lon="11.3750010">
    <ele>577.1</ele>
    <time>2026-04-26T16:53:38Z</time>
   </trkpt>
   <trkpt lat="47.2561980" lon="11.3749770">
    <ele>577.1</ele>
    <time>2026-04-26T16:53:39Z</time>
   </trkpt>
   <trkpt lat="47.2561890" lon="11.3749690">
    <ele>577.1</ele>
    <time>2026-04-26T16:53:40Z</time>
   </trkpt>
   <trkpt lat="47.2561620" lon="11.3749340">
    <ele>577.1</ele>
    <time>2026-04-26T16:53:41Z</time>
   </trkpt>
   <trkpt lat="47.2561520" lon="11.3749200">
    <ele>577.1</ele>
    <time>2026-04-26T16:53:42Z</time>
   </trkpt>
   <trkpt lat="47.2561200" lon="11.3749160">
    <ele>577.1</ele>
    <time>2026-04-26T16:53:43Z</time>
   </trkpt>
   <trkpt lat="47.2560940" lon="11.3748930">
    <ele>577.1</ele>
    <time>2026-04-26T16:53:44Z</time>
   </trkpt>
   <trkpt lat="47.2560850" lon="11.3748820">
    <ele>577.1</ele>
    <time>2026-04-26T16:53:45Z</time>
   </trkpt>
   <trkpt lat="47.2560620" lon="11.3748430">
    <ele>577.1</ele>
    <time>2026-04-26T16:53:46Z</time>
   </trkpt>
   <trkpt lat="47.2560530" lon="11.3748330">
    <ele>577.2</ele>
    <time>2026-04-26T16:53:47Z</time>
   </trkpt>
   <trkpt lat="47.2560200" lon="11.3748130">
    <ele>577.2</ele>
    <time>2026-04-26T16:53:48Z</time>
   </trkpt>
   <trkpt lat="47.2560100" lon="11.3748000">
    <ele>577.2</ele>
    <time>2026-04-26T16:53:49Z</time>
   </trkpt>
   <trkpt lat="47.2559860" lon="11.3747700">
    <ele>577.2</ele>
    <time>2026-04-26T16:53:50Z</time>
   </trkpt>
   <trkpt lat="47.2559800" lon="11.3747620">
    <ele>577.2</ele>
    <time>2026-04-26T16:53:51Z</time>
   </trkpt>
   <trkpt lat="47.2559560" lon="11.3747380">
    <ele>577.2</ele>
    <time>2026-04-26T16:53:52Z</time>
   </trkpt>
   <trkpt lat="47.2559330" lon="11.3747120">
    <ele>577.2</ele>
    <time>2026-04-26T16:53:53Z</time>
   </trkpt>
   <trkpt lat="47.2559240" lon="11.3747080">
    <ele>577.2</ele>
    <time>2026-04-26T16:53:54Z</time>
   </trkpt>
   <trkpt lat="47.2559020" lon="11.3746900">
    <ele>577.2</ele>
    <time>2026-04-26T16:53:55Z</time>
   </trkpt>
   <trkpt lat="47.2558840" lon="11.3746740">
    <ele>577.2</ele>
    <time>2026-04-26T16:53:57Z</time>
   </trkpt>
   <trkpt lat="47.2558580" lon="11.3746420">
    <ele>577.2</ele>
    <time>2026-04-26T16:53:58Z</time>
   </trkpt>
   <trkpt lat="47.2558390" lon="11.3746140">
    <ele>577.2</ele>
    <time>2026-04-26T16:53:59Z</time>
   </trkpt>
   <trkpt lat="47.2558140" lon="11.3745930">
    <ele>577.2</ele>
    <time>2026-04-26T16:54:00Z</time>
   </trkpt>
   <trkpt lat="47.2558030" lon="11.3745890">
    <ele>577.2</ele>
    <time>2026-04-26T16:54:01Z</time>
   </trkpt>
   <trkpt lat="47.2557760" lon="11.3745520">
    <ele>577.2</ele>
    <time>2026-04-26T16:54:02Z</time>
   </trkpt>
   <trkpt lat="47.2557650" lon="11.3745380">
    <ele>577.2</ele>
    <time>2026-04-26T16:54:03Z</time>
   </trkpt>
   <trkpt lat="47.2557380" lon="11.3745180">
    <ele>577.2</ele>
    <time>2026-04-26T16:54:04Z</time>
   </trkpt>
   <trkpt lat="47.2557120" lon="11.3744920">
    <ele>577.2</ele>
    <time>2026-04-26T16:54:05Z</time>
   </trkpt>
   <trkpt lat="47.2556970" lon="11.3744810">
    <ele>577.2</ele>
    <time>2026-04-26T16:54:06Z</time>
   </trkpt>
   <trkpt lat="47.2556920" lon="11.3744540">
    <ele>577.2</ele>
    <time>2026-04-26T16:54:07Z</time>
   </trkpt>
   <trkpt lat="47.2556850" lon="11.3744450">
    <ele>577.2</ele>
    <time>2026-04-26T16:54:08Z</time>
   </trkpt>
   <trkpt lat="47.2556660" lon="11.3744260">
    <ele>577.2</ele>
    <time>2026-04-26T16:54:09Z</time>
   </trkpt>
   <trkpt lat="47.2556340" lon="11.3743840">
    <ele>577.2</ele>
    <time>2026-04-26T16:54:10Z</time>
   </trkpt>
   <trkpt lat="47.2556020" lon="11.3743590">
    <ele>577.2</ele>
    <time>2026-04-26T16:54:11Z</time>
   </trkpt>
   <trkpt lat="47.2555920" lon="11.3743510">
    <ele>577.2</ele>
    <time>2026-04-26T16:54:12Z</time>
   </trkpt>
   <trkpt lat="47.2555620" lon="11.3743190">
    <ele>577.2</ele>
    <time>2026-04-26T16:54:13Z</time>
   </trkpt>
   <trkpt lat="47.2555520" lon="11.3743080">
    <ele>577.2</ele>
    <time>2026-04-26T16:54:14Z</time>
   </trkpt>
   <trkpt lat="47.2555280" lon="11.3742810">
    <ele>577.2</ele>
    <time>2026-04-26T16:54:15Z</time>
   </trkpt>
   <trkpt lat="47.2555220" lon="11.3742720">
    <ele>577.2</ele>
    <time>2026-04-26T16:54:16Z</time>
   </trkpt>
   <trkpt lat="47.2555180" lon="11.3742640">
    <ele>577.2</ele>
    <time>2026-04-26T16:54:17Z</time>
   </trkpt>
   <trkpt lat="47.2555020" lon="11.3742440">
    <ele>577.2</ele>
    <time>2026-04-26T16:54:18Z</time>
   </trkpt>
   <trkpt lat="47.2554790" lon="11.3742240">
    <ele>577.2</ele>
    <time>2026-04-26T16:54:19Z</time>
   </trkpt>
   <trkpt lat="47.2554360" lon="11.3741800">
    <ele>577.2</ele>
    <time>2026-04-26T16:54:20Z</time>
   </trkpt>
   <trkpt lat="47.2554150" lon="11.3741570">
    <ele>577.2</ele>
    <time>2026-04-26T16:54:21Z</time>
   </trkpt>
   <trkpt lat="47.2553850" lon="11.3741160">
    <ele>577.2</ele>
    <time>2026-04-26T16:54:22Z</time>
   </trkpt>
   <trkpt lat="47.2553720" lon="11.3741000">
    <ele>577.2</ele>
    <time>2026-04-26T16:54:23Z</time>
   </trkpt>
   <trkpt lat="47.2553470" lon="11.3740810">
    <ele>577.2</ele>
    <time>2026-04-26T16:54:24Z</time>
   </trkpt>
   <trkpt lat="47.2553190" lon="11.3740560">
    <ele>577.2</ele>
    <time>2026-04-26T16:54:25Z</time>
   </trkpt>
   <trkpt lat="47.2552880" lon="11.3740180">
    <ele>577.2</ele>
    <time>2026-04-26T16:54:26Z</time>
   </trkpt>
   <trkpt lat="47.2552570" lon="11.3739900">
    <ele>577.2</ele>
    <time>2026-04-26T16:54:27Z</time>
   </trkpt>
   <trkpt lat="47.2552460" lon="11.3739830">
    <ele>577.2</ele>
    <time>2026-04-26T16:54:28Z</time>
   </trkpt>
   <trkpt lat="47.2552200" lon="11.3739470">
    <ele>577.2</ele>
    <time>2026-04-26T16:54:29Z</time>
   </trkpt>
   <trkpt lat="47.2552080" lon="11.3739360">
    <ele>577.2</ele>
    <time>2026-04-26T16:54:30Z</time>
   </trkpt>
   <trkpt lat="47.2551770" lon="11.3739080">
    <ele>577.2</ele>
    <time>2026-04-26T16:54:31Z</time>
   </trkpt>
   <trkpt lat="47.2551560" lon="11.3738820">
    <ele>577.2</ele>
    <time>2026-04-26T16:54:32Z</time>
   </trkpt>
   <trkpt lat="47.2551340" lon="11.3738580">
    <ele>577.2</ele>
    <time>2026-04-26T16:54:33Z</time>
   </trkpt>
   <trkpt lat="47.2551220" lon="11.3738470">
    <ele>577.2</ele>
    <time>2026-04-26T16:54:34Z</time>
   </trkpt>
   <trkpt lat="47.2551020" lon="11.3738150">
    <ele>577.2</ele>
    <time>2026-04-26T16:54:35Z</time>
   </trkpt>
   <trkpt lat="47.2550920" lon="11.3738010">
    <ele>577.2</ele>
    <time>2026-04-26T16:54:36Z</time>
   </trkpt>
   <trkpt lat="47.2550670" lon="11.3737820">
    <ele>577.2</ele>
    <time>2026-04-26T16:54:37Z</time>
   </trkpt>
   <trkpt lat="47.2550580" lon="11.3737730">
    <ele>577.2</ele>
    <time>2026-04-26T16:54:38Z</time>
   </trkpt>
   <trkpt lat="47.2550370" lon="11.3737480">
    <ele>577.2</ele>
    <time>2026-04-26T16:54:39Z</time>
   </trkpt>
   <trkpt lat="47.2550130" lon="11.3737220">
    <ele>577.2</ele>
    <time>2026-04-26T16:54:40Z</time>
   </trkpt>
   <trkpt lat="47.2549880" lon="11.3737010">
    <ele>577.2</ele>
    <time>2026-04-26T16:54:41Z</time>
   </trkpt>
   <trkpt lat="47.2549730" lon="11.3736860">
    <ele>577.2</ele>
    <time>2026-04-26T16:54:42Z</time>
   </trkpt>
   <trkpt lat="47.2549590" lon="11.3736720">
    <ele>577.2</ele>
    <time>2026-04-26T16:54:43Z</time>
   </trkpt>
   <trkpt lat="47.2549360" lon="11.3736480">
    <ele>577.2</ele>
    <time>2026-04-26T16:54:44Z</time>
   </trkpt>
   <trkpt lat="47.2549280" lon="11.3736420">
    <ele>577.3</ele>
    <time>2026-04-26T16:54:45Z</time>
   </trkpt>
   <trkpt lat="47.2549170" lon="11.3736230">
    <ele>577.3</ele>
    <time>2026-04-26T16:54:46Z</time>
   </trkpt>
   <trkpt lat="47.2549080" lon="11.3736110">
    <ele>577.3</ele>
    <time>2026-04-26T16:54:47Z</time>
   </trkpt>
   <trkpt lat="47.2548790" lon="11.3735780">
    <ele>577.3</ele>
    <time>2026-04-26T16:54:48Z</time>
   </trkpt>
   <trkpt lat="47.2548710" lon="11.3735690">
    <ele>577.3</ele>
    <time>2026-04-26T16:54:49Z</time>
   </trkpt>
   <trkpt lat="47.2548470" lon="11.3735400">
    <ele>577.3</ele>
    <time>2026-04-26T16:54:50Z</time>
   </trkpt>
   <trkpt lat="47.2548290" lon="11.3735070">
    <ele>577.3</ele>
    <time>2026-04-26T16:54:51Z</time>
   </trkpt>
   <trkpt lat="47.2547990" lon="11.3734860">
    <ele>577.3</ele>
    <time>2026-04-26T16:54:52Z</time>
   </trkpt>
   <trkpt lat="47.2547920" lon="11.3734680">
    <ele>577.3</ele>
    <time>2026-04-26T16:54:53Z</time>
   </trkpt>
   <trkpt lat="47.2547830" lon="11.3734530">
    <ele>577.3</ele>
    <time>2026-04-26T16:54:54Z</time>
   </trkpt>
   <trkpt lat="47.2547630" lon="11.3734270">
    <ele>577.3</ele>
    <time>2026-04-26T16:54:55Z</time>
   </trkpt>
   <trkpt lat="47.2547530" lon="11.3734130">
    <ele>577.3</ele>
    <time>2026-04-26T16:54:56Z</time>
   </trkpt>
   <trkpt lat="47.2547250" lon="11.3733840">
    <ele>577.3</ele>
    <time>2026-04-26T16:54:57Z</time>
   </trkpt>
   <trkpt lat="47.2547140" lon="11.3733790">
    <ele>577.3</ele>
    <time>2026-04-26T16:54:58Z</time>
   </trkpt>
   <trkpt lat="47.2546820" lon="11.3733720">
    <ele>577.3</ele>
    <time>2026-04-26T16:54:59Z</time>
   </trkpt>
   <trkpt lat="47.2546710" lon="11.3733630">
    <ele>577.3</ele>
    <time>2026-04-26T16:55:00Z</time>
   </trkpt>
   <trkpt lat="47.2546510" lon="11.3733220">
    <ele>577.3</ele>
    <time>2026-04-26T16:55:01Z</time>
   </trkpt>
   <trkpt lat="47.2546460" lon="11.3733060">
    <ele>577.3</ele>
    <time>2026-04-26T16:55:02Z</time>
   </trkpt>
   <trkpt lat="47.2546250" lon="11.3732740">
    <ele>577.3</ele>
    <time>2026-04-26T16:55:03Z</time>
   </trkpt>
   <trkpt lat="47.2546000" lon="11.3732440">
    <ele>577.4</ele>
    <time>2026-04-26T16:55:04Z</time>
   </trkpt>
   <trkpt lat="47.2545790" lon="11.3732050">
    <ele>577.4</ele>
    <time>2026-04-26T16:55:05Z</time>
   </trkpt>
   <trkpt lat="47.2545690" lon="11.3731950">
    <ele>577.4</ele>
    <time>2026-04-26T16:55:06Z</time>
   </trkpt>
   <trkpt lat="47.2545460" lon="11.3731550">
    <ele>577.4</ele>
    <time>2026-04-26T16:55:07Z</time>
   </trkpt>
   <trkpt lat="47.2545380" lon="11.3731430">
    <ele>577.4</ele>
    <time>2026-04-26T16:55:08Z</time>
   </trkpt>
   <trkpt lat="47.2545170" lon="11.3730950">
    <ele>577.4</ele>
    <time>2026-04-26T16:55:09Z</time>
   </trkpt>
   <trkpt lat="47.2545090" lon="11.3730800">
    <ele>577.4</ele>
    <time>2026-04-26T16:55:10Z</time>
   </trkpt>
   <trkpt lat="47.2544880" lon="11.3730520">
    <ele>577.4</ele>
    <time>2026-04-26T16:55:11Z</time>
   </trkpt>
   <trkpt lat="47.2544620" lon="11.3730150">
    <ele>577.4</ele>
    <time>2026-04-26T16:55:12Z</time>
   </trkpt>
   <trkpt lat="47.2544560" lon="11.3730010">
    <ele>577.4</ele>
    <time>2026-04-26T16:55:13Z</time>
   </trkpt>
   <trkpt lat="47.2544260" lon="11.3729680">
    <ele>577.4</ele>
    <time>2026-04-26T16:55:14Z</time>
   </trkpt>
   <trkpt lat="47.2544160" lon="11.3729550">
    <ele>577.4</ele>
    <time>2026-04-26T16:55:15Z</time>
   </trkpt>
   <trkpt lat="47.2544080" lon="11.3729380">
    <ele>577.4</ele>
    <time>2026-04-26T16:55:16Z</time>
   </trkpt>
   <trkpt lat="47.2543950" lon="11.3729170">
    <ele>577.4</ele>
    <time>2026-04-26T16:55:17Z</time>
   </trkpt>
   <trkpt lat="47.2543740" lon="11.3728780">
    <ele>577.4</ele>
    <time>2026-04-26T16:55:18Z</time>
   </trkpt>
   <trkpt lat="47.2543510" lon="11.3728450">
    <ele>577.4</ele>
    <time>2026-04-26T16:55:19Z</time>
   </trkpt>
   <trkpt lat="47.2543380" lon="11.3728380">
    <ele>577.4</ele>
    <time>2026-04-26T16:55:20Z</time>
   </trkpt>
   <trkpt lat="47.2543200" lon="11.3728080">
    <ele>577.4</ele>
    <time>2026-04-26T16:55:21Z</time>
   </trkpt>
   <trkpt lat="47.2543110" lon="11.3727700">
    <ele>577.4</ele>
    <time>2026-04-26T16:55:22Z</time>
   </trkpt>
   <trkpt lat="47.2542920" lon="11.3727400">
    <ele>577.4</ele>
    <time>2026-04-26T16:55:23Z</time>
   </trkpt>
   <trkpt lat="47.2542690" lon="11.3727070">
    <ele>577.5</ele>
    <time>2026-04-26T16:55:24Z</time>
   </trkpt>
   <trkpt lat="47.2542600" lon="11.3726930">
    <ele>577.5</ele>
    <time>2026-04-26T16:55:25Z</time>
   </trkpt>
   <trkpt lat="47.2542480" lon="11.3726600">
    <ele>577.5</ele>
    <time>2026-04-26T16:55:26Z</time>
   </trkpt>
   <trkpt lat="47.2542370" lon="11.3726400">
    <ele>577.5</ele>
    <time>2026-04-26T16:55:27Z</time>
   </trkpt>
   <trkpt lat="47.2542250" lon="11.3726200">
    <ele>577.4</ele>
    <time>2026-04-26T16:55:28Z</time>
   </trkpt>
   <trkpt lat="47.2542000" lon="11.3725920">
    <ele>577.4</ele>
    <time>2026-04-26T16:55:29Z</time>
   </trkpt>
   <trkpt lat="47.2541800" lon="11.3725620">
    <ele>577.4</ele>
    <time>2026-04-26T16:55:30Z</time>
   </trkpt>
   <trkpt lat="47.2541710" lon="11.3725230">
    <ele>577.4</ele>
    <time>2026-04-26T16:55:31Z</time>
   </trkpt>
   <trkpt lat="47.2541590" lon="11.3724800">
    <ele>577.3</ele>
    <time>2026-04-26T16:55:32Z</time>
   </trkpt>
   <trkpt lat="47.2541540" lon="11.3724710">
    <ele>577.3</ele>
    <time>2026-04-26T16:55:33Z</time>
   </trkpt>
   <trkpt lat="47.2541640" lon="11.3724230">
    <ele>577.3</ele>
    <time>2026-04-26T16:55:34Z</time>
   </trkpt>
   <trkpt lat="47.2541250" lon="11.3724000">
    <ele>577.2</ele>
    <time>2026-04-26T16:55:35Z</time>
   </trkpt>
   <trkpt lat="47.2540930" lon="11.3723730">
    <ele>577.2</ele>
    <time>2026-04-26T16:55:36Z</time>
   </trkpt>
   <trkpt lat="47.2540810" lon="11.3723610">
    <ele>577.1</ele>
    <time>2026-04-26T16:55:37Z</time>
   </trkpt>
   <trkpt lat="47.2540580" lon="11.3723230">
    <ele>577.1</ele>
    <time>2026-04-26T16:55:38Z</time>
   </trkpt>
   <trkpt lat="47.2540470" lon="11.3723050">
    <ele>577.0</ele>
    <time>2026-04-26T16:55:39Z</time>
   </trkpt>
   <trkpt lat="47.2540280" lon="11.3722760">
    <ele>577.0</ele>
    <time>2026-04-26T16:55:40Z</time>
   </trkpt>
   <trkpt lat="47.2540000" lon="11.3722390">
    <ele>576.9</ele>
    <time>2026-04-26T16:55:41Z</time>
   </trkpt>
   <trkpt lat="47.2539900" lon="11.3722280">
    <ele>576.9</ele>
    <time>2026-04-26T16:55:42Z</time>
   </trkpt>
   <trkpt lat="47.2539810" lon="11.3722130">
    <ele>576.9</ele>
    <time>2026-04-26T16:55:43Z</time>
   </trkpt>
   <trkpt lat="47.2539640" lon="11.3721940">
    <ele>576.8</ele>
    <time>2026-04-26T16:55:44Z</time>
   </trkpt>
   <trkpt lat="47.2539460" lon="11.3721490">
    <ele>576.8</ele>
    <time>2026-04-26T16:55:45Z</time>
   </trkpt>
   <trkpt lat="47.2539380" lon="11.3721320">
    <ele>576.8</ele>
    <time>2026-04-26T16:55:46Z</time>
   </trkpt>
   <trkpt lat="47.2539190" lon="11.3720910">
    <ele>576.7</ele>
    <time>2026-04-26T16:55:47Z</time>
   </trkpt>
   <trkpt lat="47.2538960" lon="11.3720510">
    <ele>576.7</ele>
    <time>2026-04-26T16:55:48Z</time>
   </trkpt>
   <trkpt lat="47.2538900" lon="11.3720400">
    <ele>576.7</ele>
    <time>2026-04-26T16:55:49Z</time>
   </trkpt>
   <trkpt lat="47.2538730" lon="11.3720030">
    <ele>576.6</ele>
    <time>2026-04-26T16:55:50Z</time>
   </trkpt>
   <trkpt lat="47.2538570" lon="11.3719580">
    <ele>576.6</ele>
    <time>2026-04-26T16:55:51Z</time>
   </trkpt>
   <trkpt lat="47.2538550" lon="11.3719460">
    <ele>576.6</ele>
    <time>2026-04-26T16:55:52Z</time>
   </trkpt>
   <trkpt lat="47.2538360" lon="11.3719080">
    <ele>576.6</ele>
    <time>2026-04-26T16:55:53Z</time>
   </trkpt>
   <trkpt lat="47.2538120" lon="11.3718600">
    <ele>576.6</ele>
    <time>2026-04-26T16:55:54Z</time>
   </trkpt>
   <trkpt lat="47.2538020" lon="11.3718420">
    <ele>576.6</ele>
    <time>2026-04-26T16:55:55Z</time>
   </trkpt>
   <trkpt lat="47.2537880" lon="11.3718020">
    <ele>576.6</ele>
    <time>2026-04-26T16:55:56Z</time>
   </trkpt>
   <trkpt lat="47.2537700" lon="11.3717590">
    <ele>576.6</ele>
    <time>2026-04-26T16:55:57Z</time>
   </trkpt>
   <trkpt lat="47.2537600" lon="11.3717400">
    <ele>576.6</ele>
    <time>2026-04-26T16:55:58Z</time>
   </trkpt>
   <trkpt lat="47.2537450" lon="11.3716910">
    <ele>576.6</ele>
    <time>2026-04-26T16:55:59Z</time>
   </trkpt>
   <trkpt lat="47.2537300" lon="11.3716500">
    <ele>576.6</ele>
    <time>2026-04-26T16:56:00Z</time>
   </trkpt>
   <trkpt lat="47.2537240" lon="11.3716330">
    <ele>576.7</ele>
    <time>2026-04-26T16:56:01Z</time>
   </trkpt>
   <trkpt lat="47.2537130" lon="11.3715910">
    <ele>576.7</ele>
    <time>2026-04-26T16:56:03Z</time>
   </trkpt>
   <trkpt lat="47.2537100" lon="11.3715790">
    <ele>576.7</ele>
    <time>2026-04-26T16:56:04Z</time>
   </trkpt>
   <trkpt lat="47.2536990" lon="11.3715380">
    <ele>576.7</ele>
    <time>2026-04-26T16:56:05Z</time>
   </trkpt>
   <trkpt lat="47.2536910" lon="11.3715200">
    <ele>576.7</ele>
    <time>2026-04-26T16:56:06Z</time>
   </trkpt>
   <trkpt lat="47.2536680" lon="11.3714890">
    <ele>576.7</ele>
    <time>2026-04-26T16:56:07Z</time>
   </trkpt>
   <trkpt lat="47.2536550" lon="11.3714500">
    <ele>576.7</ele>
    <time>2026-04-26T16:56:08Z</time>
   </trkpt>
   <trkpt lat="47.2536440" lon="11.3714030">
    <ele>576.7</ele>
    <time>2026-04-26T16:56:09Z</time>
   </trkpt>
   <trkpt lat="47.2536410" lon="11.3713910">
    <ele>576.7</ele>
    <time>2026-04-26T16:56:10Z</time>
   </trkpt>
   <trkpt lat="47.2536270" lon="11.3713500">
    <ele>576.7</ele>
    <time>2026-04-26T16:56:11Z</time>
   </trkpt>
   <trkpt lat="47.2536220" lon="11.3713340">
    <ele>576.7</ele>
    <time>2026-04-26T16:56:12Z</time>
   </trkpt>
   <trkpt lat="47.2536140" lon="11.3712830">
    <ele>576.7</ele>
    <time>2026-04-26T16:56:13Z</time>
   </trkpt>
   <trkpt lat="47.2536110" lon="11.3712670">
    <ele>576.7</ele>
    <time>2026-04-26T16:56:14Z</time>
   </trkpt>
   <trkpt lat="47.2536030" lon="11.3712260">
    <ele>576.7</ele>
    <time>2026-04-26T16:56:15Z</time>
   </trkpt>
   <trkpt lat="47.2535990" lon="11.3712120">
    <ele>576.7</ele>
    <time>2026-04-26T16:56:16Z</time>
   </trkpt>
   <trkpt lat="47.2535880" lon="11.3711740">
    <ele>576.7</ele>
    <time>2026-04-26T16:56:17Z</time>
   </trkpt>
   <trkpt lat="47.2535700" lon="11.3711260">
    <ele>576.7</ele>
    <time>2026-04-26T16:56:18Z</time>
   </trkpt>
   <trkpt lat="47.2535660" lon="11.3711080">
    <ele>576.7</ele>
    <time>2026-04-26T16:56:19Z</time>
   </trkpt>
   <trkpt lat="47.2535570" lon="11.3710630">
    <ele>576.7</ele>
    <time>2026-04-26T16:56:20Z</time>
   </trkpt>
   <trkpt lat="47.2535520" lon="11.3710500">
    <ele>576.7</ele>
    <time>2026-04-26T16:56:21Z</time>
   </trkpt>
   <trkpt lat="47.2535410" lon="11.3710000">
    <ele>576.7</ele>
    <time>2026-04-26T16:56:22Z</time>
   </trkpt>
   <trkpt lat="47.2535390" lon="11.3709810">
    <ele>576.7</ele>
    <time>2026-04-26T16:56:23Z</time>
   </trkpt>
   <trkpt lat="47.2535290" lon="11.3709280">
    <ele>576.7</ele>
    <time>2026-04-26T16:56:24Z</time>
   </trkpt>
   <trkpt lat="47.2535240" lon="11.3709130">
    <ele>576.8</ele>
    <time>2026-04-26T16:56:25Z</time>
   </trkpt>
   <trkpt lat="47.2535160" lon="11.3708640">
    <ele>576.8</ele>
    <time>2026-04-26T16:56:26Z</time>
   </trkpt>
   <trkpt lat="47.2535100" lon="11.3708500">
    <ele>576.8</ele>
    <time>2026-04-26T16:56:27Z</time>
   </trkpt>
   <trkpt lat="47.2535020" lon="11.3708000">
    <ele>576.8</ele>
    <time>2026-04-26T16:56:28Z</time>
   </trkpt>
   <trkpt lat="47.2534970" lon="11.3707850">
    <ele>576.8</ele>
    <time>2026-04-26T16:56:29Z</time>
   </trkpt>
   <trkpt lat="47.2534840" lon="11.3707240">
    <ele>576.8</ele>
    <time>2026-04-26T16:56:30Z</time>
   </trkpt>
   <trkpt lat="47.2534790" lon="11.3706980">
    <ele>576.8</ele>
    <time>2026-04-26T16:56:31Z</time>
   </trkpt>
   <trkpt lat="47.2534730" lon="11.3706550">
    <ele>576.8</ele>
    <time>2026-04-26T16:56:32Z</time>
   </trkpt>
   <trkpt lat="47.2534670" lon="11.3706000">
    <ele>576.8</ele>
    <time>2026-04-26T16:56:33Z</time>
   </trkpt>
   <trkpt lat="47.2534490" lon="11.3705550">
    <ele>576.8</ele>
    <time>2026-04-26T16:56:34Z</time>
   </trkpt>
   <trkpt lat="47.2534430" lon="11.3705090">
    <ele>576.8</ele>
    <time>2026-04-26T16:56:35Z</time>
   </trkpt>
   <trkpt lat="47.2534320" lon="11.3704690">
    <ele>576.8</ele>
    <time>2026-04-26T16:56:36Z</time>
   </trkpt>
   <trkpt lat="47.2534290" lon="11.3704550">
    <ele>576.8</ele>
    <time>2026-04-26T16:56:37Z</time>
   </trkpt>
   <trkpt lat="47.2534140" lon="11.3704090">
    <ele>576.9</ele>
    <time>2026-04-26T16:56:38Z</time>
   </trkpt>
   <trkpt lat="47.2534080" lon="11.3703900">
    <ele>576.9</ele>
    <time>2026-04-26T16:56:39Z</time>
   </trkpt>
   <trkpt lat="47.2534050" lon="11.3703520">
    <ele>576.9</ele>
    <time>2026-04-26T16:56:40Z</time>
   </trkpt>
   <trkpt lat="47.2534050" lon="11.3703340">
    <ele>576.9</ele>
    <time>2026-04-26T16:56:41Z</time>
   </trkpt>
   <trkpt lat="47.2534020" lon="11.3702900">
    <ele>576.9</ele>
    <time>2026-04-26T16:56:42Z</time>
   </trkpt>
   <trkpt lat="47.2534020" lon="11.3702490">
    <ele>576.9</ele>
    <time>2026-04-26T16:56:43Z</time>
   </trkpt>
   <trkpt lat="47.2533900" lon="11.3702050">
    <ele>576.9</ele>
    <time>2026-04-26T16:56:44Z</time>
   </trkpt>
   <trkpt lat="47.2533840" lon="11.3701960">
    <ele>576.9</ele>
    <time>2026-04-26T16:56:45Z</time>
   </trkpt>
   <trkpt lat="47.2533760" lon="11.3701520">
    <ele>576.9</ele>
    <time>2026-04-26T16:56:46Z</time>
   </trkpt>
   <trkpt lat="47.2533720" lon="11.3700990">
    <ele>576.9</ele>
    <time>2026-04-26T16:56:47Z</time>
   </trkpt>
   <trkpt lat="47.2533710" lon="11.3700770">
    <ele>576.9</ele>
    <time>2026-04-26T16:56:48Z</time>
   </trkpt>
   <trkpt lat="47.2533620" lon="11.3700210">
    <ele>576.9</ele>
    <time>2026-04-26T16:56:49Z</time>
   </trkpt>
   <trkpt lat="47.2533580" lon="11.3700000">
    <ele>576.9</ele>
    <time>2026-04-26T16:56:50Z</time>
   </trkpt>
   <trkpt lat="47.2533540" lon="11.3699540">
    <ele>576.9</ele>
    <time>2026-04-26T16:56:51Z</time>
   </trkpt>
   <trkpt lat="47.2533480" lon="11.3699080">
    <ele>576.9</ele>
    <time>2026-04-26T16:56:52Z</time>
   </trkpt>
   <trkpt lat="47.2533440" lon="11.3698980">
    <ele>576.9</ele>
    <time>2026-04-26T16:56:53Z</time>
   </trkpt>
   <trkpt lat="47.2533420" lon="11.3698440">
    <ele>576.9</ele>
    <time>2026-04-26T16:56:54Z</time>
   </trkpt>
   <trkpt lat="47.2533410" lon="11.3698260">
    <ele>576.9</ele>
    <time>2026-04-26T16:56:55Z</time>
   </trkpt>
   <trkpt lat="47.2533410" lon="11.3697700">
    <ele>576.9</ele>
    <time>2026-04-26T16:56:56Z</time>
   </trkpt>
   <trkpt lat="47.2533420" lon="11.3697470">
    <ele>576.9</ele>
    <time>2026-04-26T16:56:57Z</time>
   </trkpt>
   <trkpt lat="47.2533310" lon="11.3696950">
    <ele>576.9</ele>
    <time>2026-04-26T16:56:58Z</time>
   </trkpt>
   <trkpt lat="47.2533280" lon="11.3696790">
    <ele>576.9</ele>
    <time>2026-04-26T16:56:59Z</time>
   </trkpt>
   <trkpt lat="47.2533170" lon="11.3696180">
    <ele>576.9</ele>
    <time>2026-04-26T16:57:00Z</time>
   </trkpt>
   <trkpt lat="47.2533140" lon="11.3695960">
    <ele>576.9</ele>
    <time>2026-04-26T16:57:01Z</time>
   </trkpt>
   <trkpt lat="47.2533000" lon="11.3695440">
    <ele>576.9</ele>
    <time>2026-04-26T16:57:02Z</time>
   </trkpt>
   <trkpt lat="47.2532980" lon="11.3695250">
    <ele>576.9</ele>
    <time>2026-04-26T16:57:03Z</time>
   </trkpt>
   <trkpt lat="47.2532930" lon="11.3694620">
    <ele>576.9</ele>
    <time>2026-04-26T16:57:04Z</time>
   </trkpt>
   <trkpt lat="47.2532920" lon="11.3694370">
    <ele>577.0</ele>
    <time>2026-04-26T16:57:05Z</time>
   </trkpt>
   <trkpt lat="47.2533020" lon="11.3693990">
    <ele>577.0</ele>
    <time>2026-04-26T16:57:06Z</time>
   </trkpt>
   <trkpt lat="47.2533020" lon="11.3693500">
    <ele>577.0</ele>
    <time>2026-04-26T16:57:07Z</time>
   </trkpt>
   <trkpt lat="47.2532980" lon="11.3693330">
    <ele>577.0</ele>
    <time>2026-04-26T16:57:08Z</time>
   </trkpt>
   <trkpt lat="47.2532970" lon="11.3692910">
    <ele>577.0</ele>
    <time>2026-04-26T16:57:09Z</time>
   </trkpt>
   <trkpt lat="47.2532920" lon="11.3692350">
    <ele>577.0</ele>
    <time>2026-04-26T16:57:10Z</time>
   </trkpt>
   <trkpt lat="47.2532900" lon="11.3692140">
    <ele>577.0</ele>
    <time>2026-04-26T16:57:11Z</time>
   </trkpt>
   <trkpt lat="47.2532910" lon="11.3691660">
    <ele>577.0</ele>
    <time>2026-04-26T16:57:12Z</time>
   </trkpt>
   <trkpt lat="47.2532910" lon="11.3691450">
    <ele>577.0</ele>
    <time>2026-04-26T16:57:13Z</time>
   </trkpt>
   <trkpt lat="47.2532900" lon="11.3690950">
    <ele>577.0</ele>
    <time>2026-04-26T16:57:14Z</time>
   </trkpt>
   <trkpt lat="47.2532860" lon="11.3690740">
    <ele>577.0</ele>
    <time>2026-04-26T16:57:15Z</time>
   </trkpt>
   <trkpt lat="47.2532870" lon="11.3690260">
    <ele>577.0</ele>
    <time>2026-04-26T16:57:16Z</time>
   </trkpt>
   <trkpt lat="47.2532870" lon="11.3690130">
    <ele>577.0</ele>
    <time>2026-04-26T16:57:17Z</time>
   </trkpt>
   <trkpt lat="47.2532890" lon="11.3689530">
    <ele>577.0</ele>
    <time>2026-04-26T16:57:18Z</time>
   </trkpt>
   <trkpt lat="47.2532920" lon="11.3689300">
    <ele>577.0</ele>
    <time>2026-04-26T16:57:19Z</time>
   </trkpt>
   <trkpt lat="47.2532900" lon="11.3688810">
    <ele>577.0</ele>
    <time>2026-04-26T16:57:20Z</time>
   </trkpt>
   <trkpt lat="47.2532920" lon="11.3688620">
    <ele>577.0</ele>
    <time>2026-04-26T16:57:21Z</time>
   </trkpt>
   <trkpt lat="47.2532970" lon="11.3688040">
    <ele>577.0</ele>
    <time>2026-04-26T16:57:22Z</time>
   </trkpt>
   <trkpt lat="47.2533000" lon="11.3687810">
    <ele>577.0</ele>
    <time>2026-04-26T16:57:23Z</time>
   </trkpt>
   <trkpt lat="47.2533000" lon="11.3687240">
    <ele>577.0</ele>
    <time>2026-04-26T16:57:24Z</time>
   </trkpt>
   <trkpt lat="47.2532990" lon="11.3687030">
    <ele>577.0</ele>
    <time>2026-04-26T16:57:25Z</time>
   </trkpt>
   <trkpt lat="47.2532940" lon="11.3686510">
    <ele>577.0</ele>
    <time>2026-04-26T16:57:26Z</time>
   </trkpt>
   <trkpt lat="47.2532940" lon="11.3686340">
    <ele>577.0</ele>
    <time>2026-04-26T16:57:27Z</time>
   </trkpt>
   <trkpt lat="47.2532990" lon="11.3685930">
    <ele>577.0</ele>
    <time>2026-04-26T16:57:28Z</time>
   </trkpt>
   <trkpt lat="47.2533000" lon="11.3685720">
    <ele>577.0</ele>
    <time>2026-04-26T16:57:29Z</time>
   </trkpt>
   <trkpt lat="47.2533000" lon="11.3685170">
    <ele>577.0</ele>
    <time>2026-04-26T16:57:30Z</time>
   </trkpt>
   <trkpt lat="47.2532990" lon="11.3685020">
    <ele>577.0</ele>
    <time>2026-04-26T16:57:31Z</time>
   </trkpt>
   <trkpt lat="47.2533030" lon="11.3684530">
    <ele>577.0</ele>
    <time>2026-04-26T16:57:32Z</time>
   </trkpt>
   <trkpt lat="47.2533050" lon="11.3684300">
    <ele>577.0</ele>
    <time>2026-04-26T16:57:33Z</time>
   </trkpt>
   <trkpt lat="47.2533020" lon="11.3683850">
    <ele>577.0</ele>
    <time>2026-04-26T16:57:34Z</time>
   </trkpt>
   <trkpt lat="47.2533050" lon="11.3683410">
    <ele>577.0</ele>
    <time>2026-04-26T16:57:35Z</time>
   </trkpt>
   <trkpt lat="47.2533090" lon="11.3683200">
    <ele>577.0</ele>
    <time>2026-04-26T16:57:36Z</time>
   </trkpt>
   <trkpt lat="47.2533130" lon="11.3682790">
    <ele>577.0</ele>
    <time>2026-04-26T16:57:37Z</time>
   </trkpt>
   <trkpt lat="47.2533100" lon="11.3682640">
    <ele>577.0</ele>
    <time>2026-04-26T16:57:38Z</time>
   </trkpt>
   <trkpt lat="47.2533160" lon="11.3682190">
    <ele>577.0</ele>
    <time>2026-04-26T16:57:39Z</time>
   </trkpt>
   <trkpt lat="47.2533210" lon="11.3681730">
    <ele>577.0</ele>
    <time>2026-04-26T16:57:40Z</time>
   </trkpt>
   <trkpt lat="47.2533230" lon="11.3681520">
    <ele>577.0</ele>
    <time>2026-04-26T16:57:41Z</time>
   </trkpt>
   <trkpt lat="47.2533240" lon="11.3681240">
    <ele>577.0</ele>
    <time>2026-04-26T16:57:42Z</time>
   </trkpt>
   <trkpt lat="47.2533340" lon="11.3680790">
    <ele>577.1</ele>
    <time>2026-04-26T16:57:43Z</time>
   </trkpt>
   <trkpt lat="47.2533370" lon="11.3680640">
    <ele>577.1</ele>
    <time>2026-04-26T16:57:44Z</time>
   </trkpt>
   <trkpt lat="47.2533360" lon="11.3680190">
    <ele>577.1</ele>
    <time>2026-04-26T16:57:45Z</time>
   </trkpt>
   <trkpt lat="47.2533360" lon="11.3680070">
    <ele>577.1</ele>
    <time>2026-04-26T16:57:46Z</time>
   </trkpt>
   <trkpt lat="47.2533490" lon="11.3679580">
    <ele>577.1</ele>
    <time>2026-04-26T16:57:47Z</time>
   </trkpt>
   <trkpt lat="47.2533520" lon="11.3679380">
    <ele>577.1</ele>
    <time>2026-04-26T16:57:48Z</time>
   </trkpt>
   <trkpt lat="47.2533480" lon="11.3678800">
    <ele>577.1</ele>
    <time>2026-04-26T16:57:49Z</time>
   </trkpt>
   <trkpt lat="47.2533470" lon="11.3678610">
    <ele>577.1</ele>
    <time>2026-04-26T16:57:50Z</time>
   </trkpt>
   <trkpt lat="47.2533570" lon="11.3678060">
    <ele>577.1</ele>
    <time>2026-04-26T16:57:51Z</time>
   </trkpt>
   <trkpt lat="47.2533560" lon="11.3677860">
    <ele>577.1</ele>
    <time>2026-04-26T16:57:52Z</time>
   </trkpt>
   <trkpt lat="47.2533650" lon="11.3677480">
    <ele>577.1</ele>
    <time>2026-04-26T16:57:53Z</time>
   </trkpt>
   <trkpt lat="47.2533760" lon="11.3677080">
    <ele>577.1</ele>
    <time>2026-04-26T16:57:54Z</time>
   </trkpt>
   <trkpt lat="47.2533820" lon="11.3676560">
    <ele>577.1</ele>
    <time>2026-04-26T16:57:55Z</time>
   </trkpt>
   <trkpt lat="47.2533800" lon="11.3676380">
    <ele>577.1</ele>
    <time>2026-04-26T16:57:56Z</time>
   </trkpt>
   <trkpt lat="47.2533960" lon="11.3675910">
    <ele>577.1</ele>
    <time>2026-04-26T16:57:57Z</time>
   </trkpt>
   <trkpt lat="47.2534000" lon="11.3675740">
    <ele>577.1</ele>
    <time>2026-04-26T16:57:58Z</time>
   </trkpt>
   <trkpt lat="47.2534010" lon="11.3675260">
    <ele>577.1</ele>
    <time>2026-04-26T16:57:59Z</time>
   </trkpt>
   <trkpt lat="47.2534000" lon="11.3675130">
    <ele>577.1</ele>
    <time>2026-04-26T16:58:00Z</time>
   </trkpt>
   <trkpt lat="47.2534180" lon="11.3674690">
    <ele>577.1</ele>
    <time>2026-04-26T16:58:01Z</time>
   </trkpt>
   <trkpt lat="47.2534260" lon="11.3674210">
    <ele>577.1</ele>
    <time>2026-04-26T16:58:02Z</time>
   </trkpt>
   <trkpt lat="47.2534260" lon="11.3674050">
    <ele>577.1</ele>
    <time>2026-04-26T16:58:03Z</time>
   </trkpt>
   <trkpt lat="47.2534370" lon="11.3673630">
    <ele>577.1</ele>
    <time>2026-04-26T16:58:04Z</time>
   </trkpt>
   <trkpt lat="47.2534410" lon="11.3673440">
    <ele>577.1</ele>
    <time>2026-04-26T16:58:05Z</time>
   </trkpt>
   <trkpt lat="47.2534430" lon="11.3672980">
    <ele>577.1</ele>
    <time>2026-04-26T16:58:06Z</time>
   </trkpt>
   <trkpt lat="47.2534440" lon="11.3672640">
    <ele>577.2</ele>
    <time>2026-04-26T16:58:07Z</time>
   </trkpt>
   <trkpt lat="47.2534590" lon="11.3672360">
    <ele>577.2</ele>
    <time>2026-04-26T16:58:09Z</time>
   </trkpt>
   <trkpt lat="47.2534630" lon="11.3671870">
    <ele>577.2</ele>
    <time>2026-04-26T16:58:10Z</time>
   </trkpt>
   <trkpt lat="47.2534620" lon="11.3671710">
    <ele>577.2</ele>
    <time>2026-04-26T16:58:11Z</time>
   </trkpt>
   <trkpt lat="47.2534800" lon="11.3671210">
    <ele>577.2</ele>
    <time>2026-04-26T16:58:12Z</time>
   </trkpt>
   <trkpt lat="47.2534850" lon="11.3671040">
    <ele>577.2</ele>
    <time>2026-04-26T16:58:13Z</time>
   </trkpt>
   <trkpt lat="47.2534910" lon="11.3670480">
    <ele>577.2</ele>
    <time>2026-04-26T16:58:14Z</time>
   </trkpt>
   <trkpt lat="47.2534930" lon="11.3670270">
    <ele>577.2</ele>
    <time>2026-04-26T16:58:15Z</time>
   </trkpt>
   <trkpt lat="47.2534950" lon="11.3670130">
    <ele>577.2</ele>
    <time>2026-04-26T16:58:16Z</time>
   </trkpt>
   <trkpt lat="47.2535060" lon="11.3669870">
    <ele>577.2</ele>
    <time>2026-04-26T16:58:17Z</time>
   </trkpt>
   <trkpt lat="47.2535190" lon="11.3669600">
    <ele>577.2</ele>
    <time>2026-04-26T16:58:18Z</time>
   </trkpt>
   <trkpt lat="47.2535250" lon="11.3669350">
    <ele>577.2</ele>
    <time>2026-04-26T16:58:19Z</time>
   </trkpt>
   <trkpt lat="47.2535320" lon="11.3668920">
    <ele>577.2</ele>
    <time>2026-04-26T16:58:20Z</time>
   </trkpt>
   <trkpt lat="47.2535380" lon="11.3668510">
    <ele>577.2</ele>
    <time>2026-04-26T16:58:21Z</time>
   </trkpt>
   <trkpt lat="47.2535560" lon="11.3668130">
    <ele>577.2</ele>
    <time>2026-04-26T16:58:22Z</time>
   </trkpt>
   <trkpt lat="47.2535630" lon="11.3668060">
    <ele>577.2</ele>
    <time>2026-04-26T16:58:23Z</time>
   </trkpt>
   <trkpt lat="47.2535710" lon="11.3667640">
    <ele>577.2</ele>
    <time>2026-04-26T16:58:24Z</time>
   </trkpt>
   <trkpt lat="47.2535720" lon="11.3667480">
    <ele>577.3</ele>
    <time>2026-04-26T16:58:25Z</time>
   </trkpt>
   <trkpt lat="47.2535840" lon="11.3667080">
    <ele>577.3</ele>
    <time>2026-04-26T16:58:26Z</time>
   </trkpt>
   <trkpt lat="47.2535930" lon="11.3666620">
    <ele>577.3</ele>
    <time>2026-04-26T16:58:27Z</time>
   </trkpt>
   <trkpt lat="47.2535930" lon="11.3666500">
    <ele>577.3</ele>
    <time>2026-04-26T16:58:28Z</time>
   </trkpt>
   <trkpt lat="47.2535950" lon="11.3666080">
    <ele>577.3</ele>
    <time>2026-04-26T16:58:29Z</time>
   </trkpt>
   <trkpt lat="47.2536070" lon="11.3665590">
    <ele>577.3</ele>
    <time>2026-04-26T16:58:30Z</time>
   </trkpt>
   <trkpt lat="47.2536100" lon="11.3665440">
    <ele>577.3</ele>
    <time>2026-04-26T16:58:31Z</time>
   </trkpt>
   <trkpt lat="47.2536100" lon="11.3665040">
    <ele>577.3</ele>
    <time>2026-04-26T16:58:32Z</time>
   </trkpt>
   <trkpt lat="47.2536260" lon="11.3664630">
    <ele>577.3</ele>
    <time>2026-04-26T16:58:33Z</time>
   </trkpt>
   <trkpt lat="47.2536310" lon="11.3664530">
    <ele>577.3</ele>
    <time>2026-04-26T16:58:34Z</time>
   </trkpt>
   <trkpt lat="47.2536290" lon="11.3664070">
    <ele>577.3</ele>
    <time>2026-04-26T16:58:35Z</time>
   </trkpt>
   <trkpt lat="47.2536430" lon="11.3663590">
    <ele>577.3</ele>
    <time>2026-04-26T16:58:36Z</time>
   </trkpt>
   <trkpt lat="47.2536500" lon="11.3663420">
    <ele>577.3</ele>
    <time>2026-04-26T16:58:37Z</time>
   </trkpt>
   <trkpt lat="47.2536480" lon="11.3662510">
    <ele>577.3</ele>
    <time>2026-04-26T16:58:38Z</time>
   </trkpt>
   <trkpt lat="47.2536740" lon="11.3662320">
    <ele>577.3</ele>
    <time>2026-04-26T16:58:39Z</time>
   </trkpt>
   <trkpt lat="47.2536850" lon="11.3661720">
    <ele>577.3</ele>
    <time>2026-04-26T16:58:40Z</time>
   </trkpt>
   <trkpt lat="47.2536830" lon="11.3661480">
    <ele>577.3</ele>
    <time>2026-04-26T16:58:41Z</time>
   </trkpt>
   <trkpt lat="47.2536940" lon="11.3661090">
    <ele>577.3</ele>
    <time>2026-04-26T16:58:42Z</time>
   </trkpt>
   <trkpt lat="47.2537040" lon="11.3660580">
    <ele>577.3</ele>
    <time>2026-04-26T16:58:43Z</time>
   </trkpt>
   <trkpt lat="47.2537080" lon="11.3660360">
    <ele>577.3</ele>
    <time>2026-04-26T16:58:44Z</time>
   </trkpt>
   <trkpt lat="47.2537280" lon="11.3660120">
    <ele>577.3</ele>
    <time>2026-04-26T16:58:45Z</time>
   </trkpt>
   <trkpt lat="47.2537350" lon="11.3659930">
    <ele>577.4</ele>
    <time>2026-04-26T16:58:46Z</time>
   </trkpt>
   <trkpt lat="47.2537520" lon="11.3659510">
    <ele>577.4</ele>
    <time>2026-04-26T16:58:47Z</time>
   </trkpt>
   <trkpt lat="47.2537530" lon="11.3659330">
    <ele>577.4</ele>
    <time>2026-04-26T16:58:48Z</time>
   </trkpt>
   <trkpt lat="47.2537590" lon="11.3658950">
    <ele>577.4</ele>
    <time>2026-04-26T16:58:49Z</time>
   </trkpt>
   <trkpt lat="47.2537650" lon="11.3658790">
    <ele>577.4</ele>
    <time>2026-04-26T16:58:50Z</time>
   </trkpt>
   <trkpt lat="47.2537610" lon="11.3658200">
    <ele>577.4</ele>
    <time>2026-04-26T16:58:51Z</time>
   </trkpt>
   <trkpt lat="47.2537690" lon="11.3657680">
    <ele>577.4</ele>
    <time>2026-04-26T16:58:52Z</time>
   </trkpt>
   <trkpt lat="47.2537760" lon="11.3657540">
    <ele>577.4</ele>
    <time>2026-04-26T16:58:53Z</time>
   </trkpt>
   <trkpt lat="47.2537920" lon="11.3657280">
    <ele>577.4</ele>
    <time>2026-04-26T16:58:54Z</time>
   </trkpt>
   <trkpt lat="47.2537950" lon="11.3657040">
    <ele>577.4</ele>
    <time>2026-04-26T16:58:55Z</time>
   </trkpt>
   <trkpt lat="47.2538130" lon="11.3656530">
    <ele>577.4</ele>
    <time>2026-04-26T16:58:56Z</time>
   </trkpt>
   <trkpt lat="47.2538140" lon="11.3656280">
    <ele>577.4</ele>
    <time>2026-04-26T16:58:57Z</time>
   </trkpt>
   <trkpt lat="47.2538190" lon="11.3655690">
    <ele>577.4</ele>
    <time>2026-04-26T16:58:58Z</time>
   </trkpt>
   <trkpt lat="47.2538210" lon="11.3655450">
    <ele>577.4</ele>
    <time>2026-04-26T16:58:59Z</time>
   </trkpt>
   <trkpt lat="47.2538280" lon="11.3654900">
    <ele>577.4</ele>
    <time>2026-04-26T16:59:00Z</time>
   </trkpt>
   <trkpt lat="47.2538360" lon="11.3654620">
    <ele>577.4</ele>
    <time>2026-04-26T16:59:01Z</time>
   </trkpt>
   <trkpt lat="47.2538400" lon="11.3654120">
    <ele>577.4</ele>
    <time>2026-04-26T16:59:02Z</time>
   </trkpt>
   <trkpt lat="47.2538420" lon="11.3654000">
    <ele>577.4</ele>
    <time>2026-04-26T16:59:03Z</time>
   </trkpt>
   <trkpt lat="47.2538600" lon="11.3653480">
    <ele>577.4</ele>
    <time>2026-04-26T16:59:04Z</time>
   </trkpt>
   <trkpt lat="47.2538610" lon="11.3653270">
    <ele>577.4</ele>
    <time>2026-04-26T16:59:05Z</time>
   </trkpt>
   <trkpt lat="47.2538670" lon="11.3652850">
    <ele>577.4</ele>
    <time>2026-04-26T16:59:06Z</time>
   </trkpt>
   <trkpt lat="47.2538660" lon="11.3652400">
    <ele>577.4</ele>
    <time>2026-04-26T16:59:07Z</time>
   </trkpt>
   <trkpt lat="47.2538900" lon="11.3651970">
    <ele>577.4</ele>
    <time>2026-04-26T16:59:08Z</time>
   </trkpt>
   <trkpt lat="47.2538930" lon="11.3651620">
    <ele>577.4</ele>
    <time>2026-04-26T16:59:09Z</time>
   </trkpt>
   <trkpt lat="47.2539010" lon="11.3651150">
    <ele>577.5</ele>
    <time>2026-04-26T16:59:10Z</time>
   </trkpt>
   <trkpt lat="47.2539080" lon="11.3651050">
    <ele>577.5</ele>
    <time>2026-04-26T16:59:11Z</time>
   </trkpt>
   <trkpt lat="47.2539260" lon="11.3650760">
    <ele>577.5</ele>
    <time>2026-04-26T16:59:12Z</time>
   </trkpt>
   <trkpt lat="47.2539310" lon="11.3650310">
    <ele>577.5</ele>
    <time>2026-04-26T16:59:13Z</time>
   </trkpt>
   <trkpt lat="47.2539530" lon="11.3649920">
    <ele>577.6</ele>
    <time>2026-04-26T16:59:14Z</time>
   </trkpt>
   <trkpt lat="47.2539610" lon="11.3649720">
    <ele>577.6</ele>
    <time>2026-04-26T16:59:15Z</time>
   </trkpt>
   <trkpt lat="47.2539660" lon="11.3649320">
    <ele>577.6</ele>
    <time>2026-04-26T16:59:16Z</time>
   </trkpt>
   <trkpt lat="47.2539730" lon="11.3648930">
    <ele>577.7</ele>
    <time>2026-04-26T16:59:17Z</time>
   </trkpt>
   <trkpt lat="47.2539920" lon="11.3648780">
    <ele>577.7</ele>
    <time>2026-04-26T16:59:18Z</time>
   </trkpt>
   <trkpt lat="47.2540050" lon="11.3648660">
    <ele>577.8</ele>
    <time>2026-04-26T16:59:19Z</time>
   </trkpt>
   <trkpt lat="47.2540120" lon="11.3648240">
    <ele>577.8</ele>
    <time>2026-04-26T16:59:20Z</time>
   </trkpt>
   <trkpt lat="47.2540350" lon="11.3647990">
    <ele>577.9</ele>
    <time>2026-04-26T16:59:21Z</time>
   </trkpt>
   <trkpt lat="47.2540440" lon="11.3647850">
    <ele>577.9</ele>
    <time>2026-04-26T16:59:22Z</time>
   </trkpt>
   <trkpt lat="47.2540600" lon="11.3647470">
    <ele>578.0</ele>
    <time>2026-04-26T16:59:23Z</time>
   </trkpt>
   <trkpt lat="47.2540610" lon="11.3647350">
    <ele>578.0</ele>
    <time>2026-04-26T16:59:24Z</time>
   </trkpt>
   <trkpt lat="47.2540850" lon="11.3647060">
    <ele>578.1</ele>
    <time>2026-04-26T16:59:25Z</time>
   </trkpt>
   <trkpt lat="47.2540910" lon="11.3646900">
    <ele>578.1</ele>
    <time>2026-04-26T16:59:26Z</time>
   </trkpt>
   <trkpt lat="47.2541060" lon="11.3646440">
    <ele>578.1</ele>
    <time>2026-04-26T16:59:27Z</time>
   </trkpt>
   <trkpt lat="47.2541090" lon="11.3646270">
    <ele>578.1</ele>
    <time>2026-04-26T16:59:28Z</time>
   </trkpt>
   <trkpt lat="47.2541190" lon="11.3646110">
    <ele>578.1</ele>
    <time>2026-04-26T16:59:29Z</time>
   </trkpt>
   <trkpt lat="47.2541270" lon="11.3645960">
    <ele>578.1</ele>
    <time>2026-04-26T16:59:30Z</time>
   </trkpt>
   <trkpt lat="47.2541580" lon="11.3645590">
    <ele>578.1</ele>
    <time>2026-04-26T16:59:31Z</time>
   </trkpt>
   <trkpt lat="47.2541660" lon="11.3645370">
    <ele>578.1</ele>
    <time>2026-04-26T16:59:32Z</time>
   </trkpt>
   <trkpt lat="47.2541760" lon="11.3644940">
    <ele>578.2</ele>
    <time>2026-04-26T16:59:33Z</time>
   </trkpt>
   <trkpt lat="47.2541990" lon="11.3644660">
    <ele>578.2</ele>
    <time>2026-04-26T16:59:34Z</time>
   </trkpt>
   <trkpt lat="47.2542020" lon="11.3644540">
    <ele>578.2</ele>
    <time>2026-04-26T16:59:35Z</time>
   </trkpt>
   <trkpt lat="47.2542080" lon="11.3644350">
    <ele>578.2</ele>
    <time>2026-04-26T16:59:36Z</time>
   </trkpt>
   <trkpt lat="47.2542180" lon="11.3644150">
    <ele>578.2</ele>
    <time>2026-04-26T16:59:37Z</time>
   </trkpt>
   <trkpt lat="47.2542220" lon="11.3643730">
    <ele>578.2</ele>
    <time>2026-04-26T16:59:38Z</time>
   </trkpt>
   <trkpt lat="47.2542030" lon="11.3643280">
    <ele>578.2</ele>
    <time>2026-04-26T16:59:39Z</time>
   </trkpt>
   <trkpt lat="47.2542220" lon="11.3642890">
    <ele>578.2</ele>
    <time>2026-04-26T16:59:40Z</time>
   </trkpt>
   <trkpt lat="47.2542290" lon="11.3642770">
    <ele>578.2</ele>
    <time>2026-04-26T16:59:41Z</time>
   </trkpt>
   <trkpt lat="47.2542460" lon="11.3642470">
    <ele>578.2</ele>
    <time>2026-04-26T16:59:42Z</time>
   </trkpt>
   <trkpt lat="47.2542540" lon="11.3642300">
    <ele>578.2</ele>
    <time>2026-04-26T16:59:43Z</time>
   </trkpt>
   <trkpt lat="47.2542710" lon="11.3641860">
    <ele>578.2</ele>
    <time>2026-04-26T16:59:44Z</time>
   </trkpt>
   <trkpt lat="47.2542850" lon="11.3641350">
    <ele>578.3</ele>
    <time>2026-04-26T16:59:45Z</time>
   </trkpt>
   <trkpt lat="47.2542930" lon="11.3641070">
    <ele>578.3</ele>
    <time>2026-04-26T16:59:46Z</time>
   </trkpt>
   <trkpt lat="47.2542850" lon="11.3640520">
    <ele>578.3</ele>
    <time>2026-04-26T16:59:47Z</time>
   </trkpt>
   <trkpt lat="47.2542830" lon="11.3640300">
    <ele>578.3</ele>
    <time>2026-04-26T16:59:48Z</time>
   </trkpt>
   <trkpt lat="47.2542950" lon="11.3639790">
    <ele>578.3</ele>
    <time>2026-04-26T16:59:49Z</time>
   </trkpt>
   <trkpt lat="47.2543010" lon="11.3639590">
    <ele>578.3</ele>
    <time>2026-04-26T16:59:50Z</time>
   </trkpt>
   <trkpt lat="47.2543120" lon="11.3639210">
    <ele>578.3</ele>
    <time>2026-04-26T16:59:51Z</time>
   </trkpt>
   <trkpt lat="47.2543200" lon="11.3638670">
    <ele>578.3</ele>
    <time>2026-04-26T16:59:52Z</time>
   </trkpt>
   <trkpt lat="47.2543240" lon="11.3638430">
    <ele>578.3</ele>
    <time>2026-04-26T16:59:53Z</time>
   </trkpt>
   <trkpt lat="47.2543280" lon="11.3638030">
    <ele>578.4</ele>
    <time>2026-04-26T16:59:54Z</time>
   </trkpt>
   <trkpt lat="47.2543270" lon="11.3637740">
    <ele>578.4</ele>
    <time>2026-04-26T16:59:55Z</time>
   </trkpt>
   <trkpt lat="47.2543370" lon="11.3637600">
    <ele>578.4</ele>
    <time>2026-04-26T16:59:56Z</time>
   </trkpt>
   <trkpt lat="47.2543460" lon="11.3637450">
    <ele>578.4</ele>
    <time>2026-04-26T16:59:57Z</time>
   </trkpt>
   <trkpt lat="47.2543670" lon="11.3637080">
    <ele>578.4</ele>
    <time>2026-04-26T16:59:58Z</time>
   </trkpt>
   <trkpt lat="47.2543810" lon="11.3636570">
    <ele>578.4</ele>
    <time>2026-04-26T16:59:59Z</time>
   </trkpt>
   <trkpt lat="47.2543840" lon="11.3636100">
    <ele>578.4</ele>
    <time>2026-04-26T17:00:00Z</time>
   </trkpt>
   <trkpt lat="47.2543870" lon="11.3635980">
    <ele>578.4</ele>
    <time>2026-04-26T17:00:01Z</time>
   </trkpt>
   <trkpt lat="47.2544040" lon="11.3635660">
    <ele>578.5</ele>
    <time>2026-04-26T17:00:02Z</time>
   </trkpt>
   <trkpt lat="47.2544090" lon="11.3635230">
    <ele>578.5</ele>
    <time>2026-04-26T17:00:03Z</time>
   </trkpt>
   <trkpt lat="47.2544180" lon="11.3635010">
    <ele>578.5</ele>
    <time>2026-04-26T17:00:04Z</time>
   </trkpt>
   <trkpt lat="47.2544340" lon="11.3634910">
    <ele>578.5</ele>
    <time>2026-04-26T17:00:05Z</time>
   </trkpt>
   <trkpt lat="47.2544390" lon="11.3634440">
    <ele>578.5</ele>
    <time>2026-04-26T17:00:06Z</time>
   </trkpt>
   <trkpt lat="47.2544530" lon="11.3633870">
    <ele>578.5</ele>
    <time>2026-04-26T17:00:07Z</time>
   </trkpt>
   <trkpt lat="47.2544710" lon="11.3633530">
    <ele>578.5</ele>
    <time>2026-04-26T17:00:08Z</time>
   </trkpt>
   <trkpt lat="47.2544720" lon="11.3633480">
    <ele>578.5</ele>
    <time>2026-04-26T17:00:09Z</time>
   </trkpt>
   <trkpt lat="47.2544860" lon="11.3633180">
    <ele>578.5</ele>
    <time>2026-04-26T17:00:10Z</time>
   </trkpt>
   <trkpt lat="47.2545080" lon="11.3632720">
    <ele>578.5</ele>
    <time>2026-04-26T17:00:11Z</time>
   </trkpt>
   <trkpt lat="47.2545380" lon="11.3632340">
    <ele>578.5</ele>
    <time>2026-04-26T17:00:12Z</time>
   </trkpt>
   <trkpt lat="47.2545510" lon="11.3632230">
    <ele>578.5</ele>
    <time>2026-04-26T17:00:13Z</time>
   </trkpt>
   <trkpt lat="47.2545750" lon="11.3631690">
    <ele>578.4</ele>
    <time>2026-04-26T17:00:15Z</time>
   </trkpt>
   <trkpt lat="47.2545900" lon="11.3631260">
    <ele>578.4</ele>
    <time>2026-04-26T17:00:16Z</time>
   </trkpt>
   <trkpt lat="47.2546110" lon="11.3631040">
    <ele>578.3</ele>
    <time>2026-04-26T17:00:17Z</time>
   </trkpt>
   <trkpt lat="47.2546190" lon="11.3630930">
    <ele>578.3</ele>
    <time>2026-04-26T17:00:18Z</time>
   </trkpt>
   <trkpt lat="47.2546450" lon="11.3630790">
    <ele>578.3</ele>
    <time>2026-04-26T17:00:19Z</time>
   </trkpt>
   <trkpt lat="47.2546690" lon="11.3630550">
    <ele>578.3</ele>
    <time>2026-04-26T17:00:20Z</time>
   </trkpt>
   <trkpt lat="47.2546940" lon="11.3630380">
    <ele>578.2</ele>
    <time>2026-04-26T17:00:21Z</time>
   </trkpt>
   <trkpt lat="47.2547350" lon="11.3630070">
    <ele>578.2</ele>
    <time>2026-04-26T17:00:22Z</time>
   </trkpt>
   <trkpt lat="47.2547520" lon="11.3629910">
    <ele>578.2</ele>
    <time>2026-04-26T17:00:23Z</time>
   </trkpt>
   <trkpt lat="47.2547880" lon="11.3630160">
    <ele>578.2</ele>
    <time>2026-04-26T17:00:24Z</time>
   </trkpt>
   <trkpt lat="47.2548210" lon="11.3630120">
    <ele>578.4</ele>
    <time>2026-04-26T17:00:25Z</time>
   </trkpt>
   <trkpt lat="47.2548300" lon="11.3630040">
    <ele>578.4</ele>
    <time>2026-04-26T17:00:26Z</time>
   </trkpt>
   <trkpt lat="47.2548620" lon="11.3630080">
    <ele>578.6</ele>
    <time>2026-04-26T17:00:27Z</time>
   </trkpt>
   <trkpt lat="47.2549060" lon="11.3630160">
    <ele>578.6</ele>
    <time>2026-04-26T17:00:28Z</time>
   </trkpt>
   <trkpt lat="47.2549220" lon="11.3630230">
    <ele>578.6</ele>
    <time>2026-04-26T17:00:29Z</time>
   </trkpt>
   <trkpt lat="47.2549540" lon="11.3630460">
    <ele>578.6</ele>
    <time>2026-04-26T17:00:30Z</time>
   </trkpt>
   <trkpt lat="47.2549820" lon="11.3629950">
    <ele>578.5</ele>
    <time>2026-04-26T17:00:31Z</time>
   </trkpt>
   <trkpt lat="47.2550170" lon="11.3629820">
    <ele>578.4</ele>
    <time>2026-04-26T17:00:32Z</time>
   </trkpt>
   <trkpt lat="47.2550260" lon="11.3629750">
    <ele>578.4</ele>
    <time>2026-04-26T17:00:33Z</time>
   </trkpt>
   <trkpt lat="47.2550460" lon="11.3629460">
    <ele>578.4</ele>
    <time>2026-04-26T17:00:34Z</time>
   </trkpt>
   <trkpt lat="47.2550490" lon="11.3629250">
    <ele>578.3</ele>
    <time>2026-04-26T17:00:35Z</time>
   </trkpt>
   <trkpt lat="47.2550880" lon="11.3629040">
    <ele>578.3</ele>
    <time>2026-04-26T17:00:36Z</time>
   </trkpt>
   <trkpt lat="47.2551060" lon="11.3629030">
    <ele>578.2</ele>
    <time>2026-04-26T17:00:37Z</time>
   </trkpt>
   <trkpt lat="47.2551670" lon="11.3628960">
    <ele>578.2</ele>
    <time>2026-04-26T17:00:38Z</time>
   </trkpt>
   <trkpt lat="47.2551820" lon="11.3628810">
    <ele>578.2</ele>
    <time>2026-04-26T17:00:39Z</time>
   </trkpt>
   <trkpt lat="47.2552120" lon="11.3628550">
    <ele>578.1</ele>
    <time>2026-04-26T17:00:40Z</time>
   </trkpt>
   <trkpt lat="47.2552230" lon="11.3628470">
    <ele>578.1</ele>
    <time>2026-04-26T17:00:41Z</time>
   </trkpt>
   <trkpt lat="47.2552510" lon="11.3628440">
    <ele>578.1</ele>
    <time>2026-04-26T17:00:42Z</time>
   </trkpt>
   <trkpt lat="47.2552890" lon="11.3628290">
    <ele>578.0</ele>
    <time>2026-04-26T17:00:43Z</time>
   </trkpt>
   <trkpt lat="47.2553050" lon="11.3628210">
    <ele>578.0</ele>
    <time>2026-04-26T17:00:44Z</time>
   </trkpt>
   <trkpt lat="47.2553380" lon="11.3628240">
    <ele>578.0</ele>
    <time>2026-04-26T17:00:45Z</time>
   </trkpt>
   <trkpt lat="47.2553470" lon="11.3628140">
    <ele>578.0</ele>
    <time>2026-04-26T17:00:46Z</time>
   </trkpt>
   <trkpt lat="47.2553560" lon="11.3628100">
    <ele>578.0</ele>
    <time>2026-04-26T17:00:47Z</time>
   </trkpt>
   <trkpt lat="47.2553780" lon="11.3627990">
    <ele>577.9</ele>
    <time>2026-04-26T17:00:48Z</time>
   </trkpt>
   <trkpt lat="47.2554110" lon="11.3627890">
    <ele>577.9</ele>
    <time>2026-04-26T17:00:49Z</time>
   </trkpt>
   <trkpt lat="47.2554270" lon="11.3627880">
    <ele>577.9</ele>
    <time>2026-04-26T17:00:50Z</time>
   </trkpt>
   <trkpt lat="47.2554610" lon="11.3627750">
    <ele>577.9</ele>
    <time>2026-04-26T17:00:51Z</time>
   </trkpt>
   <trkpt lat="47.2554750" lon="11.3627710">
    <ele>577.9</ele>
    <time>2026-04-26T17:00:52Z</time>
   </trkpt>
   <trkpt lat="47.2555090" lon="11.3627590">
    <ele>577.8</ele>
    <time>2026-04-26T17:00:53Z</time>
   </trkpt>
   <trkpt lat="47.2555260" lon="11.3627500">
    <ele>577.8</ele>
    <time>2026-04-26T17:00:54Z</time>
   </trkpt>
   <trkpt lat="47.2555560" lon="11.3627390">
    <ele>577.8</ele>
    <time>2026-04-26T17:00:55Z</time>
   </trkpt>
   <trkpt lat="47.2555630" lon="11.3627240">
    <ele>577.8</ele>
    <time>2026-04-26T17:00:56Z</time>
   </trkpt>
   <trkpt lat="47.2555960" lon="11.3626950">
    <ele>577.8</ele>
    <time>2026-04-26T17:00:57Z</time>
   </trkpt>
   <trkpt lat="47.2556070" lon="11.3626850">
    <ele>577.8</ele>
    <time>2026-04-26T17:00:58Z</time>
   </trkpt>
   <trkpt lat="47.2556330" lon="11.3626680">
    <ele>577.8</ele>
    <time>2026-04-26T17:00:59Z</time>
   </trkpt>
   <trkpt lat="47.2556710" lon="11.3626470">
    <ele>577.8</ele>
    <time>2026-04-26T17:01:00Z</time>
   </trkpt>
   <trkpt lat="47.2556850" lon="11.3626430">
    <ele>577.8</ele>
    <time>2026-04-26T17:01:01Z</time>
   </trkpt>
   <trkpt lat="47.2557150" lon="11.3626310">
    <ele>577.7</ele>
    <time>2026-04-26T17:01:02Z</time>
   </trkpt>
   <trkpt lat="47.2557240" lon="11.3626300">
    <ele>577.8</ele>
    <time>2026-04-26T17:01:03Z</time>
   </trkpt>
   <trkpt lat="47.2557560" lon="11.3626290">
    <ele>577.8</ele>
    <time>2026-04-26T17:01:04Z</time>
   </trkpt>
   <trkpt lat="47.2557970" lon="11.3626280">
    <ele>577.9</ele>
    <time>2026-04-26T17:01:05Z</time>
   </trkpt>
   <trkpt lat="47.2558130" lon="11.3626300">
    <ele>577.9</ele>
    <time>2026-04-26T17:01:06Z</time>
   </trkpt>
   <trkpt lat="47.2558400" lon="11.3626500">
    <ele>577.9</ele>
    <time>2026-04-26T17:01:07Z</time>
   </trkpt>
   <trkpt lat="47.2558610" lon="11.3626810">
    <ele>577.9</ele>
    <time>2026-04-26T17:01:08Z</time>
   </trkpt>
   <trkpt lat="47.2558710" lon="11.3627260">
    <ele>577.9</ele>
    <time>2026-04-26T17:01:09Z</time>
   </trkpt>
   <trkpt lat="47.2558760" lon="11.3627680">
    <ele>577.9</ele>
    <time>2026-04-26T17:01:10Z</time>
   </trkpt>
   <trkpt lat="47.2558750" lon="11.3628060">
    <ele>577.9</ele>
    <time>2026-04-26T17:01:11Z</time>
   </trkpt>
   <trkpt lat="47.2558850" lon="11.3628230">
    <ele>577.9</ele>
    <time>2026-04-26T17:01:12Z</time>
   </trkpt>
   <trkpt lat="47.2558750" lon="11.3628620">
    <ele>577.9</ele>
    <time>2026-04-26T17:01:13Z</time>
   </trkpt>
   <trkpt lat="47.2558890" lon="11.3628960">
    <ele>577.8</ele>
    <time>2026-04-26T17:01:14Z</time>
   </trkpt>
   <trkpt lat="47.2559000" lon="11.3629340">
    <ele>577.8</ele>
    <time>2026-04-26T17:01:15Z</time>
   </trkpt>
   <trkpt lat="47.2559220" lon="11.3629710">
    <ele>577.8</ele>
    <time>2026-04-26T17:01:16Z</time>
   </trkpt>
   <trkpt lat="47.2559340" lon="11.3630230">
    <ele>577.8</ele>
    <time>2026-04-26T17:01:17Z</time>
   </trkpt>
   <trkpt lat="47.2559390" lon="11.3630470">
    <ele>577.8</ele>
    <time>2026-04-26T17:01:18Z</time>
   </trkpt>
   <trkpt lat="47.2559520" lon="11.3630910">
    <ele>577.7</ele>
    <time>2026-04-26T17:01:19Z</time>
   </trkpt>
   <trkpt lat="47.2559610" lon="11.3631360">
    <ele>577.7</ele>
    <time>2026-04-26T17:01:20Z</time>
   </trkpt>
   <trkpt lat="47.2559740" lon="11.3631740">
    <ele>577.7</ele>
    <time>2026-04-26T17:01:21Z</time>
   </trkpt>
   <trkpt lat="47.2559930" lon="11.3632080">
    <ele>577.7</ele>
    <time>2026-04-26T17:01:22Z</time>
   </trkpt>
   <trkpt lat="47.2559980" lon="11.3632510">
    <ele>577.7</ele>
    <time>2026-04-26T17:01:23Z</time>
   </trkpt>
   <trkpt lat="47.2560080" lon="11.3633010">
    <ele>577.7</ele>
    <time>2026-04-26T17:01:24Z</time>
   </trkpt>
   <trkpt lat="47.2560150" lon="11.3633520">
    <ele>577.7</ele>
    <time>2026-04-26T17:01:25Z</time>
   </trkpt>
   <trkpt lat="47.2560170" lon="11.3633680">
    <ele>577.7</ele>
    <time>2026-04-26T17:01:26Z</time>
   </trkpt>
   <trkpt lat="47.2560380" lon="11.3634040">
    <ele>577.7</ele>
    <time>2026-04-26T17:01:27Z</time>
   </trkpt>
   <trkpt lat="47.2560520" lon="11.3634590">
    <ele>577.6</ele>
    <time>2026-04-26T17:01:28Z</time>
   </trkpt>
   <trkpt lat="47.2560570" lon="11.3634790">
    <ele>577.6</ele>
    <time>2026-04-26T17:01:29Z</time>
   </trkpt>
   <trkpt lat="47.2560700" lon="11.3635260">
    <ele>577.6</ele>
    <time>2026-04-26T17:01:30Z</time>
   </trkpt>
   <trkpt lat="47.2560780" lon="11.3635410">
    <ele>577.6</ele>
    <time>2026-04-26T17:01:31Z</time>
   </trkpt>
   <trkpt lat="47.2560860" lon="11.3635680">
    <ele>577.6</ele>
    <time>2026-04-26T17:01:32Z</time>
   </trkpt>
   <trkpt lat="47.2560950" lon="11.3635920">
    <ele>577.6</ele>
    <time>2026-04-26T17:01:33Z</time>
   </trkpt>
   <trkpt lat="47.2560930" lon="11.3636200">
    <ele>577.6</ele>
    <time>2026-04-26T17:01:34Z</time>
   </trkpt>
   <trkpt lat="47.2561030" lon="11.3636620">
    <ele>577.6</ele>
    <time>2026-04-26T17:01:35Z</time>
   </trkpt>
   <trkpt lat="47.2561060" lon="11.3636760">
    <ele>577.6</ele>
    <time>2026-04-26T17:01:36Z</time>
   </trkpt>
   <trkpt lat="47.2561250" lon="11.3637150">
    <ele>577.6</ele>
    <time>2026-04-26T17:01:37Z</time>
   </trkpt>
   <trkpt lat="47.2561360" lon="11.3637300">
    <ele>577.6</ele>
    <time>2026-04-26T17:01:38Z</time>
   </trkpt>
   <trkpt lat="47.2561470" lon="11.3637560">
    <ele>577.6</ele>
    <time>2026-04-26T17:01:39Z</time>
   </trkpt>
   <trkpt lat="47.2561570" lon="11.3637950">
    <ele>577.6</ele>
    <time>2026-04-26T17:01:40Z</time>
   </trkpt>
   <trkpt lat="47.2561550" lon="11.3638380">
    <ele>577.6</ele>
    <time>2026-04-26T17:01:41Z</time>
   </trkpt>
   <trkpt lat="47.2561570" lon="11.3638820">
    <ele>577.6</ele>
    <time>2026-04-26T17:01:42Z</time>
   </trkpt>
   <trkpt lat="47.2561770" lon="11.3639150">
    <ele>577.5</ele>
    <time>2026-04-26T17:01:43Z</time>
   </trkpt>
   <trkpt lat="47.2561960" lon="11.3639510">
    <ele>577.5</ele>
    <time>2026-04-26T17:01:44Z</time>
   </trkpt>
   <trkpt lat="47.2562030" lon="11.3639660">
    <ele>577.5</ele>
    <time>2026-04-26T17:01:45Z</time>
   </trkpt>
   <trkpt lat="47.2562200" lon="11.3640030">
    <ele>577.5</ele>
    <time>2026-04-26T17:01:46Z</time>
   </trkpt>
   <trkpt lat="47.2562190" lon="11.3640470">
    <ele>577.5</ele>
    <time>2026-04-26T17:01:47Z</time>
   </trkpt>
   <trkpt lat="47.2562250" lon="11.3640890">
    <ele>577.5</ele>
    <time>2026-04-26T17:01:48Z</time>
   </trkpt>
   <trkpt lat="47.2562410" lon="11.3641340">
    <ele>577.5</ele>
    <time>2026-04-26T17:01:49Z</time>
   </trkpt>
   <trkpt lat="47.2562530" lon="11.3641450">
    <ele>577.5</ele>
    <time>2026-04-26T17:01:50Z</time>
   </trkpt>
   <trkpt lat="47.2562710" lon="11.3641810">
    <ele>577.5</ele>
    <time>2026-04-26T17:01:51Z</time>
   </trkpt>
   <trkpt lat="47.2562820" lon="11.3641970">
    <ele>577.5</ele>
    <time>2026-04-26T17:01:52Z</time>
   </trkpt>
   <trkpt lat="47.2562920" lon="11.3642460">
    <ele>577.5</ele>
    <time>2026-04-26T17:01:53Z</time>
   </trkpt>
   <trkpt lat="47.2562930" lon="11.3642620">
    <ele>577.5</ele>
    <time>2026-04-26T17:01:54Z</time>
   </trkpt>
   <trkpt lat="47.2563170" lon="11.3642980">
    <ele>577.5</ele>
    <time>2026-04-26T17:01:55Z</time>
   </trkpt>
   <trkpt lat="47.2563190" lon="11.3643160">
    <ele>577.5</ele>
    <time>2026-04-26T17:01:56Z</time>
   </trkpt>
   <trkpt lat="47.2563360" lon="11.3643640">
    <ele>577.5</ele>
    <time>2026-04-26T17:01:57Z</time>
   </trkpt>
   <trkpt lat="47.2563440" lon="11.3643770">
    <ele>577.5</ele>
    <time>2026-04-26T17:01:58Z</time>
   </trkpt>
   <trkpt lat="47.2563630" lon="11.3644100">
    <ele>577.5</ele>
    <time>2026-04-26T17:01:59Z</time>
   </trkpt>
   <trkpt lat="47.2563820" lon="11.3644400">
    <ele>577.5</ele>
    <time>2026-04-26T17:02:00Z</time>
   </trkpt>
   <trkpt lat="47.2563890" lon="11.3644590">
    <ele>577.5</ele>
    <time>2026-04-26T17:02:01Z</time>
   </trkpt>
   <trkpt lat="47.2563840" lon="11.3645250">
    <ele>577.5</ele>
    <time>2026-04-26T17:02:02Z</time>
   </trkpt>
   <trkpt lat="47.2563840" lon="11.3645570">
    <ele>577.5</ele>
    <time>2026-04-26T17:02:03Z</time>
   </trkpt>
   <trkpt lat="47.2563910" lon="11.3645700">
    <ele>577.5</ele>
    <time>2026-04-26T17:02:04Z</time>
   </trkpt>
   <trkpt lat="47.2564090" lon="11.3646140">
    <ele>577.5</ele>
    <time>2026-04-26T17:02:05Z</time>
   </trkpt>
   <trkpt lat="47.2564150" lon="11.3646240">
    <ele>577.5</ele>
    <time>2026-04-26T17:02:06Z</time>
   </trkpt>
   <trkpt lat="47.2564250" lon="11.3646530">
    <ele>577.5</ele>
    <time>2026-04-26T17:02:07Z</time>
   </trkpt>
   <trkpt lat="47.2564340" lon="11.3646600">
    <ele>577.5</ele>
    <time>2026-04-26T17:02:08Z</time>
   </trkpt>
   <trkpt lat="47.2564430" lon="11.3646660">
    <ele>577.5</ele>
    <time>2026-04-26T17:02:09Z</time>
   </trkpt>
   <trkpt lat="47.2564460" lon="11.3646820">
    <ele>577.5</ele>
    <time>2026-04-26T17:02:10Z</time>
   </trkpt>
   <trkpt lat="47.2564580" lon="11.3646930">
    <ele>577.5</ele>
    <time>2026-04-26T17:02:11Z</time>
   </trkpt>
   <trkpt lat="47.2564650" lon="11.3647060">
    <ele>577.5</ele>
    <time>2026-04-26T17:02:12Z</time>
   </trkpt>
   <trkpt lat="47.2564670" lon="11.3647320">
    <ele>577.5</ele>
    <time>2026-04-26T17:02:13Z</time>
   </trkpt>
   <trkpt lat="47.2546110" lon="11.3623690">
    <ele>578.8</ele>
    <time>2026-04-26T17:07:58Z</time>
   </trkpt>
   <trkpt lat="47.2546190" lon="11.3623180">
    <ele>578.8</ele>
    <time>2026-04-26T17:07:59Z</time>
   </trkpt>
   <trkpt lat="47.2546220" lon="11.3622780">
    <ele>578.8</ele>
    <time>2026-04-26T17:08:00Z</time>
   </trkpt>
   <trkpt lat="47.2546240" lon="11.3622620">
    <ele>578.8</ele>
    <time>2026-04-26T17:08:01Z</time>
   </trkpt>
   <trkpt lat="47.2546390" lon="11.3622500">
    <ele>578.8</ele>
    <time>2026-04-26T17:08:02Z</time>
   </trkpt>
   <trkpt lat="47.2546320" lon="11.3622300">
    <ele>578.8</ele>
    <time>2026-04-26T17:08:03Z</time>
   </trkpt>
   <trkpt lat="47.2546410" lon="11.3622270">
    <ele>578.8</ele>
    <time>2026-04-26T17:08:04Z</time>
   </trkpt>
   <trkpt lat="47.2546520" lon="11.3622130">
    <ele>578.8</ele>
    <time>2026-04-26T17:08:05Z</time>
   </trkpt>
   <trkpt lat="47.2546490" lon="11.3621830">
    <ele>578.8</ele>
    <time>2026-04-26T17:08:06Z</time>
   </trkpt>
   <trkpt lat="47.2546450" lon="11.3621500">
    <ele>578.8</ele>
    <time>2026-04-26T17:08:07Z</time>
   </trkpt>
   <trkpt lat="47.2546510" lon="11.3621440">
    <ele>578.8</ele>
    <time>2026-04-26T17:08:08Z</time>
   </trkpt>
   <trkpt lat="47.2546560" lon="11.3621370">
    <ele>578.8</ele>
    <time>2026-04-26T17:08:09Z</time>
   </trkpt>
   <trkpt lat="47.2546610" lon="11.3621310">
    <ele>578.8</ele>
    <time>2026-04-26T17:08:10Z</time>
   </trkpt>
   <trkpt lat="47.2546640" lon="11.3621240">
    <ele>578.8</ele>
    <time>2026-04-26T17:08:11Z</time>
   </trkpt>
   <trkpt lat="47.2546690" lon="11.3621040">
    <ele>578.8</ele>
    <time>2026-04-26T17:08:12Z</time>
   </trkpt>
   <trkpt lat="47.2546690" lon="11.3620840">
    <ele>578.8</ele>
    <time>2026-04-26T17:08:13Z</time>
   </trkpt>
   <trkpt lat="47.2546620" lon="11.3620550">
    <ele>578.8</ele>
    <time>2026-04-26T17:08:14Z</time>
   </trkpt>
   <trkpt lat="47.2546740" lon="11.3620500">
    <ele>578.8</ele>
    <time>2026-04-26T17:08:15Z</time>
   </trkpt>
   <trkpt lat="47.2546820" lon="11.3620340">
    <ele>578.8</ele>
    <time>2026-04-26T17:08:16Z</time>
   </trkpt>
   <trkpt lat="47.2546920" lon="11.3620190">
    <ele>578.8</ele>
    <time>2026-04-26T17:08:17Z</time>
   </trkpt>
   <trkpt lat="47.2547020" lon="11.3619990">
    <ele>578.8</ele>
    <time>2026-04-26T17:08:18Z</time>
   </trkpt>
   <trkpt lat="47.2547080" lon="11.3619680">
    <ele>578.8</ele>
    <time>2026-04-26T17:08:19Z</time>
   </trkpt>
   <trkpt lat="47.2547140" lon="11.3619490">
    <ele>578.9</ele>
    <time>2026-04-26T17:08:20Z</time>
   </trkpt>
   <trkpt lat="47.2547270" lon="11.3619100">
    <ele>578.9</ele>
    <time>2026-04-26T17:08:21Z</time>
   </trkpt>
   <trkpt lat="47.2547310" lon="11.3619000">
    <ele>578.9</ele>
    <time>2026-04-26T17:08:22Z</time>
   </trkpt>
   <trkpt lat="47.2547300" lon="11.3618600">
    <ele>578.9</ele>
    <time>2026-04-26T17:08:23Z</time>
   </trkpt>
   <trkpt lat="47.2547300" lon="11.3618450">
    <ele>578.9</ele>
    <time>2026-04-26T17:08:24Z</time>
   </trkpt>
   <trkpt lat="47.2547440" lon="11.3618110">
    <ele>578.9</ele>
    <time>2026-04-26T17:08:25Z</time>
   </trkpt>
   <trkpt lat="47.2547460" lon="11.3617950">
    <ele>578.9</ele>
    <time>2026-04-26T17:08:26Z</time>
   </trkpt>
   <trkpt lat="47.2547620" lon="11.3617610">
    <ele>578.9</ele>
    <time>2026-04-26T17:08:27Z</time>
   </trkpt>
   <trkpt lat="47.2547660" lon="11.3617480">
    <ele>578.9</ele>
    <time>2026-04-26T17:08:28Z</time>
   </trkpt>
   <trkpt lat="47.2547730" lon="11.3617060">
    <ele>578.9</ele>
    <time>2026-04-26T17:08:29Z</time>
   </trkpt>
   <trkpt lat="47.2547750" lon="11.3616920">
    <ele>578.9</ele>
    <time>2026-04-26T17:08:30Z</time>
   </trkpt>
   <trkpt lat="47.2547860" lon="11.3616450">
    <ele>578.9</ele>
    <time>2026-04-26T17:08:31Z</time>
   </trkpt>
   <trkpt lat="47.2547910" lon="11.3616320">
    <ele>578.9</ele>
    <time>2026-04-26T17:08:32Z</time>
   </trkpt>
   <trkpt lat="47.2547960" lon="11.3615860">
    <ele>578.9</ele>
    <time>2026-04-26T17:08:33Z</time>
   </trkpt>
   <trkpt lat="47.2548010" lon="11.3615670">
    <ele>578.9</ele>
    <time>2026-04-26T17:08:34Z</time>
   </trkpt>
   <trkpt lat="47.2548090" lon="11.3615230">
    <ele>578.9</ele>
    <time>2026-04-26T17:08:35Z</time>
   </trkpt>
   <trkpt lat="47.2548130" lon="11.3615090">
    <ele>578.9</ele>
    <time>2026-04-26T17:08:36Z</time>
   </trkpt>
   <trkpt lat="47.2548230" lon="11.3614670">
    <ele>578.9</ele>
    <time>2026-04-26T17:08:37Z</time>
   </trkpt>
   <trkpt lat="47.2548280" lon="11.3614520">
    <ele>578.9</ele>
    <time>2026-04-26T17:08:38Z</time>
   </trkpt>
   <trkpt lat="47.2548410" lon="11.3614120">
    <ele>578.9</ele>
    <time>2026-04-26T17:08:39Z</time>
   </trkpt>
   <trkpt lat="47.2548430" lon="11.3613980">
    <ele>578.9</ele>
    <time>2026-04-26T17:08:40Z</time>
   </trkpt>
   <trkpt lat="47.2548500" lon="11.3613580">
    <ele>578.9</ele>
    <time>2026-04-26T17:08:41Z</time>
   </trkpt>
   <trkpt lat="47.2548490" lon="11.3613440">
    <ele>578.9</ele>
    <time>2026-04-26T17:08:42Z</time>
   </trkpt>
   <trkpt lat="47.2548600" lon="11.3613040">
    <ele>578.9</ele>
    <time>2026-04-26T17:08:43Z</time>
   </trkpt>
   <trkpt lat="47.2548630" lon="11.3612840">
    <ele>578.9</ele>
    <time>2026-04-26T17:08:44Z</time>
   </trkpt>
   <trkpt lat="47.2548720" lon="11.3612430">
    <ele>578.9</ele>
    <time>2026-04-26T17:08:45Z</time>
   </trkpt>
   <trkpt lat="47.2548760" lon="11.3612080">
    <ele>578.9</ele>
    <time>2026-04-26T17:08:46Z</time>
   </trkpt>
   <trkpt lat="47.2548790" lon="11.3611890">
    <ele>578.9</ele>
    <time>2026-04-26T17:08:47Z</time>
   </trkpt>
   <trkpt lat="47.2548870" lon="11.3611350">
    <ele>578.9</ele>
    <time>2026-04-26T17:08:48Z</time>
   </trkpt>
   <trkpt lat="47.2548910" lon="11.3610870">
    <ele>578.9</ele>
    <time>2026-04-26T17:08:49Z</time>
   </trkpt>
   <trkpt lat="47.2548950" lon="11.3610780">
    <ele>578.9</ele>
    <time>2026-04-26T17:08:50Z</time>
   </trkpt>
   <trkpt lat="47.2548980" lon="11.3610690">
    <ele>578.9</ele>
    <time>2026-04-26T17:08:51Z</time>
   </trkpt>
   <trkpt lat="47.2549050" lon="11.3610420">
    <ele>578.9</ele>
    <time>2026-04-26T17:08:52Z</time>
   </trkpt>
   <trkpt lat="47.2549130" lon="11.3610220">
    <ele>578.9</ele>
    <time>2026-04-26T17:08:53Z</time>
   </trkpt>
   <trkpt lat="47.2549230" lon="11.3609820">
    <ele>578.9</ele>
    <time>2026-04-26T17:08:54Z</time>
   </trkpt>
   <trkpt lat="47.2549310" lon="11.3609690">
    <ele>578.9</ele>
    <time>2026-04-26T17:08:55Z</time>
   </trkpt>
   <trkpt lat="47.2549370" lon="11.3609260">
    <ele>578.9</ele>
    <time>2026-04-26T17:08:56Z</time>
   </trkpt>
   <trkpt lat="47.2549400" lon="11.3609100">
    <ele>578.9</ele>
    <time>2026-04-26T17:08:57Z</time>
   </trkpt>
   <trkpt lat="47.2549440" lon="11.3608690">
    <ele>578.9</ele>
    <time>2026-04-26T17:08:58Z</time>
   </trkpt>
   <trkpt lat="47.2549490" lon="11.3608510">
    <ele>578.9</ele>
    <time>2026-04-26T17:08:59Z</time>
   </trkpt>
   <trkpt lat="47.2549510" lon="11.3608060">
    <ele>578.9</ele>
    <time>2026-04-26T17:09:00Z</time>
   </trkpt>
   <trkpt lat="47.2549500" lon="11.3607920">
    <ele>578.9</ele>
    <time>2026-04-26T17:09:01Z</time>
   </trkpt>
   <trkpt lat="47.2549680" lon="11.3607550">
    <ele>578.9</ele>
    <time>2026-04-26T17:09:02Z</time>
   </trkpt>
   <trkpt lat="47.2549700" lon="11.3607360">
    <ele>578.9</ele>
    <time>2026-04-26T17:09:03Z</time>
   </trkpt>
   <trkpt lat="47.2549900" lon="11.3606870">
    <ele>578.9</ele>
    <time>2026-04-26T17:09:04Z</time>
   </trkpt>
   <trkpt lat="47.2550000" lon="11.3606690">
    <ele>578.9</ele>
    <time>2026-04-26T17:09:05Z</time>
   </trkpt>
   <trkpt lat="47.2549920" lon="11.3606460">
    <ele>578.9</ele>
    <time>2026-04-26T17:09:06Z</time>
   </trkpt>
   <trkpt lat="47.2549980" lon="11.3606220">
    <ele>578.9</ele>
    <time>2026-04-26T17:09:07Z</time>
   </trkpt>
   <trkpt lat="47.2550060" lon="11.3605700">
    <ele>578.9</ele>
    <time>2026-04-26T17:09:08Z</time>
   </trkpt>
   <trkpt lat="47.2550060" lon="11.3605550">
    <ele>578.9</ele>
    <time>2026-04-26T17:09:09Z</time>
   </trkpt>
   <trkpt lat="47.2550210" lon="11.3605100">
    <ele>578.9</ele>
    <time>2026-04-26T17:09:10Z</time>
   </trkpt>
   <trkpt lat="47.2550240" lon="11.3604920">
    <ele>578.9</ele>
    <time>2026-04-26T17:09:11Z</time>
   </trkpt>
   <trkpt lat="47.2550410" lon="11.3604460">
    <ele>578.9</ele>
    <time>2026-04-26T17:09:12Z</time>
   </trkpt>
   <trkpt lat="47.2550410" lon="11.3604270">
    <ele>578.9</ele>
    <time>2026-04-26T17:09:13Z</time>
   </trkpt>
   <trkpt lat="47.2550420" lon="11.3603860">
    <ele>578.9</ele>
    <time>2026-04-26T17:09:14Z</time>
   </trkpt>
   <trkpt lat="47.2550520" lon="11.3603380">
    <ele>578.9</ele>
    <time>2026-04-26T17:09:15Z</time>
   </trkpt>
   <trkpt lat="47.2550630" lon="11.3603050">
    <ele>578.9</ele>
    <time>2026-04-26T17:09:16Z</time>
   </trkpt>
   <trkpt lat="47.2550650" lon="11.3602830">
    <ele>578.9</ele>
    <time>2026-04-26T17:09:17Z</time>
   </trkpt>
   <trkpt lat="47.2550750" lon="11.3602420">
    <ele>578.9</ele>
    <time>2026-04-26T17:09:18Z</time>
   </trkpt>
   <trkpt lat="47.2550780" lon="11.3602240">
    <ele>578.9</ele>
    <time>2026-04-26T17:09:19Z</time>
   </trkpt>
   <trkpt lat="47.2550880" lon="11.3601830">
    <ele>578.9</ele>
    <time>2026-04-26T17:09:20Z</time>
   </trkpt>
   <trkpt lat="47.2550910" lon="11.3601630">
    <ele>578.9</ele>
    <time>2026-04-26T17:09:21Z</time>
   </trkpt>
   <trkpt lat="47.2550920" lon="11.3601070">
    <ele>578.9</ele>
    <time>2026-04-26T17:09:22Z</time>
   </trkpt>
   <trkpt lat="47.2550960" lon="11.3600850">
    <ele>578.9</ele>
    <time>2026-04-26T17:09:23Z</time>
   </trkpt>
   <trkpt lat="47.2551070" lon="11.3600410">
    <ele>578.9</ele>
    <time>2026-04-26T17:09:24Z</time>
   </trkpt>
   <trkpt lat="47.2551090" lon="11.3600230">
    <ele>578.9</ele>
    <time>2026-04-26T17:09:25Z</time>
   </trkpt>
   <trkpt lat="47.2551090" lon="11.3599780">
    <ele>578.9</ele>
    <time>2026-04-26T17:09:26Z</time>
   </trkpt>
   <trkpt lat="47.2551100" lon="11.3599600">
    <ele>578.9</ele>
    <time>2026-04-26T17:09:27Z</time>
   </trkpt>
   <trkpt lat="47.2551170" lon="11.3599130">
    <ele>578.9</ele>
    <time>2026-04-26T17:09:28Z</time>
   </trkpt>
   <trkpt lat="47.2551180" lon="11.3598970">
    <ele>578.9</ele>
    <time>2026-04-26T17:09:29Z</time>
   </trkpt>
   <trkpt lat="47.2551250" lon="11.3598670">
    <ele>578.9</ele>
    <time>2026-04-26T17:09:30Z</time>
   </trkpt>
   <trkpt lat="47.2551250" lon="11.3598490">
    <ele>578.9</ele>
    <time>2026-04-26T17:09:31Z</time>
   </trkpt>
   <trkpt lat="47.2551370" lon="11.3598040">
    <ele>578.9</ele>
    <time>2026-04-26T17:09:32Z</time>
   </trkpt>
   <trkpt lat="47.2551400" lon="11.3597890">
    <ele>578.9</ele>
    <time>2026-04-26T17:09:33Z</time>
   </trkpt>
   <trkpt lat="47.2551480" lon="11.3597830">
    <ele>578.9</ele>
    <time>2026-04-26T17:09:34Z</time>
   </trkpt>
   <trkpt lat="47.2551500" lon="11.3597500">
    <ele>578.9</ele>
    <time>2026-04-26T17:09:35Z</time>
   </trkpt>
   <trkpt lat="47.2551520" lon="11.3597080">
    <ele>578.9</ele>
    <time>2026-04-26T17:09:36Z</time>
   </trkpt>
   <trkpt lat="47.2551580" lon="11.3596540">
    <ele>578.9</ele>
    <time>2026-04-26T17:09:37Z</time>
   </trkpt>
   <trkpt lat="47.2551620" lon="11.3596110">
    <ele>578.9</ele>
    <time>2026-04-26T17:09:38Z</time>
   </trkpt>
   <trkpt lat="47.2551690" lon="11.3595650">
    <ele>579.0</ele>
    <time>2026-04-26T17:09:39Z</time>
   </trkpt>
   <trkpt lat="47.2551670" lon="11.3595470">
    <ele>579.0</ele>
    <time>2026-04-26T17:09:40Z</time>
   </trkpt>
   <trkpt lat="47.2551690" lon="11.3595280">
    <ele>579.0</ele>
    <time>2026-04-26T17:09:41Z</time>
   </trkpt>
   <trkpt lat="47.2551720" lon="11.3594970">
    <ele>579.0</ele>
    <time>2026-04-26T17:09:42Z</time>
   </trkpt>
   <trkpt lat="47.2551780" lon="11.3594430">
    <ele>579.0</ele>
    <time>2026-04-26T17:09:43Z</time>
   </trkpt>
   <trkpt lat="47.2551810" lon="11.3594230">
    <ele>579.0</ele>
    <time>2026-04-26T17:09:44Z</time>
   </trkpt>
   <trkpt lat="47.2551940" lon="11.3593870">
    <ele>579.0</ele>
    <time>2026-04-26T17:09:45Z</time>
   </trkpt>
   <trkpt lat="47.2552000" lon="11.3593390">
    <ele>579.0</ele>
    <time>2026-04-26T17:09:46Z</time>
   </trkpt>
   <trkpt lat="47.2552020" lon="11.3593250">
    <ele>579.0</ele>
    <time>2026-04-26T17:09:47Z</time>
   </trkpt>
   <trkpt lat="47.2552050" lon="11.3592830">
    <ele>579.0</ele>
    <time>2026-04-26T17:09:48Z</time>
   </trkpt>
   <trkpt lat="47.2552060" lon="11.3592700">
    <ele>579.0</ele>
    <time>2026-04-26T17:09:49Z</time>
   </trkpt>
   <trkpt lat="47.2552020" lon="11.3592470">
    <ele>579.0</ele>
    <time>2026-04-26T17:09:50Z</time>
   </trkpt>
   <trkpt lat="47.2552050" lon="11.3592220">
    <ele>579.0</ele>
    <time>2026-04-26T17:09:51Z</time>
   </trkpt>
   <trkpt lat="47.2552140" lon="11.3591890">
    <ele>579.0</ele>
    <time>2026-04-26T17:09:52Z</time>
   </trkpt>
   <trkpt lat="47.2552200" lon="11.3591720">
    <ele>579.0</ele>
    <time>2026-04-26T17:09:53Z</time>
   </trkpt>
   <trkpt lat="47.2552250" lon="11.3591560">
    <ele>579.0</ele>
    <time>2026-04-26T17:09:54Z</time>
   </trkpt>
   <trkpt lat="47.2552350" lon="11.3591140">
    <ele>579.0</ele>
    <time>2026-04-26T17:09:55Z</time>
   </trkpt>
   <trkpt lat="47.2552390" lon="11.3590980">
    <ele>579.0</ele>
    <time>2026-04-26T17:09:56Z</time>
   </trkpt>
   <trkpt lat="47.2552380" lon="11.3590560">
    <ele>579.0</ele>
    <time>2026-04-26T17:09:57Z</time>
   </trkpt>
   <trkpt lat="47.2552440" lon="11.3590340">
    <ele>579.0</ele>
    <time>2026-04-26T17:09:58Z</time>
   </trkpt>
   <trkpt lat="47.2552480" lon="11.3590080">
    <ele>579.0</ele>
    <time>2026-04-26T17:09:59Z</time>
   </trkpt>
   <trkpt lat="47.2552610" lon="11.3589760">
    <ele>579.0</ele>
    <time>2026-04-26T17:10:00Z</time>
   </trkpt>
   <trkpt lat="47.2552680" lon="11.3589610">
    <ele>579.0</ele>
    <time>2026-04-26T17:10:01Z</time>
   </trkpt>
   <trkpt lat="47.2552650" lon="11.3589070">
    <ele>579.0</ele>
    <time>2026-04-26T17:10:02Z</time>
   </trkpt>
   <trkpt lat="47.2552650" lon="11.3588890">
    <ele>579.0</ele>
    <time>2026-04-26T17:10:03Z</time>
   </trkpt>
   <trkpt lat="47.2552750" lon="11.3588420">
    <ele>579.0</ele>
    <time>2026-04-26T17:10:04Z</time>
   </trkpt>
   <trkpt lat="47.2552770" lon="11.3588230">
    <ele>579.0</ele>
    <time>2026-04-26T17:10:05Z</time>
   </trkpt>
   <trkpt lat="47.2552880" lon="11.3587810">
    <ele>579.0</ele>
    <time>2026-04-26T17:10:06Z</time>
   </trkpt>
   <trkpt lat="47.2552930" lon="11.3587620">
    <ele>579.0</ele>
    <time>2026-04-26T17:10:07Z</time>
   </trkpt>
   <trkpt lat="47.2552900" lon="11.3587380">
    <ele>579.0</ele>
    <time>2026-04-26T17:10:08Z</time>
   </trkpt>
   <trkpt lat="47.2552910" lon="11.3587120">
    <ele>579.0</ele>
    <time>2026-04-26T17:10:09Z</time>
   </trkpt>
   <trkpt lat="47.2552980" lon="11.3586650">
    <ele>579.1</ele>
    <time>2026-04-26T17:10:10Z</time>
   </trkpt>
   <trkpt lat="47.2552980" lon="11.3586460">
    <ele>579.1</ele>
    <time>2026-04-26T17:10:11Z</time>
   </trkpt>
   <trkpt lat="47.2553060" lon="11.3585930">
    <ele>579.1</ele>
    <time>2026-04-26T17:10:12Z</time>
   </trkpt>
   <trkpt lat="47.2553080" lon="11.3585710">
    <ele>579.1</ele>
    <time>2026-04-26T17:10:13Z</time>
   </trkpt>
   <trkpt lat="47.2553130" lon="11.3585270">
    <ele>579.1</ele>
    <time>2026-04-26T17:10:14Z</time>
   </trkpt>
   <trkpt lat="47.2553150" lon="11.3585050">
    <ele>579.1</ele>
    <time>2026-04-26T17:10:15Z</time>
   </trkpt>
   <trkpt lat="47.2553200" lon="11.3584600">
    <ele>579.1</ele>
    <time>2026-04-26T17:10:16Z</time>
   </trkpt>
   <trkpt lat="47.2553200" lon="11.3584460">
    <ele>579.1</ele>
    <time>2026-04-26T17:10:17Z</time>
   </trkpt>
   <trkpt lat="47.2553570" lon="11.3584240">
    <ele>579.1</ele>
    <time>2026-04-26T17:10:18Z</time>
   </trkpt>
   <trkpt lat="47.2553650" lon="11.3583770">
    <ele>579.1</ele>
    <time>2026-04-26T17:10:19Z</time>
   </trkpt>
   <trkpt lat="47.2553660" lon="11.3583510">
    <ele>579.1</ele>
    <time>2026-04-26T17:10:20Z</time>
   </trkpt>
   <trkpt lat="47.2553560" lon="11.3583030">
    <ele>579.1</ele>
    <time>2026-04-26T17:10:21Z</time>
   </trkpt>
   <trkpt lat="47.2553540" lon="11.3582910">
    <ele>579.1</ele>
    <time>2026-04-26T17:10:22Z</time>
   </trkpt>
   <trkpt lat="47.2553570" lon="11.3582450">
    <ele>579.1</ele>
    <time>2026-04-26T17:10:23Z</time>
   </trkpt>
   <trkpt lat="47.2553580" lon="11.3582250">
    <ele>579.1</ele>
    <time>2026-04-26T17:10:24Z</time>
   </trkpt>
   <trkpt lat="47.2553600" lon="11.3581690">
    <ele>579.1</ele>
    <time>2026-04-26T17:10:25Z</time>
   </trkpt>
   <trkpt lat="47.2553600" lon="11.3581510">
    <ele>579.1</ele>
    <time>2026-04-26T17:10:26Z</time>
   </trkpt>
   <trkpt lat="47.2553750" lon="11.3581340">
    <ele>579.1</ele>
    <time>2026-04-26T17:10:27Z</time>
   </trkpt>
   <trkpt lat="47.2553710" lon="11.3581010">
    <ele>579.1</ele>
    <time>2026-04-26T17:10:28Z</time>
   </trkpt>
   <trkpt lat="47.2553800" lon="11.3580620">
    <ele>579.1</ele>
    <time>2026-04-26T17:10:29Z</time>
   </trkpt>
   <trkpt lat="47.2553810" lon="11.3580460">
    <ele>579.1</ele>
    <time>2026-04-26T17:10:30Z</time>
   </trkpt>
   <trkpt lat="47.2553820" lon="11.3580220">
    <ele>579.1</ele>
    <time>2026-04-26T17:10:31Z</time>
   </trkpt>
   <trkpt lat="47.2553810" lon="11.3580050">
    <ele>579.1</ele>
    <time>2026-04-26T17:10:32Z</time>
   </trkpt>
   <trkpt lat="47.2553810" lon="11.3579890">
    <ele>579.1</ele>
    <time>2026-04-26T17:10:33Z</time>
   </trkpt>
   <trkpt lat="47.2553870" lon="11.3579500">
    <ele>579.1</ele>
    <time>2026-04-26T17:10:34Z</time>
   </trkpt>
   <trkpt lat="47.2553840" lon="11.3579170">
    <ele>579.1</ele>
    <time>2026-04-26T17:10:35Z</time>
   </trkpt>
   <trkpt lat="47.2553790" lon="11.3578990">
    <ele>579.1</ele>
    <time>2026-04-26T17:10:36Z</time>
   </trkpt>
   <trkpt lat="47.2553830" lon="11.3578780">
    <ele>579.1</ele>
    <time>2026-04-26T17:10:37Z</time>
   </trkpt>
   <trkpt lat="47.2553840" lon="11.3578470">
    <ele>579.1</ele>
    <time>2026-04-26T17:10:38Z</time>
   </trkpt>
   <trkpt lat="47.2553920" lon="11.3578010">
    <ele>579.1</ele>
    <time>2026-04-26T17:10:39Z</time>
   </trkpt>
   <trkpt lat="47.2553910" lon="11.3577790">
    <ele>579.1</ele>
    <time>2026-04-26T17:10:40Z</time>
   </trkpt>
   <trkpt lat="47.2553960" lon="11.3577220">
    <ele>579.1</ele>
    <time>2026-04-26T17:10:41Z</time>
   </trkpt>
   <trkpt lat="47.2553940" lon="11.3577030">
    <ele>579.1</ele>
    <time>2026-04-26T17:10:42Z</time>
   </trkpt>
   <trkpt lat="47.2554010" lon="11.3576620">
    <ele>579.1</ele>
    <time>2026-04-26T17:10:43Z</time>
   </trkpt>
   <trkpt lat="47.2554040" lon="11.3576480">
    <ele>579.1</ele>
    <time>2026-04-26T17:10:44Z</time>
   </trkpt>
   <trkpt lat="47.2554020" lon="11.3575950">
    <ele>579.1</ele>
    <time>2026-04-26T17:10:45Z</time>
   </trkpt>
   <trkpt lat="47.2554000" lon="11.3575820">
    <ele>579.1</ele>
    <time>2026-04-26T17:10:46Z</time>
   </trkpt>
   <trkpt lat="47.2554100" lon="11.3575420">
    <ele>579.1</ele>
    <time>2026-04-26T17:10:47Z</time>
   </trkpt>
   <trkpt lat="47.2554150" lon="11.3575300">
    <ele>579.1</ele>
    <time>2026-04-26T17:10:48Z</time>
   </trkpt>
   <trkpt lat="47.2554160" lon="11.3574660">
    <ele>579.1</ele>
    <time>2026-04-26T17:10:49Z</time>
   </trkpt>
   <trkpt lat="47.2554170" lon="11.3574380">
    <ele>579.1</ele>
    <time>2026-04-26T17:10:50Z</time>
   </trkpt>
   <trkpt lat="47.2554180" lon="11.3573840">
    <ele>579.1</ele>
    <time>2026-04-26T17:10:51Z</time>
   </trkpt>
   <trkpt lat="47.2554190" lon="11.3573660">
    <ele>579.1</ele>
    <time>2026-04-26T17:10:52Z</time>
   </trkpt>
   <trkpt lat="47.2554250" lon="11.3573490">
    <ele>579.1</ele>
    <time>2026-04-26T17:10:53Z</time>
   </trkpt>
   <trkpt lat="47.2554320" lon="11.3573270">
    <ele>579.1</ele>
    <time>2026-04-26T17:10:54Z</time>
   </trkpt>
   <trkpt lat="47.2554340" lon="11.3572740">
    <ele>579.1</ele>
    <time>2026-04-26T17:10:55Z</time>
   </trkpt>
   <trkpt lat="47.2554370" lon="11.3572520">
    <ele>579.1</ele>
    <time>2026-04-26T17:10:56Z</time>
   </trkpt>
   <trkpt lat="47.2554350" lon="11.3572240">
    <ele>579.1</ele>
    <time>2026-04-26T17:10:57Z</time>
   </trkpt>
   <trkpt lat="47.2554340" lon="11.3572060">
    <ele>579.1</ele>
    <time>2026-04-26T17:10:58Z</time>
   </trkpt>
   <trkpt lat="47.2554390" lon="11.3571480">
    <ele>579.1</ele>
    <time>2026-04-26T17:10:59Z</time>
   </trkpt>
   <trkpt lat="47.2554390" lon="11.3571270">
    <ele>579.1</ele>
    <time>2026-04-26T17:11:00Z</time>
   </trkpt>
   <trkpt lat="47.2554430" lon="11.3571040">
    <ele>579.1</ele>
    <time>2026-04-26T17:11:01Z</time>
   </trkpt>
   <trkpt lat="47.2554390" lon="11.3570740">
    <ele>579.1</ele>
    <time>2026-04-26T17:11:02Z</time>
   </trkpt>
   <trkpt lat="47.2554420" lon="11.3570330">
    <ele>579.1</ele>
    <time>2026-04-26T17:11:03Z</time>
   </trkpt>
   <trkpt lat="47.2554510" lon="11.3569710">
    <ele>579.1</ele>
    <time>2026-04-26T17:11:04Z</time>
   </trkpt>
   <trkpt lat="47.2554520" lon="11.3569460">
    <ele>579.1</ele>
    <time>2026-04-26T17:11:05Z</time>
   </trkpt>
   <trkpt lat="47.2554520" lon="11.3569020">
    <ele>579.1</ele>
    <time>2026-04-26T17:11:06Z</time>
   </trkpt>
   <trkpt lat="47.2554620" lon="11.3568790">
    <ele>579.1</ele>
    <time>2026-04-26T17:11:07Z</time>
   </trkpt>
   <trkpt lat="47.2554620" lon="11.3568580">
    <ele>579.1</ele>
    <time>2026-04-26T17:11:08Z</time>
   </trkpt>
   <trkpt lat="47.2554610" lon="11.3568180">
    <ele>579.1</ele>
    <time>2026-04-26T17:11:09Z</time>
   </trkpt>
   <trkpt lat="47.2554610" lon="11.3568040">
    <ele>579.1</ele>
    <time>2026-04-26T17:11:10Z</time>
   </trkpt>
   <trkpt lat="47.2554600" lon="11.3567640">
    <ele>579.1</ele>
    <time>2026-04-26T17:11:11Z</time>
   </trkpt>
   <trkpt lat="47.2554700" lon="11.3567140">
    <ele>579.1</ele>
    <time>2026-04-26T17:11:12Z</time>
   </trkpt>
   <trkpt lat="47.2554750" lon="11.3566950">
    <ele>579.1</ele>
    <time>2026-04-26T17:11:13Z</time>
   </trkpt>
   <trkpt lat="47.2554730" lon="11.3566570">
    <ele>579.1</ele>
    <time>2026-04-26T17:11:14Z</time>
   </trkpt>
   <trkpt lat="47.2554680" lon="11.3566400">
    <ele>579.1</ele>
    <time>2026-04-26T17:11:15Z</time>
   </trkpt>
   <trkpt lat="47.2554790" lon="11.3565820">
    <ele>579.1</ele>
    <time>2026-04-26T17:11:16Z</time>
   </trkpt>
   <trkpt lat="47.2554830" lon="11.3565620">
    <ele>579.1</ele>
    <time>2026-04-26T17:11:17Z</time>
   </trkpt>
   <trkpt lat="47.2554720" lon="11.3565130">
    <ele>579.1</ele>
    <time>2026-04-26T17:11:18Z</time>
   </trkpt>
   <trkpt lat="47.2554700" lon="11.3564980">
    <ele>579.1</ele>
    <time>2026-04-26T17:11:19Z</time>
   </trkpt>
   <trkpt lat="47.2554800" lon="11.3564550">
    <ele>579.1</ele>
    <time>2026-04-26T17:11:20Z</time>
   </trkpt>
   <trkpt lat="47.2554850" lon="11.3564080">
    <ele>579.1</ele>
    <time>2026-04-26T17:11:21Z</time>
   </trkpt>
   <trkpt lat="47.2554850" lon="11.3563930">
    <ele>579.1</ele>
    <time>2026-04-26T17:11:22Z</time>
   </trkpt>
   <trkpt lat="47.2554830" lon="11.3563700">
    <ele>579.1</ele>
    <time>2026-04-26T17:11:23Z</time>
   </trkpt>
   <trkpt lat="47.2554850" lon="11.3563430">
    <ele>579.2</ele>
    <time>2026-04-26T17:11:24Z</time>
   </trkpt>
   <trkpt lat="47.2554900" lon="11.3562990">
    <ele>579.2</ele>
    <time>2026-04-26T17:11:25Z</time>
   </trkpt>
   <trkpt lat="47.2554910" lon="11.3562840">
    <ele>579.2</ele>
    <time>2026-04-26T17:11:26Z</time>
   </trkpt>
   <trkpt lat="47.2554910" lon="11.3562430">
    <ele>579.2</ele>
    <time>2026-04-26T17:11:27Z</time>
   </trkpt>
   <trkpt lat="47.2554860" lon="11.3562260">
    <ele>579.2</ele>
    <time>2026-04-26T17:11:28Z</time>
   </trkpt>
   <trkpt lat="47.2554860" lon="11.3561940">
    <ele>579.2</ele>
    <time>2026-04-26T17:11:29Z</time>
   </trkpt>
   <trkpt lat="47.2554850" lon="11.3561510">
    <ele>579.2</ele>
    <time>2026-04-26T17:11:30Z</time>
   </trkpt>
   <trkpt lat="47.2554850" lon="11.3560970">
    <ele>579.2</ele>
    <time>2026-04-26T17:11:31Z</time>
   </trkpt>
   <trkpt lat="47.2554870" lon="11.3560760">
    <ele>579.2</ele>
    <time>2026-04-26T17:11:32Z</time>
   </trkpt>
   <trkpt lat="47.2554930" lon="11.3560380">
    <ele>579.2</ele>
    <time>2026-04-26T17:11:33Z</time>
   </trkpt>
   <trkpt lat="47.2554930" lon="11.3560210">
    <ele>579.2</ele>
    <time>2026-04-26T17:11:34Z</time>
   </trkpt>
   <trkpt lat="47.2554880" lon="11.3559770">
    <ele>579.2</ele>
    <time>2026-04-26T17:11:35Z</time>
   </trkpt>
   <trkpt lat="47.2554860" lon="11.3559630">
    <ele>579.2</ele>
    <time>2026-04-26T17:11:36Z</time>
   </trkpt>
   <trkpt lat="47.2554890" lon="11.3559150">
    <ele>579.2</ele>
    <time>2026-04-26T17:11:37Z</time>
   </trkpt>
   <trkpt lat="47.2554900" lon="11.3558950">
    <ele>579.2</ele>
    <time>2026-04-26T17:11:38Z</time>
   </trkpt>
   <trkpt lat="47.2554880" lon="11.3558640">
    <ele>579.2</ele>
    <time>2026-04-26T17:11:39Z</time>
   </trkpt>
   <trkpt lat="47.2554800" lon="11.3558450">
    <ele>579.2</ele>
    <time>2026-04-26T17:11:40Z</time>
   </trkpt>
   <trkpt lat="47.2554910" lon="11.3558060">
    <ele>579.2</ele>
    <time>2026-04-26T17:11:41Z</time>
   </trkpt>
   <trkpt lat="47.2554890" lon="11.3557550">
    <ele>579.2</ele>
    <time>2026-04-26T17:11:42Z</time>
   </trkpt>
   <trkpt lat="47.2554880" lon="11.3557390">
    <ele>579.2</ele>
    <time>2026-04-26T17:11:43Z</time>
   </trkpt>
   <trkpt lat="47.2554820" lon="11.3557060">
    <ele>579.2</ele>
    <time>2026-04-26T17:11:44Z</time>
   </trkpt>
   <trkpt lat="47.2554850" lon="11.3556730">
    <ele>579.2</ele>
    <time>2026-04-26T17:11:46Z</time>
   </trkpt>
   <trkpt lat="47.2554910" lon="11.3556340">
    <ele>579.2</ele>
    <time>2026-04-26T17:11:47Z</time>
   </trkpt>
   <trkpt lat="47.2554880" lon="11.3555840">
    <ele>579.2</ele>
    <time>2026-04-26T17:11:48Z</time>
   </trkpt>
   <trkpt lat="47.2554850" lon="11.3555710">
    <ele>579.2</ele>
    <time>2026-04-26T17:11:49Z</time>
   </trkpt>
   <trkpt lat="47.2555040" lon="11.3555160">
    <ele>579.2</ele>
    <time>2026-04-26T17:11:50Z</time>
   </trkpt>
   <trkpt lat="47.2555160" lon="11.3554910">
    <ele>579.2</ele>
    <time>2026-04-26T17:11:51Z</time>
   </trkpt>
   <trkpt lat="47.2555010" lon="11.3554500">
    <ele>579.3</ele>
    <time>2026-04-26T17:11:52Z</time>
   </trkpt>
   <trkpt lat="47.2554990" lon="11.3554350">
    <ele>579.3</ele>
    <time>2026-04-26T17:11:53Z</time>
   </trkpt>
   <trkpt lat="47.2554900" lon="11.3553890">
    <ele>579.3</ele>
    <time>2026-04-26T17:11:54Z</time>
   </trkpt>
   <trkpt lat="47.2554880" lon="11.3553730">
    <ele>579.3</ele>
    <time>2026-04-26T17:11:55Z</time>
   </trkpt>
   <trkpt lat="47.2554880" lon="11.3553210">
    <ele>579.3</ele>
    <time>2026-04-26T17:11:56Z</time>
   </trkpt>
   <trkpt lat="47.2554880" lon="11.3553040">
    <ele>579.3</ele>
    <time>2026-04-26T17:11:57Z</time>
   </trkpt>
   <trkpt lat="47.2554970" lon="11.3552640">
    <ele>579.3</ele>
    <time>2026-04-26T17:11:58Z</time>
   </trkpt>
   <trkpt lat="47.2555030" lon="11.3552490">
    <ele>579.3</ele>
    <time>2026-04-26T17:11:59Z</time>
   </trkpt>
   <trkpt lat="47.2554990" lon="11.3552090">
    <ele>579.3</ele>
    <time>2026-04-26T17:12:00Z</time>
   </trkpt>
   <trkpt lat="47.2554980" lon="11.3551960">
    <ele>579.3</ele>
    <time>2026-04-26T17:12:01Z</time>
   </trkpt>
   <trkpt lat="47.2554850" lon="11.3551370">
    <ele>579.3</ele>
    <time>2026-04-26T17:12:02Z</time>
   </trkpt>
   <trkpt lat="47.2554840" lon="11.3551120">
    <ele>579.3</ele>
    <time>2026-04-26T17:12:03Z</time>
   </trkpt>
   <trkpt lat="47.2554870" lon="11.3550750">
    <ele>579.3</ele>
    <time>2026-04-26T17:12:04Z</time>
   </trkpt>
   <trkpt lat="47.2554980" lon="11.3550300">
    <ele>579.3</ele>
    <time>2026-04-26T17:12:05Z</time>
   </trkpt>
   <trkpt lat="47.2554880" lon="11.3549910">
    <ele>579.3</ele>
    <time>2026-04-26T17:12:06Z</time>
   </trkpt>
   <trkpt lat="47.2554820" lon="11.3549740">
    <ele>579.3</ele>
    <time>2026-04-26T17:12:07Z</time>
   </trkpt>
   <trkpt lat="47.2554840" lon="11.3549550">
    <ele>579.3</ele>
    <time>2026-04-26T17:12:08Z</time>
   </trkpt>
   <trkpt lat="47.2554800" lon="11.3549220">
    <ele>579.3</ele>
    <time>2026-04-26T17:12:09Z</time>
   </trkpt>
   <trkpt lat="47.2554700" lon="11.3548720">
    <ele>579.3</ele>
    <time>2026-04-26T17:12:10Z</time>
   </trkpt>
   <trkpt lat="47.2554710" lon="11.3548550">
    <ele>579.3</ele>
    <time>2026-04-26T17:12:11Z</time>
   </trkpt>
   <trkpt lat="47.2554890" lon="11.3548150">
    <ele>579.3</ele>
    <time>2026-04-26T17:12:12Z</time>
   </trkpt>
   <trkpt lat="47.2554760" lon="11.3547740">
    <ele>579.3</ele>
    <time>2026-04-26T17:12:13Z</time>
   </trkpt>
   <trkpt lat="47.2554680" lon="11.3547540">
    <ele>579.3</ele>
    <time>2026-04-26T17:12:14Z</time>
   </trkpt>
   <trkpt lat="47.2554640" lon="11.3547070">
    <ele>579.3</ele>
    <time>2026-04-26T17:12:15Z</time>
   </trkpt>
   <trkpt lat="47.2554580" lon="11.3546950">
    <ele>579.3</ele>
    <time>2026-04-26T17:12:16Z</time>
   </trkpt>
   <trkpt lat="47.2554560" lon="11.3546430">
    <ele>579.3</ele>
    <time>2026-04-26T17:12:17Z</time>
   </trkpt>
   <trkpt lat="47.2554510" lon="11.3546250">
    <ele>579.3</ele>
    <time>2026-04-26T17:12:18Z</time>
   </trkpt>
   <trkpt lat="47.2554490" lon="11.3545780">
    <ele>579.3</ele>
    <time>2026-04-26T17:12:19Z</time>
   </trkpt>
   <trkpt lat="47.2554530" lon="11.3545600">
    <ele>579.3</ele>
    <time>2026-04-26T17:12:20Z</time>
   </trkpt>
   <trkpt lat="47.2554480" lon="11.3545160">
    <ele>579.3</ele>
    <time>2026-04-26T17:12:21Z</time>
   </trkpt>
   <trkpt lat="47.2554440" lon="11.3545010">
    <ele>579.3</ele>
    <time>2026-04-26T17:12:22Z</time>
   </trkpt>
   <trkpt lat="47.2554530" lon="11.3544610">
    <ele>579.3</ele>
    <time>2026-04-26T17:12:23Z</time>
   </trkpt>
   <trkpt lat="47.2554500" lon="11.3544370">
    <ele>579.2</ele>
    <time>2026-04-26T17:12:24Z</time>
   </trkpt>
   <trkpt lat="47.2554540" lon="11.3544100">
    <ele>579.2</ele>
    <time>2026-04-26T17:12:25Z</time>
   </trkpt>
   <trkpt lat="47.2554400" lon="11.3543730">
    <ele>579.1</ele>
    <time>2026-04-26T17:12:26Z</time>
   </trkpt>
   <trkpt lat="47.2554410" lon="11.3543310">
    <ele>579.1</ele>
    <time>2026-04-26T17:12:27Z</time>
   </trkpt>
   <trkpt lat="47.2554430" lon="11.3543140">
    <ele>579.1</ele>
    <time>2026-04-26T17:12:28Z</time>
   </trkpt>
   <trkpt lat="47.2554460" lon="11.3542690">
    <ele>579.0</ele>
    <time>2026-04-26T17:12:29Z</time>
   </trkpt>
   <trkpt lat="47.2554580" lon="11.3542180">
    <ele>578.9</ele>
    <time>2026-04-26T17:12:30Z</time>
   </trkpt>
   <trkpt lat="47.2554590" lon="11.3542020">
    <ele>578.9</ele>
    <time>2026-04-26T17:12:31Z</time>
   </trkpt>
   <trkpt lat="47.2554730" lon="11.3541540">
    <ele>578.9</ele>
    <time>2026-04-26T17:12:32Z</time>
   </trkpt>
   <trkpt lat="47.2554770" lon="11.3541430">
    <ele>578.9</ele>
    <time>2026-04-26T17:12:33Z</time>
   </trkpt>
   <trkpt lat="47.2554760" lon="11.3540890">
    <ele>578.8</ele>
    <time>2026-04-26T17:12:34Z</time>
   </trkpt>
   <trkpt lat="47.2554700" lon="11.3540680">
    <ele>578.8</ele>
    <time>2026-04-26T17:12:35Z</time>
   </trkpt>
   <trkpt lat="47.2554730" lon="11.3540200">
    <ele>578.8</ele>
    <time>2026-04-26T17:12:36Z</time>
   </trkpt>
   <trkpt lat="47.2554760" lon="11.3540060">
    <ele>578.9</ele>
    <time>2026-04-26T17:12:37Z</time>
   </trkpt>
   <trkpt lat="47.2554540" lon="11.3539680">
    <ele>578.9</ele>
    <time>2026-04-26T17:12:38Z</time>
   </trkpt>
   <trkpt lat="47.2554430" lon="11.3539540">
    <ele>578.9</ele>
    <time>2026-04-26T17:12:39Z</time>
   </trkpt>
   <trkpt lat="47.2554330" lon="11.3539190">
    <ele>579.0</ele>
    <time>2026-04-26T17:12:40Z</time>
   </trkpt>
   <trkpt lat="47.2554280" lon="11.3539010">
    <ele>579.0</ele>
    <time>2026-04-26T17:12:41Z</time>
   </trkpt>
   <trkpt lat="47.2554210" lon="11.3538760">
    <ele>579.1</ele>
    <time>2026-04-26T17:12:42Z</time>
   </trkpt>
   <trkpt lat="47.2554130" lon="11.3538530">
    <ele>579.1</ele>
    <time>2026-04-26T17:12:43Z</time>
   </trkpt>
   <trkpt lat="47.2553990" lon="11.3538080">
    <ele>579.2</ele>
    <time>2026-04-26T17:12:44Z</time>
   </trkpt>
   <trkpt lat="47.2553930" lon="11.3537920">
    <ele>579.2</ele>
    <time>2026-04-26T17:12:45Z</time>
   </trkpt>
   <trkpt lat="47.2553920" lon="11.3537490">
    <ele>579.2</ele>
    <time>2026-04-26T17:12:46Z</time>
   </trkpt>
   <trkpt lat="47.2553880" lon="11.3537320">
    <ele>579.2</ele>
    <time>2026-04-26T17:12:47Z</time>
   </trkpt>
   <trkpt lat="47.2553770" lon="11.3536870">
    <ele>579.3</ele>
    <time>2026-04-26T17:12:48Z</time>
   </trkpt>
   <trkpt lat="47.2553770" lon="11.3536670">
    <ele>579.3</ele>
    <time>2026-04-26T17:12:49Z</time>
   </trkpt>
   <trkpt lat="47.2553740" lon="11.3536150">
    <ele>579.3</ele>
    <time>2026-04-26T17:12:50Z</time>
   </trkpt>
   <trkpt lat="47.2553700" lon="11.3535960">
    <ele>579.3</ele>
    <time>2026-04-26T17:12:51Z</time>
   </trkpt>
   <trkpt lat="47.2553640" lon="11.3535410">
    <ele>579.4</ele>
    <time>2026-04-26T17:12:52Z</time>
   </trkpt>
   <trkpt lat="47.2553610" lon="11.3535200">
    <ele>579.4</ele>
    <time>2026-04-26T17:12:53Z</time>
   </trkpt>
   <trkpt lat="47.2553620" lon="11.3534790">
    <ele>579.4</ele>
    <time>2026-04-26T17:12:54Z</time>
   </trkpt>
   <trkpt lat="47.2553590" lon="11.3534630">
    <ele>579.4</ele>
    <time>2026-04-26T17:12:55Z</time>
   </trkpt>
   <trkpt lat="47.2553440" lon="11.3534290">
    <ele>579.4</ele>
    <time>2026-04-26T17:12:56Z</time>
   </trkpt>
   <trkpt lat="47.2553410" lon="11.3534160">
    <ele>579.4</ele>
    <time>2026-04-26T17:12:57Z</time>
   </trkpt>
   <trkpt lat="47.2553410" lon="11.3533630">
    <ele>579.4</ele>
    <time>2026-04-26T17:12:58Z</time>
   </trkpt>
   <trkpt lat="47.2553380" lon="11.3533420">
    <ele>579.4</ele>
    <time>2026-04-26T17:12:59Z</time>
   </trkpt>
   <trkpt lat="47.2553330" lon="11.3533120">
    <ele>579.4</ele>
    <time>2026-04-26T17:13:00Z</time>
   </trkpt>
   <trkpt lat="47.2553300" lon="11.3532920">
    <ele>579.4</ele>
    <time>2026-04-26T17:13:01Z</time>
   </trkpt>
   <trkpt lat="47.2553300" lon="11.3532360">
    <ele>579.5</ele>
    <time>2026-04-26T17:13:02Z</time>
   </trkpt>
   <trkpt lat="47.2553270" lon="11.3532180">
    <ele>579.5</ele>
    <time>2026-04-26T17:13:03Z</time>
   </trkpt>
   <trkpt lat="47.2553180" lon="11.3531800">
    <ele>579.5</ele>
    <time>2026-04-26T17:13:04Z</time>
   </trkpt>
   <trkpt lat="47.2553150" lon="11.3531660">
    <ele>579.5</ele>
    <time>2026-04-26T17:13:05Z</time>
   </trkpt>
   <trkpt lat="47.2553190" lon="11.3531470">
    <ele>579.5</ele>
    <time>2026-04-26T17:13:06Z</time>
   </trkpt>
   <trkpt lat="47.2553120" lon="11.3531160">
    <ele>579.5</ele>
    <time>2026-04-26T17:13:07Z</time>
   </trkpt>
   <trkpt lat="47.2553020" lon="11.3530760">
    <ele>579.5</ele>
    <time>2026-04-26T17:13:08Z</time>
   </trkpt>
   <trkpt lat="47.2552890" lon="11.3530310">
    <ele>579.5</ele>
    <time>2026-04-26T17:13:09Z</time>
   </trkpt>
   <trkpt lat="47.2552870" lon="11.3530140">
    <ele>579.5</ele>
    <time>2026-04-26T17:13:10Z</time>
   </trkpt>
   <trkpt lat="47.2552870" lon="11.3529620">
    <ele>579.5</ele>
    <time>2026-04-26T17:13:11Z</time>
   </trkpt>
   <trkpt lat="47.2552850" lon="11.3529430">
    <ele>579.5</ele>
    <time>2026-04-26T17:13:12Z</time>
   </trkpt>
   <trkpt lat="47.2552680" lon="11.3529010">
    <ele>579.5</ele>
    <time>2026-04-26T17:13:13Z</time>
   </trkpt>
   <trkpt lat="47.2552650" lon="11.3528910">
    <ele>579.5</ele>
    <time>2026-04-26T17:13:14Z</time>
   </trkpt>
   <trkpt lat="47.2552720" lon="11.3528500">
    <ele>579.5</ele>
    <time>2026-04-26T17:13:15Z</time>
   </trkpt>
   <trkpt lat="47.2552580" lon="11.3528060">
    <ele>579.5</ele>
    <time>2026-04-26T17:13:16Z</time>
   </trkpt>
   <trkpt lat="47.2552550" lon="11.3527910">
    <ele>579.5</ele>
    <time>2026-04-26T17:13:17Z</time>
   </trkpt>
   <trkpt lat="47.2552570" lon="11.3527610">
    <ele>579.5</ele>
    <time>2026-04-26T17:13:18Z</time>
   </trkpt>
   <trkpt lat="47.2552610" lon="11.3527390">
    <ele>579.5</ele>
    <time>2026-04-26T17:13:19Z</time>
   </trkpt>
   <trkpt lat="47.2552490" lon="11.3527050">
    <ele>579.5</ele>
    <time>2026-04-26T17:13:20Z</time>
   </trkpt>
   <trkpt lat="47.2552410" lon="11.3526910">
    <ele>579.5</ele>
    <time>2026-04-26T17:13:21Z</time>
   </trkpt>
   <trkpt lat="47.2552310" lon="11.3526390">
    <ele>579.5</ele>
    <time>2026-04-26T17:13:22Z</time>
   </trkpt>
   <trkpt lat="47.2552240" lon="11.3526230">
    <ele>579.4</ele>
    <time>2026-04-26T17:13:23Z</time>
   </trkpt>
   <trkpt lat="47.2552200" lon="11.3525760">
    <ele>579.4</ele>
    <time>2026-04-26T17:13:24Z</time>
   </trkpt>
   <trkpt lat="47.2552160" lon="11.3525620">
    <ele>579.4</ele>
    <time>2026-04-26T17:13:25Z</time>
   </trkpt>
   <trkpt lat="47.2552080" lon="11.3525190">
    <ele>579.4</ele>
    <time>2026-04-26T17:13:26Z</time>
   </trkpt>
   <trkpt lat="47.2552080" lon="11.3525020">
    <ele>579.4</ele>
    <time>2026-04-26T17:13:27Z</time>
   </trkpt>
   <trkpt lat="47.2551980" lon="11.3524630">
    <ele>579.4</ele>
    <time>2026-04-26T17:13:28Z</time>
   </trkpt>
   <trkpt lat="47.2551870" lon="11.3524240">
    <ele>579.4</ele>
    <time>2026-04-26T17:13:29Z</time>
   </trkpt>
   <trkpt lat="47.2551710" lon="11.3524100">
    <ele>579.4</ele>
    <time>2026-04-26T17:13:30Z</time>
   </trkpt>
   <trkpt lat="47.2551720" lon="11.3523820">
    <ele>579.4</ele>
    <time>2026-04-26T17:13:31Z</time>
   </trkpt>
   <trkpt lat="47.2551810" lon="11.3523380">
    <ele>579.4</ele>
    <time>2026-04-26T17:13:32Z</time>
   </trkpt>
   <trkpt lat="47.2551760" lon="11.3522840">
    <ele>579.4</ele>
    <time>2026-04-26T17:13:33Z</time>
   </trkpt>
   <trkpt lat="47.2551770" lon="11.3522660">
    <ele>579.4</ele>
    <time>2026-04-26T17:13:34Z</time>
   </trkpt>
   <trkpt lat="47.2551630" lon="11.3522190">
    <ele>579.4</ele>
    <time>2026-04-26T17:13:35Z</time>
   </trkpt>
   <trkpt lat="47.2551550" lon="11.3521990">
    <ele>579.4</ele>
    <time>2026-04-26T17:13:36Z</time>
   </trkpt>
   <trkpt lat="47.2551460" lon="11.3521510">
    <ele>579.4</ele>
    <time>2026-04-26T17:13:37Z</time>
   </trkpt>
   <trkpt lat="47.2551440" lon="11.3521310">
    <ele>579.4</ele>
    <time>2026-04-26T17:13:38Z</time>
   </trkpt>
   <trkpt lat="47.2551420" lon="11.3520850">
    <ele>579.4</ele>
    <time>2026-04-26T17:13:39Z</time>
   </trkpt>
   <trkpt lat="47.2551470" lon="11.3520740">
    <ele>579.4</ele>
    <time>2026-04-26T17:13:40Z</time>
   </trkpt>
   <trkpt lat="47.2551390" lon="11.3520210">
    <ele>579.4</ele>
    <time>2026-04-26T17:13:41Z</time>
   </trkpt>
   <trkpt lat="47.2551340" lon="11.3520020">
    <ele>579.4</ele>
    <time>2026-04-26T17:13:42Z</time>
   </trkpt>
   <trkpt lat="47.2551200" lon="11.3519610">
    <ele>579.4</ele>
    <time>2026-04-26T17:13:43Z</time>
   </trkpt>
   <trkpt lat="47.2551170" lon="11.3519490">
    <ele>579.4</ele>
    <time>2026-04-26T17:13:44Z</time>
   </trkpt>
   <trkpt lat="47.2551020" lon="11.3519000">
    <ele>579.4</ele>
    <time>2026-04-26T17:13:45Z</time>
   </trkpt>
   <trkpt lat="47.2550960" lon="11.3518800">
    <ele>579.4</ele>
    <time>2026-04-26T17:13:46Z</time>
   </trkpt>
   <trkpt lat="47.2550920" lon="11.3518390">
    <ele>579.4</ele>
    <time>2026-04-26T17:13:47Z</time>
   </trkpt>
   <trkpt lat="47.2550860" lon="11.3518210">
    <ele>579.4</ele>
    <time>2026-04-26T17:13:48Z</time>
   </trkpt>
   <trkpt lat="47.2550780" lon="11.3518030">
    <ele>579.4</ele>
    <time>2026-04-26T17:13:49Z</time>
   </trkpt>
   <trkpt lat="47.2550740" lon="11.3517750">
    <ele>579.4</ele>
    <time>2026-04-26T17:13:50Z</time>
   </trkpt>
   <trkpt lat="47.2550660" lon="11.3517560">
    <ele>579.4</ele>
    <time>2026-04-26T17:13:52Z</time>
   </trkpt>
   <trkpt lat="47.2550620" lon="11.3517340">
    <ele>579.4</ele>
    <time>2026-04-26T17:13:53Z</time>
   </trkpt>
   <trkpt lat="47.2550540" lon="11.3516750">
    <ele>579.4</ele>
    <time>2026-04-26T17:13:54Z</time>
   </trkpt>
   <trkpt lat="47.2550490" lon="11.3516550">
    <ele>579.4</ele>
    <time>2026-04-26T17:13:55Z</time>
   </trkpt>
   <trkpt lat="47.2550330" lon="11.3516230">
    <ele>579.4</ele>
    <time>2026-04-26T17:13:56Z</time>
   </trkpt>
   <trkpt lat="47.2550350" lon="11.3515790">
    <ele>579.4</ele>
    <time>2026-04-26T17:13:57Z</time>
   </trkpt>
   <trkpt lat="47.2550440" lon="11.3515590">
    <ele>579.4</ele>
    <time>2026-04-26T17:13:58Z</time>
   </trkpt>
   <trkpt lat="47.2550390" lon="11.3515130">
    <ele>579.4</ele>
    <time>2026-04-26T17:13:59Z</time>
   </trkpt>
   <trkpt lat="47.2550290" lon="11.3515020">
    <ele>579.4</ele>
    <time>2026-04-26T17:14:00Z</time>
   </trkpt>
   <trkpt lat="47.2550150" lon="11.3514620">
    <ele>579.5</ele>
    <time>2026-04-26T17:14:01Z</time>
   </trkpt>
   <trkpt lat="47.2550110" lon="11.3514190">
    <ele>579.5</ele>
    <time>2026-04-26T17:14:02Z</time>
   </trkpt>
   <trkpt lat="47.2550070" lon="11.3513990">
    <ele>579.5</ele>
    <time>2026-04-26T17:14:03Z</time>
   </trkpt>
   <trkpt lat="47.2550030" lon="11.3513680">
    <ele>579.5</ele>
    <time>2026-04-26T17:14:04Z</time>
   </trkpt>
   <trkpt lat="47.2549820" lon="11.3513750">
    <ele>579.5</ele>
    <time>2026-04-26T17:14:05Z</time>
   </trkpt>
   <trkpt lat="47.2549790" lon="11.3513260">
    <ele>579.5</ele>
    <time>2026-04-26T17:14:06Z</time>
   </trkpt>
   <trkpt lat="47.2549570" lon="11.3512800">
    <ele>579.5</ele>
    <time>2026-04-26T17:14:07Z</time>
   </trkpt>
   <trkpt lat="47.2549470" lon="11.3512490">
    <ele>579.5</ele>
    <time>2026-04-26T17:14:08Z</time>
   </trkpt>
   <trkpt lat="47.2549370" lon="11.3512150">
    <ele>579.5</ele>
    <time>2026-04-26T17:14:09Z</time>
   </trkpt>
   <trkpt lat="47.2549290" lon="11.3511680">
    <ele>579.5</ele>
    <time>2026-04-26T17:14:10Z</time>
   </trkpt>
   <trkpt lat="47.2549270" lon="11.3511200">
    <ele>579.5</ele>
    <time>2026-04-26T17:14:11Z</time>
   </trkpt>
   <trkpt lat="47.2549190" lon="11.3511040">
    <ele>579.5</ele>
    <time>2026-04-26T17:14:12Z</time>
   </trkpt>
   <trkpt lat="47.2549090" lon="11.3510590">
    <ele>579.5</ele>
    <time>2026-04-26T17:14:13Z</time>
   </trkpt>
   <trkpt lat="47.2549070" lon="11.3510440">
    <ele>579.5</ele>
    <time>2026-04-26T17:14:14Z</time>
   </trkpt>
   <trkpt lat="47.2549020" lon="11.3510020">
    <ele>579.5</ele>
    <time>2026-04-26T17:14:15Z</time>
   </trkpt>
   <trkpt lat="47.2548850" lon="11.3509600">
    <ele>579.5</ele>
    <time>2026-04-26T17:14:16Z</time>
   </trkpt>
   <trkpt lat="47.2548790" lon="11.3509440">
    <ele>579.5</ele>
    <time>2026-04-26T17:14:17Z</time>
   </trkpt>
   <trkpt lat="47.2548730" lon="11.3508940">
    <ele>579.5</ele>
    <time>2026-04-26T17:14:18Z</time>
   </trkpt>
   <trkpt lat="47.2548730" lon="11.3508790">
    <ele>579.5</ele>
    <time>2026-04-26T17:14:19Z</time>
   </trkpt>
   <trkpt lat="47.2548580" lon="11.3508440">
    <ele>579.5</ele>
    <time>2026-04-26T17:14:20Z</time>
   </trkpt>
   <trkpt lat="47.2548530" lon="11.3508300">
    <ele>579.5</ele>
    <time>2026-04-26T17:14:21Z</time>
   </trkpt>
   <trkpt lat="47.2548420" lon="11.3507780">
    <ele>579.5</ele>
    <time>2026-04-26T17:14:22Z</time>
   </trkpt>
   <trkpt lat="47.2548350" lon="11.3507630">
    <ele>579.5</ele>
    <time>2026-04-26T17:14:23Z</time>
   </trkpt>
   <trkpt lat="47.2548260" lon="11.3507230">
    <ele>579.5</ele>
    <time>2026-04-26T17:14:24Z</time>
   </trkpt>
   <trkpt lat="47.2548150" lon="11.3506730">
    <ele>579.6</ele>
    <time>2026-04-26T17:14:25Z</time>
   </trkpt>
   <trkpt lat="47.2548140" lon="11.3506590">
    <ele>579.6</ele>
    <time>2026-04-26T17:14:26Z</time>
   </trkpt>
   <trkpt lat="47.2547970" lon="11.3506180">
    <ele>579.6</ele>
    <time>2026-04-26T17:14:27Z</time>
   </trkpt>
   <trkpt lat="47.2547900" lon="11.3506050">
    <ele>579.6</ele>
    <time>2026-04-26T17:14:28Z</time>
   </trkpt>
   <trkpt lat="47.2547880" lon="11.3505580">
    <ele>579.6</ele>
    <time>2026-04-26T17:14:29Z</time>
   </trkpt>
   <trkpt lat="47.2547880" lon="11.3505410">
    <ele>579.6</ele>
    <time>2026-04-26T17:14:30Z</time>
   </trkpt>
   <trkpt lat="47.2547810" lon="11.3504950">
    <ele>579.6</ele>
    <time>2026-04-26T17:14:31Z</time>
   </trkpt>
   <trkpt lat="47.2547730" lon="11.3504880">
    <ele>579.6</ele>
    <time>2026-04-26T17:14:32Z</time>
   </trkpt>
   <trkpt lat="47.2547580" lon="11.3504510">
    <ele>579.6</ele>
    <time>2026-04-26T17:14:33Z</time>
   </trkpt>
   <trkpt lat="47.2547530" lon="11.3504350">
    <ele>579.6</ele>
    <time>2026-04-26T17:14:34Z</time>
   </trkpt>
   <trkpt lat="47.2547580" lon="11.3503920">
    <ele>579.7</ele>
    <time>2026-04-26T17:14:35Z</time>
   </trkpt>
   <trkpt lat="47.2547570" lon="11.3503770">
    <ele>579.7</ele>
    <time>2026-04-26T17:14:36Z</time>
   </trkpt>
   <trkpt lat="47.2547390" lon="11.3503310">
    <ele>579.7</ele>
    <time>2026-04-26T17:14:37Z</time>
   </trkpt>
   <trkpt lat="47.2547330" lon="11.3503200">
    <ele>579.7</ele>
    <time>2026-04-26T17:14:38Z</time>
   </trkpt>
   <trkpt lat="47.2547160" lon="11.3502740">
    <ele>579.7</ele>
    <time>2026-04-26T17:14:39Z</time>
   </trkpt>
   <trkpt lat="47.2547110" lon="11.3502580">
    <ele>579.7</ele>
    <time>2026-04-26T17:14:40Z</time>
   </trkpt>
   <trkpt lat="47.2546990" lon="11.3502200">
    <ele>579.7</ele>
    <time>2026-04-26T17:14:41Z</time>
   </trkpt>
   <trkpt lat="47.2546920" lon="11.3501720">
    <ele>579.7</ele>
    <time>2026-04-26T17:14:42Z</time>
   </trkpt>
   <trkpt lat="47.2546880" lon="11.3501500">
    <ele>579.7</ele>
    <time>2026-04-26T17:14:43Z</time>
   </trkpt>
   <trkpt lat="47.2546860" lon="11.3501390">
    <ele>579.7</ele>
    <time>2026-04-26T17:14:44Z</time>
   </trkpt>
   <trkpt lat="47.2546720" lon="11.3501100">
    <ele>579.7</ele>
    <time>2026-04-26T17:14:45Z</time>
   </trkpt>
   <trkpt lat="47.2546610" lon="11.3500650">
    <ele>579.7</ele>
    <time>2026-04-26T17:14:46Z</time>
   </trkpt>
   <trkpt lat="47.2546540" lon="11.3500480">
    <ele>579.7</ele>
    <time>2026-04-26T17:14:47Z</time>
   </trkpt>
   <trkpt lat="47.2546470" lon="11.3500050">
    <ele>579.7</ele>
    <time>2026-04-26T17:14:48Z</time>
   </trkpt>
   <trkpt lat="47.2546310" lon="11.3499670">
    <ele>579.7</ele>
    <time>2026-04-26T17:14:49Z</time>
   </trkpt>
   <trkpt lat="47.2546290" lon="11.3499530">
    <ele>579.7</ele>
    <time>2026-04-26T17:14:50Z</time>
   </trkpt>
   <trkpt lat="47.2546180" lon="11.3499110">
    <ele>579.7</ele>
    <time>2026-04-26T17:14:51Z</time>
   </trkpt>
   <trkpt lat="47.2546130" lon="11.3498960">
    <ele>579.7</ele>
    <time>2026-04-26T17:14:52Z</time>
   </trkpt>
   <trkpt lat="47.2546100" lon="11.3498770">
    <ele>579.7</ele>
    <time>2026-04-26T17:14:53Z</time>
   </trkpt>
   <trkpt lat="47.2546000" lon="11.3498490">
    <ele>579.7</ele>
    <time>2026-04-26T17:14:54Z</time>
   </trkpt>
   <trkpt lat="47.2545900" lon="11.3498020">
    <ele>579.7</ele>
    <time>2026-04-26T17:14:55Z</time>
   </trkpt>
   <trkpt lat="47.2545870" lon="11.3497790">
    <ele>579.7</ele>
    <time>2026-04-26T17:14:56Z</time>
   </trkpt>
   <trkpt lat="47.2545700" lon="11.3497590">
    <ele>579.7</ele>
    <time>2026-04-26T17:14:57Z</time>
   </trkpt>
   <trkpt lat="47.2545600" lon="11.3497470">
    <ele>579.7</ele>
    <time>2026-04-26T17:14:58Z</time>
   </trkpt>
   <trkpt lat="47.2545550" lon="11.3496970">
    <ele>579.7</ele>
    <time>2026-04-26T17:14:59Z</time>
   </trkpt>
   <trkpt lat="47.2545530" lon="11.3496780">
    <ele>579.7</ele>
    <time>2026-04-26T17:15:00Z</time>
   </trkpt>
   <trkpt lat="47.2545400" lon="11.3496310">
    <ele>579.7</ele>
    <time>2026-04-26T17:15:01Z</time>
   </trkpt>
   <trkpt lat="47.2545190" lon="11.3495980">
    <ele>579.7</ele>
    <time>2026-04-26T17:15:02Z</time>
   </trkpt>
   <trkpt lat="47.2545140" lon="11.3495850">
    <ele>579.7</ele>
    <time>2026-04-26T17:15:03Z</time>
   </trkpt>
   <trkpt lat="47.2545050" lon="11.3495480">
    <ele>579.7</ele>
    <time>2026-04-26T17:15:04Z</time>
   </trkpt>
   <trkpt lat="47.2545020" lon="11.3495070">
    <ele>579.7</ele>
    <time>2026-04-26T17:15:05Z</time>
   </trkpt>
   <trkpt lat="47.2544890" lon="11.3494860">
    <ele>579.7</ele>
    <time>2026-04-26T17:15:06Z</time>
   </trkpt>
   <trkpt lat="47.2544810" lon="11.3494660">
    <ele>579.7</ele>
    <time>2026-04-26T17:15:07Z</time>
   </trkpt>
   <trkpt lat="47.2544670" lon="11.3494240">
    <ele>579.7</ele>
    <time>2026-04-26T17:15:08Z</time>
   </trkpt>
   <trkpt lat="47.2544630" lon="11.3494120">
    <ele>579.7</ele>
    <time>2026-04-26T17:15:09Z</time>
   </trkpt>
   <trkpt lat="47.2544510" lon="11.3493680">
    <ele>579.7</ele>
    <time>2026-04-26T17:15:10Z</time>
   </trkpt>
   <trkpt lat="47.2544430" lon="11.3493520">
    <ele>579.7</ele>
    <time>2026-04-26T17:15:11Z</time>
   </trkpt>
   <trkpt lat="47.2544400" lon="11.3493100">
    <ele>579.6</ele>
    <time>2026-04-26T17:15:12Z</time>
   </trkpt>
   <trkpt lat="47.2544370" lon="11.3492950">
    <ele>579.6</ele>
    <time>2026-04-26T17:15:13Z</time>
   </trkpt>
   <trkpt lat="47.2544230" lon="11.3492570">
    <ele>579.6</ele>
    <time>2026-04-26T17:15:14Z</time>
   </trkpt>
   <trkpt lat="47.2544090" lon="11.3492220">
    <ele>579.6</ele>
    <time>2026-04-26T17:15:15Z</time>
   </trkpt>
   <trkpt lat="47.2544040" lon="11.3492060">
    <ele>579.6</ele>
    <time>2026-04-26T17:15:16Z</time>
   </trkpt>
   <trkpt lat="47.2543970" lon="11.3491650">
    <ele>579.6</ele>
    <time>2026-04-26T17:15:17Z</time>
   </trkpt>
   <trkpt lat="47.2543930" lon="11.3491500">
    <ele>579.7</ele>
    <time>2026-04-26T17:15:18Z</time>
   </trkpt>
   <trkpt lat="47.2543730" lon="11.3491070">
    <ele>579.7</ele>
    <time>2026-04-26T17:15:19Z</time>
   </trkpt>
   <trkpt lat="47.2543660" lon="11.3490930">
    <ele>579.7</ele>
    <time>2026-04-26T17:15:20Z</time>
   </trkpt>
   <trkpt lat="47.2543640" lon="11.3490590">
    <ele>579.7</ele>
    <time>2026-04-26T17:15:21Z</time>
   </trkpt>
   <trkpt lat="47.2543650" lon="11.3490430">
    <ele>579.7</ele>
    <time>2026-04-26T17:15:22Z</time>
   </trkpt>
   <trkpt lat="47.2543440" lon="11.3490020">
    <ele>579.7</ele>
    <time>2026-04-26T17:15:23Z</time>
   </trkpt>
   <trkpt lat="47.2543350" lon="11.3489900">
    <ele>579.7</ele>
    <time>2026-04-26T17:15:24Z</time>
   </trkpt>
   <trkpt lat="47.2543370" lon="11.3489490">
    <ele>579.7</ele>
    <time>2026-04-26T17:15:25Z</time>
   </trkpt>
   <trkpt lat="47.2543250" lon="11.3489020">
    <ele>579.7</ele>
    <time>2026-04-26T17:15:26Z</time>
   </trkpt>
   <trkpt lat="47.2543220" lon="11.3488890">
    <ele>579.7</ele>
    <time>2026-04-26T17:15:27Z</time>
   </trkpt>
   <trkpt lat="47.2543090" lon="11.3488520">
    <ele>579.7</ele>
    <time>2026-04-26T17:15:28Z</time>
   </trkpt>
   <trkpt lat="47.2542970" lon="11.3487990">
    <ele>579.7</ele>
    <time>2026-04-26T17:15:29Z</time>
   </trkpt>
   <trkpt lat="47.2542950" lon="11.3487820">
    <ele>579.7</ele>
    <time>2026-04-26T17:15:30Z</time>
   </trkpt>
   <trkpt lat="47.2542830" lon="11.3487410">
    <ele>579.7</ele>
    <time>2026-04-26T17:15:31Z</time>
   </trkpt>
   <trkpt lat="47.2542760" lon="11.3487260">
    <ele>579.7</ele>
    <time>2026-04-26T17:15:32Z</time>
   </trkpt>
   <trkpt lat="47.2542710" lon="11.3487010">
    <ele>579.7</ele>
    <time>2026-04-26T17:15:33Z</time>
   </trkpt>
   <trkpt lat="47.2542700" lon="11.3486760">
    <ele>579.7</ele>
    <time>2026-04-26T17:15:34Z</time>
   </trkpt>
   <trkpt lat="47.2542560" lon="11.3486390">
    <ele>579.7</ele>
    <time>2026-04-26T17:15:35Z</time>
   </trkpt>
   <trkpt lat="47.2542450" lon="11.3485890">
    <ele>579.7</ele>
    <time>2026-04-26T17:15:36Z</time>
   </trkpt>
   <trkpt lat="47.2542400" lon="11.3485760">
    <ele>579.7</ele>
    <time>2026-04-26T17:15:37Z</time>
   </trkpt>
   <trkpt lat="47.2542280" lon="11.3485360">
    <ele>579.7</ele>
    <time>2026-04-26T17:15:38Z</time>
   </trkpt>
   <trkpt lat="47.2542220" lon="11.3485230">
    <ele>579.7</ele>
    <time>2026-04-26T17:15:39Z</time>
   </trkpt>
   <trkpt lat="47.2542010" lon="11.3484820">
    <ele>579.7</ele>
    <time>2026-04-26T17:15:40Z</time>
   </trkpt>
   <trkpt lat="47.2541960" lon="11.3484670">
    <ele>579.7</ele>
    <time>2026-04-26T17:15:41Z</time>
   </trkpt>
   <trkpt lat="47.2541830" lon="11.3484210">
    <ele>579.7</ele>
    <time>2026-04-26T17:15:42Z</time>
   </trkpt>
   <trkpt lat="47.2541800" lon="11.3484060">
    <ele>579.7</ele>
    <time>2026-04-26T17:15:43Z</time>
   </trkpt>
   <trkpt lat="47.2541650" lon="11.3483670">
    <ele>579.7</ele>
    <time>2026-04-26T17:15:44Z</time>
   </trkpt>
   <trkpt lat="47.2541580" lon="11.3483530">
    <ele>579.7</ele>
    <time>2026-04-26T17:15:45Z</time>
   </trkpt>
   <trkpt lat="47.2541440" lon="11.3483050">
    <ele>579.7</ele>
    <time>2026-04-26T17:15:46Z</time>
   </trkpt>
   <trkpt lat="47.2541380" lon="11.3482850">
    <ele>579.7</ele>
    <time>2026-04-26T17:15:47Z</time>
   </trkpt>
   <trkpt lat="47.2541260" lon="11.3482480">
    <ele>579.7</ele>
    <time>2026-04-26T17:15:48Z</time>
   </trkpt>
   <trkpt lat="47.2541220" lon="11.3482080">
    <ele>579.7</ele>
    <time>2026-04-26T17:15:49Z</time>
   </trkpt>
   <trkpt lat="47.2541200" lon="11.3481920">
    <ele>579.7</ele>
    <time>2026-04-26T17:15:50Z</time>
   </trkpt>
   <trkpt lat="47.2541070" lon="11.3481450">
    <ele>579.7</ele>
    <time>2026-04-26T17:15:51Z</time>
   </trkpt>
   <trkpt lat="47.2541020" lon="11.3481290">
    <ele>579.7</ele>
    <time>2026-04-26T17:15:52Z</time>
   </trkpt>
   <trkpt lat="47.2540860" lon="11.3481150">
    <ele>579.7</ele>
    <time>2026-04-26T17:15:53Z</time>
   </trkpt>
   <trkpt lat="47.2540790" lon="11.3480920">
    <ele>579.7</ele>
    <time>2026-04-26T17:15:54Z</time>
   </trkpt>
   <trkpt lat="47.2540660" lon="11.3480490">
    <ele>579.7</ele>
    <time>2026-04-26T17:15:55Z</time>
   </trkpt>
   <trkpt lat="47.2540600" lon="11.3480330">
    <ele>579.7</ele>
    <time>2026-04-26T17:15:56Z</time>
   </trkpt>
   <trkpt lat="47.2540480" lon="11.3479860">
    <ele>579.7</ele>
    <time>2026-04-26T17:15:58Z</time>
   </trkpt>
   <trkpt lat="47.2540430" lon="11.3479760">
    <ele>579.7</ele>
    <time>2026-04-26T17:15:59Z</time>
   </trkpt>
   <trkpt lat="47.2540360" lon="11.3479260">
    <ele>579.7</ele>
    <time>2026-04-26T17:16:00Z</time>
   </trkpt>
   <trkpt lat="47.2540330" lon="11.3479070">
    <ele>579.7</ele>
    <time>2026-04-26T17:16:01Z</time>
   </trkpt>
   <trkpt lat="47.2540210" lon="11.3478550">
    <ele>579.7</ele>
    <time>2026-04-26T17:16:02Z</time>
   </trkpt>
   <trkpt lat="47.2540140" lon="11.3478420">
    <ele>579.7</ele>
    <time>2026-04-26T17:16:03Z</time>
   </trkpt>
   <trkpt lat="47.2540090" lon="11.3477960">
    <ele>579.7</ele>
    <time>2026-04-26T17:16:04Z</time>
   </trkpt>
   <trkpt lat="47.2540030" lon="11.3477800">
    <ele>579.7</ele>
    <time>2026-04-26T17:16:05Z</time>
   </trkpt>
   <trkpt lat="47.2539940" lon="11.3477540">
    <ele>579.7</ele>
    <time>2026-04-26T17:16:06Z</time>
   </trkpt>
   <trkpt lat="47.2539820" lon="11.3477370">
    <ele>579.7</ele>
    <time>2026-04-26T17:16:07Z</time>
   </trkpt>
   <trkpt lat="47.2539750" lon="11.3476930">
    <ele>579.8</ele>
    <time>2026-04-26T17:16:08Z</time>
   </trkpt>
   <trkpt lat="47.2539700" lon="11.3476780">
    <ele>579.8</ele>
    <time>2026-04-26T17:16:09Z</time>
   </trkpt>
   <trkpt lat="47.2539680" lon="11.3476330">
    <ele>579.8</ele>
    <time>2026-04-26T17:16:10Z</time>
   </trkpt>
   <trkpt lat="47.2539460" lon="11.3475950">
    <ele>579.8</ele>
    <time>2026-04-26T17:16:11Z</time>
   </trkpt>
   <trkpt lat="47.2539420" lon="11.3475790">
    <ele>579.8</ele>
    <time>2026-04-26T17:16:12Z</time>
   </trkpt>
   <trkpt lat="47.2539320" lon="11.3475380">
    <ele>579.8</ele>
    <time>2026-04-26T17:16:13Z</time>
   </trkpt>
   <trkpt lat="47.2539250" lon="11.3475260">
    <ele>579.8</ele>
    <time>2026-04-26T17:16:14Z</time>
   </trkpt>
   <trkpt lat="47.2539060" lon="11.3474540">
    <ele>579.8</ele>
    <time>2026-04-26T17:16:15Z</time>
   </trkpt>
   <trkpt lat="47.2539040" lon="11.3474080">
    <ele>579.8</ele>
    <time>2026-04-26T17:16:16Z</time>
   </trkpt>
   <trkpt lat="47.2538810" lon="11.3473690">
    <ele>579.8</ele>
    <time>2026-04-26T17:16:17Z</time>
   </trkpt>
   <trkpt lat="47.2538750" lon="11.3473550">
    <ele>579.8</ele>
    <time>2026-04-26T17:16:18Z</time>
   </trkpt>
   <trkpt lat="47.2538630" lon="11.3473200">
    <ele>579.8</ele>
    <time>2026-04-26T17:16:19Z</time>
   </trkpt>
   <trkpt lat="47.2538590" lon="11.3473020">
    <ele>579.8</ele>
    <time>2026-04-26T17:16:20Z</time>
   </trkpt>
   <trkpt lat="47.2538490" lon="11.3472650">
    <ele>579.8</ele>
    <time>2026-04-26T17:16:21Z</time>
   </trkpt>
   <trkpt lat="47.2538380" lon="11.3472510">
    <ele>579.8</ele>
    <time>2026-04-26T17:16:22Z</time>
   </trkpt>
   <trkpt lat="47.2538390" lon="11.3472060">
    <ele>579.8</ele>
    <time>2026-04-26T17:16:23Z</time>
   </trkpt>
   <trkpt lat="47.2538270" lon="11.3471620">
    <ele>579.8</ele>
    <time>2026-04-26T17:16:24Z</time>
   </trkpt>
   <trkpt lat="47.2538230" lon="11.3471470">
    <ele>579.8</ele>
    <time>2026-04-26T17:16:25Z</time>
   </trkpt>
   <trkpt lat="47.2538080" lon="11.3471020">
    <ele>579.8</ele>
    <time>2026-04-26T17:16:26Z</time>
   </trkpt>
   <trkpt lat="47.2538040" lon="11.3470910">
    <ele>579.8</ele>
    <time>2026-04-26T17:16:27Z</time>
   </trkpt>
   <trkpt lat="47.2537950" lon="11.3470440">
    <ele>579.8</ele>
    <time>2026-04-26T17:16:28Z</time>
   </trkpt>
   <trkpt lat="47.2537890" lon="11.3470220">
    <ele>579.8</ele>
    <time>2026-04-26T17:16:29Z</time>
   </trkpt>
   <trkpt lat="47.2537700" lon="11.3469750">
    <ele>579.8</ele>
    <time>2026-04-26T17:16:30Z</time>
   </trkpt>
   <trkpt lat="47.2537680" lon="11.3469480">
    <ele>579.8</ele>
    <time>2026-04-26T17:16:31Z</time>
   </trkpt>
   <trkpt lat="47.2537680" lon="11.3469320">
    <ele>579.8</ele>
    <time>2026-04-26T17:16:32Z</time>
   </trkpt>
   <trkpt lat="47.2537670" lon="11.3469170">
    <ele>579.8</ele>
    <time>2026-04-26T17:16:33Z</time>
   </trkpt>
   <trkpt lat="47.2537450" lon="11.3468710">
    <ele>579.8</ele>
    <time>2026-04-26T17:16:34Z</time>
   </trkpt>
   <trkpt lat="47.2537410" lon="11.3468550">
    <ele>579.8</ele>
    <time>2026-04-26T17:16:35Z</time>
   </trkpt>
   <trkpt lat="47.2537390" lon="11.3468100">
    <ele>579.8</ele>
    <time>2026-04-26T17:16:36Z</time>
   </trkpt>
   <trkpt lat="47.2537350" lon="11.3467910">
    <ele>579.8</ele>
    <time>2026-04-26T17:16:37Z</time>
   </trkpt>
   <trkpt lat="47.2537260" lon="11.3467600">
    <ele>579.8</ele>
    <time>2026-04-26T17:16:38Z</time>
   </trkpt>
   <trkpt lat="47.2537250" lon="11.3467420">
    <ele>579.9</ele>
    <time>2026-04-26T17:16:39Z</time>
   </trkpt>
   <trkpt lat="47.2537210" lon="11.3466950">
    <ele>579.9</ele>
    <time>2026-04-26T17:16:40Z</time>
   </trkpt>
   <trkpt lat="47.2537030" lon="11.3466550">
    <ele>579.9</ele>
    <time>2026-04-26T17:16:41Z</time>
   </trkpt>
   <trkpt lat="47.2536950" lon="11.3466400">
    <ele>579.9</ele>
    <time>2026-04-26T17:16:42Z</time>
   </trkpt>
   <trkpt lat="47.2536700" lon="11.3466180">
    <ele>579.9</ele>
    <time>2026-04-26T17:16:43Z</time>
   </trkpt>
   <trkpt lat="47.2536640" lon="11.3465700">
    <ele>579.9</ele>
    <time>2026-04-26T17:16:44Z</time>
   </trkpt>
   <trkpt lat="47.2536650" lon="11.3465520">
    <ele>579.9</ele>
    <time>2026-04-26T17:16:45Z</time>
   </trkpt>
   <trkpt lat="47.2536560" lon="11.3465030">
    <ele>579.9</ele>
    <time>2026-04-26T17:16:46Z</time>
   </trkpt>
   <trkpt lat="47.2536500" lon="11.3464860">
    <ele>579.9</ele>
    <time>2026-04-26T17:16:47Z</time>
   </trkpt>
   <trkpt lat="47.2536310" lon="11.3464400">
    <ele>579.9</ele>
    <time>2026-04-26T17:16:48Z</time>
   </trkpt>
   <trkpt lat="47.2536250" lon="11.3464240">
    <ele>579.9</ele>
    <time>2026-04-26T17:16:49Z</time>
   </trkpt>
   <trkpt lat="47.2536160" lon="11.3463800">
    <ele>579.9</ele>
    <time>2026-04-26T17:16:50Z</time>
   </trkpt>
   <trkpt lat="47.2536130" lon="11.3463660">
    <ele>579.9</ele>
    <time>2026-04-26T17:16:51Z</time>
   </trkpt>
   <trkpt lat="47.2536000" lon="11.3463240">
    <ele>579.9</ele>
    <time>2026-04-26T17:16:52Z</time>
   </trkpt>
   <trkpt lat="47.2535980" lon="11.3463070">
    <ele>579.9</ele>
    <time>2026-04-26T17:16:53Z</time>
   </trkpt>
   <trkpt lat="47.2535800" lon="11.3462750">
    <ele>579.9</ele>
    <time>2026-04-26T17:16:54Z</time>
   </trkpt>
   <trkpt lat="47.2535780" lon="11.3462600">
    <ele>579.9</ele>
    <time>2026-04-26T17:16:55Z</time>
   </trkpt>
   <trkpt lat="47.2535670" lon="11.3462170">
    <ele>579.9</ele>
    <time>2026-04-26T17:16:56Z</time>
   </trkpt>
   <trkpt lat="47.2535640" lon="11.3462010">
    <ele>579.9</ele>
    <time>2026-04-26T17:16:57Z</time>
   </trkpt>
   <trkpt lat="47.2535780" lon="11.3461940">
    <ele>579.9</ele>
    <time>2026-04-26T17:16:58Z</time>
   </trkpt>
   <trkpt lat="47.2535550" lon="11.3461580">
    <ele>579.9</ele>
    <time>2026-04-26T17:16:59Z</time>
   </trkpt>
   <trkpt lat="47.2535410" lon="11.3461180">
    <ele>579.9</ele>
    <time>2026-04-26T17:17:00Z</time>
   </trkpt>
   <trkpt lat="47.2535320" lon="11.3460710">
    <ele>579.9</ele>
    <time>2026-04-26T17:17:01Z</time>
   </trkpt>
   <trkpt lat="47.2535280" lon="11.3460590">
    <ele>579.9</ele>
    <time>2026-04-26T17:17:02Z</time>
   </trkpt>
   <trkpt lat="47.2535210" lon="11.3460140">
    <ele>579.9</ele>
    <time>2026-04-26T17:17:03Z</time>
   </trkpt>
   <trkpt lat="47.2535190" lon="11.3459980">
    <ele>579.9</ele>
    <time>2026-04-26T17:17:04Z</time>
   </trkpt>
   <trkpt lat="47.2535170" lon="11.3459430">
    <ele>579.9</ele>
    <time>2026-04-26T17:17:05Z</time>
   </trkpt>
   <trkpt lat="47.2535210" lon="11.3459190">
    <ele>579.9</ele>
    <time>2026-04-26T17:17:06Z</time>
   </trkpt>
   <trkpt lat="47.2535200" lon="11.3459020">
    <ele>579.9</ele>
    <time>2026-04-26T17:17:07Z</time>
   </trkpt>
   <trkpt lat="47.2534990" lon="11.3458860">
    <ele>579.9</ele>
    <time>2026-04-26T17:17:08Z</time>
   </trkpt>
   <trkpt lat="47.2534850" lon="11.3458470">
    <ele>579.9</ele>
    <time>2026-04-26T17:17:09Z</time>
   </trkpt>
   <trkpt lat="47.2534700" lon="11.3458080">
    <ele>579.9</ele>
    <time>2026-04-26T17:17:10Z</time>
   </trkpt>
   <trkpt lat="47.2534640" lon="11.3457690">
    <ele>579.9</ele>
    <time>2026-04-26T17:17:11Z</time>
   </trkpt>
   <trkpt lat="47.2534570" lon="11.3457520">
    <ele>579.9</ele>
    <time>2026-04-26T17:17:12Z</time>
   </trkpt>
   <trkpt lat="47.2534500" lon="11.3457350">
    <ele>579.9</ele>
    <time>2026-04-26T17:17:13Z</time>
   </trkpt>
   <trkpt lat="47.2534390" lon="11.3456860">
    <ele>580.0</ele>
    <time>2026-04-26T17:17:14Z</time>
   </trkpt>
   <trkpt lat="47.2534340" lon="11.3456720">
    <ele>580.0</ele>
    <time>2026-04-26T17:17:15Z</time>
   </trkpt>
   <trkpt lat="47.2534250" lon="11.3456620">
    <ele>580.0</ele>
    <time>2026-04-26T17:17:16Z</time>
   </trkpt>
   <trkpt lat="47.2534170" lon="11.3456280">
    <ele>580.0</ele>
    <time>2026-04-26T17:17:17Z</time>
   </trkpt>
   <trkpt lat="47.2534160" lon="11.3455940">
    <ele>580.0</ele>
    <time>2026-04-26T17:17:18Z</time>
   </trkpt>
   <trkpt lat="47.2534040" lon="11.3455860">
    <ele>580.0</ele>
    <time>2026-04-26T17:17:19Z</time>
   </trkpt>
   <trkpt lat="47.2533940" lon="11.3455310">
    <ele>580.0</ele>
    <time>2026-04-26T17:17:20Z</time>
   </trkpt>
   <trkpt lat="47.2533910" lon="11.3455110">
    <ele>580.0</ele>
    <time>2026-04-26T17:17:21Z</time>
   </trkpt>
   <trkpt lat="47.2533760" lon="11.3454640">
    <ele>580.0</ele>
    <time>2026-04-26T17:17:22Z</time>
   </trkpt>
   <trkpt lat="47.2533710" lon="11.3454490">
    <ele>580.0</ele>
    <time>2026-04-26T17:17:23Z</time>
   </trkpt>
   <trkpt lat="47.2533660" lon="11.3453920">
    <ele>580.1</ele>
    <time>2026-04-26T17:17:24Z</time>
   </trkpt>
   <trkpt lat="47.2533600" lon="11.3453730">
    <ele>580.1</ele>
    <time>2026-04-26T17:17:25Z</time>
   </trkpt>
   <trkpt lat="47.2533470" lon="11.3453260">
    <ele>580.1</ele>
    <time>2026-04-26T17:17:26Z</time>
   </trkpt>
   <trkpt lat="47.2533440" lon="11.3453090">
    <ele>580.1</ele>
    <time>2026-04-26T17:17:27Z</time>
   </trkpt>
   <trkpt lat="47.2533340" lon="11.3452690">
    <ele>580.1</ele>
    <time>2026-04-26T17:17:28Z</time>
   </trkpt>
   <trkpt lat="47.2533340" lon="11.3452550">
    <ele>580.1</ele>
    <time>2026-04-26T17:17:29Z</time>
   </trkpt>
   <trkpt lat="47.2533250" lon="11.3452150">
    <ele>580.1</ele>
    <time>2026-04-26T17:17:30Z</time>
   </trkpt>
   <trkpt lat="47.2533220" lon="11.3452010">
    <ele>580.1</ele>
    <time>2026-04-26T17:17:31Z</time>
   </trkpt>
   <trkpt lat="47.2533120" lon="11.3451440">
    <ele>580.1</ele>
    <time>2026-04-26T17:17:32Z</time>
   </trkpt>
   <trkpt lat="47.2533080" lon="11.3451230">
    <ele>580.1</ele>
    <time>2026-04-26T17:17:33Z</time>
   </trkpt>
   <trkpt lat="47.2533030" lon="11.3450720">
    <ele>580.1</ele>
    <time>2026-04-26T17:17:34Z</time>
   </trkpt>
   <trkpt lat="47.2533020" lon="11.3450560">
    <ele>580.1</ele>
    <time>2026-04-26T17:17:35Z</time>
   </trkpt>
   <trkpt lat="47.2532950" lon="11.3450110">
    <ele>580.1</ele>
    <time>2026-04-26T17:17:36Z</time>
   </trkpt>
   <trkpt lat="47.2532920" lon="11.3449980">
    <ele>580.1</ele>
    <time>2026-04-26T17:17:37Z</time>
   </trkpt>
   <trkpt lat="47.2532810" lon="11.3449440">
    <ele>580.2</ele>
    <time>2026-04-26T17:17:38Z</time>
   </trkpt>
   <trkpt lat="47.2532770" lon="11.3449260">
    <ele>580.2</ele>
    <time>2026-04-26T17:17:39Z</time>
   </trkpt>
   <trkpt lat="47.2532660" lon="11.3448810">
    <ele>580.2</ele>
    <time>2026-04-26T17:17:40Z</time>
   </trkpt>
   <trkpt lat="47.2532630" lon="11.3448650">
    <ele>580.2</ele>
    <time>2026-04-26T17:17:41Z</time>
   </trkpt>
   <trkpt lat="47.2532500" lon="11.3448290">
    <ele>580.2</ele>
    <time>2026-04-26T17:17:42Z</time>
   </trkpt>
   <trkpt lat="47.2532460" lon="11.3447800">
    <ele>580.2</ele>
    <time>2026-04-26T17:17:43Z</time>
   </trkpt>
   <trkpt lat="47.2532410" lon="11.3447660">
    <ele>580.2</ele>
    <time>2026-04-26T17:17:44Z</time>
   </trkpt>
   <trkpt lat="47.2532360" lon="11.3447170">
    <ele>580.2</ele>
    <time>2026-04-26T17:17:45Z</time>
   </trkpt>
   <trkpt lat="47.2532340" lon="11.3447050">
    <ele>580.2</ele>
    <time>2026-04-26T17:17:46Z</time>
   </trkpt>
   <trkpt lat="47.2532290" lon="11.3446660">
    <ele>580.2</ele>
    <time>2026-04-26T17:17:47Z</time>
   </trkpt>
   <trkpt lat="47.2532190" lon="11.3446050">
    <ele>580.2</ele>
    <time>2026-04-26T17:17:48Z</time>
   </trkpt>
   <trkpt lat="47.2532030" lon="11.3445730">
    <ele>580.2</ele>
    <time>2026-04-26T17:17:49Z</time>
   </trkpt>
   <trkpt lat="47.2532000" lon="11.3445610">
    <ele>580.2</ele>
    <time>2026-04-26T17:17:50Z</time>
   </trkpt>
   <trkpt lat="47.2531960" lon="11.3445480">
    <ele>580.2</ele>
    <time>2026-04-26T17:17:51Z</time>
   </trkpt>
   <trkpt lat="47.2531900" lon="11.3445050">
    <ele>580.2</ele>
    <time>2026-04-26T17:17:52Z</time>
   </trkpt>
   <trkpt lat="47.2531880" lon="11.3444900">
    <ele>580.2</ele>
    <time>2026-04-26T17:17:53Z</time>
   </trkpt>
   <trkpt lat="47.2531790" lon="11.3444410">
    <ele>580.2</ele>
    <time>2026-04-26T17:17:54Z</time>
   </trkpt>
   <trkpt lat="47.2531790" lon="11.3444270">
    <ele>580.2</ele>
    <time>2026-04-26T17:17:55Z</time>
   </trkpt>
   <trkpt lat="47.2531750" lon="11.3443820">
    <ele>580.2</ele>
    <time>2026-04-26T17:17:56Z</time>
   </trkpt>
   <trkpt lat="47.2531740" lon="11.3443680">
    <ele>580.2</ele>
    <time>2026-04-26T17:17:57Z</time>
   </trkpt>
   <trkpt lat="47.2531640" lon="11.3443260">
    <ele>580.3</ele>
    <time>2026-04-26T17:17:58Z</time>
   </trkpt>
   <trkpt lat="47.2531590" lon="11.3443140">
    <ele>580.3</ele>
    <time>2026-04-26T17:17:59Z</time>
   </trkpt>
   <trkpt lat="47.2531540" lon="11.3442700">
    <ele>580.3</ele>
    <time>2026-04-26T17:18:00Z</time>
   </trkpt>
   <trkpt lat="47.2531530" lon="11.3442560">
    <ele>580.3</ele>
    <time>2026-04-26T17:18:01Z</time>
   </trkpt>
   <trkpt lat="47.2531420" lon="11.3442040">
    <ele>580.3</ele>
    <time>2026-04-26T17:18:02Z</time>
   </trkpt>
   <trkpt lat="47.2531380" lon="11.3441890">
    <ele>580.3</ele>
    <time>2026-04-26T17:18:03Z</time>
   </trkpt>
   <trkpt lat="47.2531450" lon="11.3441700">
    <ele>580.3</ele>
    <time>2026-04-26T17:18:04Z</time>
   </trkpt>
   <trkpt lat="47.2531440" lon="11.3441460">
    <ele>580.3</ele>
    <time>2026-04-26T17:18:05Z</time>
   </trkpt>
   <trkpt lat="47.2531300" lon="11.3441030">
    <ele>580.3</ele>
    <time>2026-04-26T17:18:06Z</time>
   </trkpt>
   <trkpt lat="47.2531270" lon="11.3440850">
    <ele>580.3</ele>
    <time>2026-04-26T17:18:07Z</time>
   </trkpt>
   <trkpt lat="47.2531210" lon="11.3440310">
    <ele>580.3</ele>
    <time>2026-04-26T17:18:08Z</time>
   </trkpt>
   <trkpt lat="47.2531190" lon="11.3440090">
    <ele>580.3</ele>
    <time>2026-04-26T17:18:09Z</time>
   </trkpt>
   <trkpt lat="47.2531100" lon="11.3439590">
    <ele>580.3</ele>
    <time>2026-04-26T17:18:10Z</time>
   </trkpt>
   <trkpt lat="47.2531070" lon="11.3439450">
    <ele>580.3</ele>
    <time>2026-04-26T17:18:11Z</time>
   </trkpt>
   <trkpt lat="47.2531050" lon="11.3438970">
    <ele>580.4</ele>
    <time>2026-04-26T17:18:12Z</time>
   </trkpt>
   <trkpt lat="47.2530990" lon="11.3438820">
    <ele>580.4</ele>
    <time>2026-04-26T17:18:13Z</time>
   </trkpt>
   <trkpt lat="47.2530940" lon="11.3438350">
    <ele>580.4</ele>
    <time>2026-04-26T17:18:14Z</time>
   </trkpt>
   <trkpt lat="47.2530920" lon="11.3438180">
    <ele>580.4</ele>
    <time>2026-04-26T17:18:15Z</time>
   </trkpt>
   <trkpt lat="47.2530930" lon="11.3437710">
    <ele>580.4</ele>
    <time>2026-04-26T17:18:16Z</time>
   </trkpt>
   <trkpt lat="47.2530920" lon="11.3437640">
    <ele>580.4</ele>
    <time>2026-04-26T17:18:17Z</time>
   </trkpt>
   <trkpt lat="47.2530760" lon="11.3437310">
    <ele>580.4</ele>
    <time>2026-04-26T17:18:18Z</time>
   </trkpt>
   <trkpt lat="47.2530800" lon="11.3436850">
    <ele>580.4</ele>
    <time>2026-04-26T17:18:19Z</time>
   </trkpt>
   <trkpt lat="47.2530700" lon="11.3436360">
    <ele>580.4</ele>
    <time>2026-04-26T17:18:20Z</time>
   </trkpt>
   <trkpt lat="47.2530680" lon="11.3436160">
    <ele>580.4</ele>
    <time>2026-04-26T17:18:21Z</time>
   </trkpt>
   <trkpt lat="47.2530600" lon="11.3436190">
    <ele>580.4</ele>
    <time>2026-04-26T17:18:22Z</time>
   </trkpt>
   <trkpt lat="47.2530590" lon="11.3435750">
    <ele>580.4</ele>
    <time>2026-04-26T17:18:23Z</time>
   </trkpt>
   <trkpt lat="47.2530570" lon="11.3435130">
    <ele>580.4</ele>
    <time>2026-04-26T17:18:24Z</time>
   </trkpt>
   <trkpt lat="47.2530540" lon="11.3434910">
    <ele>580.4</ele>
    <time>2026-04-26T17:18:25Z</time>
   </trkpt>
   <trkpt lat="47.2530600" lon="11.3434530">
    <ele>580.4</ele>
    <time>2026-04-26T17:18:26Z</time>
   </trkpt>
   <trkpt lat="47.2530600" lon="11.3434360">
    <ele>580.4</ele>
    <time>2026-04-26T17:18:27Z</time>
   </trkpt>
   <trkpt lat="47.2530490" lon="11.3434000">
    <ele>580.4</ele>
    <time>2026-04-26T17:18:28Z</time>
   </trkpt>
   <trkpt lat="47.2530450" lon="11.3433600">
    <ele>580.4</ele>
    <time>2026-04-26T17:18:29Z</time>
   </trkpt>
   <trkpt lat="47.2530430" lon="11.3433120">
    <ele>580.4</ele>
    <time>2026-04-26T17:18:30Z</time>
   </trkpt>
   <trkpt lat="47.2530420" lon="11.3432930">
    <ele>580.4</ele>
    <time>2026-04-26T17:18:31Z</time>
   </trkpt>
   <trkpt lat="47.2530370" lon="11.3432390">
    <ele>580.4</ele>
    <time>2026-04-26T17:18:32Z</time>
   </trkpt>
   <trkpt lat="47.2530360" lon="11.3432220">
    <ele>580.4</ele>
    <time>2026-04-26T17:18:33Z</time>
   </trkpt>
   <trkpt lat="47.2530320" lon="11.3431760">
    <ele>580.4</ele>
    <time>2026-04-26T17:18:34Z</time>
   </trkpt>
   <trkpt lat="47.2530280" lon="11.3431610">
    <ele>580.4</ele>
    <time>2026-04-26T17:18:35Z</time>
   </trkpt>
   <trkpt lat="47.2530270" lon="11.3431090">
    <ele>580.5</ele>
    <time>2026-04-26T17:18:36Z</time>
   </trkpt>
   <trkpt lat="47.2530270" lon="11.3430900">
    <ele>580.5</ele>
    <time>2026-04-26T17:18:37Z</time>
   </trkpt>
   <trkpt lat="47.2530260" lon="11.3430390">
    <ele>580.5</ele>
    <time>2026-04-26T17:18:38Z</time>
   </trkpt>
   <trkpt lat="47.2530240" lon="11.3430210">
    <ele>580.5</ele>
    <time>2026-04-26T17:18:39Z</time>
   </trkpt>
   <trkpt lat="47.2530280" lon="11.3429710">
    <ele>580.5</ele>
    <time>2026-04-26T17:18:40Z</time>
   </trkpt>
   <trkpt lat="47.2530260" lon="11.3429510">
    <ele>580.5</ele>
    <time>2026-04-26T17:18:41Z</time>
   </trkpt>
   <trkpt lat="47.2530180" lon="11.3429220">
    <ele>580.5</ele>
    <time>2026-04-26T17:18:42Z</time>
   </trkpt>
   <trkpt lat="47.2530150" lon="11.3429130">
    <ele>580.5</ele>
    <time>2026-04-26T17:18:43Z</time>
   </trkpt>
   <trkpt lat="47.2530060" lon="11.3428690">
    <ele>580.5</ele>
    <time>2026-04-26T17:18:44Z</time>
   </trkpt>
   <trkpt lat="47.2530040" lon="11.3428540">
    <ele>580.5</ele>
    <time>2026-04-26T17:18:45Z</time>
   </trkpt>
   <trkpt lat="47.2530060" lon="11.3428110">
    <ele>580.5</ele>
    <time>2026-04-26T17:18:46Z</time>
   </trkpt>
   <trkpt lat="47.2530090" lon="11.3427590">
    <ele>580.5</ele>
    <time>2026-04-26T17:18:47Z</time>
   </trkpt>
   <trkpt lat="47.2530100" lon="11.3427440">
    <ele>580.5</ele>
    <time>2026-04-26T17:18:48Z</time>
   </trkpt>
   <trkpt lat="47.2530130" lon="11.3426870">
    <ele>580.5</ele>
    <time>2026-04-26T17:18:49Z</time>
   </trkpt>
   <trkpt lat="47.2530110" lon="11.3426660">
    <ele>580.5</ele>
    <time>2026-04-26T17:18:50Z</time>
   </trkpt>
   <trkpt lat="47.2530080" lon="11.3426380">
    <ele>580.5</ele>
    <time>2026-04-26T17:18:51Z</time>
   </trkpt>
   <trkpt lat="47.2530060" lon="11.3426200">
    <ele>580.5</ele>
    <time>2026-04-26T17:18:52Z</time>
   </trkpt>
   <trkpt lat="47.2530100" lon="11.3425800">
    <ele>580.5</ele>
    <time>2026-04-26T17:18:53Z</time>
   </trkpt>
   <trkpt lat="47.2530080" lon="11.3425280">
    <ele>580.5</ele>
    <time>2026-04-26T17:18:54Z</time>
   </trkpt>
   <trkpt lat="47.2530070" lon="11.3425060">
    <ele>580.5</ele>
    <time>2026-04-26T17:18:55Z</time>
   </trkpt>
   <trkpt lat="47.2530010" lon="11.3424620">
    <ele>580.5</ele>
    <time>2026-04-26T17:18:56Z</time>
   </trkpt>
   <trkpt lat="47.2530040" lon="11.3424400">
    <ele>580.5</ele>
    <time>2026-04-26T17:18:57Z</time>
   </trkpt>
   <trkpt lat="47.2530080" lon="11.3424100">
    <ele>580.5</ele>
    <time>2026-04-26T17:18:58Z</time>
   </trkpt>
   <trkpt lat="47.2530100" lon="11.3423870">
    <ele>580.5</ele>
    <time>2026-04-26T17:18:59Z</time>
   </trkpt>
   <trkpt lat="47.2530070" lon="11.3423440">
    <ele>580.5</ele>
    <time>2026-04-26T17:19:00Z</time>
   </trkpt>
   <trkpt lat="47.2530080" lon="11.3423240">
    <ele>580.5</ele>
    <time>2026-04-26T17:19:01Z</time>
   </trkpt>
   <trkpt lat="47.2530120" lon="11.3422740">
    <ele>580.5</ele>
    <time>2026-04-26T17:19:02Z</time>
   </trkpt>
   <trkpt lat="47.2530110" lon="11.3422620">
    <ele>580.5</ele>
    <time>2026-04-26T17:19:03Z</time>
   </trkpt>
   <trkpt lat="47.2530050" lon="11.3422190">
    <ele>580.5</ele>
    <time>2026-04-26T17:19:04Z</time>
   </trkpt>
   <trkpt lat="47.2530080" lon="11.3422030">
    <ele>580.5</ele>
    <time>2026-04-26T17:19:05Z</time>
   </trkpt>
   <trkpt lat="47.2530150" lon="11.3421570">
    <ele>580.5</ele>
    <time>2026-04-26T17:19:06Z</time>
   </trkpt>
   <trkpt lat="47.2530150" lon="11.3421390">
    <ele>580.5</ele>
    <time>2026-04-26T17:19:07Z</time>
   </trkpt>
   <trkpt lat="47.2530100" lon="11.3421020">
    <ele>580.5</ele>
    <time>2026-04-26T17:19:08Z</time>
   </trkpt>
   <trkpt lat="47.2530110" lon="11.3420850">
    <ele>580.5</ele>
    <time>2026-04-26T17:19:09Z</time>
   </trkpt>
   <trkpt lat="47.2530110" lon="11.3420320">
    <ele>580.5</ele>
    <time>2026-04-26T17:19:10Z</time>
   </trkpt>
   <trkpt lat="47.2530110" lon="11.3420160">
    <ele>580.5</ele>
    <time>2026-04-26T17:19:11Z</time>
   </trkpt>
   <trkpt lat="47.2530050" lon="11.3419610">
    <ele>580.5</ele>
    <time>2026-04-26T17:19:12Z</time>
   </trkpt>
   <trkpt lat="47.2530040" lon="11.3419440">
    <ele>580.5</ele>
    <time>2026-04-26T17:19:13Z</time>
   </trkpt>
   <trkpt lat="47.2530110" lon="11.3419040">
    <ele>580.5</ele>
    <time>2026-04-26T17:19:14Z</time>
   </trkpt>
   <trkpt lat="47.2530030" lon="11.3418580">
    <ele>580.5</ele>
    <time>2026-04-26T17:19:15Z</time>
   </trkpt>
   <trkpt lat="47.2529990" lon="11.3418410">
    <ele>580.5</ele>
    <time>2026-04-26T17:19:16Z</time>
   </trkpt>
   <trkpt lat="47.2530030" lon="11.3418000">
    <ele>580.5</ele>
    <time>2026-04-26T17:19:17Z</time>
   </trkpt>
   <trkpt lat="47.2530150" lon="11.3417460">
    <ele>580.5</ele>
    <time>2026-04-26T17:19:18Z</time>
   </trkpt>
   <trkpt lat="47.2530170" lon="11.3417280">
    <ele>580.5</ele>
    <time>2026-04-26T17:19:19Z</time>
   </trkpt>
   <trkpt lat="47.2530160" lon="11.3416820">
    <ele>580.5</ele>
    <time>2026-04-26T17:19:20Z</time>
   </trkpt>
   <trkpt lat="47.2530170" lon="11.3416680">
    <ele>580.5</ele>
    <time>2026-04-26T17:19:21Z</time>
   </trkpt>
   <trkpt lat="47.2530230" lon="11.3416150">
    <ele>580.5</ele>
    <time>2026-04-26T17:19:22Z</time>
   </trkpt>
   <trkpt lat="47.2530230" lon="11.3415960">
    <ele>580.5</ele>
    <time>2026-04-26T17:19:23Z</time>
   </trkpt>
   <trkpt lat="47.2530230" lon="11.3415530">
    <ele>580.5</ele>
    <time>2026-04-26T17:19:24Z</time>
   </trkpt>
   <trkpt lat="47.2530240" lon="11.3415410">
    <ele>580.5</ele>
    <time>2026-04-26T17:19:25Z</time>
   </trkpt>
   <trkpt lat="47.2530310" lon="11.3415000">
    <ele>580.5</ele>
    <time>2026-04-26T17:19:26Z</time>
   </trkpt>
   <trkpt lat="47.2530350" lon="11.3414460">
    <ele>580.5</ele>
    <time>2026-04-26T17:19:27Z</time>
   </trkpt>
   <trkpt lat="47.2530360" lon="11.3414280">
    <ele>580.5</ele>
    <time>2026-04-26T17:19:28Z</time>
   </trkpt>
   <trkpt lat="47.2530370" lon="11.3413750">
    <ele>580.6</ele>
    <time>2026-04-26T17:19:29Z</time>
   </trkpt>
   <trkpt lat="47.2530400" lon="11.3413540">
    <ele>580.6</ele>
    <time>2026-04-26T17:19:30Z</time>
   </trkpt>
   <trkpt lat="47.2530440" lon="11.3413100">
    <ele>580.6</ele>
    <time>2026-04-26T17:19:31Z</time>
   </trkpt>
   <trkpt lat="47.2530430" lon="11.3412670">
    <ele>580.6</ele>
    <time>2026-04-26T17:19:32Z</time>
   </trkpt>
   <trkpt lat="47.2530420" lon="11.3412550">
    <ele>580.6</ele>
    <time>2026-04-26T17:19:33Z</time>
   </trkpt>
   <trkpt lat="47.2530510" lon="11.3412110">
    <ele>580.6</ele>
    <time>2026-04-26T17:19:34Z</time>
   </trkpt>
   <trkpt lat="47.2530520" lon="11.3411950">
    <ele>580.6</ele>
    <time>2026-04-26T17:19:35Z</time>
   </trkpt>
   <trkpt lat="47.2530700" lon="11.3411650">
    <ele>580.6</ele>
    <time>2026-04-26T17:19:36Z</time>
   </trkpt>
   <trkpt lat="47.2530630" lon="11.3411460">
    <ele>580.6</ele>
    <time>2026-04-26T17:19:37Z</time>
   </trkpt>
   <trkpt lat="47.2530660" lon="11.3411130">
    <ele>580.6</ele>
    <time>2026-04-26T17:19:38Z</time>
   </trkpt>
   <trkpt lat="47.2530650" lon="11.3410730">
    <ele>580.6</ele>
    <time>2026-04-26T17:19:39Z</time>
   </trkpt>
   <trkpt lat="47.2530750" lon="11.3410200">
    <ele>580.6</ele>
    <time>2026-04-26T17:19:40Z</time>
   </trkpt>
   <trkpt lat="47.2530740" lon="11.3410040">
    <ele>580.6</ele>
    <time>2026-04-26T17:19:41Z</time>
   </trkpt>
   <trkpt lat="47.2530830" lon="11.3409550">
    <ele>580.6</ele>
    <time>2026-04-26T17:19:42Z</time>
   </trkpt>
   <trkpt lat="47.2530850" lon="11.3409370">
    <ele>580.6</ele>
    <time>2026-04-26T17:19:43Z</time>
   </trkpt>
   <trkpt lat="47.2530860" lon="11.3408900">
    <ele>580.7</ele>
    <time>2026-04-26T17:19:44Z</time>
   </trkpt>
   <trkpt lat="47.2530840" lon="11.3408810">
    <ele>580.7</ele>
    <time>2026-04-26T17:19:45Z</time>
   </trkpt>
   <trkpt lat="47.2530950" lon="11.3408380">
    <ele>580.7</ele>
    <time>2026-04-26T17:19:46Z</time>
   </trkpt>
   <trkpt lat="47.2531000" lon="11.3408190">
    <ele>580.7</ele>
    <time>2026-04-26T17:19:47Z</time>
   </trkpt>
   <trkpt lat="47.2531050" lon="11.3407660">
    <ele>580.7</ele>
    <time>2026-04-26T17:19:48Z</time>
   </trkpt>
   <trkpt lat="47.2531050" lon="11.3407490">
    <ele>580.7</ele>
    <time>2026-04-26T17:19:49Z</time>
   </trkpt>
   <trkpt lat="47.2531120" lon="11.3407020">
    <ele>580.7</ele>
    <time>2026-04-26T17:19:50Z</time>
   </trkpt>
   <trkpt lat="47.2531140" lon="11.3406830">
    <ele>580.7</ele>
    <time>2026-04-26T17:19:51Z</time>
   </trkpt>
   <trkpt lat="47.2531190" lon="11.3406370">
    <ele>580.7</ele>
    <time>2026-04-26T17:19:52Z</time>
   </trkpt>
   <trkpt lat="47.2531180" lon="11.3406150">
    <ele>580.7</ele>
    <time>2026-04-26T17:19:53Z</time>
   </trkpt>
   <trkpt lat="47.2531260" lon="11.3405690">
    <ele>580.7</ele>
    <time>2026-04-26T17:19:54Z</time>
   </trkpt>
   <trkpt lat="47.2531320" lon="11.3405520">
    <ele>580.7</ele>
    <time>2026-04-26T17:19:55Z</time>
   </trkpt>
   <trkpt lat="47.2531340" lon="11.3405020">
    <ele>580.7</ele>
    <time>2026-04-26T17:19:56Z</time>
   </trkpt>
   <trkpt lat="47.2531340" lon="11.3404840">
    <ele>580.7</ele>
    <time>2026-04-26T17:19:57Z</time>
   </trkpt>
   <trkpt lat="47.2531410" lon="11.3404420">
    <ele>580.7</ele>
    <time>2026-04-26T17:19:58Z</time>
   </trkpt>
   <trkpt lat="47.2531470" lon="11.3404210">
    <ele>580.7</ele>
    <time>2026-04-26T17:19:59Z</time>
   </trkpt>
   <trkpt lat="47.2531470" lon="11.3403830">
    <ele>580.7</ele>
    <time>2026-04-26T17:20:00Z</time>
   </trkpt>
   <trkpt lat="47.2531460" lon="11.3403640">
    <ele>580.7</ele>
    <time>2026-04-26T17:20:01Z</time>
   </trkpt>
   <trkpt lat="47.2531580" lon="11.3403230">
    <ele>580.7</ele>
    <time>2026-04-26T17:20:02Z</time>
   </trkpt>
   <trkpt lat="47.2531690" lon="11.3403060">
    <ele>580.7</ele>
    <time>2026-04-26T17:20:03Z</time>
   </trkpt>
   <trkpt lat="47.2531930" lon="11.3402880">
    <ele>580.7</ele>
    <time>2026-04-26T17:20:04Z</time>
   </trkpt>
   <trkpt lat="47.2532000" lon="11.3402750">
    <ele>580.7</ele>
    <time>2026-04-26T17:20:05Z</time>
   </trkpt>
   <trkpt lat="47.2531920" lon="11.3402110">
    <ele>580.7</ele>
    <time>2026-04-26T17:20:06Z</time>
   </trkpt>
   <trkpt lat="47.2532000" lon="11.3401540">
    <ele>580.7</ele>
    <time>2026-04-26T17:20:07Z</time>
   </trkpt>
   <trkpt lat="47.2532050" lon="11.3401280">
    <ele>580.7</ele>
    <time>2026-04-26T17:20:08Z</time>
   </trkpt>
   <trkpt lat="47.2532130" lon="11.3400900">
    <ele>580.8</ele>
    <time>2026-04-26T17:20:10Z</time>
   </trkpt>
   <trkpt lat="47.2532090" lon="11.3400730">
    <ele>580.8</ele>
    <time>2026-04-26T17:20:11Z</time>
   </trkpt>
   <trkpt lat="47.2532170" lon="11.3400210">
    <ele>580.8</ele>
    <time>2026-04-26T17:20:12Z</time>
   </trkpt>
   <trkpt lat="47.2532230" lon="11.3399980">
    <ele>580.8</ele>
    <time>2026-04-26T17:20:13Z</time>
   </trkpt>
   <trkpt lat="47.2532280" lon="11.3399440">
    <ele>580.8</ele>
    <time>2026-04-26T17:20:14Z</time>
   </trkpt>
   <trkpt lat="47.2532280" lon="11.3399220">
    <ele>580.8</ele>
    <time>2026-04-26T17:20:15Z</time>
   </trkpt>
   <trkpt lat="47.2532350" lon="11.3399040">
    <ele>580.8</ele>
    <time>2026-04-26T17:20:16Z</time>
   </trkpt>
   <trkpt lat="47.2532390" lon="11.3398740">
    <ele>580.8</ele>
    <time>2026-04-26T17:20:17Z</time>
   </trkpt>
   <trkpt lat="47.2532360" lon="11.3398200">
    <ele>580.8</ele>
    <time>2026-04-26T17:20:18Z</time>
   </trkpt>
   <trkpt lat="47.2532350" lon="11.3397990">
    <ele>580.8</ele>
    <time>2026-04-26T17:20:19Z</time>
   </trkpt>
   <trkpt lat="47.2532430" lon="11.3397520">
    <ele>580.8</ele>
    <time>2026-04-26T17:20:20Z</time>
   </trkpt>
   <trkpt lat="47.2532490" lon="11.3397330">
    <ele>580.8</ele>
    <time>2026-04-26T17:20:21Z</time>
   </trkpt>
   <trkpt lat="47.2532580" lon="11.3396920">
    <ele>580.8</ele>
    <time>2026-04-26T17:20:22Z</time>
   </trkpt>
   <trkpt lat="47.2532600" lon="11.3396720">
    <ele>580.8</ele>
    <time>2026-04-26T17:20:23Z</time>
   </trkpt>
   <trkpt lat="47.2532670" lon="11.3396130">
    <ele>580.8</ele>
    <time>2026-04-26T17:20:24Z</time>
   </trkpt>
   <trkpt lat="47.2532780" lon="11.3395750">
    <ele>580.8</ele>
    <time>2026-04-26T17:20:25Z</time>
   </trkpt>
   <trkpt lat="47.2532850" lon="11.3395630">
    <ele>580.8</ele>
    <time>2026-04-26T17:20:26Z</time>
   </trkpt>
   <trkpt lat="47.2532830" lon="11.3395120">
    <ele>580.8</ele>
    <time>2026-04-26T17:20:27Z</time>
   </trkpt>
   <trkpt lat="47.2532760" lon="11.3394890">
    <ele>580.8</ele>
    <time>2026-04-26T17:20:28Z</time>
   </trkpt>
   <trkpt lat="47.2532990" lon="11.3394630">
    <ele>580.8</ele>
    <time>2026-04-26T17:20:29Z</time>
   </trkpt>
   <trkpt lat="47.2533020" lon="11.3394170">
    <ele>580.8</ele>
    <time>2026-04-26T17:20:30Z</time>
   </trkpt>
   <trkpt lat="47.2532980" lon="11.3394050">
    <ele>580.8</ele>
    <time>2026-04-26T17:20:31Z</time>
   </trkpt>
   <trkpt lat="47.2533190" lon="11.3393780">
    <ele>580.8</ele>
    <time>2026-04-26T17:20:32Z</time>
   </trkpt>
   <trkpt lat="47.2533330" lon="11.3393240">
    <ele>580.8</ele>
    <time>2026-04-26T17:20:33Z</time>
   </trkpt>
   <trkpt lat="47.2533330" lon="11.3393040">
    <ele>580.8</ele>
    <time>2026-04-26T17:20:34Z</time>
   </trkpt>
   <trkpt lat="47.2533430" lon="11.3392650">
    <ele>580.8</ele>
    <time>2026-04-26T17:20:35Z</time>
   </trkpt>
   <trkpt lat="47.2533480" lon="11.3392420">
    <ele>580.8</ele>
    <time>2026-04-26T17:20:36Z</time>
   </trkpt>
   <trkpt lat="47.2533650" lon="11.3391950">
    <ele>580.8</ele>
    <time>2026-04-26T17:20:37Z</time>
   </trkpt>
   <trkpt lat="47.2533680" lon="11.3391790">
    <ele>580.8</ele>
    <time>2026-04-26T17:20:38Z</time>
   </trkpt>
   <trkpt lat="47.2533760" lon="11.3391340">
    <ele>580.8</ele>
    <time>2026-04-26T17:20:39Z</time>
   </trkpt>
   <trkpt lat="47.2533820" lon="11.3391150">
    <ele>580.8</ele>
    <time>2026-04-26T17:20:40Z</time>
   </trkpt>
   <trkpt lat="47.2533980" lon="11.3390770">
    <ele>580.8</ele>
    <time>2026-04-26T17:20:41Z</time>
   </trkpt>
   <trkpt lat="47.2534030" lon="11.3390640">
    <ele>580.8</ele>
    <time>2026-04-26T17:20:42Z</time>
   </trkpt>
   <trkpt lat="47.2534070" lon="11.3390100">
    <ele>580.8</ele>
    <time>2026-04-26T17:20:43Z</time>
   </trkpt>
   <trkpt lat="47.2534080" lon="11.3389900">
    <ele>580.8</ele>
    <time>2026-04-26T17:20:44Z</time>
   </trkpt>
   <trkpt lat="47.2534240" lon="11.3389490">
    <ele>580.8</ele>
    <time>2026-04-26T17:20:45Z</time>
   </trkpt>
   <trkpt lat="47.2534270" lon="11.3389310">
    <ele>580.8</ele>
    <time>2026-04-26T17:20:46Z</time>
   </trkpt>
   <trkpt lat="47.2534340" lon="11.3388870">
    <ele>580.9</ele>
    <time>2026-04-26T17:20:47Z</time>
   </trkpt>
   <trkpt lat="47.2534370" lon="11.3388760">
    <ele>580.9</ele>
    <time>2026-04-26T17:20:48Z</time>
   </trkpt>
   <trkpt lat="47.2534450" lon="11.3388440">
    <ele>580.9</ele>
    <time>2026-04-26T17:20:49Z</time>
   </trkpt>
   <trkpt lat="47.2534510" lon="11.3388240">
    <ele>580.9</ele>
    <time>2026-04-26T17:20:50Z</time>
   </trkpt>
   <trkpt lat="47.2534530" lon="11.3387830">
    <ele>580.9</ele>
    <time>2026-04-26T17:20:51Z</time>
   </trkpt>
   <trkpt lat="47.2534680" lon="11.3387360">
    <ele>580.9</ele>
    <time>2026-04-26T17:20:52Z</time>
   </trkpt>
   <trkpt lat="47.2534740" lon="11.3387160">
    <ele>580.9</ele>
    <time>2026-04-26T17:20:53Z</time>
   </trkpt>
   <trkpt lat="47.2534920" lon="11.3386710">
    <ele>580.9</ele>
    <time>2026-04-26T17:20:54Z</time>
   </trkpt>
   <trkpt lat="47.2534940" lon="11.3386510">
    <ele>580.9</ele>
    <time>2026-04-26T17:20:55Z</time>
   </trkpt>
   <trkpt lat="47.2535060" lon="11.3386050">
    <ele>580.9</ele>
    <time>2026-04-26T17:20:56Z</time>
   </trkpt>
   <trkpt lat="47.2535120" lon="11.3385880">
    <ele>580.9</ele>
    <time>2026-04-26T17:20:57Z</time>
   </trkpt>
   <trkpt lat="47.2535260" lon="11.3385380">
    <ele>580.9</ele>
    <time>2026-04-26T17:20:58Z</time>
   </trkpt>
   <trkpt lat="47.2535270" lon="11.3385190">
    <ele>580.9</ele>
    <time>2026-04-26T17:20:59Z</time>
   </trkpt>
   <trkpt lat="47.2535310" lon="11.3384990">
    <ele>580.9</ele>
    <time>2026-04-26T17:21:00Z</time>
   </trkpt>
   <trkpt lat="47.2535370" lon="11.3384750">
    <ele>580.9</ele>
    <time>2026-04-26T17:21:01Z</time>
   </trkpt>
   <trkpt lat="47.2535500" lon="11.3384380">
    <ele>580.9</ele>
    <time>2026-04-26T17:21:02Z</time>
   </trkpt>
   <trkpt lat="47.2535650" lon="11.3383870">
    <ele>580.9</ele>
    <time>2026-04-26T17:21:03Z</time>
   </trkpt>
   <trkpt lat="47.2535710" lon="11.3383690">
    <ele>580.9</ele>
    <time>2026-04-26T17:21:04Z</time>
   </trkpt>
   <trkpt lat="47.2535930" lon="11.3383330">
    <ele>580.9</ele>
    <time>2026-04-26T17:21:05Z</time>
   </trkpt>
   <trkpt lat="47.2535980" lon="11.3383170">
    <ele>580.9</ele>
    <time>2026-04-26T17:21:06Z</time>
   </trkpt>
   <trkpt lat="47.2536130" lon="11.3382710">
    <ele>580.9</ele>
    <time>2026-04-26T17:21:07Z</time>
   </trkpt>
   <trkpt lat="47.2536160" lon="11.3382590">
    <ele>580.9</ele>
    <time>2026-04-26T17:21:08Z</time>
   </trkpt>
   <trkpt lat="47.2536270" lon="11.3382180">
    <ele>580.9</ele>
    <time>2026-04-26T17:21:09Z</time>
   </trkpt>
   <trkpt lat="47.2536340" lon="11.3381970">
    <ele>580.9</ele>
    <time>2026-04-26T17:21:10Z</time>
   </trkpt>
   <trkpt lat="47.2536450" lon="11.3381490">
    <ele>580.9</ele>
    <time>2026-04-26T17:21:11Z</time>
   </trkpt>
   <trkpt lat="47.2536460" lon="11.3381320">
    <ele>580.9</ele>
    <time>2026-04-26T17:21:12Z</time>
   </trkpt>
   <trkpt lat="47.2536650" lon="11.3381000">
    <ele>580.9</ele>
    <time>2026-04-26T17:21:13Z</time>
   </trkpt>
   <trkpt lat="47.2536720" lon="11.3380880">
    <ele>580.9</ele>
    <time>2026-04-26T17:21:14Z</time>
   </trkpt>
   <trkpt lat="47.2536830" lon="11.3380520">
    <ele>580.9</ele>
    <time>2026-04-26T17:21:15Z</time>
   </trkpt>
   <trkpt lat="47.2536870" lon="11.3380470">
    <ele>580.9</ele>
    <time>2026-04-26T17:21:16Z</time>
   </trkpt>
   <trkpt lat="47.2537010" lon="11.3380070">
    <ele>580.9</ele>
    <time>2026-04-26T17:21:17Z</time>
   </trkpt>
   <trkpt lat="47.2537070" lon="11.3379970">
    <ele>580.9</ele>
    <time>2026-04-26T17:21:18Z</time>
   </trkpt>
   <trkpt lat="47.2537200" lon="11.3379580">
    <ele>580.9</ele>
    <time>2026-04-26T17:21:19Z</time>
   </trkpt>
   <trkpt lat="47.2537230" lon="11.3379160">
    <ele>580.9</ele>
    <time>2026-04-26T17:21:20Z</time>
   </trkpt>
   <trkpt lat="47.2537290" lon="11.3379000">
    <ele>580.9</ele>
    <time>2026-04-26T17:21:21Z</time>
   </trkpt>
   <trkpt lat="47.2537360" lon="11.3378800">
    <ele>580.9</ele>
    <time>2026-04-26T17:21:22Z</time>
   </trkpt>
   <trkpt lat="47.2537510" lon="11.3378680">
    <ele>580.9</ele>
    <time>2026-04-26T17:21:23Z</time>
   </trkpt>
   <trkpt lat="47.2537600" lon="11.3378260">
    <ele>580.9</ele>
    <time>2026-04-26T17:21:24Z</time>
   </trkpt>
   <trkpt lat="47.2537620" lon="11.3378110">
    <ele>580.9</ele>
    <time>2026-04-26T17:21:25Z</time>
   </trkpt>
   <trkpt lat="47.2537630" lon="11.3377600">
    <ele>580.9</ele>
    <time>2026-04-26T17:21:26Z</time>
   </trkpt>
   <trkpt lat="47.2537680" lon="11.3377440">
    <ele>580.9</ele>
    <time>2026-04-26T17:21:27Z</time>
   </trkpt>
   <trkpt lat="47.2537850" lon="11.3376940">
    <ele>580.9</ele>
    <time>2026-04-26T17:21:28Z</time>
   </trkpt>
   <trkpt lat="47.2537920" lon="11.3376750">
    <ele>580.9</ele>
    <time>2026-04-26T17:21:29Z</time>
   </trkpt>
   <trkpt lat="47.2538080" lon="11.3376330">
    <ele>580.9</ele>
    <time>2026-04-26T17:21:30Z</time>
   </trkpt>
   <trkpt lat="47.2538120" lon="11.3376190">
    <ele>580.9</ele>
    <time>2026-04-26T17:21:31Z</time>
   </trkpt>
   <trkpt lat="47.2538280" lon="11.3375760">
    <ele>580.9</ele>
    <time>2026-04-26T17:21:32Z</time>
   </trkpt>
   <trkpt lat="47.2538290" lon="11.3375630">
    <ele>580.9</ele>
    <time>2026-04-26T17:21:33Z</time>
   </trkpt>
   <trkpt lat="47.2538470" lon="11.3375260">
    <ele>581.0</ele>
    <time>2026-04-26T17:21:34Z</time>
   </trkpt>
   <trkpt lat="47.2538550" lon="11.3375090">
    <ele>581.0</ele>
    <time>2026-04-26T17:21:35Z</time>
   </trkpt>
   <trkpt lat="47.2538640" lon="11.3374690">
    <ele>581.0</ele>
    <time>2026-04-26T17:21:36Z</time>
   </trkpt>
   <trkpt lat="47.2538780" lon="11.3374240">
    <ele>581.0</ele>
    <time>2026-04-26T17:21:37Z</time>
   </trkpt>
   <trkpt lat="47.2538800" lon="11.3374110">
    <ele>581.0</ele>
    <time>2026-04-26T17:21:38Z</time>
   </trkpt>
   <trkpt lat="47.2539030" lon="11.3373690">
    <ele>581.0</ele>
    <time>2026-04-26T17:21:39Z</time>
   </trkpt>
   <trkpt lat="47.2539100" lon="11.3373550">
    <ele>581.0</ele>
    <time>2026-04-26T17:21:40Z</time>
   </trkpt>
   <trkpt lat="47.2539270" lon="11.3373050">
    <ele>581.0</ele>
    <time>2026-04-26T17:21:41Z</time>
   </trkpt>
   <trkpt lat="47.2539330" lon="11.3372860">
    <ele>581.0</ele>
    <time>2026-04-26T17:21:42Z</time>
   </trkpt>
   <trkpt lat="47.2539510" lon="11.3372350">
    <ele>581.0</ele>
    <time>2026-04-26T17:21:43Z</time>
   </trkpt>
   <trkpt lat="47.2539580" lon="11.3372170">
    <ele>581.0</ele>
    <time>2026-04-26T17:21:44Z</time>
   </trkpt>
   <trkpt lat="47.2539700" lon="11.3371700">
    <ele>581.0</ele>
    <time>2026-04-26T17:21:45Z</time>
   </trkpt>
   <trkpt lat="47.2539760" lon="11.3371570">
    <ele>581.0</ele>
    <time>2026-04-26T17:21:46Z</time>
   </trkpt>
   <trkpt lat="47.2539940" lon="11.3371190">
    <ele>581.0</ele>
    <time>2026-04-26T17:21:47Z</time>
   </trkpt>
   <trkpt lat="47.2540010" lon="11.3370990">
    <ele>581.0</ele>
    <time>2026-04-26T17:21:48Z</time>
   </trkpt>
   <trkpt lat="47.2540190" lon="11.3370510">
    <ele>581.0</ele>
    <time>2026-04-26T17:21:49Z</time>
   </trkpt>
   <trkpt lat="47.2540270" lon="11.3370320">
    <ele>581.0</ele>
    <time>2026-04-26T17:21:50Z</time>
   </trkpt>
   <trkpt lat="47.2540550" lon="11.3369930">
    <ele>581.0</ele>
    <time>2026-04-26T17:21:51Z</time>
   </trkpt>
   <trkpt lat="47.2540650" lon="11.3369800">
    <ele>581.0</ele>
    <time>2026-04-26T17:21:52Z</time>
   </trkpt>
   <trkpt lat="47.2540780" lon="11.3369430">
    <ele>581.0</ele>
    <time>2026-04-26T17:21:53Z</time>
   </trkpt>
   <trkpt lat="47.2540890" lon="11.3368960">
    <ele>581.1</ele>
    <time>2026-04-26T17:21:54Z</time>
   </trkpt>
   <trkpt lat="47.2540940" lon="11.3368740">
    <ele>581.1</ele>
    <time>2026-04-26T17:21:55Z</time>
   </trkpt>
   <trkpt lat="47.2541150" lon="11.3368250">
    <ele>581.1</ele>
    <time>2026-04-26T17:21:56Z</time>
   </trkpt>
   <trkpt lat="47.2541240" lon="11.3368080">
    <ele>581.1</ele>
    <time>2026-04-26T17:21:57Z</time>
   </trkpt>
   <trkpt lat="47.2541390" lon="11.3367620">
    <ele>581.1</ele>
    <time>2026-04-26T17:21:58Z</time>
   </trkpt>
   <trkpt lat="47.2541430" lon="11.3367490">
    <ele>581.1</ele>
    <time>2026-04-26T17:21:59Z</time>
   </trkpt>
   <trkpt lat="47.2541730" lon="11.3367230">
    <ele>581.1</ele>
    <time>2026-04-26T17:22:00Z</time>
   </trkpt>
   <trkpt lat="47.2541880" lon="11.3366820">
    <ele>581.1</ele>
    <time>2026-04-26T17:22:01Z</time>
   </trkpt>
   <trkpt lat="47.2541900" lon="11.3366710">
    <ele>581.1</ele>
    <time>2026-04-26T17:22:02Z</time>
   </trkpt>
   <trkpt lat="47.2542040" lon="11.3366370">
    <ele>581.1</ele>
    <time>2026-04-26T17:22:03Z</time>
   </trkpt>
   <trkpt lat="47.2542210" lon="11.3365920">
    <ele>581.1</ele>
    <time>2026-04-26T17:22:04Z</time>
   </trkpt>
   <trkpt lat="47.2542280" lon="11.3365840">
    <ele>581.1</ele>
    <time>2026-04-26T17:22:05Z</time>
   </trkpt>
   <trkpt lat="47.2542370" lon="11.3365390">
    <ele>581.1</ele>
    <time>2026-04-26T17:22:06Z</time>
   </trkpt>
   <trkpt lat="47.2542410" lon="11.3365270">
    <ele>581.1</ele>
    <time>2026-04-26T17:22:07Z</time>
   </trkpt>
   <trkpt lat="47.2542440" lon="11.3364820">
    <ele>581.1</ele>
    <time>2026-04-26T17:22:08Z</time>
   </trkpt>
   <trkpt lat="47.2542710" lon="11.3364610">
    <ele>581.1</ele>
    <time>2026-04-26T17:22:09Z</time>
   </trkpt>
   <trkpt lat="47.2542940" lon="11.3364210">
    <ele>581.1</ele>
    <time>2026-04-26T17:22:10Z</time>
   </trkpt>
   <trkpt lat="47.2543000" lon="11.3364060">
    <ele>581.1</ele>
    <time>2026-04-26T17:22:11Z</time>
   </trkpt>
   <trkpt lat="47.2543150" lon="11.3363600">
    <ele>581.1</ele>
    <time>2026-04-26T17:22:12Z</time>
   </trkpt>
   <trkpt lat="47.2543200" lon="11.3363450">
    <ele>581.1</ele>
    <time>2026-04-26T17:22:13Z</time>
   </trkpt>
   <trkpt lat="47.2543390" lon="11.3363080">
    <ele>581.1</ele>
    <time>2026-04-26T17:22:14Z</time>
   </trkpt>
   <trkpt lat="47.2543450" lon="11.3362940">
    <ele>581.1</ele>
    <time>2026-04-26T17:22:15Z</time>
   </trkpt>
   <trkpt lat="47.2543440" lon="11.3362490">
    <ele>581.1</ele>
    <time>2026-04-26T17:22:16Z</time>
   </trkpt>
   <trkpt lat="47.2543600" lon="11.3362390">
    <ele>581.1</ele>
    <time>2026-04-26T17:22:17Z</time>
   </trkpt>
   <trkpt lat="47.2543690" lon="11.3362190">
    <ele>581.1</ele>
    <time>2026-04-26T17:22:18Z</time>
   </trkpt>
   <trkpt lat="47.2543790" lon="11.3361980">
    <ele>581.1</ele>
    <time>2026-04-26T17:22:19Z</time>
   </trkpt>
   <trkpt lat="47.2543990" lon="11.3361560">
    <ele>581.1</ele>
    <time>2026-04-26T17:22:20Z</time>
   </trkpt>
   <trkpt lat="47.2544040" lon="11.3361400">
    <ele>581.1</ele>
    <time>2026-04-26T17:22:21Z</time>
   </trkpt>
   <trkpt lat="47.2544220" lon="11.3361050">
    <ele>581.1</ele>
    <time>2026-04-26T17:22:22Z</time>
   </trkpt>
   <trkpt lat="47.2544380" lon="11.3360930">
    <ele>581.2</ele>
    <time>2026-04-26T17:22:23Z</time>
   </trkpt>
   <trkpt lat="47.2544460" lon="11.3360660">
    <ele>581.2</ele>
    <time>2026-04-26T17:22:24Z</time>
   </trkpt>
   <trkpt lat="47.2544650" lon="11.3360220">
    <ele>581.2</ele>
    <time>2026-04-26T17:22:25Z</time>
   </trkpt>
   <trkpt lat="47.2544750" lon="11.3360080">
    <ele>581.2</ele>
    <time>2026-04-26T17:22:26Z</time>
   </trkpt>
   <trkpt lat="47.2544920" lon="11.3359570">
    <ele>581.2</ele>
    <time>2026-04-26T17:22:27Z</time>
   </trkpt>
   <trkpt lat="47.2544970" lon="11.3359380">
    <ele>581.2</ele>
    <time>2026-04-26T17:22:28Z</time>
   </trkpt>
   <trkpt lat="47.2545090" lon="11.3359010">
    <ele>581.2</ele>
    <time>2026-04-26T17:22:29Z</time>
   </trkpt>
   <trkpt lat="47.2545350" lon="11.3358550">
    <ele>581.2</ele>
    <time>2026-04-26T17:22:30Z</time>
   </trkpt>
   <trkpt lat="47.2545440" lon="11.3358280">
    <ele>581.2</ele>
    <time>2026-04-26T17:22:31Z</time>
   </trkpt>
   <trkpt lat="47.2545500" lon="11.3358130">
    <ele>581.2</ele>
    <time>2026-04-26T17:22:32Z</time>
   </trkpt>
   <trkpt lat="47.2545670" lon="11.3357900">
    <ele>581.2</ele>
    <time>2026-04-26T17:22:33Z</time>
   </trkpt>
   <trkpt lat="47.2545790" lon="11.3357450">
    <ele>581.2</ele>
    <time>2026-04-26T17:22:34Z</time>
   </trkpt>
   <trkpt lat="47.2545760" lon="11.3357180">
    <ele>581.2</ele>
    <time>2026-04-26T17:22:35Z</time>
   </trkpt>
   <trkpt lat="47.2546050" lon="11.3356850">
    <ele>581.3</ele>
    <time>2026-04-26T17:22:36Z</time>
   </trkpt>
   <trkpt lat="47.2546170" lon="11.3356790">
    <ele>581.3</ele>
    <time>2026-04-26T17:22:37Z</time>
   </trkpt>
   <trkpt lat="47.2546420" lon="11.3356460">
    <ele>581.3</ele>
    <time>2026-04-26T17:22:38Z</time>
   </trkpt>
   <trkpt lat="47.2546520" lon="11.3356360">
    <ele>581.3</ele>
    <time>2026-04-26T17:22:39Z</time>
   </trkpt>
   <trkpt lat="47.2546630" lon="11.3355980">
    <ele>581.3</ele>
    <time>2026-04-26T17:22:40Z</time>
   </trkpt>
   <trkpt lat="47.2546860" lon="11.3355640">
    <ele>581.3</ele>
    <time>2026-04-26T17:22:41Z</time>
   </trkpt>
   <trkpt lat="47.2546920" lon="11.3355530">
    <ele>581.3</ele>
    <time>2026-04-26T17:22:42Z</time>
   </trkpt>
   <trkpt lat="47.2547110" lon="11.3355160">
    <ele>581.3</ele>
    <time>2026-04-26T17:22:43Z</time>
   </trkpt>
   <trkpt lat="47.2547160" lon="11.3355040">
    <ele>581.4</ele>
    <time>2026-04-26T17:22:44Z</time>
   </trkpt>
   <trkpt lat="47.2547400" lon="11.3354670">
    <ele>581.4</ele>
    <time>2026-04-26T17:22:45Z</time>
   </trkpt>
   <trkpt lat="47.2547510" lon="11.3354600">
    <ele>581.4</ele>
    <time>2026-04-26T17:22:46Z</time>
   </trkpt>
   <trkpt lat="47.2547670" lon="11.3354300">
    <ele>581.4</ele>
    <time>2026-04-26T17:22:47Z</time>
   </trkpt>
   <trkpt lat="47.2547700" lon="11.3354140">
    <ele>581.4</ele>
    <time>2026-04-26T17:22:48Z</time>
   </trkpt>
   <trkpt lat="47.2547910" lon="11.3353700">
    <ele>581.4</ele>
    <time>2026-04-26T17:22:49Z</time>
   </trkpt>
   <trkpt lat="47.2547980" lon="11.3353500">
    <ele>581.4</ele>
    <time>2026-04-26T17:22:50Z</time>
   </trkpt>
   <trkpt lat="47.2548140" lon="11.3353120">
    <ele>581.4</ele>
    <time>2026-04-26T17:22:51Z</time>
   </trkpt>
   <trkpt lat="47.2548180" lon="11.3352960">
    <ele>581.4</ele>
    <time>2026-04-26T17:22:52Z</time>
   </trkpt>
   <trkpt lat="47.2548420" lon="11.3352710">
    <ele>581.4</ele>
    <time>2026-04-26T17:22:53Z</time>
   </trkpt>
   <trkpt lat="47.2548510" lon="11.3352640">
    <ele>581.4</ele>
    <time>2026-04-26T17:22:54Z</time>
   </trkpt>
   <trkpt lat="47.2548710" lon="11.3352340">
    <ele>581.5</ele>
    <time>2026-04-26T17:22:55Z</time>
   </trkpt>
   <trkpt lat="47.2548760" lon="11.3352260">
    <ele>581.5</ele>
    <time>2026-04-26T17:22:56Z</time>
   </trkpt>
   <trkpt lat="47.2549000" lon="11.3351870">
    <ele>581.5</ele>
    <time>2026-04-26T17:22:57Z</time>
   </trkpt>
   <trkpt lat="47.2549060" lon="11.3351770">
    <ele>581.5</ele>
    <time>2026-04-26T17:22:58Z</time>
   </trkpt>
   <trkpt lat="47.2549190" lon="11.3351360">
    <ele>581.5</ele>
    <time>2026-04-26T17:22:59Z</time>
   </trkpt>
   <trkpt lat="47.2549250" lon="11.3351220">
    <ele>581.5</ele>
    <time>2026-04-26T17:23:00Z</time>
   </trkpt>
   <trkpt lat="47.2549370" lon="11.3350740">
    <ele>581.5</ele>
    <time>2026-04-26T17:23:01Z</time>
   </trkpt>
   <trkpt lat="47.2549400" lon="11.3350550">
    <ele>581.5</ele>
    <time>2026-04-26T17:23:02Z</time>
   </trkpt>
   <trkpt lat="47.2549680" lon="11.3350350">
    <ele>581.5</ele>
    <time>2026-04-26T17:23:03Z</time>
   </trkpt>
   <trkpt lat="47.2549950" lon="11.3349970">
    <ele>581.5</ele>
    <time>2026-04-26T17:23:04Z</time>
   </trkpt>
   <trkpt lat="47.2550040" lon="11.3349840">
    <ele>581.5</ele>
    <time>2026-04-26T17:23:05Z</time>
   </trkpt>
   <trkpt lat="47.2550140" lon="11.3349660">
    <ele>581.5</ele>
    <time>2026-04-26T17:23:06Z</time>
   </trkpt>
   <trkpt lat="47.2550180" lon="11.3349460">
    <ele>581.5</ele>
    <time>2026-04-26T17:23:07Z</time>
   </trkpt>
   <trkpt lat="47.2550380" lon="11.3349170">
    <ele>581.5</ele>
    <time>2026-04-26T17:23:08Z</time>
   </trkpt>
   <trkpt lat="47.2550440" lon="11.3349030">
    <ele>581.5</ele>
    <time>2026-04-26T17:23:09Z</time>
   </trkpt>
   <trkpt lat="47.2550790" lon="11.3348590">
    <ele>581.6</ele>
    <time>2026-04-26T17:23:10Z</time>
   </trkpt>
   <trkpt lat="47.2550990" lon="11.3348310">
    <ele>581.6</ele>
    <time>2026-04-26T17:23:11Z</time>
   </trkpt>
   <trkpt lat="47.2551090" lon="11.3348250">
    <ele>581.6</ele>
    <time>2026-04-26T17:23:12Z</time>
   </trkpt>
   <trkpt lat="47.2551190" lon="11.3348200">
    <ele>581.6</ele>
    <time>2026-04-26T17:23:13Z</time>
   </trkpt>
   <trkpt lat="47.2551390" lon="11.3347890">
    <ele>581.6</ele>
    <time>2026-04-26T17:23:14Z</time>
   </trkpt>
   <trkpt lat="47.2551580" lon="11.3347470">
    <ele>581.6</ele>
    <time>2026-04-26T17:23:15Z</time>
   </trkpt>
   <trkpt lat="47.2551600" lon="11.3347320">
    <ele>581.6</ele>
    <time>2026-04-26T17:23:16Z</time>
   </trkpt>
   <trkpt lat="47.2551800" lon="11.3346960">
    <ele>581.6</ele>
    <time>2026-04-26T17:23:17Z</time>
   </trkpt>
   <trkpt lat="47.2552010" lon="11.3346590">
    <ele>581.6</ele>
    <time>2026-04-26T17:23:18Z</time>
   </trkpt>
   <trkpt lat="47.2552060" lon="11.3346490">
    <ele>581.6</ele>
    <time>2026-04-26T17:23:19Z</time>
   </trkpt>
   <trkpt lat="47.2552270" lon="11.3346060">
    <ele>581.6</ele>
    <time>2026-04-26T17:23:20Z</time>
   </trkpt>
   <trkpt lat="47.2552360" lon="11.3345950">
    <ele>581.6</ele>
    <time>2026-04-26T17:23:21Z</time>
   </trkpt>
   <trkpt lat="47.2552600" lon="11.3345620">
    <ele>581.6</ele>
    <time>2026-04-26T17:23:22Z</time>
   </trkpt>
   <trkpt lat="47.2552830" lon="11.3345390">
    <ele>581.6</ele>
    <time>2026-04-26T17:23:23Z</time>
   </trkpt>
   <trkpt lat="47.2552990" lon="11.3345050">
    <ele>581.6</ele>
    <time>2026-04-26T17:23:24Z</time>
   </trkpt>
   <trkpt lat="47.2553020" lon="11.3344890">
    <ele>581.6</ele>
    <time>2026-04-26T17:23:25Z</time>
   </trkpt>
   <trkpt lat="47.2553190" lon="11.3344510">
    <ele>581.6</ele>
    <time>2026-04-26T17:23:26Z</time>
   </trkpt>
   <trkpt lat="47.2553340" lon="11.3344120">
    <ele>581.6</ele>
    <time>2026-04-26T17:23:27Z</time>
   </trkpt>
   <trkpt lat="47.2553460" lon="11.3344180">
    <ele>581.6</ele>
    <time>2026-04-26T17:23:28Z</time>
   </trkpt>
   <trkpt lat="47.2553610" lon="11.3343850">
    <ele>581.6</ele>
    <time>2026-04-26T17:23:29Z</time>
   </trkpt>
   <trkpt lat="47.2553720" lon="11.3343460">
    <ele>581.6</ele>
    <time>2026-04-26T17:23:30Z</time>
   </trkpt>
   <trkpt lat="47.2553910" lon="11.3343190">
    <ele>581.6</ele>
    <time>2026-04-26T17:23:31Z</time>
   </trkpt>
   <trkpt lat="47.2554020" lon="11.3343090">
    <ele>581.6</ele>
    <time>2026-04-26T17:23:32Z</time>
   </trkpt>
   <trkpt lat="47.2554330" lon="11.3342680">
    <ele>581.6</ele>
    <time>2026-04-26T17:23:33Z</time>
   </trkpt>
   <trkpt lat="47.2554430" lon="11.3342480">
    <ele>581.6</ele>
    <time>2026-04-26T17:23:34Z</time>
   </trkpt>
   <trkpt lat="47.2554590" lon="11.3342020">
    <ele>581.6</ele>
    <time>2026-04-26T17:23:35Z</time>
   </trkpt>
   <trkpt lat="47.2554650" lon="11.3341860">
    <ele>581.6</ele>
    <time>2026-04-26T17:23:36Z</time>
   </trkpt>
   <trkpt lat="47.2554940" lon="11.3341560">
    <ele>581.6</ele>
    <time>2026-04-26T17:23:37Z</time>
   </trkpt>
   <trkpt lat="47.2555030" lon="11.3341460">
    <ele>581.6</ele>
    <time>2026-04-26T17:23:38Z</time>
   </trkpt>
   <trkpt lat="47.2555170" lon="11.3341270">
    <ele>581.6</ele>
    <time>2026-04-26T17:23:39Z</time>
   </trkpt>
   <trkpt lat="47.2555240" lon="11.3341160">
    <ele>581.6</ele>
    <time>2026-04-26T17:23:40Z</time>
   </trkpt>
   <trkpt lat="47.2555540" lon="11.3340770">
    <ele>581.6</ele>
    <time>2026-04-26T17:23:41Z</time>
   </trkpt>
   <trkpt lat="47.2555700" lon="11.3340680">
    <ele>581.6</ele>
    <time>2026-04-26T17:23:42Z</time>
   </trkpt>
   <trkpt lat="47.2555750" lon="11.3340280">
    <ele>581.6</ele>
    <time>2026-04-26T17:23:43Z</time>
   </trkpt>
   <trkpt lat="47.2555900" lon="11.3339940">
    <ele>581.6</ele>
    <time>2026-04-26T17:23:44Z</time>
   </trkpt>
   <trkpt lat="47.2555960" lon="11.3339830">
    <ele>581.6</ele>
    <time>2026-04-26T17:23:45Z</time>
   </trkpt>
   <trkpt lat="47.2556330" lon="11.3339630">
    <ele>581.6</ele>
    <time>2026-04-26T17:23:46Z</time>
   </trkpt>
   <trkpt lat="47.2556440" lon="11.3339460">
    <ele>581.6</ele>
    <time>2026-04-26T17:23:47Z</time>
   </trkpt>
   <trkpt lat="47.2556560" lon="11.3338940">
    <ele>581.6</ele>
    <time>2026-04-26T17:23:48Z</time>
   </trkpt>
   <trkpt lat="47.2556650" lon="11.3338800">
    <ele>581.6</ele>
    <time>2026-04-26T17:23:49Z</time>
   </trkpt>
   <trkpt lat="47.2556920" lon="11.3338520">
    <ele>581.6</ele>
    <time>2026-04-26T17:23:50Z</time>
   </trkpt>
   <trkpt lat="47.2557020" lon="11.3338430">
    <ele>581.6</ele>
    <time>2026-04-26T17:23:51Z</time>
   </trkpt>
   <trkpt lat="47.2557230" lon="11.3337970">
    <ele>581.6</ele>
    <time>2026-04-26T17:23:52Z</time>
   </trkpt>
   <trkpt lat="47.2557350" lon="11.3337810">
    <ele>581.6</ele>
    <time>2026-04-26T17:23:53Z</time>
   </trkpt>
   <trkpt lat="47.2557620" lon="11.3337490">
    <ele>581.6</ele>
    <time>2026-04-26T17:23:54Z</time>
   </trkpt>
   <trkpt lat="47.2557680" lon="11.3337330">
    <ele>581.6</ele>
    <time>2026-04-26T17:23:55Z</time>
   </trkpt>
   <trkpt lat="47.2557880" lon="11.3336950">
    <ele>581.6</ele>
    <time>2026-04-26T17:23:56Z</time>
   </trkpt>
   <trkpt lat="47.2557970" lon="11.3336860">
    <ele>581.6</ele>
    <time>2026-04-26T17:23:57Z</time>
   </trkpt>
   <trkpt lat="47.2558170" lon="11.3336570">
    <ele>581.6</ele>
    <time>2026-04-26T17:23:58Z</time>
   </trkpt>
   <trkpt lat="47.2558300" lon="11.3336460">
    <ele>581.6</ele>
    <time>2026-04-26T17:23:59Z</time>
   </trkpt>
   <trkpt lat="47.2558400" lon="11.3336160">
    <ele>581.6</ele>
    <time>2026-04-26T17:24:00Z</time>
   </trkpt>
   <trkpt lat="47.2558610" lon="11.3335760">
    <ele>581.6</ele>
    <time>2026-04-26T17:24:01Z</time>
   </trkpt>
   <trkpt lat="47.2558680" lon="11.3335650">
    <ele>581.6</ele>
    <time>2026-04-26T17:24:02Z</time>
   </trkpt>
   <trkpt lat="47.2558950" lon="11.3335330">
    <ele>581.6</ele>
    <time>2026-04-26T17:24:03Z</time>
   </trkpt>
   <trkpt lat="47.2559020" lon="11.3335200">
    <ele>581.6</ele>
    <time>2026-04-26T17:24:04Z</time>
   </trkpt>
   <trkpt lat="47.2559340" lon="11.3334940">
    <ele>581.6</ele>
    <time>2026-04-26T17:24:05Z</time>
   </trkpt>
   <trkpt lat="47.2559490" lon="11.3334780">
    <ele>581.6</ele>
    <time>2026-04-26T17:24:06Z</time>
   </trkpt>
   <trkpt lat="47.2559640" lon="11.3334400">
    <ele>581.6</ele>
    <time>2026-04-26T17:24:07Z</time>
   </trkpt>
   <trkpt lat="47.2559720" lon="11.3334280">
    <ele>581.6</ele>
    <time>2026-04-26T17:24:08Z</time>
   </trkpt>
   <trkpt lat="47.2559790" lon="11.3334150">
    <ele>581.6</ele>
    <time>2026-04-26T17:24:09Z</time>
   </trkpt>
   <trkpt lat="47.2559930" lon="11.3333780">
    <ele>581.6</ele>
    <time>2026-04-26T17:24:10Z</time>
   </trkpt>
   <trkpt lat="47.2560080" lon="11.3333390">
    <ele>581.6</ele>
    <time>2026-04-26T17:24:11Z</time>
   </trkpt>
   <trkpt lat="47.2560330" lon="11.3333000">
    <ele>581.6</ele>
    <time>2026-04-26T17:24:12Z</time>
   </trkpt>
   <trkpt lat="47.2560400" lon="11.3332880">
    <ele>581.6</ele>
    <time>2026-04-26T17:24:13Z</time>
   </trkpt>
   <trkpt lat="47.2560580" lon="11.3332540">
    <ele>581.6</ele>
    <time>2026-04-26T17:24:14Z</time>
   </trkpt>
   <trkpt lat="47.2560750" lon="11.3332190">
    <ele>581.6</ele>
    <time>2026-04-26T17:24:15Z</time>
   </trkpt>
   <trkpt lat="47.2561020" lon="11.3332120">
    <ele>581.6</ele>
    <time>2026-04-26T17:24:16Z</time>
   </trkpt>
   <trkpt lat="47.2561250" lon="11.3331820">
    <ele>581.6</ele>
    <time>2026-04-26T17:24:17Z</time>
   </trkpt>
   <trkpt lat="47.2561360" lon="11.3331680">
    <ele>581.6</ele>
    <time>2026-04-26T17:24:18Z</time>
   </trkpt>
   <trkpt lat="47.2561500" lon="11.3331180">
    <ele>581.6</ele>
    <time>2026-04-26T17:24:19Z</time>
   </trkpt>
   <trkpt lat="47.2561700" lon="11.3330950">
    <ele>581.6</ele>
    <time>2026-04-26T17:24:20Z</time>
   </trkpt>
   <trkpt lat="47.2561770" lon="11.3330830">
    <ele>581.6</ele>
    <time>2026-04-26T17:24:21Z</time>
   </trkpt>
   <trkpt lat="47.2562000" lon="11.3330450">
    <ele>581.6</ele>
    <time>2026-04-26T17:24:22Z</time>
   </trkpt>
   <trkpt lat="47.2562050" lon="11.3330310">
    <ele>581.6</ele>
    <time>2026-04-26T17:24:23Z</time>
   </trkpt>
   <trkpt lat="47.2562290" lon="11.3330030">
    <ele>581.6</ele>
    <time>2026-04-26T17:24:24Z</time>
   </trkpt>
   <trkpt lat="47.2562390" lon="11.3329870">
    <ele>581.6</ele>
    <time>2026-04-26T17:24:25Z</time>
   </trkpt>
   <trkpt lat="47.2562670" lon="11.3329710">
    <ele>581.6</ele>
    <time>2026-04-26T17:24:26Z</time>
   </trkpt>
   <trkpt lat="47.2562860" lon="11.3329340">
    <ele>581.6</ele>
    <time>2026-04-26T17:24:27Z</time>
   </trkpt>
   <trkpt lat="47.2562940" lon="11.3329220">
    <ele>581.6</ele>
    <time>2026-04-26T17:24:28Z</time>
   </trkpt>
   <trkpt lat="47.2562990" lon="11.3329080">
    <ele>581.6</ele>
    <time>2026-04-26T17:24:29Z</time>
   </trkpt>
   <trkpt lat="47.2563220" lon="11.3329080">
    <ele>581.6</ele>
    <time>2026-04-26T17:24:30Z</time>
   </trkpt>
   <trkpt lat="47.2563530" lon="11.3328660">
    <ele>581.7</ele>
    <time>2026-04-26T17:24:31Z</time>
   </trkpt>
   <trkpt lat="47.2563650" lon="11.3328500">
    <ele>581.7</ele>
    <time>2026-04-26T17:24:32Z</time>
   </trkpt>
   <trkpt lat="47.2563910" lon="11.3328190">
    <ele>581.7</ele>
    <time>2026-04-26T17:24:33Z</time>
   </trkpt>
   <trkpt lat="47.2564050" lon="11.3328200">
    <ele>581.7</ele>
    <time>2026-04-26T17:24:34Z</time>
   </trkpt>
   <trkpt lat="47.2564350" lon="11.3328250">
    <ele>581.7</ele>
    <time>2026-04-26T17:24:35Z</time>
   </trkpt>
   <trkpt lat="47.2564360" lon="11.3328180">
    <ele>581.7</ele>
    <time>2026-04-26T17:24:36Z</time>
   </trkpt>
   <trkpt lat="47.2564690" lon="11.3328240">
    <ele>581.7</ele>
    <time>2026-04-26T17:24:37Z</time>
   </trkpt>
   <trkpt lat="47.2565020" lon="11.3328450">
    <ele>581.8</ele>
    <time>2026-04-26T17:24:38Z</time>
   </trkpt>
   <trkpt lat="47.2565360" lon="11.3328430">
    <ele>581.8</ele>
    <time>2026-04-26T17:24:39Z</time>
   </trkpt>
   <trkpt lat="47.2565470" lon="11.3328430">
    <ele>581.8</ele>
    <time>2026-04-26T17:24:40Z</time>
   </trkpt>
   <trkpt lat="47.2565850" lon="11.3328270">
    <ele>581.9</ele>
    <time>2026-04-26T17:24:41Z</time>
   </trkpt>
   <trkpt lat="47.2565960" lon="11.3328210">
    <ele>581.9</ele>
    <time>2026-04-26T17:24:42Z</time>
   </trkpt>
   <trkpt lat="47.2566170" lon="11.3327930">
    <ele>581.9</ele>
    <time>2026-04-26T17:24:43Z</time>
   </trkpt>
   <trkpt lat="47.2566220" lon="11.3327780">
    <ele>581.9</ele>
    <time>2026-04-26T17:24:44Z</time>
   </trkpt>
   <trkpt lat="47.2566470" lon="11.3327420">
    <ele>581.9</ele>
    <time>2026-04-26T17:24:45Z</time>
   </trkpt>
   <trkpt lat="47.2566560" lon="11.3327280">
    <ele>581.9</ele>
    <time>2026-04-26T17:24:46Z</time>
   </trkpt>
   <trkpt lat="47.2566720" lon="11.3326880">
    <ele>582.0</ele>
    <time>2026-04-26T17:24:47Z</time>
   </trkpt>
   <trkpt lat="47.2566870" lon="11.3326410">
    <ele>582.0</ele>
    <time>2026-04-26T17:24:48Z</time>
   </trkpt>
   <trkpt lat="47.2566890" lon="11.3326270">
    <ele>582.0</ele>
    <time>2026-04-26T17:24:49Z</time>
   </trkpt>
   <trkpt lat="47.2567120" lon="11.3325980">
    <ele>582.0</ele>
    <time>2026-04-26T17:24:50Z</time>
   </trkpt>
   <trkpt lat="47.2567320" lon="11.3325520">
    <ele>582.0</ele>
    <time>2026-04-26T17:24:51Z</time>
   </trkpt>
   <trkpt lat="47.2567400" lon="11.3325400">
    <ele>582.0</ele>
    <time>2026-04-26T17:24:52Z</time>
   </trkpt>
   <trkpt lat="47.2567680" lon="11.3325010">
    <ele>582.0</ele>
    <time>2026-04-26T17:24:53Z</time>
   </trkpt>
   <trkpt lat="47.2567770" lon="11.3324890">
    <ele>582.0</ele>
    <time>2026-04-26T17:24:54Z</time>
   </trkpt>
   <trkpt lat="47.2567980" lon="11.3324460">
    <ele>582.0</ele>
    <time>2026-04-26T17:24:55Z</time>
   </trkpt>
   <trkpt lat="47.2568040" lon="11.3324310">
    <ele>582.0</ele>
    <time>2026-04-26T17:24:56Z</time>
   </trkpt>
   <trkpt lat="47.2568240" lon="11.3323830">
    <ele>582.0</ele>
    <time>2026-04-26T17:24:57Z</time>
   </trkpt>
   <trkpt lat="47.2568350" lon="11.3323680">
    <ele>582.0</ele>
    <time>2026-04-26T17:24:58Z</time>
   </trkpt>
   <trkpt lat="47.2568550" lon="11.3323290">
    <ele>582.0</ele>
    <time>2026-04-26T17:24:59Z</time>
   </trkpt>
   <trkpt lat="47.2568610" lon="11.3323210">
    <ele>582.0</ele>
    <time>2026-04-26T17:25:00Z</time>
   </trkpt>
   <trkpt lat="47.2568840" lon="11.3322740">
    <ele>582.0</ele>
    <time>2026-04-26T17:25:01Z</time>
   </trkpt>
   <trkpt lat="47.2568940" lon="11.3322580">
    <ele>582.0</ele>
    <time>2026-04-26T17:25:02Z</time>
   </trkpt>
   <trkpt lat="47.2569100" lon="11.3322340">
    <ele>582.0</ele>
    <time>2026-04-26T17:25:03Z</time>
   </trkpt>
   <trkpt lat="47.2569230" lon="11.3322300">
    <ele>582.0</ele>
    <time>2026-04-26T17:25:04Z</time>
   </trkpt>
   <trkpt lat="47.2569390" lon="11.3321980">
    <ele>582.0</ele>
    <time>2026-04-26T17:25:05Z</time>
   </trkpt>
   <trkpt lat="47.2569710" lon="11.3321630">
    <ele>582.0</ele>
    <time>2026-04-26T17:25:06Z</time>
   </trkpt>
   <trkpt lat="47.2569800" lon="11.3321470">
    <ele>582.0</ele>
    <time>2026-04-26T17:25:07Z</time>
   </trkpt>
   <trkpt lat="47.2570000" lon="11.3320950">
    <ele>582.0</ele>
    <time>2026-04-26T17:25:08Z</time>
   </trkpt>
   <trkpt lat="47.2570050" lon="11.3320740">
    <ele>582.0</ele>
    <time>2026-04-26T17:25:09Z</time>
   </trkpt>
   <trkpt lat="47.2570220" lon="11.3320620">
    <ele>582.0</ele>
    <time>2026-04-26T17:25:10Z</time>
   </trkpt>
   <trkpt lat="47.2570330" lon="11.3320440">
    <ele>582.0</ele>
    <time>2026-04-26T17:25:11Z</time>
   </trkpt>
   <trkpt lat="47.2570550" lon="11.3320010">
    <ele>582.0</ele>
    <time>2026-04-26T17:25:12Z</time>
   </trkpt>
   <trkpt lat="47.2570680" lon="11.3319830">
    <ele>582.0</ele>
    <time>2026-04-26T17:25:13Z</time>
   </trkpt>
   <trkpt lat="47.2570930" lon="11.3319420">
    <ele>582.1</ele>
    <time>2026-04-26T17:25:14Z</time>
   </trkpt>
   <trkpt lat="47.2571020" lon="11.3319280">
    <ele>582.1</ele>
    <time>2026-04-26T17:25:15Z</time>
   </trkpt>
   <trkpt lat="47.2571230" lon="11.3319000">
    <ele>582.1</ele>
    <time>2026-04-26T17:25:16Z</time>
   </trkpt>
   <trkpt lat="47.2571280" lon="11.3318880">
    <ele>582.1</ele>
    <time>2026-04-26T17:25:17Z</time>
   </trkpt>
   <trkpt lat="47.2571580" lon="11.3318540">
    <ele>582.1</ele>
    <time>2026-04-26T17:25:18Z</time>
   </trkpt>
   <trkpt lat="47.2571690" lon="11.3318410">
    <ele>582.1</ele>
    <time>2026-04-26T17:25:19Z</time>
   </trkpt>
   <trkpt lat="47.2571950" lon="11.3318130">
    <ele>582.1</ele>
    <time>2026-04-26T17:25:20Z</time>
   </trkpt>
   <trkpt lat="47.2572060" lon="11.3318020">
    <ele>582.1</ele>
    <time>2026-04-26T17:25:21Z</time>
   </trkpt>
   <trkpt lat="47.2572310" lon="11.3317710">
    <ele>582.1</ele>
    <time>2026-04-26T17:25:22Z</time>
   </trkpt>
   <trkpt lat="47.2572400" lon="11.3317590">
    <ele>582.1</ele>
    <time>2026-04-26T17:25:23Z</time>
   </trkpt>
   <trkpt lat="47.2572710" lon="11.3317260">
    <ele>582.1</ele>
    <time>2026-04-26T17:25:24Z</time>
   </trkpt>
   <trkpt lat="47.2572800" lon="11.3317110">
    <ele>582.1</ele>
    <time>2026-04-26T17:25:25Z</time>
   </trkpt>
   <trkpt lat="47.2572970" lon="11.3316800">
    <ele>582.1</ele>
    <time>2026-04-26T17:25:26Z</time>
   </trkpt>
   <trkpt lat="47.2573030" lon="11.3316680">
    <ele>582.1</ele>
    <time>2026-04-26T17:25:27Z</time>
   </trkpt>
   <trkpt lat="47.2572920" lon="11.3316260">
    <ele>582.1</ele>
    <time>2026-04-26T17:25:28Z</time>
   </trkpt>
   <trkpt lat="47.2572740" lon="11.3316180">
    <ele>582.1</ele>
    <time>2026-04-26T17:25:29Z</time>
   </trkpt>
   <trkpt lat="47.2572560" lon="11.3316630">
    <ele>582.1</ele>
    <time>2026-04-26T17:25:30Z</time>
   </trkpt>
   <trkpt lat="47.2572470" lon="11.3316790">
    <ele>582.1</ele>
    <time>2026-04-26T17:25:31Z</time>
   </trkpt>
   <trkpt lat="47.2572500" lon="11.3317320">
    <ele>582.1</ele>
    <time>2026-04-26T17:25:32Z</time>
   </trkpt>
   <trkpt lat="47.2572380" lon="11.3317740">
    <ele>582.1</ele>
    <time>2026-04-26T17:25:33Z</time>
   </trkpt>
   <trkpt lat="47.2572180" lon="11.3317800">
    <ele>582.1</ele>
    <time>2026-04-26T17:25:34Z</time>
   </trkpt>
   <trkpt lat="47.2571920" lon="11.3318050">
    <ele>582.1</ele>
    <time>2026-04-26T17:25:35Z</time>
   </trkpt>
   <trkpt lat="47.2571860" lon="11.3318160">
    <ele>582.1</ele>
    <time>2026-04-26T17:25:36Z</time>
   </trkpt>
   <trkpt lat="47.2571670" lon="11.3318450">
    <ele>582.1</ele>
    <time>2026-04-26T17:25:37Z</time>
   </trkpt>
   <trkpt lat="47.2571390" lon="11.3318660">
    <ele>582.1</ele>
    <time>2026-04-26T17:25:38Z</time>
   </trkpt>
   <trkpt lat="47.2571300" lon="11.3318770">
    <ele>582.1</ele>
    <time>2026-04-26T17:25:39Z</time>
   </trkpt>
   <trkpt lat="47.2571130" lon="11.3319160">
    <ele>582.1</ele>
    <time>2026-04-26T17:25:40Z</time>
   </trkpt>
   <trkpt lat="47.2571040" lon="11.3319350">
    <ele>582.1</ele>
    <time>2026-04-26T17:25:41Z</time>
   </trkpt>
   <trkpt lat="47.2570850" lon="11.3319490">
    <ele>582.1</ele>
    <time>2026-04-26T17:25:42Z</time>
   </trkpt>
   <trkpt lat="47.2570580" lon="11.3319800">
    <ele>582.1</ele>
    <time>2026-04-26T17:25:43Z</time>
   </trkpt>
   <trkpt lat="47.2570440" lon="11.3320220">
    <ele>582.1</ele>
    <time>2026-04-26T17:25:44Z</time>
   </trkpt>
   <trkpt lat="47.2570280" lon="11.3320510">
    <ele>582.1</ele>
    <time>2026-04-26T17:25:45Z</time>
   </trkpt>
   <trkpt lat="47.2570190" lon="11.3320640">
    <ele>582.1</ele>
    <time>2026-04-26T17:25:46Z</time>
   </trkpt>
   <trkpt lat="47.2569890" lon="11.3320880">
    <ele>582.1</ele>
    <time>2026-04-26T17:25:47Z</time>
   </trkpt>
   <trkpt lat="47.2569810" lon="11.3320970">
    <ele>582.1</ele>
    <time>2026-04-26T17:25:48Z</time>
   </trkpt>
   <trkpt lat="47.2569670" lon="11.3321360">
    <ele>582.1</ele>
    <time>2026-04-26T17:25:49Z</time>
   </trkpt>
   <trkpt lat="47.2569580" lon="11.3321520">
    <ele>582.0</ele>
    <time>2026-04-26T17:25:50Z</time>
   </trkpt>
   <trkpt lat="47.2569360" lon="11.3321950">
    <ele>582.0</ele>
    <time>2026-04-26T17:25:51Z</time>
   </trkpt>
   <trkpt lat="47.2569270" lon="11.3322050">
    <ele>582.0</ele>
    <time>2026-04-26T17:25:52Z</time>
   </trkpt>
   <trkpt lat="47.2569150" lon="11.3322500">
    <ele>582.0</ele>
    <time>2026-04-26T17:25:53Z</time>
   </trkpt>
   <trkpt lat="47.2568970" lon="11.3322730">
    <ele>582.0</ele>
    <time>2026-04-26T17:25:54Z</time>
   </trkpt>
   <trkpt lat="47.2568850" lon="11.3322790">
    <ele>582.0</ele>
    <time>2026-04-26T17:25:55Z</time>
   </trkpt>
   <trkpt lat="47.2568670" lon="11.3323290">
    <ele>582.0</ele>
    <time>2026-04-26T17:25:56Z</time>
   </trkpt>
   <trkpt lat="47.2568610" lon="11.3323500">
    <ele>582.0</ele>
    <time>2026-04-26T17:25:57Z</time>
   </trkpt>
   <trkpt lat="47.2568350" lon="11.3323710">
    <ele>582.0</ele>
    <time>2026-04-26T17:25:58Z</time>
   </trkpt>
   <trkpt lat="47.2568230" lon="11.3323780">
    <ele>582.0</ele>
    <time>2026-04-26T17:25:59Z</time>
   </trkpt>
   <trkpt lat="47.2568070" lon="11.3324220">
    <ele>582.0</ele>
    <time>2026-04-26T17:26:00Z</time>
   </trkpt>
   <trkpt lat="47.2568030" lon="11.3324410">
    <ele>582.0</ele>
    <time>2026-04-26T17:26:01Z</time>
   </trkpt>
   <trkpt lat="47.2567920" lon="11.3324880">
    <ele>582.0</ele>
    <time>2026-04-26T17:26:02Z</time>
   </trkpt>
   <trkpt lat="47.2567620" lon="11.3325140">
    <ele>582.0</ele>
    <time>2026-04-26T17:26:03Z</time>
   </trkpt>
   <trkpt lat="47.2567540" lon="11.3325230">
    <ele>582.0</ele>
    <time>2026-04-26T17:26:04Z</time>
   </trkpt>
   <trkpt lat="47.2567450" lon="11.3325450">
    <ele>582.0</ele>
    <time>2026-04-26T17:26:05Z</time>
   </trkpt>
   <trkpt lat="47.2567390" lon="11.3325610">
    <ele>582.0</ele>
    <time>2026-04-26T17:26:06Z</time>
   </trkpt>
   <trkpt lat="47.2567230" lon="11.3326100">
    <ele>582.0</ele>
    <time>2026-04-26T17:26:07Z</time>
   </trkpt>
   <trkpt lat="47.2567200" lon="11.3326320">
    <ele>582.0</ele>
    <time>2026-04-26T17:26:08Z</time>
   </trkpt>
   <trkpt lat="47.2566940" lon="11.3326710">
    <ele>582.0</ele>
    <time>2026-04-26T17:26:09Z</time>
   </trkpt>
   <trkpt lat="47.2566830" lon="11.3326830">
    <ele>582.0</ele>
    <time>2026-04-26T17:26:10Z</time>
   </trkpt>
   <trkpt lat="47.2566680" lon="11.3327200">
    <ele>582.0</ele>
    <time>2026-04-26T17:26:11Z</time>
   </trkpt>
   <trkpt lat="47.2566560" lon="11.3327600">
    <ele>582.0</ele>
    <time>2026-04-26T17:26:12Z</time>
   </trkpt>
   <trkpt lat="47.2566350" lon="11.3327950">
    <ele>582.0</ele>
    <time>2026-04-26T17:26:13Z</time>
   </trkpt>
   <trkpt lat="47.2566280" lon="11.3328100">
    <ele>582.0</ele>
    <time>2026-04-26T17:26:14Z</time>
   </trkpt>
   <trkpt lat="47.2566140" lon="11.3328360">
    <ele>582.0</ele>
    <time>2026-04-26T17:26:15Z</time>
   </trkpt>
   <trkpt lat="47.2566060" lon="11.3328440">
    <ele>582.0</ele>
    <time>2026-04-26T17:26:16Z</time>
   </trkpt>
   <trkpt lat="47.2565770" lon="11.3328440">
    <ele>582.0</ele>
    <time>2026-04-26T17:26:17Z</time>
   </trkpt>
   <trkpt lat="47.2565660" lon="11.3328410">
    <ele>581.9</ele>
    <time>2026-04-26T17:26:18Z</time>
   </trkpt>
   <trkpt lat="47.2565340" lon="11.3328490">
    <ele>581.9</ele>
    <time>2026-04-26T17:26:19Z</time>
   </trkpt>
   <trkpt lat="47.2564940" lon="11.3328440">
    <ele>581.9</ele>
    <time>2026-04-26T17:26:20Z</time>
   </trkpt>
   <trkpt lat="47.2564810" lon="11.3328440">
    <ele>581.9</ele>
    <time>2026-04-26T17:26:21Z</time>
   </trkpt>
   <trkpt lat="47.2564470" lon="11.3328450">
    <ele>581.9</ele>
    <time>2026-04-26T17:26:22Z</time>
   </trkpt>
   <trkpt lat="47.2564300" lon="11.3328800">
    <ele>581.8</ele>
    <time>2026-04-26T17:26:23Z</time>
   </trkpt>
   <trkpt lat="47.2564180" lon="11.3328890">
    <ele>581.8</ele>
    <time>2026-04-26T17:26:24Z</time>
   </trkpt>
   <trkpt lat="47.2563810" lon="11.3329090">
    <ele>581.8</ele>
    <time>2026-04-26T17:26:25Z</time>
   </trkpt>
   <trkpt lat="47.2563530" lon="11.3329260">
    <ele>581.7</ele>
    <time>2026-04-26T17:26:26Z</time>
   </trkpt>
   <trkpt lat="47.2563440" lon="11.3329260">
    <ele>581.7</ele>
    <time>2026-04-26T17:26:27Z</time>
   </trkpt>
   <trkpt lat="47.2563410" lon="11.3329480">
    <ele>581.7</ele>
    <time>2026-04-26T17:26:28Z</time>
   </trkpt>
   <trkpt lat="47.2563230" lon="11.3329650">
    <ele>581.7</ele>
    <time>2026-04-26T17:26:29Z</time>
   </trkpt>
   <trkpt lat="47.2562990" lon="11.3329870">
    <ele>581.7</ele>
    <time>2026-04-26T17:26:30Z</time>
   </trkpt>
   <trkpt lat="47.2562720" lon="11.3330220">
    <ele>581.7</ele>
    <time>2026-04-26T17:26:31Z</time>
   </trkpt>
   <trkpt lat="47.2562440" lon="11.3330640">
    <ele>581.6</ele>
    <time>2026-04-26T17:26:32Z</time>
   </trkpt>
   <trkpt lat="47.2562370" lon="11.3330830">
    <ele>581.6</ele>
    <time>2026-04-26T17:26:33Z</time>
   </trkpt>
   <trkpt lat="47.2562190" lon="11.3331030">
    <ele>581.6</ele>
    <time>2026-04-26T17:26:34Z</time>
   </trkpt>
   <trkpt lat="47.2562090" lon="11.3331160">
    <ele>581.6</ele>
    <time>2026-04-26T17:26:35Z</time>
   </trkpt>
   <trkpt lat="47.2562010" lon="11.3331300">
    <ele>581.6</ele>
    <time>2026-04-26T17:26:36Z</time>
   </trkpt>
   <trkpt lat="47.2561830" lon="11.3331500">
    <ele>581.6</ele>
    <time>2026-04-26T17:26:37Z</time>
   </trkpt>
   <trkpt lat="47.2561550" lon="11.3331830">
    <ele>581.6</ele>
    <time>2026-04-26T17:26:38Z</time>
   </trkpt>
   <trkpt lat="47.2561340" lon="11.3332140">
    <ele>581.6</ele>
    <time>2026-04-26T17:26:39Z</time>
   </trkpt>
   <trkpt lat="47.2561080" lon="11.3332450">
    <ele>581.6</ele>
    <time>2026-04-26T17:26:40Z</time>
   </trkpt>
   <trkpt lat="47.2561010" lon="11.3332540">
    <ele>581.6</ele>
    <time>2026-04-26T17:26:41Z</time>
   </trkpt>
   <trkpt lat="47.2560710" lon="11.3332780">
    <ele>581.6</ele>
    <time>2026-04-26T17:26:42Z</time>
   </trkpt>
   <trkpt lat="47.2560630" lon="11.3332840">
    <ele>581.6</ele>
    <time>2026-04-26T17:26:43Z</time>
   </trkpt>
   <trkpt lat="47.2560440" lon="11.3333250">
    <ele>581.6</ele>
    <time>2026-04-26T17:26:44Z</time>
   </trkpt>
   <trkpt lat="47.2560360" lon="11.3333430">
    <ele>581.6</ele>
    <time>2026-04-26T17:26:45Z</time>
   </trkpt>
   <trkpt lat="47.2560150" lon="11.3333740">
    <ele>581.6</ele>
    <time>2026-04-26T17:26:46Z</time>
   </trkpt>
   <trkpt lat="47.2559950" lon="11.3334150">
    <ele>581.6</ele>
    <time>2026-04-26T17:26:47Z</time>
   </trkpt>
   <trkpt lat="47.2559860" lon="11.3334240">
    <ele>581.6</ele>
    <time>2026-04-26T17:26:48Z</time>
   </trkpt>
   <trkpt lat="47.2559630" lon="11.3334560">
    <ele>581.6</ele>
    <time>2026-04-26T17:26:49Z</time>
   </trkpt>
   <trkpt lat="47.2559520" lon="11.3334620">
    <ele>581.6</ele>
    <time>2026-04-26T17:26:50Z</time>
   </trkpt>
   <trkpt lat="47.2559340" lon="11.3334990">
    <ele>581.6</ele>
    <time>2026-04-26T17:26:51Z</time>
   </trkpt>
   <trkpt lat="47.2559110" lon="11.3335310">
    <ele>581.6</ele>
    <time>2026-04-26T17:26:52Z</time>
   </trkpt>
   <trkpt lat="47.2558990" lon="11.3335380">
    <ele>581.6</ele>
    <time>2026-04-26T17:26:53Z</time>
   </trkpt>
   <trkpt lat="47.2558750" lon="11.3335650">
    <ele>581.6</ele>
    <time>2026-04-26T17:26:54Z</time>
   </trkpt>
   <trkpt lat="47.2558690" lon="11.3335800">
    <ele>581.6</ele>
    <time>2026-04-26T17:26:55Z</time>
   </trkpt>
   <trkpt lat="47.2558520" lon="11.3336240">
    <ele>581.6</ele>
    <time>2026-04-26T17:26:56Z</time>
   </trkpt>
   <trkpt lat="47.2558450" lon="11.3336380">
    <ele>581.6</ele>
    <time>2026-04-26T17:26:57Z</time>
   </trkpt>
   <trkpt lat="47.2558220" lon="11.3336780">
    <ele>581.6</ele>
    <time>2026-04-26T17:26:58Z</time>
   </trkpt>
   <trkpt lat="47.2558120" lon="11.3336880">
    <ele>581.6</ele>
    <time>2026-04-26T17:26:59Z</time>
   </trkpt>
   <trkpt lat="47.2557930" lon="11.3337220">
    <ele>581.6</ele>
    <time>2026-04-26T17:27:00Z</time>
   </trkpt>
   <trkpt lat="47.2557820" lon="11.3337230">
    <ele>581.6</ele>
    <time>2026-04-26T17:27:01Z</time>
   </trkpt>
   <trkpt lat="47.2557620" lon="11.3337320">
    <ele>581.6</ele>
    <time>2026-04-26T17:27:02Z</time>
   </trkpt>
   <trkpt lat="47.2557440" lon="11.3337750">
    <ele>581.6</ele>
    <time>2026-04-26T17:27:03Z</time>
   </trkpt>
   <trkpt lat="47.2557330" lon="11.3337810">
    <ele>581.6</ele>
    <time>2026-04-26T17:27:04Z</time>
   </trkpt>
   <trkpt lat="47.2557190" lon="11.3338210">
    <ele>581.6</ele>
    <time>2026-04-26T17:27:05Z</time>
   </trkpt>
   <trkpt lat="47.2556950" lon="11.3338550">
    <ele>581.6</ele>
    <time>2026-04-26T17:27:06Z</time>
   </trkpt>
   <trkpt lat="47.2556860" lon="11.3338610">
    <ele>581.6</ele>
    <time>2026-04-26T17:27:07Z</time>
   </trkpt>
   <trkpt lat="47.2556670" lon="11.3338990">
    <ele>581.6</ele>
    <time>2026-04-26T17:27:08Z</time>
   </trkpt>
   <trkpt lat="47.2556610" lon="11.3339130">
    <ele>581.6</ele>
    <time>2026-04-26T17:27:09Z</time>
   </trkpt>
   <trkpt lat="47.2556370" lon="11.3339490">
    <ele>581.6</ele>
    <time>2026-04-26T17:27:10Z</time>
   </trkpt>
   <trkpt lat="47.2556140" lon="11.3339910">
    <ele>581.6</ele>
    <time>2026-04-26T17:27:11Z</time>
   </trkpt>
   <trkpt lat="47.2556100" lon="11.3340050">
    <ele>581.6</ele>
    <time>2026-04-26T17:27:12Z</time>
   </trkpt>
   <trkpt lat="47.2555890" lon="11.3340380">
    <ele>581.6</ele>
    <time>2026-04-26T17:27:13Z</time>
   </trkpt>
   <trkpt lat="47.2555790" lon="11.3340510">
    <ele>581.6</ele>
    <time>2026-04-26T17:27:14Z</time>
   </trkpt>
   <trkpt lat="47.2555520" lon="11.3340740">
    <ele>581.6</ele>
    <time>2026-04-26T17:27:15Z</time>
   </trkpt>
   <trkpt lat="47.2555450" lon="11.3340890">
    <ele>581.6</ele>
    <time>2026-04-26T17:27:16Z</time>
   </trkpt>
   <trkpt lat="47.2555240" lon="11.3341190">
    <ele>581.6</ele>
    <time>2026-04-26T17:27:17Z</time>
   </trkpt>
   <trkpt lat="47.2554970" lon="11.3341510">
    <ele>581.6</ele>
    <time>2026-04-26T17:27:18Z</time>
   </trkpt>
   <trkpt lat="47.2554890" lon="11.3341620">
    <ele>581.6</ele>
    <time>2026-04-26T17:27:19Z</time>
   </trkpt>
   <trkpt lat="47.2554840" lon="11.3342110">
    <ele>581.6</ele>
    <time>2026-04-26T17:27:20Z</time>
   </trkpt>
   <trkpt lat="47.2554580" lon="11.3342250">
    <ele>581.6</ele>
    <time>2026-04-26T17:27:21Z</time>
   </trkpt>
   <trkpt lat="47.2554490" lon="11.3342290">
    <ele>581.6</ele>
    <time>2026-04-26T17:27:22Z</time>
   </trkpt>
   <trkpt lat="47.2554260" lon="11.3342640">
    <ele>581.6</ele>
    <time>2026-04-26T17:27:23Z</time>
   </trkpt>
   <trkpt lat="47.2554180" lon="11.3342780">
    <ele>581.6</ele>
    <time>2026-04-26T17:27:24Z</time>
   </trkpt>
   <trkpt lat="47.2553800" lon="11.3343100">
    <ele>581.6</ele>
    <time>2026-04-26T17:27:25Z</time>
   </trkpt>
   <trkpt lat="47.2553620" lon="11.3343180">
    <ele>581.6</ele>
    <time>2026-04-26T17:27:26Z</time>
   </trkpt>
   <trkpt lat="47.2553550" lon="11.3343700">
    <ele>581.6</ele>
    <time>2026-04-26T17:27:27Z</time>
   </trkpt>
   <trkpt lat="47.2553360" lon="11.3344140">
    <ele>581.6</ele>
    <time>2026-04-26T17:27:28Z</time>
   </trkpt>
   <trkpt lat="47.2553250" lon="11.3344250">
    <ele>581.6</ele>
    <time>2026-04-26T17:27:29Z</time>
   </trkpt>
   <trkpt lat="47.2553040" lon="11.3344660">
    <ele>581.6</ele>
    <time>2026-04-26T17:27:30Z</time>
   </trkpt>
   <trkpt lat="47.2552980" lon="11.3344780">
    <ele>581.6</ele>
    <time>2026-04-26T17:27:31Z</time>
   </trkpt>
   <trkpt lat="47.2552920" lon="11.3345210">
    <ele>581.6</ele>
    <time>2026-04-26T17:27:32Z</time>
   </trkpt>
   <trkpt lat="47.2552840" lon="11.3345300">
    <ele>581.6</ele>
    <time>2026-04-26T17:27:33Z</time>
   </trkpt>
   <trkpt lat="47.2552700" lon="11.3345400">
    <ele>581.6</ele>
    <time>2026-04-26T17:27:34Z</time>
   </trkpt>
   <trkpt lat="47.2552590" lon="11.3345680">
    <ele>581.6</ele>
    <time>2026-04-26T17:27:35Z</time>
   </trkpt>
   <trkpt lat="47.2552380" lon="11.3346070">
    <ele>581.6</ele>
    <time>2026-04-26T17:27:36Z</time>
   </trkpt>
   <trkpt lat="47.2552310" lon="11.3346190">
    <ele>581.6</ele>
    <time>2026-04-26T17:27:37Z</time>
   </trkpt>
   <trkpt lat="47.2552030" lon="11.3346520">
    <ele>581.6</ele>
    <time>2026-04-26T17:27:38Z</time>
   </trkpt>
   <trkpt lat="47.2551960" lon="11.3346680">
    <ele>581.6</ele>
    <time>2026-04-26T17:27:39Z</time>
   </trkpt>
   <trkpt lat="47.2551780" lon="11.3347050">
    <ele>581.6</ele>
    <time>2026-04-26T17:27:40Z</time>
   </trkpt>
   <trkpt lat="47.2551700" lon="11.3347190">
    <ele>581.6</ele>
    <time>2026-04-26T17:27:41Z</time>
   </trkpt>
   <trkpt lat="47.2551480" lon="11.3347460">
    <ele>581.6</ele>
    <time>2026-04-26T17:27:42Z</time>
   </trkpt>
   <trkpt lat="47.2551390" lon="11.3347560">
    <ele>581.6</ele>
    <time>2026-04-26T17:27:43Z</time>
   </trkpt>
   <trkpt lat="47.2551190" lon="11.3347900">
    <ele>581.6</ele>
    <time>2026-04-26T17:27:44Z</time>
   </trkpt>
   <trkpt lat="47.2551110" lon="11.3347950">
    <ele>581.6</ele>
    <time>2026-04-26T17:27:45Z</time>
   </trkpt>
   <trkpt lat="47.2550870" lon="11.3348470">
    <ele>581.6</ele>
    <time>2026-04-26T17:27:46Z</time>
   </trkpt>
   <trkpt lat="47.2550810" lon="11.3348690">
    <ele>581.6</ele>
    <time>2026-04-26T17:27:47Z</time>
   </trkpt>
   <trkpt lat="47.2550590" lon="11.3349000">
    <ele>581.6</ele>
    <time>2026-04-26T17:27:48Z</time>
   </trkpt>
   <trkpt lat="47.2550520" lon="11.3349110">
    <ele>581.6</ele>
    <time>2026-04-26T17:27:49Z</time>
   </trkpt>
   <trkpt lat="47.2550310" lon="11.3349480">
    <ele>581.6</ele>
    <time>2026-04-26T17:27:50Z</time>
   </trkpt>
   <trkpt lat="47.2550070" lon="11.3349980">
    <ele>581.6</ele>
    <time>2026-04-26T17:27:51Z</time>
   </trkpt>
   <trkpt lat="47.2549980" lon="11.3350150">
    <ele>581.6</ele>
    <time>2026-04-26T17:27:52Z</time>
   </trkpt>
   <trkpt lat="47.2549780" lon="11.3350480">
    <ele>581.5</ele>
    <time>2026-04-26T17:27:53Z</time>
   </trkpt>
   <trkpt lat="47.2549690" lon="11.3350640">
    <ele>581.5</ele>
    <time>2026-04-26T17:27:54Z</time>
   </trkpt>
   <trkpt lat="47.2549510" lon="11.3351110">
    <ele>581.5</ele>
    <time>2026-04-26T17:27:55Z</time>
   </trkpt>
   <trkpt lat="47.2549460" lon="11.3351270">
    <ele>581.5</ele>
    <time>2026-04-26T17:27:56Z</time>
   </trkpt>
   <trkpt lat="47.2549270" lon="11.3351680">
    <ele>581.5</ele>
    <time>2026-04-26T17:27:57Z</time>
   </trkpt>
   <trkpt lat="47.2549230" lon="11.3351800">
    <ele>581.5</ele>
    <time>2026-04-26T17:27:58Z</time>
   </trkpt>
   <trkpt lat="47.2549020" lon="11.3352140">
    <ele>581.5</ele>
    <time>2026-04-26T17:27:59Z</time>
   </trkpt>
   <trkpt lat="47.2548960" lon="11.3352410">
    <ele>581.5</ele>
    <time>2026-04-26T17:28:00Z</time>
   </trkpt>
   <trkpt lat="47.2548800" lon="11.3352500">
    <ele>581.5</ele>
    <time>2026-04-26T17:28:01Z</time>
   </trkpt>
   <trkpt lat="47.2548560" lon="11.3352800">
    <ele>581.5</ele>
    <time>2026-04-26T17:28:02Z</time>
   </trkpt>
   <trkpt lat="47.2548480" lon="11.3352950">
    <ele>581.5</ele>
    <time>2026-04-26T17:28:03Z</time>
   </trkpt>
   <trkpt lat="47.2548360" lon="11.3353340">
    <ele>581.5</ele>
    <time>2026-04-26T17:28:04Z</time>
   </trkpt>
   <trkpt lat="47.2548100" lon="11.3353770">
    <ele>581.4</ele>
    <time>2026-04-26T17:28:05Z</time>
   </trkpt>
   <trkpt lat="47.2548020" lon="11.3353920">
    <ele>581.4</ele>
    <time>2026-04-26T17:28:06Z</time>
   </trkpt>
   <trkpt lat="47.2547860" lon="11.3354300">
    <ele>581.4</ele>
    <time>2026-04-26T17:28:07Z</time>
   </trkpt>
   <trkpt lat="47.2547770" lon="11.3354710">
    <ele>581.4</ele>
    <time>2026-04-26T17:28:08Z</time>
   </trkpt>
   <trkpt lat="47.2547710" lon="11.3354810">
    <ele>581.4</ele>
    <time>2026-04-26T17:28:09Z</time>
   </trkpt>
   <trkpt lat="47.2547490" lon="11.3355180">
    <ele>581.4</ele>
    <time>2026-04-26T17:28:10Z</time>
   </trkpt>
   <trkpt lat="47.2547410" lon="11.3355340">
    <ele>581.4</ele>
    <time>2026-04-26T17:28:11Z</time>
   </trkpt>
   <trkpt lat="47.2547140" lon="11.3355760">
    <ele>581.4</ele>
    <time>2026-04-26T17:28:12Z</time>
   </trkpt>
   <trkpt lat="47.2547000" lon="11.3356060">
    <ele>581.4</ele>
    <time>2026-04-26T17:28:13Z</time>
   </trkpt>
   <trkpt lat="47.2546910" lon="11.3356200">
    <ele>581.4</ele>
    <time>2026-04-26T17:28:14Z</time>
   </trkpt>
   <trkpt lat="47.2546780" lon="11.3356710">
    <ele>581.3</ele>
    <time>2026-04-26T17:28:15Z</time>
   </trkpt>
   <trkpt lat="47.2546620" lon="11.3357070">
    <ele>581.3</ele>
    <time>2026-04-26T17:28:16Z</time>
   </trkpt>
   <trkpt lat="47.2546460" lon="11.3357210">
    <ele>581.3</ele>
    <time>2026-04-26T17:28:17Z</time>
   </trkpt>
   <trkpt lat="47.2546370" lon="11.3357370">
    <ele>581.3</ele>
    <time>2026-04-26T17:28:18Z</time>
   </trkpt>
   <trkpt lat="47.2546170" lon="11.3357820">
    <ele>581.3</ele>
    <time>2026-04-26T17:28:19Z</time>
   </trkpt>
   <trkpt lat="47.2546110" lon="11.3357950">
    <ele>581.3</ele>
    <time>2026-04-26T17:28:20Z</time>
   </trkpt>
   <trkpt lat="47.2545960" lon="11.3358330">
    <ele>581.3</ele>
    <time>2026-04-26T17:28:21Z</time>
   </trkpt>
   <trkpt lat="47.2545750" lon="11.3358640">
    <ele>581.3</ele>
    <time>2026-04-26T17:28:22Z</time>
   </trkpt>
   <trkpt lat="47.2545670" lon="11.3358720">
    <ele>581.2</ele>
    <time>2026-04-26T17:28:23Z</time>
   </trkpt>
   <trkpt lat="47.2545490" lon="11.3359110">
    <ele>581.2</ele>
    <time>2026-04-26T17:28:24Z</time>
   </trkpt>
   <trkpt lat="47.2545450" lon="11.3359200">
    <ele>581.2</ele>
    <time>2026-04-26T17:28:25Z</time>
   </trkpt>
   <trkpt lat="47.2545260" lon="11.3359570">
    <ele>581.2</ele>
    <time>2026-04-26T17:28:26Z</time>
   </trkpt>
   <trkpt lat="47.2545200" lon="11.3359720">
    <ele>581.2</ele>
    <time>2026-04-26T17:28:27Z</time>
   </trkpt>
   <trkpt lat="47.2544920" lon="11.3359820">
    <ele>581.2</ele>
    <time>2026-04-26T17:28:28Z</time>
   </trkpt>
   <trkpt lat="47.2544820" lon="11.3359880">
    <ele>581.2</ele>
    <time>2026-04-26T17:28:29Z</time>
   </trkpt>
   <trkpt lat="47.2544760" lon="11.3360280">
    <ele>581.2</ele>
    <time>2026-04-26T17:28:30Z</time>
   </trkpt>
   <trkpt lat="47.2544720" lon="11.3360410">
    <ele>581.2</ele>
    <time>2026-04-26T17:28:31Z</time>
   </trkpt>
   <trkpt lat="47.2544610" lon="11.3360790">
    <ele>581.2</ele>
    <time>2026-04-26T17:28:32Z</time>
   </trkpt>
   <trkpt lat="47.2544580" lon="11.3361280">
    <ele>581.2</ele>
    <time>2026-04-26T17:28:33Z</time>
   </trkpt>
   <trkpt lat="47.2544530" lon="11.3361420">
    <ele>581.2</ele>
    <time>2026-04-26T17:28:34Z</time>
   </trkpt>
   <trkpt lat="47.2544220" lon="11.3361610">
    <ele>581.2</ele>
    <time>2026-04-26T17:28:35Z</time>
   </trkpt>
   <trkpt lat="47.2544120" lon="11.3361930">
    <ele>581.1</ele>
    <time>2026-04-26T17:28:36Z</time>
   </trkpt>
   <trkpt lat="47.2544040" lon="11.3362070">
    <ele>581.1</ele>
    <time>2026-04-26T17:28:37Z</time>
   </trkpt>
   <trkpt lat="47.2543970" lon="11.3362220">
    <ele>581.1</ele>
    <time>2026-04-26T17:28:38Z</time>
   </trkpt>
   <trkpt lat="47.2543780" lon="11.3362620">
    <ele>581.1</ele>
    <time>2026-04-26T17:28:39Z</time>
   </trkpt>
   <trkpt lat="47.2543740" lon="11.3362800">
    <ele>581.1</ele>
    <time>2026-04-26T17:28:40Z</time>
   </trkpt>
   <trkpt lat="47.2543530" lon="11.3363100">
    <ele>581.1</ele>
    <time>2026-04-26T17:28:41Z</time>
   </trkpt>
   <trkpt lat="47.2543490" lon="11.3363170">
    <ele>581.1</ele>
    <time>2026-04-26T17:28:42Z</time>
   </trkpt>
   <trkpt lat="47.2543460" lon="11.3363240">
    <ele>581.1</ele>
    <time>2026-04-26T17:28:43Z</time>
   </trkpt>
   <trkpt lat="47.2543270" lon="11.3363680">
    <ele>581.1</ele>
    <time>2026-04-26T17:28:44Z</time>
   </trkpt>
   <trkpt lat="47.2543020" lon="11.3364050">
    <ele>581.1</ele>
    <time>2026-04-26T17:28:45Z</time>
   </trkpt>
   <trkpt lat="47.2542870" lon="11.3364400">
    <ele>581.1</ele>
    <time>2026-04-26T17:28:46Z</time>
   </trkpt>
   <trkpt lat="47.2542630" lon="11.3364810">
    <ele>581.1</ele>
    <time>2026-04-26T17:28:47Z</time>
   </trkpt>
   <trkpt lat="47.2542320" lon="11.3365100">
    <ele>581.1</ele>
    <time>2026-04-26T17:28:48Z</time>
   </trkpt>
   <trkpt lat="47.2542320" lon="11.3365570">
    <ele>581.1</ele>
    <time>2026-04-26T17:28:49Z</time>
   </trkpt>
   <trkpt lat="47.2542280" lon="11.3365700">
    <ele>581.1</ele>
    <time>2026-04-26T17:28:50Z</time>
   </trkpt>
   <trkpt lat="47.2542110" lon="11.3366090">
    <ele>581.1</ele>
    <time>2026-04-26T17:28:51Z</time>
   </trkpt>
   <trkpt lat="47.2541980" lon="11.3366480">
    <ele>581.1</ele>
    <time>2026-04-26T17:28:52Z</time>
   </trkpt>
   <trkpt lat="47.2541960" lon="11.3366610">
    <ele>581.1</ele>
    <time>2026-04-26T17:28:53Z</time>
   </trkpt>
   <trkpt lat="47.2541780" lon="11.3367000">
    <ele>581.1</ele>
    <time>2026-04-26T17:28:54Z</time>
   </trkpt>
   <trkpt lat="47.2541720" lon="11.3367130">
    <ele>581.1</ele>
    <time>2026-04-26T17:28:55Z</time>
   </trkpt>
   <trkpt lat="47.2541560" lon="11.3367470">
    <ele>581.1</ele>
    <time>2026-04-26T17:28:56Z</time>
   </trkpt>
   <trkpt lat="47.2541480" lon="11.3367900">
    <ele>581.1</ele>
    <time>2026-04-26T17:28:57Z</time>
   </trkpt>
   <trkpt lat="47.2541490" lon="11.3368080">
    <ele>581.1</ele>
    <time>2026-04-26T17:28:58Z</time>
   </trkpt>
   <trkpt lat="47.2541250" lon="11.3368410">
    <ele>581.1</ele>
    <time>2026-04-26T17:28:59Z</time>
   </trkpt>
   <trkpt lat="47.2541090" lon="11.3368800">
    <ele>581.1</ele>
    <time>2026-04-26T17:29:00Z</time>
   </trkpt>
   <trkpt lat="47.2541020" lon="11.3368890">
    <ele>581.1</ele>
    <time>2026-04-26T17:29:01Z</time>
   </trkpt>
   <trkpt lat="47.2540860" lon="11.3369430">
    <ele>581.1</ele>
    <time>2026-04-26T17:29:02Z</time>
   </trkpt>
   <trkpt lat="47.2540790" lon="11.3369650">
    <ele>581.1</ele>
    <time>2026-04-26T17:29:03Z</time>
   </trkpt>
   <trkpt lat="47.2540710" lon="11.3370090">
    <ele>581.1</ele>
    <time>2026-04-26T17:29:04Z</time>
   </trkpt>
   <trkpt lat="47.2540480" lon="11.3370520">
    <ele>581.0</ele>
    <time>2026-04-26T17:29:05Z</time>
   </trkpt>
   <trkpt lat="47.2540400" lon="11.3370650">
    <ele>581.0</ele>
    <time>2026-04-26T17:29:06Z</time>
   </trkpt>
   <trkpt lat="47.2540280" lon="11.3370720">
    <ele>581.0</ele>
    <time>2026-04-26T17:29:07Z</time>
   </trkpt>
   <trkpt lat="47.2540120" lon="11.3370950">
    <ele>581.0</ele>
    <time>2026-04-26T17:29:08Z</time>
   </trkpt>
   <trkpt lat="47.2539980" lon="11.3371460">
    <ele>581.0</ele>
    <time>2026-04-26T17:29:09Z</time>
   </trkpt>
   <trkpt lat="47.2539810" lon="11.3371940">
    <ele>581.0</ele>
    <time>2026-04-26T17:29:10Z</time>
   </trkpt>
   <trkpt lat="47.2539740" lon="11.3372060">
    <ele>581.0</ele>
    <time>2026-04-26T17:29:11Z</time>
   </trkpt>
   <trkpt lat="47.2539620" lon="11.3372550">
    <ele>581.0</ele>
    <time>2026-04-26T17:29:12Z</time>
   </trkpt>
   <trkpt lat="47.2539570" lon="11.3372670">
    <ele>581.0</ele>
    <time>2026-04-26T17:29:13Z</time>
   </trkpt>
   <trkpt lat="47.2539370" lon="11.3373080">
    <ele>581.0</ele>
    <time>2026-04-26T17:29:14Z</time>
   </trkpt>
   <trkpt lat="47.2539330" lon="11.3373270">
    <ele>581.0</ele>
    <time>2026-04-26T17:29:15Z</time>
   </trkpt>
   <trkpt lat="47.2539170" lon="11.3373660">
    <ele>581.0</ele>
    <time>2026-04-26T17:29:16Z</time>
   </trkpt>
   <trkpt lat="47.2539090" lon="11.3373780">
    <ele>581.0</ele>
    <time>2026-04-26T17:29:17Z</time>
   </trkpt>
   <trkpt lat="47.2538920" lon="11.3374120">
    <ele>581.0</ele>
    <time>2026-04-26T17:29:18Z</time>
   </trkpt>
   <trkpt lat="47.2538880" lon="11.3374300">
    <ele>581.0</ele>
    <time>2026-04-26T17:29:19Z</time>
   </trkpt>
   <trkpt lat="47.2538780" lon="11.3374590">
    <ele>581.0</ele>
    <time>2026-04-26T17:29:20Z</time>
   </trkpt>
   <trkpt lat="47.2538740" lon="11.3374760">
    <ele>581.0</ele>
    <time>2026-04-26T17:29:21Z</time>
   </trkpt>
   <trkpt lat="47.2538690" lon="11.3374930">
    <ele>581.0</ele>
    <time>2026-04-26T17:29:22Z</time>
   </trkpt>
   <trkpt lat="47.2538580" lon="11.3375580">
    <ele>581.0</ele>
    <time>2026-04-26T17:29:23Z</time>
   </trkpt>
   <trkpt lat="47.2538500" lon="11.3375860">
    <ele>581.0</ele>
    <time>2026-04-26T17:29:24Z</time>
   </trkpt>
   <trkpt lat="47.2538370" lon="11.3376320">
    <ele>580.9</ele>
    <time>2026-04-26T17:29:25Z</time>
   </trkpt>
   <trkpt lat="47.2538220" lon="11.3376740">
    <ele>580.9</ele>
    <time>2026-04-26T17:29:26Z</time>
   </trkpt>
   <trkpt lat="47.2538170" lon="11.3376860">
    <ele>580.9</ele>
    <time>2026-04-26T17:29:27Z</time>
   </trkpt>
   <trkpt lat="47.2538000" lon="11.3377210">
    <ele>580.9</ele>
    <time>2026-04-26T17:29:28Z</time>
   </trkpt>
   <trkpt lat="47.2537900" lon="11.3377610">
    <ele>580.9</ele>
    <time>2026-04-26T17:29:29Z</time>
   </trkpt>
   <trkpt lat="47.2537850" lon="11.3377740">
    <ele>580.9</ele>
    <time>2026-04-26T17:29:30Z</time>
   </trkpt>
   <trkpt lat="47.2537640" lon="11.3378080">
    <ele>580.9</ele>
    <time>2026-04-26T17:29:31Z</time>
   </trkpt>
   <trkpt lat="47.2537570" lon="11.3378160">
    <ele>580.9</ele>
    <time>2026-04-26T17:29:32Z</time>
   </trkpt>
   <trkpt lat="47.2537430" lon="11.3378670">
    <ele>580.9</ele>
    <time>2026-04-26T17:29:33Z</time>
   </trkpt>
   <trkpt lat="47.2537360" lon="11.3378850">
    <ele>580.9</ele>
    <time>2026-04-26T17:29:34Z</time>
   </trkpt>
   <trkpt lat="47.2537160" lon="11.3379310">
    <ele>580.9</ele>
    <time>2026-04-26T17:29:35Z</time>
   </trkpt>
   <trkpt lat="47.2537090" lon="11.3379460">
    <ele>580.9</ele>
    <time>2026-04-26T17:29:36Z</time>
   </trkpt>
   <trkpt lat="47.2536970" lon="11.3379840">
    <ele>580.9</ele>
    <time>2026-04-26T17:29:37Z</time>
   </trkpt>
   <trkpt lat="47.2536930" lon="11.3379960">
    <ele>580.9</ele>
    <time>2026-04-26T17:29:38Z</time>
   </trkpt>
   <trkpt lat="47.2536800" lon="11.3380490">
    <ele>580.9</ele>
    <time>2026-04-26T17:29:39Z</time>
   </trkpt>
   <trkpt lat="47.2536750" lon="11.3380690">
    <ele>580.9</ele>
    <time>2026-04-26T17:29:40Z</time>
   </trkpt>
   <trkpt lat="47.2536710" lon="11.3381000">
    <ele>580.9</ele>
    <time>2026-04-26T17:29:41Z</time>
   </trkpt>
   <trkpt lat="47.2536750" lon="11.3381160">
    <ele>580.9</ele>
    <time>2026-04-26T17:29:42Z</time>
   </trkpt>
   <trkpt lat="47.2536590" lon="11.3381470">
    <ele>580.9</ele>
    <time>2026-04-26T17:29:43Z</time>
   </trkpt>
   <trkpt lat="47.2536440" lon="11.3381890">
    <ele>580.9</ele>
    <time>2026-04-26T17:29:44Z</time>
   </trkpt>
   <trkpt lat="47.2536400" lon="11.3382420">
    <ele>580.9</ele>
    <time>2026-04-26T17:29:45Z</time>
   </trkpt>
   <trkpt lat="47.2536340" lon="11.3382580">
    <ele>580.9</ele>
    <time>2026-04-26T17:29:46Z</time>
   </trkpt>
   <trkpt lat="47.2536240" lon="11.3383020">
    <ele>580.9</ele>
    <time>2026-04-26T17:29:47Z</time>
   </trkpt>
   <trkpt lat="47.2536020" lon="11.3383410">
    <ele>580.9</ele>
    <time>2026-04-26T17:29:48Z</time>
   </trkpt>
   <trkpt lat="47.2535930" lon="11.3383510">
    <ele>580.9</ele>
    <time>2026-04-26T17:29:49Z</time>
   </trkpt>
   <trkpt lat="47.2535840" lon="11.3383920">
    <ele>580.9</ele>
    <time>2026-04-26T17:29:50Z</time>
   </trkpt>
   <trkpt lat="47.2535680" lon="11.3384410">
    <ele>580.9</ele>
    <time>2026-04-26T17:29:51Z</time>
   </trkpt>
   <trkpt lat="47.2535590" lon="11.3384910">
    <ele>580.9</ele>
    <time>2026-04-26T17:29:52Z</time>
   </trkpt>
   <trkpt lat="47.2535530" lon="11.3385010">
    <ele>580.9</ele>
    <time>2026-04-26T17:29:53Z</time>
   </trkpt>
   <trkpt lat="47.2535420" lon="11.3385340">
    <ele>580.9</ele>
    <time>2026-04-26T17:29:54Z</time>
   </trkpt>
   <trkpt lat="47.2535410" lon="11.3385510">
    <ele>580.9</ele>
    <time>2026-04-26T17:29:55Z</time>
   </trkpt>
   <trkpt lat="47.2535290" lon="11.3386000">
    <ele>580.9</ele>
    <time>2026-04-26T17:29:56Z</time>
   </trkpt>
   <trkpt lat="47.2535220" lon="11.3386120">
    <ele>580.9</ele>
    <time>2026-04-26T17:29:57Z</time>
   </trkpt>
   <trkpt lat="47.2535080" lon="11.3386600">
    <ele>580.9</ele>
    <time>2026-04-26T17:29:58Z</time>
   </trkpt>
   <trkpt lat="47.2535050" lon="11.3386740">
    <ele>580.9</ele>
    <time>2026-04-26T17:29:59Z</time>
   </trkpt>
   <trkpt lat="47.2534890" lon="11.3387000">
    <ele>580.9</ele>
    <time>2026-04-26T17:30:00Z</time>
   </trkpt>
   <trkpt lat="47.2534840" lon="11.3387180">
    <ele>580.9</ele>
    <time>2026-04-26T17:30:01Z</time>
   </trkpt>
   <trkpt lat="47.2534640" lon="11.3387660">
    <ele>580.9</ele>
    <time>2026-04-26T17:30:02Z</time>
   </trkpt>
   <trkpt lat="47.2534610" lon="11.3387850">
    <ele>580.9</ele>
    <time>2026-04-26T17:30:03Z</time>
   </trkpt>
   <trkpt lat="47.2534580" lon="11.3388290">
    <ele>580.9</ele>
    <time>2026-04-26T17:30:04Z</time>
   </trkpt>
   <trkpt lat="47.2534520" lon="11.3388710">
    <ele>580.9</ele>
    <time>2026-04-26T17:30:05Z</time>
   </trkpt>
   <trkpt lat="47.2534500" lon="11.3388840">
    <ele>580.9</ele>
    <time>2026-04-26T17:30:06Z</time>
   </trkpt>
   <trkpt lat="47.2534410" lon="11.3389280">
    <ele>580.9</ele>
    <time>2026-04-26T17:30:07Z</time>
   </trkpt>
   <trkpt lat="47.2534290" lon="11.3389760">
    <ele>580.8</ele>
    <time>2026-04-26T17:30:08Z</time>
   </trkpt>
   <trkpt lat="47.2534250" lon="11.3390050">
    <ele>580.8</ele>
    <time>2026-04-26T17:30:09Z</time>
   </trkpt>
   <trkpt lat="47.2534070" lon="11.3390410">
    <ele>580.8</ele>
    <time>2026-04-26T17:30:10Z</time>
   </trkpt>
   <trkpt lat="47.2533930" lon="11.3390780">
    <ele>580.8</ele>
    <time>2026-04-26T17:30:11Z</time>
   </trkpt>
   <trkpt lat="47.2533830" lon="11.3391080">
    <ele>580.8</ele>
    <time>2026-04-26T17:30:12Z</time>
   </trkpt>
   <trkpt lat="47.2533870" lon="11.3391290">
    <ele>580.8</ele>
    <time>2026-04-26T17:30:13Z</time>
   </trkpt>
   <trkpt lat="47.2533760" lon="11.3391890">
    <ele>580.8</ele>
    <time>2026-04-26T17:30:14Z</time>
   </trkpt>
   <trkpt lat="47.2533740" lon="11.3392190">
    <ele>580.8</ele>
    <time>2026-04-26T17:30:15Z</time>
   </trkpt>
   <trkpt lat="47.2533670" lon="11.3392640">
    <ele>580.8</ele>
    <time>2026-04-26T17:30:16Z</time>
   </trkpt>
   <trkpt lat="47.2533610" lon="11.3392740">
    <ele>580.8</ele>
    <time>2026-04-26T17:30:17Z</time>
   </trkpt>
   <trkpt lat="47.2533470" lon="11.3393140">
    <ele>580.8</ele>
    <time>2026-04-26T17:30:18Z</time>
   </trkpt>
   <trkpt lat="47.2533460" lon="11.3393330">
    <ele>580.8</ele>
    <time>2026-04-26T17:30:19Z</time>
   </trkpt>
   <trkpt lat="47.2533390" lon="11.3393730">
    <ele>580.8</ele>
    <time>2026-04-26T17:30:20Z</time>
   </trkpt>
   <trkpt lat="47.2533330" lon="11.3393900">
    <ele>580.8</ele>
    <time>2026-04-26T17:30:21Z</time>
   </trkpt>
   <trkpt lat="47.2533200" lon="11.3394450">
    <ele>580.8</ele>
    <time>2026-04-26T17:30:22Z</time>
   </trkpt>
   <trkpt lat="47.2533160" lon="11.3394690">
    <ele>580.8</ele>
    <time>2026-04-26T17:30:23Z</time>
   </trkpt>
   <trkpt lat="47.2533100" lon="11.3394840">
    <ele>580.8</ele>
    <time>2026-04-26T17:30:24Z</time>
   </trkpt>
   <trkpt lat="47.2533040" lon="11.3395100">
    <ele>580.8</ele>
    <time>2026-04-26T17:30:25Z</time>
   </trkpt>
   <trkpt lat="47.2532920" lon="11.3395570">
    <ele>580.8</ele>
    <time>2026-04-26T17:30:26Z</time>
   </trkpt>
   <trkpt lat="47.2532900" lon="11.3395750">
    <ele>580.8</ele>
    <time>2026-04-26T17:30:27Z</time>
   </trkpt>
   <trkpt lat="47.2532790" lon="11.3396190">
    <ele>580.8</ele>
    <time>2026-04-26T17:30:28Z</time>
   </trkpt>
   <trkpt lat="47.2532740" lon="11.3396370">
    <ele>580.8</ele>
    <time>2026-04-26T17:30:29Z</time>
   </trkpt>
   <trkpt lat="47.2532600" lon="11.3396850">
    <ele>580.8</ele>
    <time>2026-04-26T17:30:30Z</time>
   </trkpt>
   <trkpt lat="47.2532550" lon="11.3397010">
    <ele>580.8</ele>
    <time>2026-04-26T17:30:31Z</time>
   </trkpt>
   <trkpt lat="47.2532440" lon="11.3397510">
    <ele>580.8</ele>
    <time>2026-04-26T17:30:32Z</time>
   </trkpt>
   <trkpt lat="47.2532390" lon="11.3397640">
    <ele>580.8</ele>
    <time>2026-04-26T17:30:33Z</time>
   </trkpt>
   <trkpt lat="47.2532310" lon="11.3398080">
    <ele>580.8</ele>
    <time>2026-04-26T17:30:34Z</time>
   </trkpt>
   <trkpt lat="47.2532300" lon="11.3398230">
    <ele>580.8</ele>
    <time>2026-04-26T17:30:35Z</time>
   </trkpt>
   <trkpt lat="47.2532250" lon="11.3398770">
    <ele>580.8</ele>
    <time>2026-04-26T17:30:36Z</time>
   </trkpt>
   <trkpt lat="47.2532220" lon="11.3398920">
    <ele>580.8</ele>
    <time>2026-04-26T17:30:37Z</time>
   </trkpt>
   <trkpt lat="47.2532080" lon="11.3399150">
    <ele>580.8</ele>
    <time>2026-04-26T17:30:38Z</time>
   </trkpt>
   <trkpt lat="47.2532080" lon="11.3399500">
    <ele>580.8</ele>
    <time>2026-04-26T17:30:40Z</time>
   </trkpt>
   <trkpt lat="47.2531930" lon="11.3400270">
    <ele>580.8</ele>
    <time>2026-04-26T17:30:41Z</time>
   </trkpt>
   <trkpt lat="47.2531850" lon="11.3400550">
    <ele>580.8</ele>
    <time>2026-04-26T17:30:42Z</time>
   </trkpt>
   <trkpt lat="47.2531760" lon="11.3401190">
    <ele>580.7</ele>
    <time>2026-04-26T17:30:44Z</time>
   </trkpt>
   <trkpt lat="47.2531700" lon="11.3401510">
    <ele>580.7</ele>
    <time>2026-04-26T17:30:46Z</time>
   </trkpt>
   <trkpt lat="47.2531650" lon="11.3402210">
    <ele>580.7</ele>
    <time>2026-04-26T17:30:47Z</time>
   </trkpt>
   <trkpt lat="47.2531490" lon="11.3402530">
    <ele>580.7</ele>
    <time>2026-04-26T17:30:48Z</time>
   </trkpt>
   <trkpt lat="47.2531490" lon="11.3402720">
    <ele>580.7</ele>
    <time>2026-04-26T17:30:49Z</time>
   </trkpt>
   <trkpt lat="47.2531510" lon="11.3403180">
    <ele>580.7</ele>
    <time>2026-04-26T17:30:50Z</time>
   </trkpt>
   <trkpt lat="47.2531510" lon="11.3403310">
    <ele>580.7</ele>
    <time>2026-04-26T17:30:51Z</time>
   </trkpt>
   <trkpt lat="47.2531420" lon="11.3403780">
    <ele>580.7</ele>
    <time>2026-04-26T17:30:52Z</time>
   </trkpt>
   <trkpt lat="47.2531370" lon="11.3404290">
    <ele>580.7</ele>
    <time>2026-04-26T17:30:53Z</time>
   </trkpt>
   <trkpt lat="47.2531360" lon="11.3404670">
    <ele>580.7</ele>
    <time>2026-04-26T17:30:54Z</time>
   </trkpt>
   <trkpt lat="47.2531240" lon="11.3405180">
    <ele>580.7</ele>
    <time>2026-04-26T17:30:55Z</time>
   </trkpt>
   <trkpt lat="47.2531230" lon="11.3405380">
    <ele>580.7</ele>
    <time>2026-04-26T17:30:56Z</time>
   </trkpt>
   <trkpt lat="47.2531200" lon="11.3405830">
    <ele>580.7</ele>
    <time>2026-04-26T17:30:57Z</time>
   </trkpt>
   <trkpt lat="47.2531210" lon="11.3405990">
    <ele>580.7</ele>
    <time>2026-04-26T17:30:58Z</time>
   </trkpt>
   <trkpt lat="47.2531080" lon="11.3406370">
    <ele>580.7</ele>
    <time>2026-04-26T17:30:59Z</time>
   </trkpt>
   <trkpt lat="47.2531050" lon="11.3406510">
    <ele>580.7</ele>
    <time>2026-04-26T17:31:00Z</time>
   </trkpt>
   <trkpt lat="47.2531010" lon="11.3406940">
    <ele>580.7</ele>
    <time>2026-04-26T17:31:01Z</time>
   </trkpt>
   <trkpt lat="47.2530970" lon="11.3407380">
    <ele>580.7</ele>
    <time>2026-04-26T17:31:02Z</time>
   </trkpt>
   <trkpt lat="47.2530950" lon="11.3407470">
    <ele>580.7</ele>
    <time>2026-04-26T17:31:03Z</time>
   </trkpt>
   <trkpt lat="47.2530950" lon="11.3407970">
    <ele>580.7</ele>
    <time>2026-04-26T17:31:04Z</time>
   </trkpt>
   <trkpt lat="47.2530940" lon="11.3408100">
    <ele>580.7</ele>
    <time>2026-04-26T17:31:05Z</time>
   </trkpt>
   <trkpt lat="47.2530840" lon="11.3408540">
    <ele>580.7</ele>
    <time>2026-04-26T17:31:06Z</time>
   </trkpt>
   <trkpt lat="47.2530770" lon="11.3408650">
    <ele>580.7</ele>
    <time>2026-04-26T17:31:07Z</time>
   </trkpt>
   <trkpt lat="47.2530780" lon="11.3409150">
    <ele>580.6</ele>
    <time>2026-04-26T17:31:08Z</time>
   </trkpt>
   <trkpt lat="47.2530630" lon="11.3409650">
    <ele>580.6</ele>
    <time>2026-04-26T17:31:09Z</time>
   </trkpt>
   <trkpt lat="47.2530570" lon="11.3409800">
    <ele>580.6</ele>
    <time>2026-04-26T17:31:10Z</time>
   </trkpt>
   <trkpt lat="47.2530540" lon="11.3410310">
    <ele>580.6</ele>
    <time>2026-04-26T17:31:11Z</time>
   </trkpt>
   <trkpt lat="47.2530550" lon="11.3410480">
    <ele>580.6</ele>
    <time>2026-04-26T17:31:12Z</time>
   </trkpt>
   <trkpt lat="47.2530510" lon="11.3410730">
    <ele>580.6</ele>
    <time>2026-04-26T17:31:13Z</time>
   </trkpt>
   <trkpt lat="47.2530440" lon="11.3410980">
    <ele>580.6</ele>
    <time>2026-04-26T17:31:14Z</time>
   </trkpt>
   <trkpt lat="47.2530370" lon="11.3411390">
    <ele>580.6</ele>
    <time>2026-04-26T17:31:15Z</time>
   </trkpt>
   <trkpt lat="47.2530360" lon="11.3411820">
    <ele>580.6</ele>
    <time>2026-04-26T17:31:16Z</time>
   </trkpt>
   <trkpt lat="47.2530360" lon="11.3412030">
    <ele>580.6</ele>
    <time>2026-04-26T17:31:17Z</time>
   </trkpt>
   <trkpt lat="47.2530420" lon="11.3412330">
    <ele>580.6</ele>
    <time>2026-04-26T17:31:18Z</time>
   </trkpt>
   <trkpt lat="47.2530400" lon="11.3412530">
    <ele>580.6</ele>
    <time>2026-04-26T17:31:19Z</time>
   </trkpt>
   <trkpt lat="47.2530350" lon="11.3412990">
    <ele>580.6</ele>
    <time>2026-04-26T17:31:20Z</time>
   </trkpt>
   <trkpt lat="47.2530320" lon="11.3413160">
    <ele>580.6</ele>
    <time>2026-04-26T17:31:21Z</time>
   </trkpt>
   <trkpt lat="47.2530320" lon="11.3413760">
    <ele>580.6</ele>
    <time>2026-04-26T17:31:22Z</time>
   </trkpt>
   <trkpt lat="47.2530320" lon="11.3413970">
    <ele>580.6</ele>
    <time>2026-04-26T17:31:23Z</time>
   </trkpt>
   <trkpt lat="47.2530300" lon="11.3414490">
    <ele>580.5</ele>
    <time>2026-04-26T17:31:24Z</time>
   </trkpt>
   <trkpt lat="47.2530280" lon="11.3414690">
    <ele>580.5</ele>
    <time>2026-04-26T17:31:25Z</time>
   </trkpt>
   <trkpt lat="47.2530280" lon="11.3415210">
    <ele>580.5</ele>
    <time>2026-04-26T17:31:26Z</time>
   </trkpt>
   <trkpt lat="47.2530250" lon="11.3415400">
    <ele>580.5</ele>
    <time>2026-04-26T17:31:27Z</time>
   </trkpt>
   <trkpt lat="47.2530160" lon="11.3415810">
    <ele>580.5</ele>
    <time>2026-04-26T17:31:28Z</time>
   </trkpt>
   <trkpt lat="47.2530150" lon="11.3415970">
    <ele>580.5</ele>
    <time>2026-04-26T17:31:29Z</time>
   </trkpt>
   <trkpt lat="47.2530080" lon="11.3416470">
    <ele>580.5</ele>
    <time>2026-04-26T17:31:30Z</time>
   </trkpt>
   <trkpt lat="47.2530060" lon="11.3416680">
    <ele>580.5</ele>
    <time>2026-04-26T17:31:31Z</time>
   </trkpt>
   <trkpt lat="47.2530080" lon="11.3417100">
    <ele>580.5</ele>
    <time>2026-04-26T17:31:32Z</time>
   </trkpt>
   <trkpt lat="47.2530090" lon="11.3417640">
    <ele>580.5</ele>
    <time>2026-04-26T17:31:33Z</time>
   </trkpt>
   <trkpt lat="47.2530080" lon="11.3417840">
    <ele>580.5</ele>
    <time>2026-04-26T17:31:34Z</time>
   </trkpt>
   <trkpt lat="47.2530050" lon="11.3418310">
    <ele>580.5</ele>
    <time>2026-04-26T17:31:35Z</time>
   </trkpt>
   <trkpt lat="47.2530100" lon="11.3418840">
    <ele>580.5</ele>
    <time>2026-04-26T17:31:36Z</time>
   </trkpt>
   <trkpt lat="47.2530160" lon="11.3419070">
    <ele>580.5</ele>
    <time>2026-04-26T17:31:37Z</time>
   </trkpt>
   <trkpt lat="47.2530070" lon="11.3419560">
    <ele>580.5</ele>
    <time>2026-04-26T17:31:38Z</time>
   </trkpt>
   <trkpt lat="47.2530040" lon="11.3419790">
    <ele>580.5</ele>
    <time>2026-04-26T17:31:39Z</time>
   </trkpt>
   <trkpt lat="47.2530050" lon="11.3420330">
    <ele>580.5</ele>
    <time>2026-04-26T17:31:40Z</time>
   </trkpt>
   <trkpt lat="47.2530060" lon="11.3420500">
    <ele>580.5</ele>
    <time>2026-04-26T17:31:41Z</time>
   </trkpt>
   <trkpt lat="47.2530060" lon="11.3420960">
    <ele>580.5</ele>
    <time>2026-04-26T17:31:42Z</time>
   </trkpt>
   <trkpt lat="47.2530060" lon="11.3421110">
    <ele>580.5</ele>
    <time>2026-04-26T17:31:43Z</time>
   </trkpt>
   <trkpt lat="47.2530080" lon="11.3421510">
    <ele>580.5</ele>
    <time>2026-04-26T17:31:44Z</time>
   </trkpt>
   <trkpt lat="47.2530060" lon="11.3422020">
    <ele>580.5</ele>
    <time>2026-04-26T17:31:45Z</time>
   </trkpt>
   <trkpt lat="47.2530050" lon="11.3422210">
    <ele>580.5</ele>
    <time>2026-04-26T17:31:46Z</time>
   </trkpt>
   <trkpt lat="47.2530060" lon="11.3422680">
    <ele>580.5</ele>
    <time>2026-04-26T17:31:47Z</time>
   </trkpt>
   <trkpt lat="47.2530120" lon="11.3422830">
    <ele>580.5</ele>
    <time>2026-04-26T17:31:48Z</time>
   </trkpt>
   <trkpt lat="47.2530150" lon="11.3423300">
    <ele>580.5</ele>
    <time>2026-04-26T17:31:49Z</time>
   </trkpt>
   <trkpt lat="47.2530170" lon="11.3423480">
    <ele>580.5</ele>
    <time>2026-04-26T17:31:50Z</time>
   </trkpt>
   <trkpt lat="47.2530190" lon="11.3424010">
    <ele>580.5</ele>
    <time>2026-04-26T17:31:51Z</time>
   </trkpt>
   <trkpt lat="47.2530180" lon="11.3424200">
    <ele>580.5</ele>
    <time>2026-04-26T17:31:52Z</time>
   </trkpt>
   <trkpt lat="47.2530100" lon="11.3424640">
    <ele>580.5</ele>
    <time>2026-04-26T17:31:53Z</time>
   </trkpt>
   <trkpt lat="47.2530120" lon="11.3425110">
    <ele>580.5</ele>
    <time>2026-04-26T17:31:54Z</time>
   </trkpt>
   <trkpt lat="47.2530130" lon="11.3425210">
    <ele>580.5</ele>
    <time>2026-04-26T17:31:55Z</time>
   </trkpt>
   <trkpt lat="47.2530170" lon="11.3425610">
    <ele>580.5</ele>
    <time>2026-04-26T17:31:56Z</time>
   </trkpt>
   <trkpt lat="47.2530130" lon="11.3426110">
    <ele>580.5</ele>
    <time>2026-04-26T17:31:57Z</time>
   </trkpt>
   <trkpt lat="47.2530110" lon="11.3426280">
    <ele>580.5</ele>
    <time>2026-04-26T17:31:58Z</time>
   </trkpt>
   <trkpt lat="47.2530070" lon="11.3426770">
    <ele>580.5</ele>
    <time>2026-04-26T17:31:59Z</time>
   </trkpt>
   <trkpt lat="47.2530080" lon="11.3426970">
    <ele>580.5</ele>
    <time>2026-04-26T17:32:00Z</time>
   </trkpt>
   <trkpt lat="47.2530050" lon="11.3427520">
    <ele>580.5</ele>
    <time>2026-04-26T17:32:01Z</time>
   </trkpt>
   <trkpt lat="47.2530060" lon="11.3427700">
    <ele>580.5</ele>
    <time>2026-04-26T17:32:02Z</time>
   </trkpt>
   <trkpt lat="47.2530060" lon="11.3428200">
    <ele>580.5</ele>
    <time>2026-04-26T17:32:03Z</time>
   </trkpt>
   <trkpt lat="47.2530060" lon="11.3428410">
    <ele>580.5</ele>
    <time>2026-04-26T17:32:04Z</time>
   </trkpt>
   <trkpt lat="47.2530130" lon="11.3428850">
    <ele>580.5</ele>
    <time>2026-04-26T17:32:05Z</time>
   </trkpt>
   <trkpt lat="47.2530150" lon="11.3429010">
    <ele>580.5</ele>
    <time>2026-04-26T17:32:06Z</time>
   </trkpt>
   <trkpt lat="47.2530170" lon="11.3429530">
    <ele>580.5</ele>
    <time>2026-04-26T17:32:07Z</time>
   </trkpt>
   <trkpt lat="47.2530200" lon="11.3429680">
    <ele>580.5</ele>
    <time>2026-04-26T17:32:08Z</time>
   </trkpt>
   <trkpt lat="47.2530190" lon="11.3430190">
    <ele>580.5</ele>
    <time>2026-04-26T17:32:09Z</time>
   </trkpt>
   <trkpt lat="47.2530220" lon="11.3430390">
    <ele>580.5</ele>
    <time>2026-04-26T17:32:10Z</time>
   </trkpt>
   <trkpt lat="47.2530270" lon="11.3430790">
    <ele>580.5</ele>
    <time>2026-04-26T17:32:11Z</time>
   </trkpt>
   <trkpt lat="47.2530310" lon="11.3430930">
    <ele>580.5</ele>
    <time>2026-04-26T17:32:12Z</time>
   </trkpt>
   <trkpt lat="47.2530300" lon="11.3431350">
    <ele>580.5</ele>
    <time>2026-04-26T17:32:13Z</time>
   </trkpt>
   <trkpt lat="47.2530350" lon="11.3431750">
    <ele>580.4</ele>
    <time>2026-04-26T17:32:14Z</time>
   </trkpt>
   <trkpt lat="47.2530390" lon="11.3432170">
    <ele>580.4</ele>
    <time>2026-04-26T17:32:15Z</time>
   </trkpt>
   <trkpt lat="47.2530380" lon="11.3432370">
    <ele>580.4</ele>
    <time>2026-04-26T17:32:16Z</time>
   </trkpt>
   <trkpt lat="47.2530500" lon="11.3432900">
    <ele>580.4</ele>
    <time>2026-04-26T17:32:17Z</time>
   </trkpt>
   <trkpt lat="47.2530500" lon="11.3433080">
    <ele>580.4</ele>
    <time>2026-04-26T17:32:18Z</time>
   </trkpt>
   <trkpt lat="47.2530570" lon="11.3433580">
    <ele>580.4</ele>
    <time>2026-04-26T17:32:19Z</time>
   </trkpt>
   <trkpt lat="47.2530600" lon="11.3433760">
    <ele>580.4</ele>
    <time>2026-04-26T17:32:20Z</time>
   </trkpt>
   <trkpt lat="47.2530580" lon="11.3434160">
    <ele>580.4</ele>
    <time>2026-04-26T17:32:21Z</time>
   </trkpt>
   <trkpt lat="47.2530590" lon="11.3434610">
    <ele>580.4</ele>
    <time>2026-04-26T17:32:22Z</time>
   </trkpt>
   <trkpt lat="47.2530600" lon="11.3434760">
    <ele>580.4</ele>
    <time>2026-04-26T17:32:23Z</time>
   </trkpt>
   <trkpt lat="47.2530670" lon="11.3435260">
    <ele>580.4</ele>
    <time>2026-04-26T17:32:24Z</time>
   </trkpt>
   <trkpt lat="47.2530700" lon="11.3435420">
    <ele>580.4</ele>
    <time>2026-04-26T17:32:25Z</time>
   </trkpt>
   <trkpt lat="47.2530710" lon="11.3435940">
    <ele>580.4</ele>
    <time>2026-04-26T17:32:26Z</time>
   </trkpt>
   <trkpt lat="47.2530690" lon="11.3436110">
    <ele>580.4</ele>
    <time>2026-04-26T17:32:27Z</time>
   </trkpt>
   <trkpt lat="47.2530770" lon="11.3436580">
    <ele>580.4</ele>
    <time>2026-04-26T17:32:28Z</time>
   </trkpt>
   <trkpt lat="47.2530790" lon="11.3436750">
    <ele>580.4</ele>
    <time>2026-04-26T17:32:29Z</time>
   </trkpt>
   <trkpt lat="47.2530900" lon="11.3437060">
    <ele>580.4</ele>
    <time>2026-04-26T17:32:30Z</time>
   </trkpt>
   <trkpt lat="47.2530890" lon="11.3437230">
    <ele>580.4</ele>
    <time>2026-04-26T17:32:31Z</time>
   </trkpt>
   <trkpt lat="47.2530920" lon="11.3437740">
    <ele>580.4</ele>
    <time>2026-04-26T17:32:32Z</time>
   </trkpt>
   <trkpt lat="47.2531040" lon="11.3438140">
    <ele>580.4</ele>
    <time>2026-04-26T17:32:33Z</time>
   </trkpt>
   <trkpt lat="47.2531000" lon="11.3438570">
    <ele>580.4</ele>
    <time>2026-04-26T17:32:34Z</time>
   </trkpt>
   <trkpt lat="47.2531040" lon="11.3438660">
    <ele>580.4</ele>
    <time>2026-04-26T17:32:35Z</time>
   </trkpt>
   <trkpt lat="47.2531080" lon="11.3438740">
    <ele>580.4</ele>
    <time>2026-04-26T17:32:36Z</time>
   </trkpt>
   <trkpt lat="47.2531190" lon="11.3439180">
    <ele>580.4</ele>
    <time>2026-04-26T17:32:37Z</time>
   </trkpt>
   <trkpt lat="47.2531220" lon="11.3439770">
    <ele>580.3</ele>
    <time>2026-04-26T17:32:38Z</time>
   </trkpt>
   <trkpt lat="47.2531240" lon="11.3440010">
    <ele>580.3</ele>
    <time>2026-04-26T17:32:39Z</time>
   </trkpt>
   <trkpt lat="47.2531300" lon="11.3440470">
    <ele>580.3</ele>
    <time>2026-04-26T17:32:40Z</time>
   </trkpt>
   <trkpt lat="47.2531330" lon="11.3440650">
    <ele>580.3</ele>
    <time>2026-04-26T17:32:41Z</time>
   </trkpt>
   <trkpt lat="47.2531450" lon="11.3441240">
    <ele>580.3</ele>
    <time>2026-04-26T17:32:42Z</time>
   </trkpt>
   <trkpt lat="47.2531480" lon="11.3441460">
    <ele>580.3</ele>
    <time>2026-04-26T17:32:43Z</time>
   </trkpt>
   <trkpt lat="47.2531550" lon="11.3441770">
    <ele>580.3</ele>
    <time>2026-04-26T17:32:44Z</time>
   </trkpt>
   <trkpt lat="47.2531560" lon="11.3441890">
    <ele>580.3</ele>
    <time>2026-04-26T17:32:45Z</time>
   </trkpt>
   <trkpt lat="47.2531560" lon="11.3442370">
    <ele>580.3</ele>
    <time>2026-04-26T17:32:46Z</time>
   </trkpt>
   <trkpt lat="47.2531570" lon="11.3442800">
    <ele>580.3</ele>
    <time>2026-04-26T17:32:47Z</time>
   </trkpt>
   <trkpt lat="47.2531590" lon="11.3443260">
    <ele>580.3</ele>
    <time>2026-04-26T17:32:48Z</time>
   </trkpt>
   <trkpt lat="47.2531720" lon="11.3443790">
    <ele>580.2</ele>
    <time>2026-04-26T17:32:49Z</time>
   </trkpt>
   <trkpt lat="47.2531760" lon="11.3443990">
    <ele>580.2</ele>
    <time>2026-04-26T17:32:50Z</time>
   </trkpt>
   <trkpt lat="47.2531810" lon="11.3444410">
    <ele>580.2</ele>
    <time>2026-04-26T17:32:51Z</time>
   </trkpt>
   <trkpt lat="47.2531850" lon="11.3444870">
    <ele>580.2</ele>
    <time>2026-04-26T17:32:52Z</time>
   </trkpt>
   <trkpt lat="47.2531880" lon="11.3445020">
    <ele>580.2</ele>
    <time>2026-04-26T17:32:53Z</time>
   </trkpt>
   <trkpt lat="47.2531980" lon="11.3445520">
    <ele>580.2</ele>
    <time>2026-04-26T17:32:54Z</time>
   </trkpt>
   <trkpt lat="47.2532000" lon="11.3445700">
    <ele>580.2</ele>
    <time>2026-04-26T17:32:55Z</time>
   </trkpt>
   <trkpt lat="47.2532110" lon="11.3446210">
    <ele>580.2</ele>
    <time>2026-04-26T17:32:56Z</time>
   </trkpt>
   <trkpt lat="47.2532160" lon="11.3446390">
    <ele>580.2</ele>
    <time>2026-04-26T17:32:57Z</time>
   </trkpt>
   <trkpt lat="47.2532290" lon="11.3446930">
    <ele>580.2</ele>
    <time>2026-04-26T17:32:58Z</time>
   </trkpt>
   <trkpt lat="47.2532340" lon="11.3447100">
    <ele>580.2</ele>
    <time>2026-04-26T17:32:59Z</time>
   </trkpt>
   <trkpt lat="47.2532460" lon="11.3447620">
    <ele>580.2</ele>
    <time>2026-04-26T17:33:00Z</time>
   </trkpt>
   <trkpt lat="47.2532490" lon="11.3447820">
    <ele>580.2</ele>
    <time>2026-04-26T17:33:01Z</time>
   </trkpt>
   <trkpt lat="47.2532520" lon="11.3448270">
    <ele>580.2</ele>
    <time>2026-04-26T17:33:02Z</time>
   </trkpt>
   <trkpt lat="47.2532520" lon="11.3448420">
    <ele>580.2</ele>
    <time>2026-04-26T17:33:03Z</time>
   </trkpt>
   <trkpt lat="47.2532620" lon="11.3448910">
    <ele>580.2</ele>
    <time>2026-04-26T17:33:04Z</time>
   </trkpt>
   <trkpt lat="47.2532660" lon="11.3449090">
    <ele>580.2</ele>
    <time>2026-04-26T17:33:05Z</time>
   </trkpt>
   <trkpt lat="47.2532670" lon="11.3449580">
    <ele>580.2</ele>
    <time>2026-04-26T17:33:06Z</time>
   </trkpt>
   <trkpt lat="47.2532680" lon="11.3449740">
    <ele>580.2</ele>
    <time>2026-04-26T17:33:07Z</time>
   </trkpt>
   <trkpt lat="47.2532770" lon="11.3450140">
    <ele>580.1</ele>
    <time>2026-04-26T17:33:08Z</time>
   </trkpt>
   <trkpt lat="47.2532820" lon="11.3450600">
    <ele>580.1</ele>
    <time>2026-04-26T17:33:09Z</time>
   </trkpt>
   <trkpt lat="47.2532820" lon="11.3450720">
    <ele>580.1</ele>
    <time>2026-04-26T17:33:10Z</time>
   </trkpt>
   <trkpt lat="47.2532970" lon="11.3451150">
    <ele>580.1</ele>
    <time>2026-04-26T17:33:11Z</time>
   </trkpt>
   <trkpt lat="47.2533120" lon="11.3451600">
    <ele>580.1</ele>
    <time>2026-04-26T17:33:12Z</time>
   </trkpt>
   <trkpt lat="47.2533190" lon="11.3451690">
    <ele>580.1</ele>
    <time>2026-04-26T17:33:13Z</time>
   </trkpt>
   <trkpt lat="47.2533290" lon="11.3452220">
    <ele>580.1</ele>
    <time>2026-04-26T17:33:14Z</time>
   </trkpt>
   <trkpt lat="47.2533340" lon="11.3452440">
    <ele>580.1</ele>
    <time>2026-04-26T17:33:15Z</time>
   </trkpt>
   <trkpt lat="47.2533430" lon="11.3452910">
    <ele>580.1</ele>
    <time>2026-04-26T17:33:16Z</time>
   </trkpt>
   <trkpt lat="47.2533480" lon="11.3453060">
    <ele>580.1</ele>
    <time>2026-04-26T17:33:17Z</time>
   </trkpt>
   <trkpt lat="47.2533540" lon="11.3453630">
    <ele>580.1</ele>
    <time>2026-04-26T17:33:18Z</time>
   </trkpt>
   <trkpt lat="47.2533600" lon="11.3453830">
    <ele>580.1</ele>
    <time>2026-04-26T17:33:19Z</time>
   </trkpt>
   <trkpt lat="47.2533760" lon="11.3454240">
    <ele>580.0</ele>
    <time>2026-04-26T17:33:20Z</time>
   </trkpt>
   <trkpt lat="47.2533820" lon="11.3454410">
    <ele>580.0</ele>
    <time>2026-04-26T17:33:21Z</time>
   </trkpt>
   <trkpt lat="47.2533890" lon="11.3454830">
    <ele>580.0</ele>
    <time>2026-04-26T17:33:22Z</time>
   </trkpt>
   <trkpt lat="47.2533930" lon="11.3455270">
    <ele>580.0</ele>
    <time>2026-04-26T17:33:23Z</time>
   </trkpt>
   <trkpt lat="47.2533990" lon="11.3455620">
    <ele>580.0</ele>
    <time>2026-04-26T17:33:24Z</time>
   </trkpt>
   <trkpt lat="47.2534020" lon="11.3455810">
    <ele>580.0</ele>
    <time>2026-04-26T17:33:25Z</time>
   </trkpt>
   <trkpt lat="47.2534170" lon="11.3456200">
    <ele>580.0</ele>
    <time>2026-04-26T17:33:26Z</time>
   </trkpt>
   <trkpt lat="47.2534220" lon="11.3456380">
    <ele>580.0</ele>
    <time>2026-04-26T17:33:27Z</time>
   </trkpt>
   <trkpt lat="47.2534350" lon="11.3456810">
    <ele>580.0</ele>
    <time>2026-04-26T17:33:28Z</time>
   </trkpt>
   <trkpt lat="47.2534390" lon="11.3456950">
    <ele>580.0</ele>
    <time>2026-04-26T17:33:29Z</time>
   </trkpt>
   <trkpt lat="47.2534480" lon="11.3457350">
    <ele>579.9</ele>
    <time>2026-04-26T17:33:30Z</time>
   </trkpt>
   <trkpt lat="47.2534570" lon="11.3457870">
    <ele>579.9</ele>
    <time>2026-04-26T17:33:31Z</time>
   </trkpt>
   <trkpt lat="47.2534580" lon="11.3458080">
    <ele>579.9</ele>
    <time>2026-04-26T17:33:32Z</time>
   </trkpt>
   <trkpt lat="47.2534740" lon="11.3458530">
    <ele>579.9</ele>
    <time>2026-04-26T17:33:33Z</time>
   </trkpt>
   <trkpt lat="47.2534770" lon="11.3458740">
    <ele>579.9</ele>
    <time>2026-04-26T17:33:34Z</time>
   </trkpt>
   <trkpt lat="47.2534850" lon="11.3459210">
    <ele>579.9</ele>
    <time>2026-04-26T17:33:35Z</time>
   </trkpt>
   <trkpt lat="47.2534890" lon="11.3459340">
    <ele>579.9</ele>
    <time>2026-04-26T17:33:36Z</time>
   </trkpt>
   <trkpt lat="47.2534990" lon="11.3459810">
    <ele>579.9</ele>
    <time>2026-04-26T17:33:37Z</time>
   </trkpt>
   <trkpt lat="47.2535090" lon="11.3460370">
    <ele>579.9</ele>
    <time>2026-04-26T17:33:38Z</time>
   </trkpt>
   <trkpt lat="47.2535110" lon="11.3460570">
    <ele>579.9</ele>
    <time>2026-04-26T17:33:39Z</time>
   </trkpt>
   <trkpt lat="47.2535200" lon="11.3460750">
    <ele>579.9</ele>
    <time>2026-04-26T17:33:40Z</time>
   </trkpt>
   <trkpt lat="47.2535230" lon="11.3461010">
    <ele>579.9</ele>
    <time>2026-04-26T17:33:41Z</time>
   </trkpt>
   <trkpt lat="47.2535370" lon="11.3461380">
    <ele>579.9</ele>
    <time>2026-04-26T17:33:42Z</time>
   </trkpt>
   <trkpt lat="47.2535520" lon="11.3461890">
    <ele>579.9</ele>
    <time>2026-04-26T17:33:43Z</time>
   </trkpt>
   <trkpt lat="47.2535550" lon="11.3462080">
    <ele>579.9</ele>
    <time>2026-04-26T17:33:44Z</time>
   </trkpt>
   <trkpt lat="47.2535600" lon="11.3462490">
    <ele>579.9</ele>
    <time>2026-04-26T17:33:45Z</time>
   </trkpt>
   <trkpt lat="47.2535800" lon="11.3462810">
    <ele>579.9</ele>
    <time>2026-04-26T17:33:46Z</time>
   </trkpt>
   <trkpt lat="47.2535820" lon="11.3462910">
    <ele>579.9</ele>
    <time>2026-04-26T17:33:47Z</time>
   </trkpt>
   <trkpt lat="47.2535830" lon="11.3463330">
    <ele>579.9</ele>
    <time>2026-04-26T17:33:48Z</time>
   </trkpt>
   <trkpt lat="47.2535930" lon="11.3463770">
    <ele>579.9</ele>
    <time>2026-04-26T17:33:49Z</time>
   </trkpt>
   <trkpt lat="47.2536150" lon="11.3464180">
    <ele>579.9</ele>
    <time>2026-04-26T17:33:50Z</time>
   </trkpt>
   <trkpt lat="47.2536210" lon="11.3464290">
    <ele>579.9</ele>
    <time>2026-04-26T17:33:51Z</time>
   </trkpt>
   <trkpt lat="47.2536370" lon="11.3464610">
    <ele>579.9</ele>
    <time>2026-04-26T17:33:52Z</time>
   </trkpt>
   <trkpt lat="47.2536490" lon="11.3464970">
    <ele>579.9</ele>
    <time>2026-04-26T17:33:53Z</time>
   </trkpt>
   <trkpt lat="47.2536570" lon="11.3465450">
    <ele>579.9</ele>
    <time>2026-04-26T17:33:54Z</time>
   </trkpt>
   <trkpt lat="47.2536590" lon="11.3465590">
    <ele>579.9</ele>
    <time>2026-04-26T17:33:55Z</time>
   </trkpt>
   <trkpt lat="47.2536690" lon="11.3466120">
    <ele>579.9</ele>
    <time>2026-04-26T17:33:56Z</time>
   </trkpt>
   <trkpt lat="47.2536750" lon="11.3466300">
    <ele>579.9</ele>
    <time>2026-04-26T17:33:57Z</time>
   </trkpt>
   <trkpt lat="47.2536910" lon="11.3466690">
    <ele>579.9</ele>
    <time>2026-04-26T17:33:58Z</time>
   </trkpt>
   <trkpt lat="47.2536970" lon="11.3466810">
    <ele>579.9</ele>
    <time>2026-04-26T17:33:59Z</time>
   </trkpt>
   <trkpt lat="47.2537110" lon="11.3467090">
    <ele>579.9</ele>
    <time>2026-04-26T17:34:00Z</time>
   </trkpt>
   <trkpt lat="47.2537220" lon="11.3467140">
    <ele>579.9</ele>
    <time>2026-04-26T17:34:01Z</time>
   </trkpt>
   <trkpt lat="47.2537260" lon="11.3467600">
    <ele>579.9</ele>
    <time>2026-04-26T17:34:02Z</time>
   </trkpt>
   <trkpt lat="47.2537330" lon="11.3468000">
    <ele>579.8</ele>
    <time>2026-04-26T17:34:03Z</time>
   </trkpt>
   <trkpt lat="47.2537530" lon="11.3468410">
    <ele>579.8</ele>
    <time>2026-04-26T17:34:04Z</time>
   </trkpt>
   <trkpt lat="47.2537570" lon="11.3468580">
    <ele>579.8</ele>
    <time>2026-04-26T17:34:05Z</time>
   </trkpt>
   <trkpt lat="47.2537660" lon="11.3469040">
    <ele>579.8</ele>
    <time>2026-04-26T17:34:06Z</time>
   </trkpt>
   <trkpt lat="47.2537690" lon="11.3469200">
    <ele>579.8</ele>
    <time>2026-04-26T17:34:07Z</time>
   </trkpt>
   <trkpt lat="47.2537750" lon="11.3469600">
    <ele>579.8</ele>
    <time>2026-04-26T17:34:08Z</time>
   </trkpt>
   <trkpt lat="47.2537920" lon="11.3470070">
    <ele>579.8</ele>
    <time>2026-04-26T17:34:09Z</time>
   </trkpt>
   <trkpt lat="47.2537980" lon="11.3470290">
    <ele>579.8</ele>
    <time>2026-04-26T17:34:10Z</time>
   </trkpt>
   <trkpt lat="47.2538070" lon="11.3470820">
    <ele>579.8</ele>
    <time>2026-04-26T17:34:11Z</time>
   </trkpt>
   <trkpt lat="47.2538090" lon="11.3470990">
    <ele>579.8</ele>
    <time>2026-04-26T17:34:12Z</time>
   </trkpt>
   <trkpt lat="47.2538300" lon="11.3471440">
    <ele>579.8</ele>
    <time>2026-04-26T17:34:13Z</time>
   </trkpt>
   <trkpt lat="47.2538350" lon="11.3471610">
    <ele>579.8</ele>
    <time>2026-04-26T17:34:14Z</time>
   </trkpt>
   <trkpt lat="47.2538450" lon="11.3472050">
    <ele>579.8</ele>
    <time>2026-04-26T17:34:15Z</time>
   </trkpt>
   <trkpt lat="47.2538570" lon="11.3472500">
    <ele>579.8</ele>
    <time>2026-04-26T17:34:16Z</time>
   </trkpt>
   <trkpt lat="47.2538560" lon="11.3472670">
    <ele>579.8</ele>
    <time>2026-04-26T17:34:17Z</time>
   </trkpt>
   <trkpt lat="47.2538680" lon="11.3473140">
    <ele>579.8</ele>
    <time>2026-04-26T17:34:18Z</time>
   </trkpt>
   <trkpt lat="47.2538730" lon="11.3473450">
    <ele>579.8</ele>
    <time>2026-04-26T17:34:19Z</time>
   </trkpt>
   <trkpt lat="47.2538780" lon="11.3473950">
    <ele>579.8</ele>
    <time>2026-04-26T17:34:20Z</time>
   </trkpt>
   <trkpt lat="47.2538840" lon="11.3474070">
    <ele>579.8</ele>
    <time>2026-04-26T17:34:21Z</time>
   </trkpt>
   <trkpt lat="47.2538990" lon="11.3474560">
    <ele>579.8</ele>
    <time>2026-04-26T17:34:22Z</time>
   </trkpt>
   <trkpt lat="47.2539080" lon="11.3474700">
    <ele>579.8</ele>
    <time>2026-04-26T17:34:23Z</time>
   </trkpt>
   <trkpt lat="47.2539270" lon="11.3475150">
    <ele>579.8</ele>
    <time>2026-04-26T17:34:24Z</time>
   </trkpt>
   <trkpt lat="47.2539310" lon="11.3475290">
    <ele>579.8</ele>
    <time>2026-04-26T17:34:25Z</time>
   </trkpt>
   <trkpt lat="47.2539400" lon="11.3475770">
    <ele>579.8</ele>
    <time>2026-04-26T17:34:26Z</time>
   </trkpt>
   <trkpt lat="47.2539430" lon="11.3475950">
    <ele>579.8</ele>
    <time>2026-04-26T17:34:27Z</time>
   </trkpt>
   <trkpt lat="47.2539620" lon="11.3476370">
    <ele>579.8</ele>
    <time>2026-04-26T17:34:28Z</time>
   </trkpt>
   <trkpt lat="47.2539650" lon="11.3476570">
    <ele>579.8</ele>
    <time>2026-04-26T17:34:29Z</time>
   </trkpt>
   <trkpt lat="47.2539810" lon="11.3477020">
    <ele>579.8</ele>
    <time>2026-04-26T17:34:30Z</time>
   </trkpt>
   <trkpt lat="47.2539880" lon="11.3477170">
    <ele>579.8</ele>
    <time>2026-04-26T17:34:31Z</time>
   </trkpt>
   <trkpt lat="47.2539960" lon="11.3477660">
    <ele>579.7</ele>
    <time>2026-04-26T17:34:32Z</time>
   </trkpt>
   <trkpt lat="47.2539960" lon="11.3477830">
    <ele>579.7</ele>
    <time>2026-04-26T17:34:33Z</time>
   </trkpt>
   <trkpt lat="47.2540210" lon="11.3478170">
    <ele>579.7</ele>
    <time>2026-04-26T17:34:34Z</time>
   </trkpt>
   <trkpt lat="47.2540250" lon="11.3478310">
    <ele>579.7</ele>
    <time>2026-04-26T17:34:35Z</time>
   </trkpt>
   <trkpt lat="47.2540310" lon="11.3478690">
    <ele>579.7</ele>
    <time>2026-04-26T17:34:36Z</time>
   </trkpt>
   <trkpt lat="47.2540350" lon="11.3479110">
    <ele>579.7</ele>
    <time>2026-04-26T17:34:37Z</time>
   </trkpt>
   <trkpt lat="47.2540520" lon="11.3479510">
    <ele>579.7</ele>
    <time>2026-04-26T17:34:38Z</time>
   </trkpt>
   <trkpt lat="47.2540590" lon="11.3479650">
    <ele>579.7</ele>
    <time>2026-04-26T17:34:39Z</time>
   </trkpt>
   <trkpt lat="47.2540690" lon="11.3480040">
    <ele>579.7</ele>
    <time>2026-04-26T17:34:40Z</time>
   </trkpt>
   <trkpt lat="47.2540900" lon="11.3480420">
    <ele>579.7</ele>
    <time>2026-04-26T17:34:41Z</time>
   </trkpt>
   <trkpt lat="47.2540940" lon="11.3480560">
    <ele>579.7</ele>
    <time>2026-04-26T17:34:42Z</time>
   </trkpt>
   <trkpt lat="47.2541190" lon="11.3480820">
    <ele>579.7</ele>
    <time>2026-04-26T17:34:43Z</time>
   </trkpt>
   <trkpt lat="47.2541240" lon="11.3481240">
    <ele>579.7</ele>
    <time>2026-04-26T17:34:44Z</time>
   </trkpt>
   <trkpt lat="47.2541290" lon="11.3481400">
    <ele>579.7</ele>
    <time>2026-04-26T17:34:45Z</time>
   </trkpt>
   <trkpt lat="47.2541480" lon="11.3481880">
    <ele>579.7</ele>
    <time>2026-04-26T17:34:46Z</time>
   </trkpt>
   <trkpt lat="47.2541520" lon="11.3482030">
    <ele>579.7</ele>
    <time>2026-04-26T17:34:47Z</time>
   </trkpt>
   <trkpt lat="47.2541680" lon="11.3482380">
    <ele>579.7</ele>
    <time>2026-04-26T17:34:48Z</time>
   </trkpt>
   <trkpt lat="47.2541820" lon="11.3482820">
    <ele>579.7</ele>
    <time>2026-04-26T17:34:49Z</time>
   </trkpt>
   <trkpt lat="47.2541820" lon="11.3483020">
    <ele>579.7</ele>
    <time>2026-04-26T17:34:50Z</time>
   </trkpt>
   <trkpt lat="47.2541890" lon="11.3483530">
    <ele>579.7</ele>
    <time>2026-04-26T17:34:52Z</time>
   </trkpt>
   <trkpt lat="47.2541970" lon="11.3484090">
    <ele>579.7</ele>
    <time>2026-04-26T17:34:53Z</time>
   </trkpt>
   <trkpt lat="47.2542090" lon="11.3484100">
    <ele>579.7</ele>
    <time>2026-04-26T17:34:54Z</time>
   </trkpt>
   <trkpt lat="47.2542170" lon="11.3484470">
    <ele>579.7</ele>
    <time>2026-04-26T17:34:55Z</time>
   </trkpt>
   <trkpt lat="47.2542250" lon="11.3485060">
    <ele>579.7</ele>
    <time>2026-04-26T17:34:56Z</time>
   </trkpt>
   <trkpt lat="47.2542250" lon="11.3485300">
    <ele>579.7</ele>
    <time>2026-04-26T17:34:57Z</time>
   </trkpt>
   <trkpt lat="47.2542400" lon="11.3485800">
    <ele>579.7</ele>
    <time>2026-04-26T17:34:58Z</time>
   </trkpt>
   <trkpt lat="47.2542420" lon="11.3485980">
    <ele>579.7</ele>
    <time>2026-04-26T17:34:59Z</time>
   </trkpt>
   <trkpt lat="47.2542520" lon="11.3486480">
    <ele>579.7</ele>
    <time>2026-04-26T17:35:00Z</time>
   </trkpt>
   <trkpt lat="47.2542560" lon="11.3486690">
    <ele>579.7</ele>
    <time>2026-04-26T17:35:01Z</time>
   </trkpt>
   <trkpt lat="47.2542710" lon="11.3487020">
    <ele>579.7</ele>
    <time>2026-04-26T17:35:02Z</time>
   </trkpt>
   <trkpt lat="47.2542780" lon="11.3487410">
    <ele>579.7</ele>
    <time>2026-04-26T17:35:03Z</time>
   </trkpt>
   <trkpt lat="47.2542950" lon="11.3487860">
    <ele>579.7</ele>
    <time>2026-04-26T17:35:04Z</time>
   </trkpt>
   <trkpt lat="47.2543090" lon="11.3488200">
    <ele>579.7</ele>
    <time>2026-04-26T17:35:05Z</time>
   </trkpt>
   <trkpt lat="47.2543120" lon="11.3488400">
    <ele>579.7</ele>
    <time>2026-04-26T17:35:06Z</time>
   </trkpt>
   <trkpt lat="47.2543210" lon="11.3488880">
    <ele>579.7</ele>
    <time>2026-04-26T17:35:07Z</time>
   </trkpt>
   <trkpt lat="47.2543450" lon="11.3489460">
    <ele>579.7</ele>
    <time>2026-04-26T17:35:08Z</time>
   </trkpt>
   <trkpt lat="47.2543500" lon="11.3489850">
    <ele>579.7</ele>
    <time>2026-04-26T17:35:09Z</time>
   </trkpt>
   <trkpt lat="47.2543680" lon="11.3490230">
    <ele>579.7</ele>
    <time>2026-04-26T17:35:10Z</time>
   </trkpt>
   <trkpt lat="47.2543900" lon="11.3490690">
    <ele>579.7</ele>
    <time>2026-04-26T17:35:11Z</time>
   </trkpt>
   <trkpt lat="47.2543970" lon="11.3490860">
    <ele>579.7</ele>
    <time>2026-04-26T17:35:12Z</time>
   </trkpt>
   <trkpt lat="47.2544160" lon="11.3491320">
    <ele>579.7</ele>
    <time>2026-04-26T17:35:13Z</time>
   </trkpt>
   <trkpt lat="47.2544230" lon="11.3491450">
    <ele>579.7</ele>
    <time>2026-04-26T17:35:14Z</time>
   </trkpt>
   <trkpt lat="47.2544390" lon="11.3491800">
    <ele>579.6</ele>
    <time>2026-04-26T17:35:15Z</time>
   </trkpt>
   <trkpt lat="47.2544440" lon="11.3492230">
    <ele>579.6</ele>
    <time>2026-04-26T17:35:16Z</time>
   </trkpt>
   <trkpt lat="47.2544540" lon="11.3492620">
    <ele>579.6</ele>
    <time>2026-04-26T17:35:17Z</time>
   </trkpt>
   <trkpt lat="47.2544580" lon="11.3492730">
    <ele>579.6</ele>
    <time>2026-04-26T17:35:18Z</time>
   </trkpt>
   <trkpt lat="47.2544670" lon="11.3493190">
    <ele>579.6</ele>
    <time>2026-04-26T17:35:19Z</time>
   </trkpt>
   <trkpt lat="47.2544680" lon="11.3493400">
    <ele>579.7</ele>
    <time>2026-04-26T17:35:20Z</time>
   </trkpt>
   <trkpt lat="47.2544700" lon="11.3493840">
    <ele>579.7</ele>
    <time>2026-04-26T17:35:21Z</time>
   </trkpt>
   <trkpt lat="47.2544880" lon="11.3494180">
    <ele>579.7</ele>
    <time>2026-04-26T17:35:22Z</time>
   </trkpt>
   <trkpt lat="47.2544960" lon="11.3494640">
    <ele>579.7</ele>
    <time>2026-04-26T17:35:23Z</time>
   </trkpt>
   <trkpt lat="47.2544990" lon="11.3494830">
    <ele>579.7</ele>
    <time>2026-04-26T17:35:24Z</time>
   </trkpt>
   <trkpt lat="47.2545120" lon="11.3495330">
    <ele>579.7</ele>
    <time>2026-04-26T17:35:25Z</time>
   </trkpt>
   <trkpt lat="47.2545250" lon="11.3495740">
    <ele>579.7</ele>
    <time>2026-04-26T17:35:26Z</time>
   </trkpt>
   <trkpt lat="47.2545300" lon="11.3495850">
    <ele>579.7</ele>
    <time>2026-04-26T17:35:27Z</time>
   </trkpt>
   <trkpt lat="47.2545410" lon="11.3496260">
    <ele>579.7</ele>
    <time>2026-04-26T17:35:28Z</time>
   </trkpt>
   <trkpt lat="47.2545570" lon="11.3496710">
    <ele>579.7</ele>
    <time>2026-04-26T17:35:29Z</time>
   </trkpt>
   <trkpt lat="47.2545610" lon="11.3496850">
    <ele>579.7</ele>
    <time>2026-04-26T17:35:30Z</time>
   </trkpt>
   <trkpt lat="47.2545720" lon="11.3497320">
    <ele>579.7</ele>
    <time>2026-04-26T17:35:31Z</time>
   </trkpt>
   <trkpt lat="47.2545750" lon="11.3497460">
    <ele>579.7</ele>
    <time>2026-04-26T17:35:32Z</time>
   </trkpt>
   <trkpt lat="47.2545960" lon="11.3497880">
    <ele>579.7</ele>
    <time>2026-04-26T17:35:33Z</time>
   </trkpt>
   <trkpt lat="47.2546010" lon="11.3498100">
    <ele>579.7</ele>
    <time>2026-04-26T17:35:34Z</time>
   </trkpt>
   <trkpt lat="47.2546030" lon="11.3498620">
    <ele>579.7</ele>
    <time>2026-04-26T17:35:35Z</time>
   </trkpt>
   <trkpt lat="47.2546270" lon="11.3499000">
    <ele>579.7</ele>
    <time>2026-04-26T17:35:36Z</time>
   </trkpt>
   <trkpt lat="47.2546350" lon="11.3499160">
    <ele>579.7</ele>
    <time>2026-04-26T17:35:37Z</time>
   </trkpt>
   <trkpt lat="47.2546380" lon="11.3499760">
    <ele>579.7</ele>
    <time>2026-04-26T17:35:38Z</time>
   </trkpt>
   <trkpt lat="47.2546400" lon="11.3499980">
    <ele>579.7</ele>
    <time>2026-04-26T17:35:39Z</time>
   </trkpt>
   <trkpt lat="47.2546590" lon="11.3500340">
    <ele>579.7</ele>
    <time>2026-04-26T17:35:40Z</time>
   </trkpt>
   <trkpt lat="47.2546700" lon="11.3500800">
    <ele>579.7</ele>
    <time>2026-04-26T17:35:41Z</time>
   </trkpt>
   <trkpt lat="47.2546720" lon="11.3501020">
    <ele>579.7</ele>
    <time>2026-04-26T17:35:42Z</time>
   </trkpt>
   <trkpt lat="47.2546840" lon="11.3501500">
    <ele>579.7</ele>
    <time>2026-04-26T17:35:43Z</time>
   </trkpt>
   <trkpt lat="47.2546890" lon="11.3501650">
    <ele>579.7</ele>
    <time>2026-04-26T17:35:44Z</time>
   </trkpt>
   <trkpt lat="47.2547000" lon="11.3502040">
    <ele>579.7</ele>
    <time>2026-04-26T17:35:45Z</time>
   </trkpt>
   <trkpt lat="47.2547010" lon="11.3502270">
    <ele>579.7</ele>
    <time>2026-04-26T17:35:46Z</time>
   </trkpt>
   <trkpt lat="47.2547220" lon="11.3502740">
    <ele>579.7</ele>
    <time>2026-04-26T17:35:47Z</time>
   </trkpt>
   <trkpt lat="47.2547320" lon="11.3502880">
    <ele>579.7</ele>
    <time>2026-04-26T17:35:48Z</time>
   </trkpt>
   <trkpt lat="47.2547370" lon="11.3503360">
    <ele>579.7</ele>
    <time>2026-04-26T17:35:49Z</time>
   </trkpt>
   <trkpt lat="47.2547370" lon="11.3503540">
    <ele>579.7</ele>
    <time>2026-04-26T17:35:50Z</time>
   </trkpt>
   <trkpt lat="47.2547500" lon="11.3504020">
    <ele>579.6</ele>
    <time>2026-04-26T17:35:51Z</time>
   </trkpt>
   <trkpt lat="47.2547600" lon="11.3504120">
    <ele>579.6</ele>
    <time>2026-04-26T17:35:52Z</time>
   </trkpt>
   <trkpt lat="47.2547720" lon="11.3504650">
    <ele>579.6</ele>
    <time>2026-04-26T17:35:53Z</time>
   </trkpt>
   <trkpt lat="47.2547720" lon="11.3504840">
    <ele>579.6</ele>
    <time>2026-04-26T17:35:54Z</time>
   </trkpt>
   <trkpt lat="47.2547860" lon="11.3505200">
    <ele>579.6</ele>
    <time>2026-04-26T17:35:55Z</time>
   </trkpt>
   <trkpt lat="47.2547930" lon="11.3505710">
    <ele>579.6</ele>
    <time>2026-04-26T17:35:56Z</time>
   </trkpt>
   <trkpt lat="47.2547930" lon="11.3505900">
    <ele>579.6</ele>
    <time>2026-04-26T17:35:57Z</time>
   </trkpt>
   <trkpt lat="47.2548100" lon="11.3506380">
    <ele>579.6</ele>
    <time>2026-04-26T17:35:58Z</time>
   </trkpt>
   <trkpt lat="47.2548180" lon="11.3506570">
    <ele>579.6</ele>
    <time>2026-04-26T17:35:59Z</time>
   </trkpt>
   <trkpt lat="47.2548380" lon="11.3507030">
    <ele>579.5</ele>
    <time>2026-04-26T17:36:00Z</time>
   </trkpt>
   <trkpt lat="47.2548490" lon="11.3507160">
    <ele>579.5</ele>
    <time>2026-04-26T17:36:01Z</time>
   </trkpt>
   <trkpt lat="47.2548580" lon="11.3507530">
    <ele>579.5</ele>
    <time>2026-04-26T17:36:02Z</time>
   </trkpt>
   <trkpt lat="47.2548600" lon="11.3508010">
    <ele>579.5</ele>
    <time>2026-04-26T17:36:03Z</time>
   </trkpt>
   <trkpt lat="47.2548590" lon="11.3508150">
    <ele>579.5</ele>
    <time>2026-04-26T17:36:04Z</time>
   </trkpt>
   <trkpt lat="47.2548580" lon="11.3508560">
    <ele>579.5</ele>
    <time>2026-04-26T17:36:05Z</time>
   </trkpt>
   <trkpt lat="47.2548770" lon="11.3508950">
    <ele>579.5</ele>
    <time>2026-04-26T17:36:06Z</time>
   </trkpt>
   <trkpt lat="47.2548980" lon="11.3509340">
    <ele>579.5</ele>
    <time>2026-04-26T17:36:07Z</time>
   </trkpt>
   <trkpt lat="47.2549020" lon="11.3509560">
    <ele>579.5</ele>
    <time>2026-04-26T17:36:08Z</time>
   </trkpt>
   <trkpt lat="47.2549100" lon="11.3509940">
    <ele>579.5</ele>
    <time>2026-04-26T17:36:09Z</time>
   </trkpt>
   <trkpt lat="47.2549210" lon="11.3510460">
    <ele>579.5</ele>
    <time>2026-04-26T17:36:10Z</time>
   </trkpt>
   <trkpt lat="47.2549230" lon="11.3510620">
    <ele>579.5</ele>
    <time>2026-04-26T17:36:11Z</time>
   </trkpt>
   <trkpt lat="47.2549330" lon="11.3511110">
    <ele>579.5</ele>
    <time>2026-04-26T17:36:12Z</time>
   </trkpt>
   <trkpt lat="47.2549440" lon="11.3511600">
    <ele>579.5</ele>
    <time>2026-04-26T17:36:13Z</time>
   </trkpt>
   <trkpt lat="47.2549460" lon="11.3511750">
    <ele>579.5</ele>
    <time>2026-04-26T17:36:14Z</time>
   </trkpt>
   <trkpt lat="47.2549600" lon="11.3512330">
    <ele>579.5</ele>
    <time>2026-04-26T17:36:15Z</time>
   </trkpt>
   <trkpt lat="47.2549650" lon="11.3512530">
    <ele>579.5</ele>
    <time>2026-04-26T17:36:16Z</time>
   </trkpt>
   <trkpt lat="47.2549830" lon="11.3513000">
    <ele>579.5</ele>
    <time>2026-04-26T17:36:17Z</time>
   </trkpt>
   <trkpt lat="47.2549890" lon="11.3513130">
    <ele>579.5</ele>
    <time>2026-04-26T17:36:18Z</time>
   </trkpt>
   <trkpt lat="47.2549990" lon="11.3513620">
    <ele>579.5</ele>
    <time>2026-04-26T17:36:19Z</time>
   </trkpt>
   <trkpt lat="47.2549990" lon="11.3513740">
    <ele>579.5</ele>
    <time>2026-04-26T17:36:20Z</time>
   </trkpt>
   <trkpt lat="47.2550170" lon="11.3514140">
    <ele>579.5</ele>
    <time>2026-04-26T17:36:21Z</time>
   </trkpt>
   <trkpt lat="47.2550240" lon="11.3514230">
    <ele>579.5</ele>
    <time>2026-04-26T17:36:22Z</time>
   </trkpt>
   <trkpt lat="47.2550220" lon="11.3514670">
    <ele>579.5</ele>
    <time>2026-04-26T17:36:23Z</time>
   </trkpt>
   <trkpt lat="47.2550270" lon="11.3515090">
    <ele>579.4</ele>
    <time>2026-04-26T17:36:24Z</time>
   </trkpt>
   <trkpt lat="47.2550430" lon="11.3515510">
    <ele>579.4</ele>
    <time>2026-04-26T17:36:25Z</time>
   </trkpt>
   <trkpt lat="47.2550460" lon="11.3515690">
    <ele>579.4</ele>
    <time>2026-04-26T17:36:26Z</time>
   </trkpt>
   <trkpt lat="47.2550670" lon="11.3516160">
    <ele>579.4</ele>
    <time>2026-04-26T17:36:27Z</time>
   </trkpt>
   <trkpt lat="47.2550720" lon="11.3516330">
    <ele>579.4</ele>
    <time>2026-04-26T17:36:28Z</time>
   </trkpt>
   <trkpt lat="47.2550830" lon="11.3516780">
    <ele>579.4</ele>
    <time>2026-04-26T17:36:29Z</time>
   </trkpt>
   <trkpt lat="47.2550830" lon="11.3516940">
    <ele>579.4</ele>
    <time>2026-04-26T17:36:30Z</time>
   </trkpt>
   <trkpt lat="47.2550910" lon="11.3517350">
    <ele>579.4</ele>
    <time>2026-04-26T17:36:31Z</time>
   </trkpt>
   <trkpt lat="47.2550910" lon="11.3517770">
    <ele>579.4</ele>
    <time>2026-04-26T17:36:32Z</time>
   </trkpt>
   <trkpt lat="47.2551000" lon="11.3518240">
    <ele>579.4</ele>
    <time>2026-04-26T17:36:33Z</time>
   </trkpt>
   <trkpt lat="47.2551020" lon="11.3518410">
    <ele>579.4</ele>
    <time>2026-04-26T17:36:34Z</time>
   </trkpt>
   <trkpt lat="47.2551050" lon="11.3518840">
    <ele>579.4</ele>
    <time>2026-04-26T17:36:35Z</time>
   </trkpt>
   <trkpt lat="47.2551120" lon="11.3519270">
    <ele>579.4</ele>
    <time>2026-04-26T17:36:36Z</time>
   </trkpt>
   <trkpt lat="47.2551290" lon="11.3519760">
    <ele>579.4</ele>
    <time>2026-04-26T17:36:37Z</time>
   </trkpt>
   <trkpt lat="47.2551310" lon="11.3519960">
    <ele>579.4</ele>
    <time>2026-04-26T17:36:38Z</time>
   </trkpt>
   <trkpt lat="47.2551400" lon="11.3520430">
    <ele>579.4</ele>
    <time>2026-04-26T17:36:39Z</time>
   </trkpt>
   <trkpt lat="47.2551520" lon="11.3520880">
    <ele>579.4</ele>
    <time>2026-04-26T17:36:40Z</time>
   </trkpt>
   <trkpt lat="47.2551530" lon="11.3521040">
    <ele>579.4</ele>
    <time>2026-04-26T17:36:41Z</time>
   </trkpt>
   <trkpt lat="47.2551610" lon="11.3521610">
    <ele>579.4</ele>
    <time>2026-04-26T17:36:42Z</time>
   </trkpt>
   <trkpt lat="47.2551620" lon="11.3521890">
    <ele>579.4</ele>
    <time>2026-04-26T17:36:43Z</time>
   </trkpt>
   <trkpt lat="47.2551790" lon="11.3522270">
    <ele>579.4</ele>
    <time>2026-04-26T17:36:44Z</time>
   </trkpt>
   <trkpt lat="47.2551830" lon="11.3522450">
    <ele>579.4</ele>
    <time>2026-04-26T17:36:45Z</time>
   </trkpt>
   <trkpt lat="47.2551910" lon="11.3522960">
    <ele>579.4</ele>
    <time>2026-04-26T17:36:46Z</time>
   </trkpt>
   <trkpt lat="47.2551940" lon="11.3523180">
    <ele>579.4</ele>
    <time>2026-04-26T17:36:47Z</time>
   </trkpt>
   <trkpt lat="47.2552010" lon="11.3523590">
    <ele>579.4</ele>
    <time>2026-04-26T17:36:48Z</time>
   </trkpt>
   <trkpt lat="47.2552030" lon="11.3523730">
    <ele>579.4</ele>
    <time>2026-04-26T17:36:49Z</time>
   </trkpt>
   <trkpt lat="47.2552160" lon="11.3524170">
    <ele>579.4</ele>
    <time>2026-04-26T17:36:50Z</time>
   </trkpt>
   <trkpt lat="47.2552190" lon="11.3524340">
    <ele>579.4</ele>
    <time>2026-04-26T17:36:51Z</time>
   </trkpt>
   <trkpt lat="47.2552300" lon="11.3524700">
    <ele>579.4</ele>
    <time>2026-04-26T17:36:52Z</time>
   </trkpt>
   <trkpt lat="47.2552320" lon="11.3524910">
    <ele>579.4</ele>
    <time>2026-04-26T17:36:53Z</time>
   </trkpt>
   <trkpt lat="47.2552350" lon="11.3525330">
    <ele>579.4</ele>
    <time>2026-04-26T17:36:54Z</time>
   </trkpt>
   <trkpt lat="47.2552440" lon="11.3525780">
    <ele>579.4</ele>
    <time>2026-04-26T17:36:55Z</time>
   </trkpt>
   <trkpt lat="47.2552480" lon="11.3525960">
    <ele>579.4</ele>
    <time>2026-04-26T17:36:56Z</time>
   </trkpt>
   <trkpt lat="47.2552510" lon="11.3526420">
    <ele>579.5</ele>
    <time>2026-04-26T17:36:58Z</time>
   </trkpt>
   <trkpt lat="47.2552540" lon="11.3526830">
    <ele>579.5</ele>
    <time>2026-04-26T17:36:59Z</time>
   </trkpt>
   <trkpt lat="47.2552710" lon="11.3527270">
    <ele>579.5</ele>
    <time>2026-04-26T17:37:00Z</time>
   </trkpt>
   <trkpt lat="47.2552760" lon="11.3527380">
    <ele>579.5</ele>
    <time>2026-04-26T17:37:01Z</time>
   </trkpt>
   <trkpt lat="47.2552750" lon="11.3527830">
    <ele>579.5</ele>
    <time>2026-04-26T17:37:02Z</time>
   </trkpt>
   <trkpt lat="47.2552820" lon="11.3528230">
    <ele>579.5</ele>
    <time>2026-04-26T17:37:03Z</time>
   </trkpt>
   <trkpt lat="47.2552840" lon="11.3528650">
    <ele>579.5</ele>
    <time>2026-04-26T17:37:04Z</time>
   </trkpt>
   <trkpt lat="47.2552890" lon="11.3529160">
    <ele>579.5</ele>
    <time>2026-04-26T17:37:05Z</time>
   </trkpt>
   <trkpt lat="47.2552890" lon="11.3529350">
    <ele>579.5</ele>
    <time>2026-04-26T17:37:06Z</time>
   </trkpt>
   <trkpt lat="47.2552830" lon="11.3529780">
    <ele>579.5</ele>
    <time>2026-04-26T17:37:07Z</time>
   </trkpt>
   <trkpt lat="47.2553070" lon="11.3529950">
    <ele>579.5</ele>
    <time>2026-04-26T17:37:08Z</time>
   </trkpt>
   <trkpt lat="47.2553060" lon="11.3530520">
    <ele>579.5</ele>
    <time>2026-04-26T17:37:09Z</time>
   </trkpt>
   <trkpt lat="47.2553090" lon="11.3530720">
    <ele>579.5</ele>
    <time>2026-04-26T17:37:10Z</time>
   </trkpt>
   <trkpt lat="47.2553280" lon="11.3531140">
    <ele>579.5</ele>
    <time>2026-04-26T17:37:11Z</time>
   </trkpt>
   <trkpt lat="47.2553330" lon="11.3531690">
    <ele>579.5</ele>
    <time>2026-04-26T17:37:12Z</time>
   </trkpt>
   <trkpt lat="47.2553330" lon="11.3531900">
    <ele>579.5</ele>
    <time>2026-04-26T17:37:13Z</time>
   </trkpt>
   <trkpt lat="47.2553420" lon="11.3532310">
    <ele>579.5</ele>
    <time>2026-04-26T17:37:14Z</time>
   </trkpt>
   <trkpt lat="47.2553480" lon="11.3532450">
    <ele>579.4</ele>
    <time>2026-04-26T17:37:15Z</time>
   </trkpt>
   <trkpt lat="47.2553520" lon="11.3532890">
    <ele>579.4</ele>
    <time>2026-04-26T17:37:16Z</time>
   </trkpt>
   <trkpt lat="47.2553570" lon="11.3533740">
    <ele>579.4</ele>
    <time>2026-04-26T17:37:17Z</time>
   </trkpt>
   <trkpt lat="47.2553690" lon="11.3534200">
    <ele>579.4</ele>
    <time>2026-04-26T17:37:18Z</time>
   </trkpt>
   <trkpt lat="47.2553680" lon="11.3534400">
    <ele>579.4</ele>
    <time>2026-04-26T17:37:19Z</time>
   </trkpt>
   <trkpt lat="47.2553720" lon="11.3535080">
    <ele>579.4</ele>
    <time>2026-04-26T17:37:20Z</time>
   </trkpt>
   <trkpt lat="47.2553750" lon="11.3535390">
    <ele>579.4</ele>
    <time>2026-04-26T17:37:21Z</time>
   </trkpt>
   <trkpt lat="47.2553790" lon="11.3535840">
    <ele>579.4</ele>
    <time>2026-04-26T17:37:22Z</time>
   </trkpt>
   <trkpt lat="47.2553790" lon="11.3536050">
    <ele>579.3</ele>
    <time>2026-04-26T17:37:23Z</time>
   </trkpt>
   <trkpt lat="47.2553860" lon="11.3536590">
    <ele>579.3</ele>
    <time>2026-04-26T17:37:24Z</time>
   </trkpt>
   <trkpt lat="47.2554050" lon="11.3536970">
    <ele>579.3</ele>
    <time>2026-04-26T17:37:25Z</time>
   </trkpt>
   <trkpt lat="47.2554080" lon="11.3537130">
    <ele>579.3</ele>
    <time>2026-04-26T17:37:26Z</time>
   </trkpt>
   <trkpt lat="47.2554140" lon="11.3537740">
    <ele>579.2</ele>
    <time>2026-04-26T17:37:27Z</time>
   </trkpt>
   <trkpt lat="47.2554100" lon="11.3538010">
    <ele>579.2</ele>
    <time>2026-04-26T17:37:28Z</time>
   </trkpt>
   <trkpt lat="47.2554240" lon="11.3538540">
    <ele>579.1</ele>
    <time>2026-04-26T17:37:29Z</time>
   </trkpt>
   <trkpt lat="47.2554250" lon="11.3538730">
    <ele>579.1</ele>
    <time>2026-04-26T17:37:30Z</time>
   </trkpt>
   <trkpt lat="47.2554430" lon="11.3539190">
    <ele>579.0</ele>
    <time>2026-04-26T17:37:31Z</time>
   </trkpt>
   <trkpt lat="47.2554500" lon="11.3539340">
    <ele>579.0</ele>
    <time>2026-04-26T17:37:32Z</time>
   </trkpt>
   <trkpt lat="47.2554620" lon="11.3539800">
    <ele>578.9</ele>
    <time>2026-04-26T17:37:33Z</time>
   </trkpt>
   <trkpt lat="47.2554600" lon="11.3540010">
    <ele>578.9</ele>
    <time>2026-04-26T17:37:34Z</time>
   </trkpt>
   <trkpt lat="47.2554680" lon="11.3540400">
    <ele>578.8</ele>
    <time>2026-04-26T17:37:35Z</time>
   </trkpt>
   <trkpt lat="47.2554880" lon="11.3540690">
    <ele>578.8</ele>
    <time>2026-04-26T17:37:36Z</time>
   </trkpt>
   <trkpt lat="47.2554920" lon="11.3541230">
    <ele>578.8</ele>
    <time>2026-04-26T17:37:37Z</time>
   </trkpt>
   <trkpt lat="47.2554880" lon="11.3541430">
    <ele>578.9</ele>
    <time>2026-04-26T17:37:38Z</time>
   </trkpt>
   <trkpt lat="47.2554860" lon="11.3541850">
    <ele>578.9</ele>
    <time>2026-04-26T17:37:39Z</time>
   </trkpt>
   <trkpt lat="47.2554880" lon="11.3542040">
    <ele>578.9</ele>
    <time>2026-04-26T17:37:40Z</time>
   </trkpt>
   <trkpt lat="47.2554860" lon="11.3542370">
    <ele>579.0</ele>
    <time>2026-04-26T17:37:41Z</time>
   </trkpt>
   <trkpt lat="47.2554670" lon="11.3542850">
    <ele>579.0</ele>
    <time>2026-04-26T17:37:42Z</time>
   </trkpt>
   <trkpt lat="47.2554570" lon="11.3543230">
    <ele>579.1</ele>
    <time>2026-04-26T17:37:43Z</time>
   </trkpt>
   <trkpt lat="47.2554590" lon="11.3543720">
    <ele>579.1</ele>
    <time>2026-04-26T17:37:44Z</time>
   </trkpt>
   <trkpt lat="47.2554580" lon="11.3543850">
    <ele>579.2</ele>
    <time>2026-04-26T17:37:45Z</time>
   </trkpt>
   <trkpt lat="47.2554670" lon="11.3544030">
    <ele>579.2</ele>
    <time>2026-04-26T17:37:46Z</time>
   </trkpt>
   <trkpt lat="47.2554580" lon="11.3544320">
    <ele>579.2</ele>
    <time>2026-04-26T17:37:47Z</time>
   </trkpt>
   <trkpt lat="47.2554640" lon="11.3544770">
    <ele>579.3</ele>
    <time>2026-04-26T17:37:48Z</time>
   </trkpt>
   <trkpt lat="47.2554680" lon="11.3544930">
    <ele>579.3</ele>
    <time>2026-04-26T17:37:49Z</time>
   </trkpt>
   <trkpt lat="47.2554690" lon="11.3545430">
    <ele>579.3</ele>
    <time>2026-04-26T17:37:50Z</time>
   </trkpt>
   <trkpt lat="47.2554670" lon="11.3545580">
    <ele>579.3</ele>
    <time>2026-04-26T17:37:51Z</time>
   </trkpt>
   <trkpt lat="47.2554720" lon="11.3546080">
    <ele>579.3</ele>
    <time>2026-04-26T17:37:52Z</time>
   </trkpt>
   <trkpt lat="47.2554740" lon="11.3546490">
    <ele>579.3</ele>
    <time>2026-04-26T17:37:53Z</time>
   </trkpt>
   <trkpt lat="47.2554730" lon="11.3546660">
    <ele>579.3</ele>
    <time>2026-04-26T17:37:54Z</time>
   </trkpt>
   <trkpt lat="47.2554770" lon="11.3547090">
    <ele>579.3</ele>
    <time>2026-04-26T17:37:55Z</time>
   </trkpt>
   <trkpt lat="47.2554860" lon="11.3547520">
    <ele>579.3</ele>
    <time>2026-04-26T17:37:56Z</time>
   </trkpt>
   <trkpt lat="47.2554860" lon="11.3547670">
    <ele>579.3</ele>
    <time>2026-04-26T17:37:57Z</time>
   </trkpt>
   <trkpt lat="47.2554840" lon="11.3548240">
    <ele>579.3</ele>
    <time>2026-04-26T17:37:58Z</time>
   </trkpt>
   <trkpt lat="47.2554820" lon="11.3548420">
    <ele>579.3</ele>
    <time>2026-04-26T17:37:59Z</time>
   </trkpt>
   <trkpt lat="47.2554840" lon="11.3549000">
    <ele>579.3</ele>
    <time>2026-04-26T17:38:00Z</time>
   </trkpt>
   <trkpt lat="47.2554820" lon="11.3549200">
    <ele>579.3</ele>
    <time>2026-04-26T17:38:01Z</time>
   </trkpt>
   <trkpt lat="47.2554830" lon="11.3549510">
    <ele>579.3</ele>
    <time>2026-04-26T17:38:02Z</time>
   </trkpt>
   <trkpt lat="47.2554830" lon="11.3549730">
    <ele>579.3</ele>
    <time>2026-04-26T17:38:03Z</time>
   </trkpt>
   <trkpt lat="47.2554960" lon="11.3550010">
    <ele>579.3</ele>
    <time>2026-04-26T17:38:04Z</time>
   </trkpt>
   <trkpt lat="47.2555070" lon="11.3550100">
    <ele>579.3</ele>
    <time>2026-04-26T17:38:05Z</time>
   </trkpt>
   <trkpt lat="47.2555050" lon="11.3550530">
    <ele>579.3</ele>
    <time>2026-04-26T17:38:06Z</time>
   </trkpt>
   <trkpt lat="47.2554980" lon="11.3551050">
    <ele>579.3</ele>
    <time>2026-04-26T17:38:07Z</time>
   </trkpt>
   <trkpt lat="47.2554950" lon="11.3551250">
    <ele>579.3</ele>
    <time>2026-04-26T17:38:08Z</time>
   </trkpt>
   <trkpt lat="47.2555040" lon="11.3551470">
    <ele>579.3</ele>
    <time>2026-04-26T17:38:09Z</time>
   </trkpt>
   <trkpt lat="47.2555070" lon="11.3551730">
    <ele>579.3</ele>
    <time>2026-04-26T17:38:10Z</time>
   </trkpt>
   <trkpt lat="47.2555090" lon="11.3552330">
    <ele>579.3</ele>
    <time>2026-04-26T17:38:11Z</time>
   </trkpt>
   <trkpt lat="47.2555020" lon="11.3552830">
    <ele>579.3</ele>
    <time>2026-04-26T17:38:12Z</time>
   </trkpt>
   <trkpt lat="47.2555020" lon="11.3553000">
    <ele>579.3</ele>
    <time>2026-04-26T17:38:13Z</time>
   </trkpt>
   <trkpt lat="47.2555050" lon="11.3553440">
    <ele>579.3</ele>
    <time>2026-04-26T17:38:14Z</time>
   </trkpt>
   <trkpt lat="47.2555100" lon="11.3554060">
    <ele>579.3</ele>
    <time>2026-04-26T17:38:15Z</time>
   </trkpt>
   <trkpt lat="47.2555090" lon="11.3554300">
    <ele>579.3</ele>
    <time>2026-04-26T17:38:16Z</time>
   </trkpt>
   <trkpt lat="47.2555030" lon="11.3554800">
    <ele>579.3</ele>
    <time>2026-04-26T17:38:17Z</time>
   </trkpt>
   <trkpt lat="47.2555040" lon="11.3554960">
    <ele>579.2</ele>
    <time>2026-04-26T17:38:18Z</time>
   </trkpt>
   <trkpt lat="47.2555070" lon="11.3555450">
    <ele>579.2</ele>
    <time>2026-04-26T17:38:19Z</time>
   </trkpt>
   <trkpt lat="47.2555080" lon="11.3555640">
    <ele>579.2</ele>
    <time>2026-04-26T17:38:20Z</time>
   </trkpt>
   <trkpt lat="47.2555090" lon="11.3556140">
    <ele>579.2</ele>
    <time>2026-04-26T17:38:21Z</time>
   </trkpt>
   <trkpt lat="47.2555200" lon="11.3556660">
    <ele>579.2</ele>
    <time>2026-04-26T17:38:22Z</time>
   </trkpt>
   <trkpt lat="47.2555250" lon="11.3556870">
    <ele>579.2</ele>
    <time>2026-04-26T17:38:23Z</time>
   </trkpt>
   <trkpt lat="47.2555160" lon="11.3557250">
    <ele>579.2</ele>
    <time>2026-04-26T17:38:24Z</time>
   </trkpt>
   <trkpt lat="47.2555170" lon="11.3557710">
    <ele>579.2</ele>
    <time>2026-04-26T17:38:25Z</time>
   </trkpt>
   <trkpt lat="47.2555200" lon="11.3557860">
    <ele>579.2</ele>
    <time>2026-04-26T17:38:26Z</time>
   </trkpt>
   <trkpt lat="47.2555240" lon="11.3558340">
    <ele>579.2</ele>
    <time>2026-04-26T17:38:27Z</time>
   </trkpt>
   <trkpt lat="47.2555110" lon="11.3558790">
    <ele>579.2</ele>
    <time>2026-04-26T17:38:28Z</time>
   </trkpt>
   <trkpt lat="47.2555080" lon="11.3558910">
    <ele>579.2</ele>
    <time>2026-04-26T17:38:29Z</time>
   </trkpt>
   <trkpt lat="47.2555190" lon="11.3559500">
    <ele>579.2</ele>
    <time>2026-04-26T17:38:30Z</time>
   </trkpt>
   <trkpt lat="47.2555040" lon="11.3559990">
    <ele>579.2</ele>
    <time>2026-04-26T17:38:31Z</time>
   </trkpt>
   <trkpt lat="47.2554980" lon="11.3560150">
    <ele>579.2</ele>
    <time>2026-04-26T17:38:32Z</time>
   </trkpt>
   <trkpt lat="47.2554950" lon="11.3560660">
    <ele>579.2</ele>
    <time>2026-04-26T17:38:33Z</time>
   </trkpt>
   <trkpt lat="47.2554980" lon="11.3560850">
    <ele>579.2</ele>
    <time>2026-04-26T17:38:34Z</time>
   </trkpt>
   <trkpt lat="47.2554930" lon="11.3561430">
    <ele>579.2</ele>
    <time>2026-04-26T17:38:35Z</time>
   </trkpt>
   <trkpt lat="47.2554880" lon="11.3561620">
    <ele>579.2</ele>
    <time>2026-04-26T17:38:36Z</time>
   </trkpt>
   <trkpt lat="47.2554950" lon="11.3562130">
    <ele>579.2</ele>
    <time>2026-04-26T17:38:37Z</time>
   </trkpt>
   <trkpt lat="47.2554980" lon="11.3562370">
    <ele>579.2</ele>
    <time>2026-04-26T17:38:38Z</time>
   </trkpt>
   <trkpt lat="47.2554950" lon="11.3562860">
    <ele>579.2</ele>
    <time>2026-04-26T17:38:39Z</time>
   </trkpt>
   <trkpt lat="47.2554920" lon="11.3563040">
    <ele>579.2</ele>
    <time>2026-04-26T17:38:40Z</time>
   </trkpt>
   <trkpt lat="47.2554940" lon="11.3563550">
    <ele>579.2</ele>
    <time>2026-04-26T17:38:41Z</time>
   </trkpt>
   <trkpt lat="47.2554950" lon="11.3563720">
    <ele>579.2</ele>
    <time>2026-04-26T17:38:42Z</time>
   </trkpt>
   <trkpt lat="47.2554930" lon="11.3563980">
    <ele>579.1</ele>
    <time>2026-04-26T17:38:43Z</time>
   </trkpt>
   <trkpt lat="47.2554920" lon="11.3564250">
    <ele>579.1</ele>
    <time>2026-04-26T17:38:44Z</time>
   </trkpt>
   <trkpt lat="47.2554920" lon="11.3564810">
    <ele>579.1</ele>
    <time>2026-04-26T17:38:45Z</time>
   </trkpt>
   <trkpt lat="47.2554930" lon="11.3565110">
    <ele>579.1</ele>
    <time>2026-04-26T17:38:46Z</time>
   </trkpt>
   <trkpt lat="47.2555040" lon="11.3565660">
    <ele>579.1</ele>
    <time>2026-04-26T17:38:47Z</time>
   </trkpt>
   <trkpt lat="47.2554910" lon="11.3566040">
    <ele>579.1</ele>
    <time>2026-04-26T17:38:48Z</time>
   </trkpt>
   <trkpt lat="47.2554840" lon="11.3566550">
    <ele>579.1</ele>
    <time>2026-04-26T17:38:49Z</time>
   </trkpt>
   <trkpt lat="47.2554840" lon="11.3566750">
    <ele>579.1</ele>
    <time>2026-04-26T17:38:50Z</time>
   </trkpt>
   <trkpt lat="47.2554780" lon="11.3566910">
    <ele>579.1</ele>
    <time>2026-04-26T17:38:51Z</time>
   </trkpt>
   <trkpt lat="47.2554800" lon="11.3567180">
    <ele>579.1</ele>
    <time>2026-04-26T17:38:52Z</time>
   </trkpt>
   <trkpt lat="47.2554720" lon="11.3567300">
    <ele>579.1</ele>
    <time>2026-04-26T17:38:53Z</time>
   </trkpt>
   <trkpt lat="47.2554900" lon="11.3567560">
    <ele>579.1</ele>
    <time>2026-04-26T17:38:54Z</time>
   </trkpt>
   <trkpt lat="47.2554860" lon="11.3568070">
    <ele>579.1</ele>
    <time>2026-04-26T17:38:55Z</time>
   </trkpt>
   <trkpt lat="47.2554850" lon="11.3568220">
    <ele>579.1</ele>
    <time>2026-04-26T17:38:56Z</time>
   </trkpt>
   <trkpt lat="47.2554830" lon="11.3568620">
    <ele>579.1</ele>
    <time>2026-04-26T17:38:57Z</time>
   </trkpt>
   <trkpt lat="47.2554890" lon="11.3569110">
    <ele>579.1</ele>
    <time>2026-04-26T17:38:58Z</time>
   </trkpt>
   <trkpt lat="47.2554880" lon="11.3569330">
    <ele>579.1</ele>
    <time>2026-04-26T17:38:59Z</time>
   </trkpt>
   <trkpt lat="47.2554870" lon="11.3569930">
    <ele>579.1</ele>
    <time>2026-04-26T17:39:00Z</time>
   </trkpt>
   <trkpt lat="47.2554890" lon="11.3570180">
    <ele>579.1</ele>
    <time>2026-04-26T17:39:01Z</time>
   </trkpt>
   <trkpt lat="47.2554820" lon="11.3570450">
    <ele>579.1</ele>
    <time>2026-04-26T17:39:02Z</time>
   </trkpt>
   <trkpt lat="47.2554710" lon="11.3570830">
    <ele>579.1</ele>
    <time>2026-04-26T17:39:04Z</time>
   </trkpt>
   <trkpt lat="47.2554630" lon="11.3571280">
    <ele>579.1</ele>
    <time>2026-04-26T17:39:05Z</time>
   </trkpt>
   <trkpt lat="47.2554570" lon="11.3571640">
    <ele>579.1</ele>
    <time>2026-04-26T17:39:06Z</time>
   </trkpt>
   <trkpt lat="47.2554530" lon="11.3571870">
    <ele>579.1</ele>
    <time>2026-04-26T17:39:07Z</time>
   </trkpt>
   <trkpt lat="47.2554490" lon="11.3572300">
    <ele>579.1</ele>
    <time>2026-04-26T17:39:08Z</time>
   </trkpt>
   <trkpt lat="47.2554550" lon="11.3572730">
    <ele>579.1</ele>
    <time>2026-04-26T17:39:09Z</time>
   </trkpt>
   <trkpt lat="47.2554530" lon="11.3572960">
    <ele>579.1</ele>
    <time>2026-04-26T17:39:10Z</time>
   </trkpt>
   <trkpt lat="47.2554440" lon="11.3573370">
    <ele>579.1</ele>
    <time>2026-04-26T17:39:11Z</time>
   </trkpt>
   <trkpt lat="47.2554430" lon="11.3573890">
    <ele>579.1</ele>
    <time>2026-04-26T17:39:12Z</time>
   </trkpt>
   <trkpt lat="47.2554380" lon="11.3574290">
    <ele>579.1</ele>
    <time>2026-04-26T17:39:13Z</time>
   </trkpt>
   <trkpt lat="47.2554270" lon="11.3574870">
    <ele>579.1</ele>
    <time>2026-04-26T17:39:14Z</time>
   </trkpt>
   <trkpt lat="47.2554220" lon="11.3575100">
    <ele>579.1</ele>
    <time>2026-04-26T17:39:15Z</time>
   </trkpt>
   <trkpt lat="47.2554250" lon="11.3575540">
    <ele>579.1</ele>
    <time>2026-04-26T17:39:16Z</time>
   </trkpt>
   <trkpt lat="47.2554220" lon="11.3576100">
    <ele>579.1</ele>
    <time>2026-04-26T17:39:17Z</time>
   </trkpt>
   <trkpt lat="47.2554230" lon="11.3576270">
    <ele>579.1</ele>
    <time>2026-04-26T17:39:18Z</time>
   </trkpt>
   <trkpt lat="47.2554120" lon="11.3576820">
    <ele>579.1</ele>
    <time>2026-04-26T17:39:19Z</time>
   </trkpt>
   <trkpt lat="47.2554040" lon="11.3576990">
    <ele>579.1</ele>
    <time>2026-04-26T17:39:20Z</time>
   </trkpt>
   <trkpt lat="47.2554050" lon="11.3577520">
    <ele>579.1</ele>
    <time>2026-04-26T17:39:21Z</time>
   </trkpt>
   <trkpt lat="47.2554070" lon="11.3577910">
    <ele>579.1</ele>
    <time>2026-04-26T17:39:22Z</time>
   </trkpt>
   <trkpt lat="47.2554010" lon="11.3578400">
    <ele>579.1</ele>
    <time>2026-04-26T17:39:23Z</time>
   </trkpt>
   <trkpt lat="47.2553910" lon="11.3578920">
    <ele>579.1</ele>
    <time>2026-04-26T17:39:24Z</time>
   </trkpt>
   <trkpt lat="47.2553900" lon="11.3579110">
    <ele>579.1</ele>
    <time>2026-04-26T17:39:25Z</time>
   </trkpt>
   <trkpt lat="47.2553960" lon="11.3579590">
    <ele>579.1</ele>
    <time>2026-04-26T17:39:26Z</time>
   </trkpt>
   <trkpt lat="47.2553910" lon="11.3579820">
    <ele>579.1</ele>
    <time>2026-04-26T17:39:27Z</time>
   </trkpt>
   <trkpt lat="47.2553700" lon="11.3580090">
    <ele>579.1</ele>
    <time>2026-04-26T17:39:28Z</time>
   </trkpt>
   <trkpt lat="47.2553710" lon="11.3580670">
    <ele>579.1</ele>
    <time>2026-04-26T17:39:29Z</time>
   </trkpt>
   <trkpt lat="47.2553720" lon="11.3580880">
    <ele>579.1</ele>
    <time>2026-04-26T17:39:30Z</time>
   </trkpt>
   <trkpt lat="47.2553680" lon="11.3581500">
    <ele>579.1</ele>
    <time>2026-04-26T17:39:31Z</time>
   </trkpt>
   <trkpt lat="47.2553690" lon="11.3581850">
    <ele>579.1</ele>
    <time>2026-04-26T17:39:32Z</time>
   </trkpt>
   <trkpt lat="47.2553510" lon="11.3582270">
    <ele>579.1</ele>
    <time>2026-04-26T17:39:33Z</time>
   </trkpt>
   <trkpt lat="47.2553500" lon="11.3582410">
    <ele>579.1</ele>
    <time>2026-04-26T17:39:34Z</time>
   </trkpt>
   <trkpt lat="47.2553410" lon="11.3583050">
    <ele>579.1</ele>
    <time>2026-04-26T17:39:35Z</time>
   </trkpt>
   <trkpt lat="47.2553340" lon="11.3583310">
    <ele>579.1</ele>
    <time>2026-04-26T17:39:36Z</time>
   </trkpt>
   <trkpt lat="47.2553460" lon="11.3583840">
    <ele>579.1</ele>
    <time>2026-04-26T17:39:37Z</time>
   </trkpt>
   <trkpt lat="47.2553450" lon="11.3584020">
    <ele>579.1</ele>
    <time>2026-04-26T17:39:38Z</time>
   </trkpt>
   <trkpt lat="47.2553280" lon="11.3584560">
    <ele>579.1</ele>
    <time>2026-04-26T17:39:39Z</time>
   </trkpt>
   <trkpt lat="47.2553100" lon="11.3585110">
    <ele>579.1</ele>
    <time>2026-04-26T17:39:40Z</time>
   </trkpt>
   <trkpt lat="47.2553060" lon="11.3585380">
    <ele>579.1</ele>
    <time>2026-04-26T17:39:41Z</time>
   </trkpt>
   <trkpt lat="47.2552980" lon="11.3585840">
    <ele>579.1</ele>
    <time>2026-04-26T17:39:42Z</time>
   </trkpt>
   <trkpt lat="47.2552950" lon="11.3585990">
    <ele>579.1</ele>
    <time>2026-04-26T17:39:43Z</time>
   </trkpt>
   <trkpt lat="47.2552930" lon="11.3586600">
    <ele>579.1</ele>
    <time>2026-04-26T17:39:44Z</time>
   </trkpt>
   <trkpt lat="47.2552910" lon="11.3586850">
    <ele>579.1</ele>
    <time>2026-04-26T17:39:45Z</time>
   </trkpt>
   <trkpt lat="47.2552870" lon="11.3587380">
    <ele>579.1</ele>
    <time>2026-04-26T17:39:46Z</time>
   </trkpt>
   <trkpt lat="47.2552830" lon="11.3587820">
    <ele>579.0</ele>
    <time>2026-04-26T17:39:47Z</time>
   </trkpt>
   <trkpt lat="47.2552810" lon="11.3587970">
    <ele>579.0</ele>
    <time>2026-04-26T17:39:48Z</time>
   </trkpt>
   <trkpt lat="47.2552750" lon="11.3588500">
    <ele>579.0</ele>
    <time>2026-04-26T17:39:49Z</time>
   </trkpt>
   <trkpt lat="47.2552700" lon="11.3588630">
    <ele>579.0</ele>
    <time>2026-04-26T17:39:50Z</time>
   </trkpt>
   <trkpt lat="47.2552580" lon="11.3589160">
    <ele>579.0</ele>
    <time>2026-04-26T17:39:51Z</time>
   </trkpt>
   <trkpt lat="47.2552560" lon="11.3589340">
    <ele>579.0</ele>
    <time>2026-04-26T17:39:52Z</time>
   </trkpt>
   <trkpt lat="47.2552640" lon="11.3589730">
    <ele>579.0</ele>
    <time>2026-04-26T17:39:53Z</time>
   </trkpt>
   <trkpt lat="47.2552510" lon="11.3590100">
    <ele>579.0</ele>
    <time>2026-04-26T17:39:54Z</time>
   </trkpt>
   <trkpt lat="47.2552480" lon="11.3590500">
    <ele>579.0</ele>
    <time>2026-04-26T17:39:55Z</time>
   </trkpt>
   <trkpt lat="47.2552380" lon="11.3590980">
    <ele>579.0</ele>
    <time>2026-04-26T17:39:56Z</time>
   </trkpt>
   <trkpt lat="47.2552370" lon="11.3591100">
    <ele>579.0</ele>
    <time>2026-04-26T17:39:57Z</time>
   </trkpt>
   <trkpt lat="47.2552470" lon="11.3591520">
    <ele>579.0</ele>
    <time>2026-04-26T17:39:58Z</time>
   </trkpt>
   <trkpt lat="47.2552370" lon="11.3591950">
    <ele>579.0</ele>
    <time>2026-04-26T17:39:59Z</time>
   </trkpt>
   <trkpt lat="47.2552350" lon="11.3592170">
    <ele>579.0</ele>
    <time>2026-04-26T17:40:00Z</time>
   </trkpt>
   <trkpt lat="47.2552250" lon="11.3592760">
    <ele>579.0</ele>
    <time>2026-04-26T17:40:01Z</time>
   </trkpt>
   <trkpt lat="47.2552230" lon="11.3592980">
    <ele>579.0</ele>
    <time>2026-04-26T17:40:02Z</time>
   </trkpt>
   <trkpt lat="47.2552220" lon="11.3593140">
    <ele>579.0</ele>
    <time>2026-04-26T17:40:03Z</time>
   </trkpt>
   <trkpt lat="47.2552190" lon="11.3593490">
    <ele>579.0</ele>
    <time>2026-04-26T17:40:04Z</time>
   </trkpt>
   <trkpt lat="47.2552110" lon="11.3593980">
    <ele>579.0</ele>
    <time>2026-04-26T17:40:05Z</time>
   </trkpt>
   <trkpt lat="47.2551970" lon="11.3594440">
    <ele>579.0</ele>
    <time>2026-04-26T17:40:06Z</time>
   </trkpt>
   <trkpt lat="47.2551970" lon="11.3595090">
    <ele>579.0</ele>
    <time>2026-04-26T17:40:07Z</time>
   </trkpt>
   <trkpt lat="47.2551940" lon="11.3595380">
    <ele>579.0</ele>
    <time>2026-04-26T17:40:08Z</time>
   </trkpt>
   <trkpt lat="47.2551750" lon="11.3595840">
    <ele>579.0</ele>
    <time>2026-04-26T17:40:09Z</time>
   </trkpt>
   <trkpt lat="47.2551610" lon="11.3595970">
    <ele>579.0</ele>
    <time>2026-04-26T17:40:10Z</time>
   </trkpt>
   <trkpt lat="47.2551620" lon="11.3596520">
    <ele>578.9</ele>
    <time>2026-04-26T17:40:11Z</time>
   </trkpt>
   <trkpt lat="47.2551600" lon="11.3596710">
    <ele>578.9</ele>
    <time>2026-04-26T17:40:12Z</time>
   </trkpt>
   <trkpt lat="47.2551340" lon="11.3597500">
    <ele>578.9</ele>
    <time>2026-04-26T17:40:13Z</time>
   </trkpt>
   <trkpt lat="47.2551220" lon="11.3597960">
    <ele>578.9</ele>
    <time>2026-04-26T17:40:14Z</time>
   </trkpt>
   <trkpt lat="47.2551160" lon="11.3598420">
    <ele>578.9</ele>
    <time>2026-04-26T17:40:15Z</time>
   </trkpt>
   <trkpt lat="47.2551120" lon="11.3598510">
    <ele>578.9</ele>
    <time>2026-04-26T17:40:16Z</time>
   </trkpt>
   <trkpt lat="47.2551070" lon="11.3598960">
    <ele>578.9</ele>
    <time>2026-04-26T17:40:17Z</time>
   </trkpt>
   <trkpt lat="47.2551030" lon="11.3599170">
    <ele>578.9</ele>
    <time>2026-04-26T17:40:18Z</time>
   </trkpt>
   <trkpt lat="47.2551030" lon="11.3599600">
    <ele>578.9</ele>
    <time>2026-04-26T17:40:19Z</time>
   </trkpt>
   <trkpt lat="47.2551010" lon="11.3599810">
    <ele>578.9</ele>
    <time>2026-04-26T17:40:20Z</time>
   </trkpt>
   <trkpt lat="47.2550950" lon="11.3600400">
    <ele>578.9</ele>
    <time>2026-04-26T17:40:21Z</time>
   </trkpt>
   <trkpt lat="47.2550930" lon="11.3600620">
    <ele>578.9</ele>
    <time>2026-04-26T17:40:22Z</time>
   </trkpt>
   <trkpt lat="47.2550930" lon="11.3601100">
    <ele>578.9</ele>
    <time>2026-04-26T17:40:23Z</time>
   </trkpt>
   <trkpt lat="47.2550920" lon="11.3601280">
    <ele>578.9</ele>
    <time>2026-04-26T17:40:24Z</time>
   </trkpt>
   <trkpt lat="47.2550800" lon="11.3601800">
    <ele>578.9</ele>
    <time>2026-04-26T17:40:25Z</time>
   </trkpt>
   <trkpt lat="47.2550810" lon="11.3601980">
    <ele>578.9</ele>
    <time>2026-04-26T17:40:26Z</time>
   </trkpt>
   <trkpt lat="47.2550720" lon="11.3602450">
    <ele>578.9</ele>
    <time>2026-04-26T17:40:27Z</time>
   </trkpt>
   <trkpt lat="47.2550710" lon="11.3602600">
    <ele>578.9</ele>
    <time>2026-04-26T17:40:28Z</time>
   </trkpt>
   <trkpt lat="47.2550540" lon="11.3603190">
    <ele>578.9</ele>
    <time>2026-04-26T17:40:29Z</time>
   </trkpt>
   <trkpt lat="47.2550420" lon="11.3603430">
    <ele>578.9</ele>
    <time>2026-04-26T17:40:30Z</time>
   </trkpt>
   <trkpt lat="47.2550370" lon="11.3603990">
    <ele>578.9</ele>
    <time>2026-04-26T17:40:31Z</time>
   </trkpt>
   <trkpt lat="47.2550330" lon="11.3604170">
    <ele>578.9</ele>
    <time>2026-04-26T17:40:32Z</time>
   </trkpt>
   <trkpt lat="47.2550220" lon="11.3604610">
    <ele>578.9</ele>
    <time>2026-04-26T17:40:33Z</time>
   </trkpt>
   <trkpt lat="47.2550140" lon="11.3605000">
    <ele>578.9</ele>
    <time>2026-04-26T17:40:34Z</time>
   </trkpt>
   <trkpt lat="47.2550040" lon="11.3605390">
    <ele>578.9</ele>
    <time>2026-04-26T17:40:35Z</time>
   </trkpt>
   <trkpt lat="47.2550010" lon="11.3605860">
    <ele>578.9</ele>
    <time>2026-04-26T17:40:36Z</time>
   </trkpt>
   <trkpt lat="47.2549970" lon="11.3606360">
    <ele>578.9</ele>
    <time>2026-04-26T17:40:37Z</time>
   </trkpt>
   <trkpt lat="47.2549940" lon="11.3606530">
    <ele>578.9</ele>
    <time>2026-04-26T17:40:38Z</time>
   </trkpt>
   <trkpt lat="47.2549810" lon="11.3607030">
    <ele>578.9</ele>
    <time>2026-04-26T17:40:39Z</time>
   </trkpt>
   <trkpt lat="47.2549760" lon="11.3607210">
    <ele>578.9</ele>
    <time>2026-04-26T17:40:40Z</time>
   </trkpt>
   <trkpt lat="47.2549740" lon="11.3607650">
    <ele>578.9</ele>
    <time>2026-04-26T17:40:41Z</time>
   </trkpt>
   <trkpt lat="47.2549750" lon="11.3607810">
    <ele>578.9</ele>
    <time>2026-04-26T17:40:42Z</time>
   </trkpt>
   <trkpt lat="47.2549550" lon="11.3608290">
    <ele>578.9</ele>
    <time>2026-04-26T17:40:43Z</time>
   </trkpt>
   <trkpt lat="47.2549490" lon="11.3608480">
    <ele>578.9</ele>
    <time>2026-04-26T17:40:44Z</time>
   </trkpt>
   <trkpt lat="47.2549400" lon="11.3608950">
    <ele>578.9</ele>
    <time>2026-04-26T17:40:45Z</time>
   </trkpt>
   <trkpt lat="47.2549420" lon="11.3609120">
    <ele>578.9</ele>
    <time>2026-04-26T17:40:46Z</time>
   </trkpt>
   <trkpt lat="47.2549350" lon="11.3609640">
    <ele>578.9</ele>
    <time>2026-04-26T17:40:47Z</time>
   </trkpt>
   <trkpt lat="47.2549350" lon="11.3609830">
    <ele>578.9</ele>
    <time>2026-04-26T17:40:48Z</time>
   </trkpt>
   <trkpt lat="47.2549220" lon="11.3610180">
    <ele>578.9</ele>
    <time>2026-04-26T17:40:49Z</time>
   </trkpt>
   <trkpt lat="47.2549130" lon="11.3610580">
    <ele>578.9</ele>
    <time>2026-04-26T17:40:50Z</time>
   </trkpt>
   <trkpt lat="47.2549060" lon="11.3610990">
    <ele>578.9</ele>
    <time>2026-04-26T17:40:51Z</time>
   </trkpt>
   <trkpt lat="47.2548950" lon="11.3611470">
    <ele>578.9</ele>
    <time>2026-04-26T17:40:52Z</time>
   </trkpt>
   <trkpt lat="47.2548890" lon="11.3611610">
    <ele>578.9</ele>
    <time>2026-04-26T17:40:53Z</time>
   </trkpt>
   <trkpt lat="47.2548880" lon="11.3612050">
    <ele>578.9</ele>
    <time>2026-04-26T17:40:54Z</time>
   </trkpt>
   <trkpt lat="47.2548860" lon="11.3612260">
    <ele>578.9</ele>
    <time>2026-04-26T17:40:55Z</time>
   </trkpt>
   <trkpt lat="47.2548740" lon="11.3612680">
    <ele>578.9</ele>
    <time>2026-04-26T17:40:56Z</time>
   </trkpt>
   <trkpt lat="47.2548660" lon="11.3613080">
    <ele>578.9</ele>
    <time>2026-04-26T17:40:57Z</time>
   </trkpt>
   <trkpt lat="47.2548500" lon="11.3613510">
    <ele>578.9</ele>
    <time>2026-04-26T17:40:58Z</time>
   </trkpt>
   <trkpt lat="47.2548460" lon="11.3613720">
    <ele>578.9</ele>
    <time>2026-04-26T17:40:59Z</time>
   </trkpt>
   <trkpt lat="47.2548420" lon="11.3614080">
    <ele>578.9</ele>
    <time>2026-04-26T17:41:00Z</time>
   </trkpt>
   <trkpt lat="47.2548430" lon="11.3614210">
    <ele>578.9</ele>
    <time>2026-04-26T17:41:01Z</time>
   </trkpt>
   <trkpt lat="47.2548390" lon="11.3614760">
    <ele>578.9</ele>
    <time>2026-04-26T17:41:02Z</time>
   </trkpt>
   <trkpt lat="47.2548250" lon="11.3615180">
    <ele>578.9</ele>
    <time>2026-04-26T17:41:03Z</time>
   </trkpt>
   <trkpt lat="47.2548190" lon="11.3615700">
    <ele>578.9</ele>
    <time>2026-04-26T17:41:04Z</time>
   </trkpt>
   <trkpt lat="47.2548180" lon="11.3615860">
    <ele>578.9</ele>
    <time>2026-04-26T17:41:05Z</time>
   </trkpt>
   <trkpt lat="47.2548060" lon="11.3616360">
    <ele>578.9</ele>
    <time>2026-04-26T17:41:06Z</time>
   </trkpt>
   <trkpt lat="47.2548040" lon="11.3616570">
    <ele>578.9</ele>
    <time>2026-04-26T17:41:07Z</time>
   </trkpt>
   <trkpt lat="47.2547930" lon="11.3617170">
    <ele>578.9</ele>
    <time>2026-04-26T17:41:08Z</time>
   </trkpt>
   <trkpt lat="47.2547780" lon="11.3617580">
    <ele>578.9</ele>
    <time>2026-04-26T17:41:09Z</time>
   </trkpt>
   <trkpt lat="47.2547730" lon="11.3617720">
    <ele>578.9</ele>
    <time>2026-04-26T17:41:10Z</time>
   </trkpt>
   <trkpt lat="47.2547670" lon="11.3618130">
    <ele>578.9</ele>
    <time>2026-04-26T17:41:11Z</time>
   </trkpt>
   <trkpt lat="47.2547570" lon="11.3618580">
    <ele>578.9</ele>
    <time>2026-04-26T17:41:12Z</time>
   </trkpt>
   <trkpt lat="47.2547420" lon="11.3618970">
    <ele>578.9</ele>
    <time>2026-04-26T17:41:13Z</time>
   </trkpt>
   <trkpt lat="47.2547280" lon="11.3619490">
    <ele>578.9</ele>
    <time>2026-04-26T17:41:14Z</time>
   </trkpt>
   <trkpt lat="47.2547200" lon="11.3619680">
    <ele>578.9</ele>
    <time>2026-04-26T17:41:15Z</time>
   </trkpt>
   <trkpt lat="47.2547120" lon="11.3620190">
    <ele>578.8</ele>
    <time>2026-04-26T17:41:16Z</time>
   </trkpt>
   <trkpt lat="47.2547040" lon="11.3620700">
    <ele>578.8</ele>
    <time>2026-04-26T17:41:17Z</time>
   </trkpt>
   <trkpt lat="47.2547030" lon="11.3620890">
    <ele>578.8</ele>
    <time>2026-04-26T17:41:18Z</time>
   </trkpt>
   <trkpt lat="47.2546940" lon="11.3621290">
    <ele>578.8</ele>
    <time>2026-04-26T17:41:19Z</time>
   </trkpt>
   <trkpt lat="47.2546820" lon="11.3621780">
    <ele>578.8</ele>
    <time>2026-04-26T17:41:20Z</time>
   </trkpt>
   <trkpt lat="47.2546680" lon="11.3622350">
    <ele>578.8</ele>
    <time>2026-04-26T17:41:21Z</time>
   </trkpt>
   <trkpt lat="47.2546620" lon="11.3622540">
    <ele>578.8</ele>
    <time>2026-04-26T17:41:22Z</time>
   </trkpt>
   <trkpt lat="47.2546430" lon="11.3622890">
    <ele>578.8</ele>
    <time>2026-04-26T17:41:23Z</time>
   </trkpt>
   <trkpt lat="47.2546310" lon="11.3623110">
    <ele>578.8</ele>
    <time>2026-04-26T17:41:24Z</time>
   </trkpt>
   <trkpt lat="47.2546240" lon="11.3623660">
    <ele>578.8</ele>
    <time>2026-04-26T17:41:25Z</time>
   </trkpt>
   <trkpt lat="47.2546250" lon="11.3624070">
    <ele>578.8</ele>
    <time>2026-04-26T17:41:26Z</time>
   </trkpt>
   <trkpt lat="47.2546240" lon="11.3624270">
    <ele>578.8</ele>
    <time>2026-04-26T17:41:27Z</time>
   </trkpt>
   <trkpt lat="47.2546220" lon="11.3624790">
    <ele>578.8</ele>
    <time>2026-04-26T17:41:28Z</time>
   </trkpt>
   <trkpt lat="47.2546270" lon="11.3624850">
    <ele>578.7</ele>
    <time>2026-04-26T17:41:29Z</time>
   </trkpt>
   <trkpt lat="47.2546290" lon="11.3625010">
    <ele>578.7</ele>
    <time>2026-04-26T17:41:30Z</time>
   </trkpt>
   <trkpt lat="47.2546120" lon="11.3625020">
    <ele>578.7</ele>
    <time>2026-04-26T17:41:31Z</time>
   </trkpt>
   <trkpt lat="47.2546010" lon="11.3625120">
    <ele>578.7</ele>
    <time>2026-04-26T17:41:32Z</time>
   </trkpt>
   <trkpt lat="47.2546030" lon="11.3625280">
    <ele>578.7</ele>
    <time>2026-04-26T17:41:33Z</time>
   </trkpt>
   <trkpt lat="47.2546070" lon="11.3625370">
    <ele>578.7</ele>
    <time>2026-04-26T17:41:34Z</time>
   </trkpt>
   <trkpt lat="47.2548810" lon="11.3628820">
    <ele>578.4</ele>
    <time>2026-04-26T18:16:25Z</time>
   </trkpt>
   <trkpt lat="47.2546110" lon="11.3630570">
    <ele>578.2</ele>
    <time>2026-04-26T18:16:27Z</time>
   </trkpt>
   <trkpt lat="47.2545930" lon="11.3631030">
    <ele>578.2</ele>
    <time>2026-04-26T18:16:28Z</time>
   </trkpt>
   <trkpt lat="47.2545750" lon="11.3631430">
    <ele>578.3</ele>
    <time>2026-04-26T18:16:29Z</time>
   </trkpt>
   <trkpt lat="47.2545570" lon="11.3631810">
    <ele>578.3</ele>
    <time>2026-04-26T18:16:30Z</time>
   </trkpt>
   <trkpt lat="47.2545350" lon="11.3632200">
    <ele>578.3</ele>
    <time>2026-04-26T18:16:31Z</time>
   </trkpt>
   <trkpt lat="47.2545100" lon="11.3632610">
    <ele>578.3</ele>
    <time>2026-04-26T18:16:32Z</time>
   </trkpt>
   <trkpt lat="47.2544820" lon="11.3633090">
    <ele>578.3</ele>
    <time>2026-04-26T18:16:33Z</time>
   </trkpt>
   <trkpt lat="47.2544590" lon="11.3633490">
    <ele>578.4</ele>
    <time>2026-04-26T18:16:34Z</time>
   </trkpt>
   <trkpt lat="47.2544380" lon="11.3633900">
    <ele>578.4</ele>
    <time>2026-04-26T18:16:35Z</time>
   </trkpt>
   <trkpt lat="47.2544330" lon="11.3633990">
    <ele>578.4</ele>
    <time>2026-04-26T18:16:36Z</time>
   </trkpt>
   <trkpt lat="47.2544260" lon="11.3634180">
    <ele>578.4</ele>
    <time>2026-04-26T18:16:37Z</time>
   </trkpt>
   <trkpt lat="47.2544200" lon="11.3634340">
    <ele>578.4</ele>
    <time>2026-04-26T18:16:38Z</time>
   </trkpt>
   <trkpt lat="47.2544130" lon="11.3634540">
    <ele>578.4</ele>
    <time>2026-04-26T18:16:39Z</time>
   </trkpt>
   <trkpt lat="47.2544060" lon="11.3634760">
    <ele>578.4</ele>
    <time>2026-04-26T18:16:40Z</time>
   </trkpt>
   <trkpt lat="47.2543950" lon="11.3635160">
    <ele>578.4</ele>
    <time>2026-04-26T18:16:41Z</time>
   </trkpt>
   <trkpt lat="47.2543750" lon="11.3635900">
    <ele>578.4</ele>
    <time>2026-04-26T18:16:42Z</time>
   </trkpt>
   <trkpt lat="47.2543650" lon="11.3636320">
    <ele>578.4</ele>
    <time>2026-04-26T18:16:43Z</time>
   </trkpt>
   <trkpt lat="47.2543520" lon="11.3636770">
    <ele>578.4</ele>
    <time>2026-04-26T18:16:44Z</time>
   </trkpt>
   <trkpt lat="47.2543390" lon="11.3637240">
    <ele>578.4</ele>
    <time>2026-04-26T18:16:45Z</time>
   </trkpt>
   <trkpt lat="47.2543160" lon="11.3638130">
    <ele>578.4</ele>
    <time>2026-04-26T18:16:46Z</time>
   </trkpt>
   <trkpt lat="47.2543040" lon="11.3638490">
    <ele>578.4</ele>
    <time>2026-04-26T18:16:47Z</time>
   </trkpt>
   <trkpt lat="47.2542940" lon="11.3638870">
    <ele>578.3</ele>
    <time>2026-04-26T18:16:48Z</time>
   </trkpt>
   <trkpt lat="47.2542820" lon="11.3639390">
    <ele>578.3</ele>
    <time>2026-04-26T18:16:49Z</time>
   </trkpt>
   <trkpt lat="47.2542720" lon="11.3639870">
    <ele>578.3</ele>
    <time>2026-04-26T18:16:50Z</time>
   </trkpt>
   <trkpt lat="47.2542620" lon="11.3640310">
    <ele>578.3</ele>
    <time>2026-04-26T18:16:51Z</time>
   </trkpt>
   <trkpt lat="47.2542550" lon="11.3640750">
    <ele>578.3</ele>
    <time>2026-04-26T18:16:52Z</time>
   </trkpt>
   <trkpt lat="47.2542550" lon="11.3640840">
    <ele>578.3</ele>
    <time>2026-04-26T18:16:53Z</time>
   </trkpt>
   <trkpt lat="47.2542570" lon="11.3641360">
    <ele>578.3</ele>
    <time>2026-04-26T18:16:54Z</time>
   </trkpt>
   <trkpt lat="47.2542560" lon="11.3641530">
    <ele>578.3</ele>
    <time>2026-04-26T18:16:55Z</time>
   </trkpt>
   <trkpt lat="47.2542520" lon="11.3641940">
    <ele>578.3</ele>
    <time>2026-04-26T18:16:56Z</time>
   </trkpt>
   <trkpt lat="47.2542550" lon="11.3642040">
    <ele>578.3</ele>
    <time>2026-04-26T18:16:57Z</time>
   </trkpt>
   <trkpt lat="47.2542580" lon="11.3642140">
    <ele>578.3</ele>
    <time>2026-04-26T18:16:58Z</time>
   </trkpt>
   <trkpt lat="47.2542470" lon="11.3642570">
    <ele>578.3</ele>
    <time>2026-04-26T18:16:59Z</time>
   </trkpt>
   <trkpt lat="47.2542240" lon="11.3642750">
    <ele>578.3</ele>
    <time>2026-04-26T18:17:00Z</time>
   </trkpt>
   <trkpt lat="47.2542170" lon="11.3642950">
    <ele>578.3</ele>
    <time>2026-04-26T18:17:01Z</time>
   </trkpt>
   <trkpt lat="47.2542010" lon="11.3643370">
    <ele>578.3</ele>
    <time>2026-04-26T18:17:02Z</time>
   </trkpt>
   <trkpt lat="47.2541860" lon="11.3643960">
    <ele>578.3</ele>
    <time>2026-04-26T18:17:03Z</time>
   </trkpt>
   <trkpt lat="47.2541960" lon="11.3644370">
    <ele>578.3</ele>
    <time>2026-04-26T18:17:04Z</time>
   </trkpt>
   <trkpt lat="47.2541880" lon="11.3644820">
    <ele>578.3</ele>
    <time>2026-04-26T18:17:05Z</time>
   </trkpt>
   <trkpt lat="47.2541810" lon="11.3645240">
    <ele>578.2</ele>
    <time>2026-04-26T18:17:06Z</time>
   </trkpt>
   <trkpt lat="47.2541830" lon="11.3645420">
    <ele>578.2</ele>
    <time>2026-04-26T18:17:07Z</time>
   </trkpt>
   <trkpt lat="47.2541660" lon="11.3645880">
    <ele>578.2</ele>
    <time>2026-04-26T18:17:08Z</time>
   </trkpt>
   <trkpt lat="47.2541460" lon="11.3646240">
    <ele>578.1</ele>
    <time>2026-04-26T18:17:09Z</time>
   </trkpt>
   <trkpt lat="47.2541260" lon="11.3646720">
    <ele>578.1</ele>
    <time>2026-04-26T18:17:10Z</time>
   </trkpt>
   <trkpt lat="47.2541250" lon="11.3646950">
    <ele>578.0</ele>
    <time>2026-04-26T18:17:11Z</time>
   </trkpt>
   <trkpt lat="47.2541190" lon="11.3647500">
    <ele>578.0</ele>
    <time>2026-04-26T18:17:12Z</time>
   </trkpt>
   <trkpt lat="47.2541030" lon="11.3648010">
    <ele>577.9</ele>
    <time>2026-04-26T18:17:13Z</time>
   </trkpt>
   <trkpt lat="47.2540940" lon="11.3648200">
    <ele>577.9</ele>
    <time>2026-04-26T18:17:14Z</time>
   </trkpt>
   <trkpt lat="47.2540850" lon="11.3648420">
    <ele>577.8</ele>
    <time>2026-04-26T18:17:15Z</time>
   </trkpt>
   <trkpt lat="47.2540680" lon="11.3648750">
    <ele>577.8</ele>
    <time>2026-04-26T18:17:16Z</time>
   </trkpt>
   <trkpt lat="47.2540430" lon="11.3649200">
    <ele>577.7</ele>
    <time>2026-04-26T18:17:17Z</time>
   </trkpt>
   <trkpt lat="47.2540340" lon="11.3649340">
    <ele>577.7</ele>
    <time>2026-04-26T18:17:18Z</time>
   </trkpt>
   <trkpt lat="47.2540110" lon="11.3649710">
    <ele>577.6</ele>
    <time>2026-04-26T18:17:19Z</time>
   </trkpt>
   <trkpt lat="47.2540040" lon="11.3649840">
    <ele>577.6</ele>
    <time>2026-04-26T18:17:20Z</time>
   </trkpt>
   <trkpt lat="47.2539870" lon="11.3650290">
    <ele>577.5</ele>
    <time>2026-04-26T18:17:21Z</time>
   </trkpt>
   <trkpt lat="47.2539810" lon="11.3650460">
    <ele>577.5</ele>
    <time>2026-04-26T18:17:22Z</time>
   </trkpt>
   <trkpt lat="47.2539600" lon="11.3650820">
    <ele>577.5</ele>
    <time>2026-04-26T18:17:23Z</time>
   </trkpt>
   <trkpt lat="47.2539470" lon="11.3651400">
    <ele>577.4</ele>
    <time>2026-04-26T18:17:24Z</time>
   </trkpt>
   <trkpt lat="47.2539460" lon="11.3651640">
    <ele>577.4</ele>
    <time>2026-04-26T18:17:25Z</time>
   </trkpt>
   <trkpt lat="47.2539490" lon="11.3652180">
    <ele>577.4</ele>
    <time>2026-04-26T18:17:26Z</time>
   </trkpt>
   <trkpt lat="47.2539610" lon="11.3652430">
    <ele>577.4</ele>
    <time>2026-04-26T18:17:27Z</time>
   </trkpt>
   <trkpt lat="47.2539390" lon="11.3652790">
    <ele>577.4</ele>
    <time>2026-04-26T18:17:28Z</time>
   </trkpt>
   <trkpt lat="47.2539170" lon="11.3653190">
    <ele>577.4</ele>
    <time>2026-04-26T18:17:29Z</time>
   </trkpt>
   <trkpt lat="47.2539100" lon="11.3653360">
    <ele>577.4</ele>
    <time>2026-04-26T18:17:30Z</time>
   </trkpt>
   <trkpt lat="47.2539040" lon="11.3653800">
    <ele>577.4</ele>
    <time>2026-04-26T18:17:31Z</time>
   </trkpt>
   <trkpt lat="47.2539010" lon="11.3653930">
    <ele>577.4</ele>
    <time>2026-04-26T18:17:32Z</time>
   </trkpt>
   <trkpt lat="47.2538910" lon="11.3654430">
    <ele>577.4</ele>
    <time>2026-04-26T18:17:33Z</time>
   </trkpt>
   <trkpt lat="47.2538760" lon="11.3654800">
    <ele>577.4</ele>
    <time>2026-04-26T18:17:34Z</time>
   </trkpt>
   <trkpt lat="47.2538710" lon="11.3654910">
    <ele>577.4</ele>
    <time>2026-04-26T18:17:35Z</time>
   </trkpt>
   <trkpt lat="47.2538610" lon="11.3655470">
    <ele>577.4</ele>
    <time>2026-04-26T18:17:36Z</time>
   </trkpt>
   <trkpt lat="47.2538570" lon="11.3655720">
    <ele>577.4</ele>
    <time>2026-04-26T18:17:37Z</time>
   </trkpt>
   <trkpt lat="47.2538390" lon="11.3656010">
    <ele>577.4</ele>
    <time>2026-04-26T18:17:38Z</time>
   </trkpt>
   <trkpt lat="47.2538330" lon="11.3656430">
    <ele>577.4</ele>
    <time>2026-04-26T18:17:39Z</time>
   </trkpt>
   <trkpt lat="47.2538280" lon="11.3656990">
    <ele>577.4</ele>
    <time>2026-04-26T18:17:40Z</time>
   </trkpt>
   <trkpt lat="47.2538180" lon="11.3657170">
    <ele>577.4</ele>
    <time>2026-04-26T18:17:41Z</time>
   </trkpt>
   <trkpt lat="47.2538030" lon="11.3657630">
    <ele>577.4</ele>
    <time>2026-04-26T18:17:42Z</time>
   </trkpt>
   <trkpt lat="47.2537980" lon="11.3657820">
    <ele>577.4</ele>
    <time>2026-04-26T18:17:43Z</time>
   </trkpt>
   <trkpt lat="47.2537930" lon="11.3658300">
    <ele>577.4</ele>
    <time>2026-04-26T18:17:44Z</time>
   </trkpt>
   <trkpt lat="47.2537890" lon="11.3658470">
    <ele>577.4</ele>
    <time>2026-04-26T18:17:45Z</time>
   </trkpt>
   <trkpt lat="47.2537880" lon="11.3658910">
    <ele>577.4</ele>
    <time>2026-04-26T18:17:46Z</time>
   </trkpt>
   <trkpt lat="47.2537780" lon="11.3659080">
    <ele>577.4</ele>
    <time>2026-04-26T18:17:47Z</time>
   </trkpt>
   <trkpt lat="47.2537720" lon="11.3659630">
    <ele>577.4</ele>
    <time>2026-04-26T18:17:48Z</time>
   </trkpt>
   <trkpt lat="47.2537560" lon="11.3660010">
    <ele>577.3</ele>
    <time>2026-04-26T18:17:49Z</time>
   </trkpt>
   <trkpt lat="47.2537490" lon="11.3660420">
    <ele>577.3</ele>
    <time>2026-04-26T18:17:50Z</time>
   </trkpt>
   <trkpt lat="47.2537360" lon="11.3660960">
    <ele>577.3</ele>
    <time>2026-04-26T18:17:51Z</time>
   </trkpt>
   <trkpt lat="47.2537270" lon="11.3661120">
    <ele>577.3</ele>
    <time>2026-04-26T18:17:52Z</time>
   </trkpt>
   <trkpt lat="47.2537170" lon="11.3661510">
    <ele>577.3</ele>
    <time>2026-04-26T18:17:53Z</time>
   </trkpt>
   <trkpt lat="47.2537140" lon="11.3662100">
    <ele>577.3</ele>
    <time>2026-04-26T18:17:54Z</time>
   </trkpt>
   <trkpt lat="47.2537130" lon="11.3662300">
    <ele>577.3</ele>
    <time>2026-04-26T18:17:55Z</time>
   </trkpt>
   <trkpt lat="47.2536920" lon="11.3662590">
    <ele>577.3</ele>
    <time>2026-04-26T18:17:56Z</time>
   </trkpt>
   <trkpt lat="47.2536870" lon="11.3662990">
    <ele>577.3</ele>
    <time>2026-04-26T18:17:57Z</time>
   </trkpt>
   <trkpt lat="47.2536740" lon="11.3663410">
    <ele>577.3</ele>
    <time>2026-04-26T18:17:58Z</time>
   </trkpt>
   <trkpt lat="47.2536580" lon="11.3663940">
    <ele>577.3</ele>
    <time>2026-04-26T18:17:59Z</time>
   </trkpt>
   <trkpt lat="47.2536550" lon="11.3664130">
    <ele>577.3</ele>
    <time>2026-04-26T18:18:00Z</time>
   </trkpt>
   <trkpt lat="47.2536430" lon="11.3664580">
    <ele>577.3</ele>
    <time>2026-04-26T18:18:01Z</time>
   </trkpt>
   <trkpt lat="47.2536300" lon="11.3664970">
    <ele>577.3</ele>
    <time>2026-04-26T18:18:02Z</time>
   </trkpt>
   <trkpt lat="47.2536250" lon="11.3665410">
    <ele>577.3</ele>
    <time>2026-04-26T18:18:03Z</time>
   </trkpt>
   <trkpt lat="47.2536060" lon="11.3665920">
    <ele>577.3</ele>
    <time>2026-04-26T18:18:04Z</time>
   </trkpt>
   <trkpt lat="47.2536010" lon="11.3666110">
    <ele>577.3</ele>
    <time>2026-04-26T18:18:05Z</time>
   </trkpt>
   <trkpt lat="47.2535960" lon="11.3666610">
    <ele>577.3</ele>
    <time>2026-04-26T18:18:06Z</time>
   </trkpt>
   <trkpt lat="47.2535970" lon="11.3666780">
    <ele>577.3</ele>
    <time>2026-04-26T18:18:07Z</time>
   </trkpt>
   <trkpt lat="47.2535720" lon="11.3667100">
    <ele>577.3</ele>
    <time>2026-04-26T18:18:08Z</time>
   </trkpt>
   <trkpt lat="47.2535630" lon="11.3667650">
    <ele>577.2</ele>
    <time>2026-04-26T18:18:09Z</time>
   </trkpt>
   <trkpt lat="47.2535570" lon="11.3667850">
    <ele>577.2</ele>
    <time>2026-04-26T18:18:10Z</time>
   </trkpt>
   <trkpt lat="47.2535430" lon="11.3668350">
    <ele>577.2</ele>
    <time>2026-04-26T18:18:11Z</time>
   </trkpt>
   <trkpt lat="47.2535400" lon="11.3668500">
    <ele>577.2</ele>
    <time>2026-04-26T18:18:12Z</time>
   </trkpt>
   <trkpt lat="47.2535340" lon="11.3668910">
    <ele>577.2</ele>
    <time>2026-04-26T18:18:13Z</time>
   </trkpt>
   <trkpt lat="47.2535250" lon="11.3669380">
    <ele>577.2</ele>
    <time>2026-04-26T18:18:14Z</time>
   </trkpt>
   <trkpt lat="47.2535260" lon="11.3669890">
    <ele>577.2</ele>
    <time>2026-04-26T18:18:15Z</time>
   </trkpt>
   <trkpt lat="47.2535180" lon="11.3670070">
    <ele>577.2</ele>
    <time>2026-04-26T18:18:16Z</time>
   </trkpt>
   <trkpt lat="47.2535110" lon="11.3670470">
    <ele>577.2</ele>
    <time>2026-04-26T18:18:17Z</time>
   </trkpt>
   <trkpt lat="47.2535030" lon="11.3671000">
    <ele>577.2</ele>
    <time>2026-04-26T18:18:18Z</time>
   </trkpt>
   <trkpt lat="47.2534980" lon="11.3671170">
    <ele>577.2</ele>
    <time>2026-04-26T18:18:19Z</time>
   </trkpt>
   <trkpt lat="47.2534840" lon="11.3671590">
    <ele>577.2</ele>
    <time>2026-04-26T18:18:20Z</time>
   </trkpt>
   <trkpt lat="47.2534810" lon="11.3671720">
    <ele>577.2</ele>
    <time>2026-04-26T18:18:21Z</time>
   </trkpt>
   <trkpt lat="47.2534710" lon="11.3672290">
    <ele>577.2</ele>
    <time>2026-04-26T18:18:22Z</time>
   </trkpt>
   <trkpt lat="47.2534700" lon="11.3672490">
    <ele>577.2</ele>
    <time>2026-04-26T18:18:23Z</time>
   </trkpt>
   <trkpt lat="47.2534470" lon="11.3672850">
    <ele>577.1</ele>
    <time>2026-04-26T18:18:24Z</time>
   </trkpt>
   <trkpt lat="47.2534420" lon="11.3673260">
    <ele>577.1</ele>
    <time>2026-04-26T18:18:25Z</time>
   </trkpt>
   <trkpt lat="47.2534430" lon="11.3673840">
    <ele>577.1</ele>
    <time>2026-04-26T18:18:26Z</time>
   </trkpt>
   <trkpt lat="47.2534400" lon="11.3674040">
    <ele>577.1</ele>
    <time>2026-04-26T18:18:27Z</time>
   </trkpt>
   <trkpt lat="47.2534280" lon="11.3674480">
    <ele>577.1</ele>
    <time>2026-04-26T18:18:28Z</time>
   </trkpt>
   <trkpt lat="47.2534240" lon="11.3674890">
    <ele>577.1</ele>
    <time>2026-04-26T18:18:29Z</time>
   </trkpt>
   <trkpt lat="47.2534220" lon="11.3675320">
    <ele>577.1</ele>
    <time>2026-04-26T18:18:30Z</time>
   </trkpt>
   <trkpt lat="47.2534150" lon="11.3675810">
    <ele>577.1</ele>
    <time>2026-04-26T18:18:31Z</time>
   </trkpt>
   <trkpt lat="47.2534100" lon="11.3675980">
    <ele>577.1</ele>
    <time>2026-04-26T18:18:32Z</time>
   </trkpt>
   <trkpt lat="47.2533990" lon="11.3676500">
    <ele>577.1</ele>
    <time>2026-04-26T18:18:33Z</time>
   </trkpt>
   <trkpt lat="47.2533970" lon="11.3676700">
    <ele>577.1</ele>
    <time>2026-04-26T18:18:34Z</time>
   </trkpt>
   <trkpt lat="47.2533880" lon="11.3677010">
    <ele>577.1</ele>
    <time>2026-04-26T18:18:35Z</time>
   </trkpt>
   <trkpt lat="47.2533890" lon="11.3677360">
    <ele>577.1</ele>
    <time>2026-04-26T18:18:37Z</time>
   </trkpt>
   <trkpt lat="47.2534050" lon="11.3677750">
    <ele>577.1</ele>
    <time>2026-04-26T18:18:38Z</time>
   </trkpt>
   <trkpt lat="47.2534040" lon="11.3677900">
    <ele>577.1</ele>
    <time>2026-04-26T18:18:39Z</time>
   </trkpt>
   <trkpt lat="47.2534010" lon="11.3678450">
    <ele>577.1</ele>
    <time>2026-04-26T18:18:40Z</time>
   </trkpt>
   <trkpt lat="47.2533980" lon="11.3678670">
    <ele>577.1</ele>
    <time>2026-04-26T18:18:41Z</time>
   </trkpt>
   <trkpt lat="47.2533940" lon="11.3679110">
    <ele>577.1</ele>
    <time>2026-04-26T18:18:42Z</time>
   </trkpt>
   <trkpt lat="47.2533850" lon="11.3679530">
    <ele>577.1</ele>
    <time>2026-04-26T18:18:43Z</time>
   </trkpt>
   <trkpt lat="47.2533860" lon="11.3679700">
    <ele>577.1</ele>
    <time>2026-04-26T18:18:44Z</time>
   </trkpt>
   <trkpt lat="47.2533740" lon="11.3680080">
    <ele>577.1</ele>
    <time>2026-04-26T18:18:45Z</time>
   </trkpt>
   <trkpt lat="47.2533650" lon="11.3680490">
    <ele>577.1</ele>
    <time>2026-04-26T18:18:46Z</time>
   </trkpt>
   <trkpt lat="47.2533580" lon="11.3680950">
    <ele>577.0</ele>
    <time>2026-04-26T18:18:47Z</time>
   </trkpt>
   <trkpt lat="47.2533530" lon="11.3681140">
    <ele>577.0</ele>
    <time>2026-04-26T18:18:48Z</time>
   </trkpt>
   <trkpt lat="47.2533490" lon="11.3681610">
    <ele>577.0</ele>
    <time>2026-04-26T18:18:49Z</time>
   </trkpt>
   <trkpt lat="47.2533500" lon="11.3682180">
    <ele>577.0</ele>
    <time>2026-04-26T18:18:50Z</time>
   </trkpt>
   <trkpt lat="47.2533470" lon="11.3682380">
    <ele>577.0</ele>
    <time>2026-04-26T18:18:51Z</time>
   </trkpt>
   <trkpt lat="47.2533470" lon="11.3683150">
    <ele>577.0</ele>
    <time>2026-04-26T18:18:52Z</time>
   </trkpt>
   <trkpt lat="47.2533590" lon="11.3683600">
    <ele>577.0</ele>
    <time>2026-04-26T18:18:53Z</time>
   </trkpt>
   <trkpt lat="47.2533500" lon="11.3684060">
    <ele>577.0</ele>
    <time>2026-04-26T18:18:54Z</time>
   </trkpt>
   <trkpt lat="47.2533430" lon="11.3684170">
    <ele>577.0</ele>
    <time>2026-04-26T18:18:55Z</time>
   </trkpt>
   <trkpt lat="47.2533460" lon="11.3684640">
    <ele>577.0</ele>
    <time>2026-04-26T18:18:56Z</time>
   </trkpt>
   <trkpt lat="47.2533460" lon="11.3685010">
    <ele>577.0</ele>
    <time>2026-04-26T18:18:57Z</time>
   </trkpt>
   <trkpt lat="47.2533410" lon="11.3685220">
    <ele>577.0</ele>
    <time>2026-04-26T18:18:58Z</time>
   </trkpt>
   <trkpt lat="47.2533520" lon="11.3685790">
    <ele>577.0</ele>
    <time>2026-04-26T18:18:59Z</time>
   </trkpt>
   <trkpt lat="47.2533530" lon="11.3686210">
    <ele>577.0</ele>
    <time>2026-04-26T18:19:00Z</time>
   </trkpt>
   <trkpt lat="47.2533260" lon="11.3686560">
    <ele>577.0</ele>
    <time>2026-04-26T18:19:01Z</time>
   </trkpt>
   <trkpt lat="47.2533240" lon="11.3687060">
    <ele>577.0</ele>
    <time>2026-04-26T18:19:02Z</time>
   </trkpt>
   <trkpt lat="47.2533210" lon="11.3687220">
    <ele>577.0</ele>
    <time>2026-04-26T18:19:03Z</time>
   </trkpt>
   <trkpt lat="47.2533240" lon="11.3687700">
    <ele>577.0</ele>
    <time>2026-04-26T18:19:04Z</time>
   </trkpt>
   <trkpt lat="47.2533210" lon="11.3687890">
    <ele>577.0</ele>
    <time>2026-04-26T18:19:05Z</time>
   </trkpt>
   <trkpt lat="47.2533210" lon="11.3688360">
    <ele>577.0</ele>
    <time>2026-04-26T18:19:06Z</time>
   </trkpt>
   <trkpt lat="47.2533190" lon="11.3688850">
    <ele>577.0</ele>
    <time>2026-04-26T18:19:07Z</time>
   </trkpt>
   <trkpt lat="47.2533180" lon="11.3688970">
    <ele>577.0</ele>
    <time>2026-04-26T18:19:08Z</time>
   </trkpt>
   <trkpt lat="47.2533280" lon="11.3689600">
    <ele>577.0</ele>
    <time>2026-04-26T18:19:09Z</time>
   </trkpt>
   <trkpt lat="47.2533220" lon="11.3690020">
    <ele>577.0</ele>
    <time>2026-04-26T18:19:10Z</time>
   </trkpt>
   <trkpt lat="47.2533280" lon="11.3690440">
    <ele>577.0</ele>
    <time>2026-04-26T18:19:11Z</time>
   </trkpt>
   <trkpt lat="47.2533290" lon="11.3690840">
    <ele>577.0</ele>
    <time>2026-04-26T18:19:12Z</time>
   </trkpt>
   <trkpt lat="47.2533250" lon="11.3691250">
    <ele>577.0</ele>
    <time>2026-04-26T18:19:13Z</time>
   </trkpt>
   <trkpt lat="47.2533290" lon="11.3691800">
    <ele>577.0</ele>
    <time>2026-04-26T18:19:14Z</time>
   </trkpt>
   <trkpt lat="47.2533350" lon="11.3692030">
    <ele>577.0</ele>
    <time>2026-04-26T18:19:15Z</time>
   </trkpt>
   <trkpt lat="47.2533360" lon="11.3692480">
    <ele>577.0</ele>
    <time>2026-04-26T18:19:16Z</time>
   </trkpt>
   <trkpt lat="47.2533220" lon="11.3692820">
    <ele>577.0</ele>
    <time>2026-04-26T18:19:17Z</time>
   </trkpt>
   <trkpt lat="47.2533210" lon="11.3693250">
    <ele>577.0</ele>
    <time>2026-04-26T18:19:18Z</time>
   </trkpt>
   <trkpt lat="47.2533240" lon="11.3693690">
    <ele>577.0</ele>
    <time>2026-04-26T18:19:19Z</time>
   </trkpt>
   <trkpt lat="47.2533290" lon="11.3694110">
    <ele>577.0</ele>
    <time>2026-04-26T18:19:20Z</time>
   </trkpt>
   <trkpt lat="47.2533340" lon="11.3694300">
    <ele>577.0</ele>
    <time>2026-04-26T18:19:21Z</time>
   </trkpt>
   <trkpt lat="47.2533380" lon="11.3694770">
    <ele>576.9</ele>
    <time>2026-04-26T18:19:22Z</time>
   </trkpt>
   <trkpt lat="47.2533430" lon="11.3695410">
    <ele>576.9</ele>
    <time>2026-04-26T18:19:23Z</time>
   </trkpt>
   <trkpt lat="47.2533420" lon="11.3695700">
    <ele>576.9</ele>
    <time>2026-04-26T18:19:24Z</time>
   </trkpt>
   <trkpt lat="47.2533460" lon="11.3696210">
    <ele>576.9</ele>
    <time>2026-04-26T18:19:25Z</time>
   </trkpt>
   <trkpt lat="47.2533480" lon="11.3696390">
    <ele>576.9</ele>
    <time>2026-04-26T18:19:26Z</time>
   </trkpt>
   <trkpt lat="47.2533520" lon="11.3696790">
    <ele>576.9</ele>
    <time>2026-04-26T18:19:27Z</time>
   </trkpt>
   <trkpt lat="47.2533520" lon="11.3697350">
    <ele>576.9</ele>
    <time>2026-04-26T18:19:28Z</time>
   </trkpt>
   <trkpt lat="47.2533560" lon="11.3697570">
    <ele>576.9</ele>
    <time>2026-04-26T18:19:29Z</time>
   </trkpt>
   <trkpt lat="47.2533710" lon="11.3697940">
    <ele>576.9</ele>
    <time>2026-04-26T18:19:30Z</time>
   </trkpt>
   <trkpt lat="47.2533690" lon="11.3698430">
    <ele>576.9</ele>
    <time>2026-04-26T18:19:31Z</time>
   </trkpt>
   <trkpt lat="47.2533740" lon="11.3698610">
    <ele>576.9</ele>
    <time>2026-04-26T18:19:32Z</time>
   </trkpt>
   <trkpt lat="47.2533810" lon="11.3699060">
    <ele>576.9</ele>
    <time>2026-04-26T18:19:33Z</time>
   </trkpt>
   <trkpt lat="47.2533850" lon="11.3699470">
    <ele>576.9</ele>
    <time>2026-04-26T18:19:34Z</time>
   </trkpt>
   <trkpt lat="47.2533850" lon="11.3699630">
    <ele>576.9</ele>
    <time>2026-04-26T18:19:35Z</time>
   </trkpt>
   <trkpt lat="47.2533980" lon="11.3700160">
    <ele>576.9</ele>
    <time>2026-04-26T18:19:36Z</time>
   </trkpt>
   <trkpt lat="47.2534040" lon="11.3700320">
    <ele>576.9</ele>
    <time>2026-04-26T18:19:37Z</time>
   </trkpt>
   <trkpt lat="47.2534050" lon="11.3700840">
    <ele>576.9</ele>
    <time>2026-04-26T18:19:38Z</time>
   </trkpt>
   <trkpt lat="47.2534090" lon="11.3701010">
    <ele>576.9</ele>
    <time>2026-04-26T18:19:39Z</time>
   </trkpt>
   <trkpt lat="47.2534240" lon="11.3701520">
    <ele>576.9</ele>
    <time>2026-04-26T18:19:40Z</time>
   </trkpt>
   <trkpt lat="47.2534280" lon="11.3701720">
    <ele>576.9</ele>
    <time>2026-04-26T18:19:41Z</time>
   </trkpt>
   <trkpt lat="47.2534340" lon="11.3702370">
    <ele>576.9</ele>
    <time>2026-04-26T18:19:42Z</time>
   </trkpt>
   <trkpt lat="47.2534380" lon="11.3702640">
    <ele>576.9</ele>
    <time>2026-04-26T18:19:43Z</time>
   </trkpt>
   <trkpt lat="47.2534470" lon="11.3702950">
    <ele>576.9</ele>
    <time>2026-04-26T18:19:44Z</time>
   </trkpt>
   <trkpt lat="47.2534580" lon="11.3703080">
    <ele>576.9</ele>
    <time>2026-04-26T18:19:45Z</time>
   </trkpt>
   <trkpt lat="47.2534600" lon="11.3703540">
    <ele>576.9</ele>
    <time>2026-04-26T18:19:46Z</time>
   </trkpt>
   <trkpt lat="47.2534660" lon="11.3703740">
    <ele>576.9</ele>
    <time>2026-04-26T18:19:47Z</time>
   </trkpt>
   <trkpt lat="47.2534760" lon="11.3704180">
    <ele>576.9</ele>
    <time>2026-04-26T18:19:48Z</time>
   </trkpt>
   <trkpt lat="47.2534780" lon="11.3704660">
    <ele>576.8</ele>
    <time>2026-04-26T18:19:49Z</time>
   </trkpt>
   <trkpt lat="47.2534680" lon="11.3705120">
    <ele>576.8</ele>
    <time>2026-04-26T18:19:50Z</time>
   </trkpt>
   <trkpt lat="47.2534830" lon="11.3705550">
    <ele>576.8</ele>
    <time>2026-04-26T18:19:51Z</time>
   </trkpt>
   <trkpt lat="47.2534860" lon="11.3705710">
    <ele>576.8</ele>
    <time>2026-04-26T18:19:52Z</time>
   </trkpt>
   <trkpt lat="47.2534900" lon="11.3706300">
    <ele>576.8</ele>
    <time>2026-04-26T18:19:53Z</time>
   </trkpt>
   <trkpt lat="47.2534970" lon="11.3706520">
    <ele>576.8</ele>
    <time>2026-04-26T18:19:54Z</time>
   </trkpt>
   <trkpt lat="47.2535100" lon="11.3706920">
    <ele>576.8</ele>
    <time>2026-04-26T18:19:55Z</time>
   </trkpt>
   <trkpt lat="47.2535160" lon="11.3706980">
    <ele>576.8</ele>
    <time>2026-04-26T18:19:56Z</time>
   </trkpt>
   <trkpt lat="47.2535280" lon="11.3707490">
    <ele>576.8</ele>
    <time>2026-04-26T18:19:57Z</time>
   </trkpt>
   <trkpt lat="47.2535350" lon="11.3707640">
    <ele>576.8</ele>
    <time>2026-04-26T18:19:58Z</time>
   </trkpt>
   <trkpt lat="47.2535450" lon="11.3708140">
    <ele>576.8</ele>
    <time>2026-04-26T18:19:59Z</time>
   </trkpt>
   <trkpt lat="47.2535460" lon="11.3708340">
    <ele>576.8</ele>
    <time>2026-04-26T18:20:00Z</time>
   </trkpt>
   <trkpt lat="47.2535510" lon="11.3708860">
    <ele>576.8</ele>
    <time>2026-04-26T18:20:01Z</time>
   </trkpt>
   <trkpt lat="47.2535610" lon="11.3709010">
    <ele>576.8</ele>
    <time>2026-04-26T18:20:02Z</time>
   </trkpt>
   <trkpt lat="47.2535670" lon="11.3709600">
    <ele>576.7</ele>
    <time>2026-04-26T18:20:03Z</time>
   </trkpt>
   <trkpt lat="47.2535690" lon="11.3709830">
    <ele>576.7</ele>
    <time>2026-04-26T18:20:04Z</time>
   </trkpt>
   <trkpt lat="47.2535760" lon="11.3710320">
    <ele>576.7</ele>
    <time>2026-04-26T18:20:05Z</time>
   </trkpt>
   <trkpt lat="47.2535930" lon="11.3710640">
    <ele>576.7</ele>
    <time>2026-04-26T18:20:06Z</time>
   </trkpt>
   <trkpt lat="47.2536070" lon="11.3711140">
    <ele>576.7</ele>
    <time>2026-04-26T18:20:07Z</time>
   </trkpt>
   <trkpt lat="47.2536130" lon="11.3711270">
    <ele>576.7</ele>
    <time>2026-04-26T18:20:08Z</time>
   </trkpt>
   <trkpt lat="47.2536290" lon="11.3711630">
    <ele>576.7</ele>
    <time>2026-04-26T18:20:09Z</time>
   </trkpt>
   <trkpt lat="47.2536310" lon="11.3712070">
    <ele>576.7</ele>
    <time>2026-04-26T18:20:10Z</time>
   </trkpt>
   <trkpt lat="47.2536310" lon="11.3712280">
    <ele>576.7</ele>
    <time>2026-04-26T18:20:11Z</time>
   </trkpt>
   <trkpt lat="47.2536410" lon="11.3712700">
    <ele>576.7</ele>
    <time>2026-04-26T18:20:12Z</time>
   </trkpt>
   <trkpt lat="47.2536510" lon="11.3712950">
    <ele>576.7</ele>
    <time>2026-04-26T18:20:13Z</time>
   </trkpt>
   <trkpt lat="47.2536590" lon="11.3713170">
    <ele>576.7</ele>
    <time>2026-04-26T18:20:14Z</time>
   </trkpt>
   <trkpt lat="47.2536720" lon="11.3713560">
    <ele>576.7</ele>
    <time>2026-04-26T18:20:15Z</time>
   </trkpt>
   <trkpt lat="47.2536920" lon="11.3714030">
    <ele>576.7</ele>
    <time>2026-04-26T18:20:16Z</time>
   </trkpt>
   <trkpt lat="47.2536940" lon="11.3714210">
    <ele>576.7</ele>
    <time>2026-04-26T18:20:17Z</time>
   </trkpt>
   <trkpt lat="47.2537060" lon="11.3714710">
    <ele>576.7</ele>
    <time>2026-04-26T18:20:18Z</time>
   </trkpt>
   <trkpt lat="47.2537090" lon="11.3714880">
    <ele>576.7</ele>
    <time>2026-04-26T18:20:19Z</time>
   </trkpt>
   <trkpt lat="47.2537290" lon="11.3715300">
    <ele>576.7</ele>
    <time>2026-04-26T18:20:20Z</time>
   </trkpt>
   <trkpt lat="47.2537390" lon="11.3715740">
    <ele>576.7</ele>
    <time>2026-04-26T18:20:21Z</time>
   </trkpt>
   <trkpt lat="47.2537480" lon="11.3716140">
    <ele>576.7</ele>
    <time>2026-04-26T18:20:22Z</time>
   </trkpt>
   <trkpt lat="47.2537470" lon="11.3716270">
    <ele>576.7</ele>
    <time>2026-04-26T18:20:23Z</time>
   </trkpt>
   <trkpt lat="47.2537680" lon="11.3716610">
    <ele>576.6</ele>
    <time>2026-04-26T18:20:24Z</time>
   </trkpt>
   <trkpt lat="47.2537790" lon="11.3717040">
    <ele>576.6</ele>
    <time>2026-04-26T18:20:25Z</time>
   </trkpt>
   <trkpt lat="47.2537960" lon="11.3717390">
    <ele>576.6</ele>
    <time>2026-04-26T18:20:26Z</time>
   </trkpt>
   <trkpt lat="47.2538240" lon="11.3717380">
    <ele>576.6</ele>
    <time>2026-04-26T18:20:27Z</time>
   </trkpt>
   <trkpt lat="47.2538290" lon="11.3717960">
    <ele>576.6</ele>
    <time>2026-04-26T18:20:28Z</time>
   </trkpt>
   <trkpt lat="47.2538310" lon="11.3718410">
    <ele>576.6</ele>
    <time>2026-04-26T18:20:29Z</time>
   </trkpt>
   <trkpt lat="47.2538350" lon="11.3718620">
    <ele>576.6</ele>
    <time>2026-04-26T18:20:30Z</time>
   </trkpt>
   <trkpt lat="47.2538580" lon="11.3718990">
    <ele>576.6</ele>
    <time>2026-04-26T18:20:31Z</time>
   </trkpt>
   <trkpt lat="47.2538690" lon="11.3719130">
    <ele>576.6</ele>
    <time>2026-04-26T18:20:32Z</time>
   </trkpt>
   <trkpt lat="47.2538920" lon="11.3719360">
    <ele>576.6</ele>
    <time>2026-04-26T18:20:33Z</time>
   </trkpt>
   <trkpt lat="47.2539150" lon="11.3719810">
    <ele>576.7</ele>
    <time>2026-04-26T18:20:34Z</time>
   </trkpt>
   <trkpt lat="47.2539200" lon="11.3720020">
    <ele>576.7</ele>
    <time>2026-04-26T18:20:35Z</time>
   </trkpt>
   <trkpt lat="47.2539370" lon="11.3720400">
    <ele>576.7</ele>
    <time>2026-04-26T18:20:36Z</time>
   </trkpt>
   <trkpt lat="47.2539430" lon="11.3720540">
    <ele>576.7</ele>
    <time>2026-04-26T18:20:37Z</time>
   </trkpt>
   <trkpt lat="47.2539580" lon="11.3720880">
    <ele>576.8</ele>
    <time>2026-04-26T18:20:38Z</time>
   </trkpt>
   <trkpt lat="47.2539770" lon="11.3721170">
    <ele>576.8</ele>
    <time>2026-04-26T18:20:39Z</time>
   </trkpt>
   <trkpt lat="47.2539830" lon="11.3721580">
    <ele>576.8</ele>
    <time>2026-04-26T18:20:40Z</time>
   </trkpt>
   <trkpt lat="47.2539840" lon="11.3721720">
    <ele>576.9</ele>
    <time>2026-04-26T18:20:41Z</time>
   </trkpt>
   <trkpt lat="47.2540040" lon="11.3722130">
    <ele>576.9</ele>
    <time>2026-04-26T18:20:43Z</time>
   </trkpt>
   <trkpt lat="47.2540110" lon="11.3722230">
    <ele>576.9</ele>
    <time>2026-04-26T18:20:44Z</time>
   </trkpt>
   <trkpt lat="47.2540450" lon="11.3722540">
    <ele>577.0</ele>
    <time>2026-04-26T18:20:45Z</time>
   </trkpt>
   <trkpt lat="47.2540560" lon="11.3722640">
    <ele>577.0</ele>
    <time>2026-04-26T18:20:46Z</time>
   </trkpt>
   <trkpt lat="47.2540770" lon="11.3723010">
    <ele>577.1</ele>
    <time>2026-04-26T18:20:47Z</time>
   </trkpt>
   <trkpt lat="47.2540820" lon="11.3723170">
    <ele>577.1</ele>
    <time>2026-04-26T18:20:48Z</time>
   </trkpt>
   <trkpt lat="47.2541000" lon="11.3723480">
    <ele>577.2</ele>
    <time>2026-04-26T18:20:49Z</time>
   </trkpt>
   <trkpt lat="47.2541170" lon="11.3723810">
    <ele>577.2</ele>
    <time>2026-04-26T18:20:50Z</time>
   </trkpt>
   <trkpt lat="47.2541230" lon="11.3723970">
    <ele>577.2</ele>
    <time>2026-04-26T18:20:51Z</time>
   </trkpt>
   <trkpt lat="47.2541560" lon="11.3724220">
    <ele>577.3</ele>
    <time>2026-04-26T18:20:52Z</time>
   </trkpt>
   <trkpt lat="47.2541720" lon="11.3724280">
    <ele>577.3</ele>
    <time>2026-04-26T18:20:53Z</time>
   </trkpt>
   <trkpt lat="47.2541890" lon="11.3724810">
    <ele>577.4</ele>
    <time>2026-04-26T18:20:54Z</time>
   </trkpt>
   <trkpt lat="47.2542040" lon="11.3725060">
    <ele>577.4</ele>
    <time>2026-04-26T18:20:55Z</time>
   </trkpt>
   <trkpt lat="47.2542080" lon="11.3725260">
    <ele>577.4</ele>
    <time>2026-04-26T18:20:56Z</time>
   </trkpt>
   <trkpt lat="47.2542470" lon="11.3725720">
    <ele>577.4</ele>
    <time>2026-04-26T18:20:57Z</time>
   </trkpt>
   <trkpt lat="47.2542570" lon="11.3725840">
    <ele>577.4</ele>
    <time>2026-04-26T18:20:58Z</time>
   </trkpt>
   <trkpt lat="47.2542590" lon="11.3726220">
    <ele>577.5</ele>
    <time>2026-04-26T18:20:59Z</time>
   </trkpt>
   <trkpt lat="47.2542670" lon="11.3726440">
    <ele>577.5</ele>
    <time>2026-04-26T18:21:00Z</time>
   </trkpt>
   <trkpt lat="47.2542790" lon="11.3726610">
    <ele>577.5</ele>
    <time>2026-04-26T18:21:01Z</time>
   </trkpt>
   <trkpt lat="47.2543010" lon="11.3727010">
    <ele>577.5</ele>
    <time>2026-04-26T18:21:02Z</time>
   </trkpt>
   <trkpt lat="47.2543110" lon="11.3727160">
    <ele>577.5</ele>
    <time>2026-04-26T18:21:03Z</time>
   </trkpt>
   <trkpt lat="47.2543370" lon="11.3727630">
    <ele>577.4</ele>
    <time>2026-04-26T18:21:04Z</time>
   </trkpt>
   <trkpt lat="47.2543500" lon="11.3727790">
    <ele>577.4</ele>
    <time>2026-04-26T18:21:05Z</time>
   </trkpt>
   <trkpt lat="47.2543750" lon="11.3728070">
    <ele>577.4</ele>
    <time>2026-04-26T18:21:06Z</time>
   </trkpt>
   <trkpt lat="47.2543920" lon="11.3728130">
    <ele>577.4</ele>
    <time>2026-04-26T18:21:07Z</time>
   </trkpt>
   <trkpt lat="47.2544130" lon="11.3728400">
    <ele>577.4</ele>
    <time>2026-04-26T18:21:08Z</time>
   </trkpt>
   <trkpt lat="47.2544330" lon="11.3728760">
    <ele>577.4</ele>
    <time>2026-04-26T18:21:09Z</time>
   </trkpt>
   <trkpt lat="47.2544540" lon="11.3729150">
    <ele>577.4</ele>
    <time>2026-04-26T18:21:10Z</time>
   </trkpt>
   <trkpt lat="47.2544620" lon="11.3729320">
    <ele>577.4</ele>
    <time>2026-04-26T18:21:11Z</time>
   </trkpt>
   <trkpt lat="47.2544800" lon="11.3729710">
    <ele>577.4</ele>
    <time>2026-04-26T18:21:12Z</time>
   </trkpt>
   <trkpt lat="47.2545040" lon="11.3730110">
    <ele>577.4</ele>
    <time>2026-04-26T18:21:13Z</time>
   </trkpt>
   <trkpt lat="47.2545150" lon="11.3730210">
    <ele>577.4</ele>
    <time>2026-04-26T18:21:14Z</time>
   </trkpt>
   <trkpt lat="47.2545400" lon="11.3730490">
    <ele>577.4</ele>
    <time>2026-04-26T18:21:15Z</time>
   </trkpt>
   <trkpt lat="47.2545440" lon="11.3730760">
    <ele>577.4</ele>
    <time>2026-04-26T18:21:16Z</time>
   </trkpt>
   <trkpt lat="47.2545560" lon="11.3730940">
    <ele>577.4</ele>
    <time>2026-04-26T18:21:17Z</time>
   </trkpt>
   <trkpt lat="47.2545860" lon="11.3731220">
    <ele>577.4</ele>
    <time>2026-04-26T18:21:18Z</time>
   </trkpt>
   <trkpt lat="47.2546000" lon="11.3731320">
    <ele>577.4</ele>
    <time>2026-04-26T18:21:19Z</time>
   </trkpt>
   <trkpt lat="47.2546120" lon="11.3731460">
    <ele>577.4</ele>
    <time>2026-04-26T18:21:20Z</time>
   </trkpt>
   <trkpt lat="47.2546400" lon="11.3731770">
    <ele>577.4</ele>
    <time>2026-04-26T18:21:21Z</time>
   </trkpt>
   <trkpt lat="47.2546510" lon="11.3731870">
    <ele>577.4</ele>
    <time>2026-04-26T18:21:22Z</time>
   </trkpt>
   <trkpt lat="47.2546660" lon="11.3732280">
    <ele>577.3</ele>
    <time>2026-04-26T18:21:23Z</time>
   </trkpt>
   <trkpt lat="47.2546610" lon="11.3732430">
    <ele>577.3</ele>
    <time>2026-04-26T18:21:24Z</time>
   </trkpt>
   <trkpt lat="47.2546940" lon="11.3732830">
    <ele>577.3</ele>
    <time>2026-04-26T18:21:25Z</time>
   </trkpt>
   <trkpt lat="47.2547070" lon="11.3732970">
    <ele>577.3</ele>
    <time>2026-04-26T18:21:26Z</time>
   </trkpt>
   <trkpt lat="47.2547200" lon="11.3733370">
    <ele>577.3</ele>
    <time>2026-04-26T18:21:27Z</time>
   </trkpt>
   <trkpt lat="47.2547260" lon="11.3733530">
    <ele>577.3</ele>
    <time>2026-04-26T18:21:28Z</time>
   </trkpt>
   <trkpt lat="47.2547490" lon="11.3733860">
    <ele>577.3</ele>
    <time>2026-04-26T18:21:29Z</time>
   </trkpt>
   <trkpt lat="47.2547600" lon="11.3733930">
    <ele>577.3</ele>
    <time>2026-04-26T18:21:30Z</time>
   </trkpt>
   <trkpt lat="47.2547960" lon="11.3734150">
    <ele>577.3</ele>
    <time>2026-04-26T18:21:31Z</time>
   </trkpt>
   <trkpt lat="47.2548080" lon="11.3734230">
    <ele>577.3</ele>
    <time>2026-04-26T18:21:32Z</time>
   </trkpt>
   <trkpt lat="47.2548370" lon="11.3734460">
    <ele>577.3</ele>
    <time>2026-04-26T18:21:33Z</time>
   </trkpt>
   <trkpt lat="47.2548450" lon="11.3734530">
    <ele>577.3</ele>
    <time>2026-04-26T18:21:34Z</time>
   </trkpt>
   <trkpt lat="47.2548710" lon="11.3734960">
    <ele>577.3</ele>
    <time>2026-04-26T18:21:35Z</time>
   </trkpt>
   <trkpt lat="47.2548830" lon="11.3735100">
    <ele>577.3</ele>
    <time>2026-04-26T18:21:36Z</time>
   </trkpt>
   <trkpt lat="47.2549060" lon="11.3735390">
    <ele>577.3</ele>
    <time>2026-04-26T18:21:37Z</time>
   </trkpt>
   <trkpt lat="47.2549130" lon="11.3735430">
    <ele>577.3</ele>
    <time>2026-04-26T18:21:38Z</time>
   </trkpt>
   <trkpt lat="47.2549350" lon="11.3735870">
    <ele>577.3</ele>
    <time>2026-04-26T18:21:39Z</time>
   </trkpt>
   <trkpt lat="47.2549450" lon="11.3736000">
    <ele>577.3</ele>
    <time>2026-04-26T18:21:40Z</time>
   </trkpt>
   <trkpt lat="47.2549730" lon="11.3736280">
    <ele>577.2</ele>
    <time>2026-04-26T18:21:41Z</time>
   </trkpt>
   <trkpt lat="47.2549830" lon="11.3736410">
    <ele>577.2</ele>
    <time>2026-04-26T18:21:42Z</time>
   </trkpt>
   <trkpt lat="47.2549950" lon="11.3736500">
    <ele>577.2</ele>
    <time>2026-04-26T18:21:43Z</time>
   </trkpt>
   <trkpt lat="47.2550070" lon="11.3736760">
    <ele>577.2</ele>
    <time>2026-04-26T18:21:44Z</time>
   </trkpt>
   <trkpt lat="47.2550240" lon="11.3737100">
    <ele>577.2</ele>
    <time>2026-04-26T18:21:45Z</time>
   </trkpt>
   <trkpt lat="47.2550470" lon="11.3737430">
    <ele>577.2</ele>
    <time>2026-04-26T18:21:46Z</time>
   </trkpt>
   <trkpt lat="47.2550560" lon="11.3737540">
    <ele>577.2</ele>
    <time>2026-04-26T18:21:47Z</time>
   </trkpt>
   <trkpt lat="47.2550780" lon="11.3737780">
    <ele>577.2</ele>
    <time>2026-04-26T18:21:48Z</time>
   </trkpt>
   <trkpt lat="47.2551170" lon="11.3737830">
    <ele>577.2</ele>
    <time>2026-04-26T18:21:49Z</time>
   </trkpt>
   <trkpt lat="47.2551310" lon="11.3738300">
    <ele>577.2</ele>
    <time>2026-04-26T18:21:50Z</time>
   </trkpt>
   <trkpt lat="47.2551370" lon="11.3738400">
    <ele>577.2</ele>
    <time>2026-04-26T18:21:51Z</time>
   </trkpt>
   <trkpt lat="47.2551650" lon="11.3738720">
    <ele>577.2</ele>
    <time>2026-04-26T18:21:52Z</time>
   </trkpt>
   <trkpt lat="47.2551780" lon="11.3738830">
    <ele>577.2</ele>
    <time>2026-04-26T18:21:53Z</time>
   </trkpt>
   <trkpt lat="47.2551940" lon="11.3739200">
    <ele>577.2</ele>
    <time>2026-04-26T18:21:54Z</time>
   </trkpt>
   <trkpt lat="47.2552070" lon="11.3739380">
    <ele>577.2</ele>
    <time>2026-04-26T18:21:55Z</time>
   </trkpt>
   <trkpt lat="47.2552430" lon="11.3739590">
    <ele>577.2</ele>
    <time>2026-04-26T18:21:56Z</time>
   </trkpt>
   <trkpt lat="47.2552510" lon="11.3740020">
    <ele>577.2</ele>
    <time>2026-04-26T18:21:57Z</time>
   </trkpt>
   <trkpt lat="47.2552590" lon="11.3740130">
    <ele>577.2</ele>
    <time>2026-04-26T18:21:58Z</time>
   </trkpt>
   <trkpt lat="47.2552770" lon="11.3740330">
    <ele>577.2</ele>
    <time>2026-04-26T18:21:59Z</time>
   </trkpt>
   <trkpt lat="47.2552920" lon="11.3740470">
    <ele>577.2</ele>
    <time>2026-04-26T18:22:00Z</time>
   </trkpt>
   <trkpt lat="47.2553060" lon="11.3740600">
    <ele>577.2</ele>
    <time>2026-04-26T18:22:01Z</time>
   </trkpt>
   <trkpt lat="47.2553270" lon="11.3740910">
    <ele>577.2</ele>
    <time>2026-04-26T18:22:02Z</time>
   </trkpt>
   <trkpt lat="47.2553590" lon="11.3741190">
    <ele>577.2</ele>
    <time>2026-04-26T18:22:03Z</time>
   </trkpt>
   <trkpt lat="47.2553660" lon="11.3741340">
    <ele>577.2</ele>
    <time>2026-04-26T18:22:04Z</time>
   </trkpt>
   <trkpt lat="47.2553720" lon="11.3741560">
    <ele>577.2</ele>
    <time>2026-04-26T18:22:05Z</time>
   </trkpt>
   <trkpt lat="47.2553900" lon="11.3741720">
    <ele>577.2</ele>
    <time>2026-04-26T18:22:06Z</time>
   </trkpt>
   <trkpt lat="47.2554150" lon="11.3741940">
    <ele>577.2</ele>
    <time>2026-04-26T18:22:07Z</time>
   </trkpt>
   <trkpt lat="47.2554460" lon="11.3742250">
    <ele>577.2</ele>
    <time>2026-04-26T18:22:08Z</time>
   </trkpt>
   <trkpt lat="47.2554720" lon="11.3742380">
    <ele>577.2</ele>
    <time>2026-04-26T18:22:09Z</time>
   </trkpt>
   <trkpt lat="47.2555060" lon="11.3742680">
    <ele>577.2</ele>
    <time>2026-04-26T18:22:10Z</time>
   </trkpt>
   <trkpt lat="47.2555220" lon="11.3742790">
    <ele>577.2</ele>
    <time>2026-04-26T18:22:11Z</time>
   </trkpt>
   <trkpt lat="47.2555580" lon="11.3743000">
    <ele>577.2</ele>
    <time>2026-04-26T18:22:12Z</time>
   </trkpt>
   <trkpt lat="47.2555750" lon="11.3743400">
    <ele>577.2</ele>
    <time>2026-04-26T18:22:13Z</time>
   </trkpt>
   <trkpt lat="47.2555840" lon="11.3743530">
    <ele>577.2</ele>
    <time>2026-04-26T18:22:14Z</time>
   </trkpt>
   <trkpt lat="47.2556100" lon="11.3743700">
    <ele>577.2</ele>
    <time>2026-04-26T18:22:15Z</time>
   </trkpt>
   <trkpt lat="47.2556390" lon="11.3743920">
    <ele>577.2</ele>
    <time>2026-04-26T18:22:16Z</time>
   </trkpt>
   <trkpt lat="47.2556730" lon="11.3744210">
    <ele>577.2</ele>
    <time>2026-04-26T18:22:17Z</time>
   </trkpt>
   <trkpt lat="47.2556900" lon="11.3744510">
    <ele>577.2</ele>
    <time>2026-04-26T18:22:18Z</time>
   </trkpt>
   <trkpt lat="47.2557010" lon="11.3744630">
    <ele>577.2</ele>
    <time>2026-04-26T18:22:19Z</time>
   </trkpt>
   <trkpt lat="47.2557300" lon="11.3744840">
    <ele>577.2</ele>
    <time>2026-04-26T18:22:20Z</time>
   </trkpt>
   <trkpt lat="47.2557570" lon="11.3744780">
    <ele>577.2</ele>
    <time>2026-04-26T18:22:21Z</time>
   </trkpt>
   <trkpt lat="47.2557560" lon="11.3745090">
    <ele>577.2</ele>
    <time>2026-04-26T18:22:22Z</time>
   </trkpt>
   <trkpt lat="47.2557530" lon="11.3745260">
    <ele>577.2</ele>
    <time>2026-04-26T18:22:23Z</time>
   </trkpt>
   <trkpt lat="47.2557890" lon="11.3745380">
    <ele>577.2</ele>
    <time>2026-04-26T18:22:24Z</time>
   </trkpt>
   <trkpt lat="47.2558200" lon="11.3745540">
    <ele>577.2</ele>
    <time>2026-04-26T18:22:25Z</time>
   </trkpt>
   <trkpt lat="47.2558320" lon="11.3745900">
    <ele>577.2</ele>
    <time>2026-04-26T18:22:26Z</time>
   </trkpt>
   <trkpt lat="47.2558720" lon="11.3745930">
    <ele>577.2</ele>
    <time>2026-04-26T18:22:27Z</time>
   </trkpt>
   <trkpt lat="47.2559000" lon="11.3745990">
    <ele>577.2</ele>
    <time>2026-04-26T18:22:28Z</time>
   </trkpt>
   <trkpt lat="47.2559120" lon="11.3746100">
    <ele>577.2</ele>
    <time>2026-04-26T18:22:29Z</time>
   </trkpt>
   <trkpt lat="47.2559310" lon="11.3746430">
    <ele>577.2</ele>
    <time>2026-04-26T18:22:30Z</time>
   </trkpt>
   <trkpt lat="47.2559530" lon="11.3746680">
    <ele>577.2</ele>
    <time>2026-04-26T18:22:31Z</time>
   </trkpt>
   <trkpt lat="47.2559730" lon="11.3746890">
    <ele>577.2</ele>
    <time>2026-04-26T18:22:32Z</time>
   </trkpt>
   <trkpt lat="47.2559840" lon="11.3747020">
    <ele>577.2</ele>
    <time>2026-04-26T18:22:33Z</time>
   </trkpt>
   <trkpt lat="47.2560070" lon="11.3747320">
    <ele>577.2</ele>
    <time>2026-04-26T18:22:34Z</time>
   </trkpt>
   <trkpt lat="47.2560110" lon="11.3747410">
    <ele>577.2</ele>
    <time>2026-04-26T18:22:35Z</time>
   </trkpt>
   <trkpt lat="47.2560440" lon="11.3747580">
    <ele>577.2</ele>
    <time>2026-04-26T18:22:36Z</time>
   </trkpt>
   <trkpt lat="47.2560750" lon="11.3747930">
    <ele>577.1</ele>
    <time>2026-04-26T18:22:37Z</time>
   </trkpt>
   <trkpt lat="47.2560850" lon="11.3748050">
    <ele>577.1</ele>
    <time>2026-04-26T18:22:38Z</time>
   </trkpt>
   <trkpt lat="47.2561250" lon="11.3748150">
    <ele>577.1</ele>
    <time>2026-04-26T18:22:39Z</time>
   </trkpt>
   <trkpt lat="47.2561560" lon="11.3748460">
    <ele>577.1</ele>
    <time>2026-04-26T18:22:40Z</time>
   </trkpt>
   <trkpt lat="47.2561670" lon="11.3748560">
    <ele>577.1</ele>
    <time>2026-04-26T18:22:41Z</time>
   </trkpt>
   <trkpt lat="47.2562030" lon="11.3748760">
    <ele>577.1</ele>
    <time>2026-04-26T18:22:42Z</time>
   </trkpt>
   <trkpt lat="47.2562200" lon="11.3748850">
    <ele>577.1</ele>
    <time>2026-04-26T18:22:43Z</time>
   </trkpt>
   <trkpt lat="47.2562480" lon="11.3749280">
    <ele>577.1</ele>
    <time>2026-04-26T18:22:44Z</time>
   </trkpt>
   <trkpt lat="47.2562560" lon="11.3749490">
    <ele>577.1</ele>
    <time>2026-04-26T18:22:45Z</time>
   </trkpt>
   <trkpt lat="47.2562900" lon="11.3749760">
    <ele>577.1</ele>
    <time>2026-04-26T18:22:46Z</time>
   </trkpt>
   <trkpt lat="47.2563160" lon="11.3750120">
    <ele>577.1</ele>
    <time>2026-04-26T18:22:47Z</time>
   </trkpt>
   <trkpt lat="47.2563240" lon="11.3750280">
    <ele>577.1</ele>
    <time>2026-04-26T18:22:48Z</time>
   </trkpt>
   <trkpt lat="47.2563490" lon="11.3750550">
    <ele>577.1</ele>
    <time>2026-04-26T18:22:49Z</time>
   </trkpt>
   <trkpt lat="47.2563610" lon="11.3750840">
    <ele>577.1</ele>
    <time>2026-04-26T18:22:50Z</time>
   </trkpt>
   <trkpt lat="47.2563700" lon="11.3751020">
    <ele>577.1</ele>
    <time>2026-04-26T18:22:51Z</time>
   </trkpt>
   <trkpt lat="47.2563970" lon="11.3751300">
    <ele>577.1</ele>
    <time>2026-04-26T18:22:52Z</time>
   </trkpt>
   <trkpt lat="47.2564170" lon="11.3751590">
    <ele>577.1</ele>
    <time>2026-04-26T18:22:53Z</time>
   </trkpt>
   <trkpt lat="47.2564260" lon="11.3751760">
    <ele>577.1</ele>
    <time>2026-04-26T18:22:54Z</time>
   </trkpt>
   <trkpt lat="47.2564440" lon="11.3752060">
    <ele>577.1</ele>
    <time>2026-04-26T18:22:55Z</time>
   </trkpt>
   <trkpt lat="47.2564640" lon="11.3752370">
    <ele>577.1</ele>
    <time>2026-04-26T18:22:56Z</time>
   </trkpt>
   <trkpt lat="47.2564970" lon="11.3752480">
    <ele>577.1</ele>
    <time>2026-04-26T18:22:57Z</time>
   </trkpt>
   <trkpt lat="47.2565300" lon="11.3752640">
    <ele>577.1</ele>
    <time>2026-04-26T18:22:58Z</time>
   </trkpt>
   <trkpt lat="47.2565550" lon="11.3752870">
    <ele>577.1</ele>
    <time>2026-04-26T18:22:59Z</time>
   </trkpt>
   <trkpt lat="47.2565610" lon="11.3752950">
    <ele>577.1</ele>
    <time>2026-04-26T18:23:00Z</time>
   </trkpt>
   <trkpt lat="47.2566150" lon="11.3753510">
    <ele>577.1</ele>
    <time>2026-04-26T18:23:02Z</time>
   </trkpt>
   <trkpt lat="47.2566320" lon="11.3753820">
    <ele>577.1</ele>
    <time>2026-04-26T18:23:03Z</time>
   </trkpt>
   <trkpt lat="47.2566560" lon="11.3754020">
    <ele>577.1</ele>
    <time>2026-04-26T18:23:04Z</time>
   </trkpt>
   <trkpt lat="47.2566800" lon="11.3754300">
    <ele>577.1</ele>
    <time>2026-04-26T18:23:05Z</time>
   </trkpt>
   <trkpt lat="47.2566910" lon="11.3754410">
    <ele>577.1</ele>
    <time>2026-04-26T18:23:06Z</time>
   </trkpt>
   <trkpt lat="47.2567140" lon="11.3754690">
    <ele>577.1</ele>
    <time>2026-04-26T18:23:07Z</time>
   </trkpt>
   <trkpt lat="47.2567380" lon="11.3755010">
    <ele>577.1</ele>
    <time>2026-04-26T18:23:08Z</time>
   </trkpt>
   <trkpt lat="47.2567660" lon="11.3755350">
    <ele>577.1</ele>
    <time>2026-04-26T18:23:09Z</time>
   </trkpt>
   <trkpt lat="47.2567720" lon="11.3755460">
    <ele>577.1</ele>
    <time>2026-04-26T18:23:10Z</time>
   </trkpt>
   <trkpt lat="47.2567860" lon="11.3755760">
    <ele>577.1</ele>
    <time>2026-04-26T18:23:11Z</time>
   </trkpt>
   <trkpt lat="47.2568000" lon="11.3755890">
    <ele>577.1</ele>
    <time>2026-04-26T18:23:12Z</time>
   </trkpt>
   <trkpt lat="47.2568270" lon="11.3756070">
    <ele>577.1</ele>
    <time>2026-04-26T18:23:13Z</time>
   </trkpt>
   <trkpt lat="47.2568510" lon="11.3756360">
    <ele>577.0</ele>
    <time>2026-04-26T18:23:14Z</time>
   </trkpt>
   <trkpt lat="47.2568550" lon="11.3756530">
    <ele>577.0</ele>
    <time>2026-04-26T18:23:15Z</time>
   </trkpt>
   <trkpt lat="47.2568890" lon="11.3756830">
    <ele>577.0</ele>
    <time>2026-04-26T18:23:16Z</time>
   </trkpt>
   <trkpt lat="47.2569120" lon="11.3757100">
    <ele>577.0</ele>
    <time>2026-04-26T18:23:17Z</time>
   </trkpt>
   <trkpt lat="47.2569170" lon="11.3757210">
    <ele>577.0</ele>
    <time>2026-04-26T18:23:18Z</time>
   </trkpt>
   <trkpt lat="47.2569510" lon="11.3757330">
    <ele>577.0</ele>
    <time>2026-04-26T18:23:19Z</time>
   </trkpt>
   <trkpt lat="47.2569840" lon="11.3757660">
    <ele>577.0</ele>
    <time>2026-04-26T18:23:20Z</time>
   </trkpt>
   <trkpt lat="47.2570120" lon="11.3757980">
    <ele>577.0</ele>
    <time>2026-04-26T18:23:21Z</time>
   </trkpt>
   <trkpt lat="47.2570360" lon="11.3758110">
    <ele>577.0</ele>
    <time>2026-04-26T18:23:22Z</time>
   </trkpt>
   <trkpt lat="47.2570480" lon="11.3758040">
    <ele>577.0</ele>
    <time>2026-04-26T18:23:23Z</time>
   </trkpt>
   <trkpt lat="47.2570530" lon="11.3758660">
    <ele>577.0</ele>
    <time>2026-04-26T18:23:24Z</time>
   </trkpt>
   <trkpt lat="47.2571020" lon="11.3758590">
    <ele>577.1</ele>
    <time>2026-04-26T18:23:25Z</time>
   </trkpt>
   <trkpt lat="47.2571500" lon="11.3758840">
    <ele>577.1</ele>
    <time>2026-04-26T18:23:26Z</time>
   </trkpt>
   <trkpt lat="47.2571750" lon="11.3759020">
    <ele>577.1</ele>
    <time>2026-04-26T18:23:27Z</time>
   </trkpt>
   <trkpt lat="47.2571970" lon="11.3759410">
    <ele>577.1</ele>
    <time>2026-04-26T18:23:28Z</time>
   </trkpt>
   <trkpt lat="47.2572160" lon="11.3759770">
    <ele>577.1</ele>
    <time>2026-04-26T18:23:29Z</time>
   </trkpt>
   <trkpt lat="47.2572520" lon="11.3760000">
    <ele>577.2</ele>
    <time>2026-04-26T18:23:30Z</time>
   </trkpt>
   <trkpt lat="47.2572690" lon="11.3760330">
    <ele>577.2</ele>
    <time>2026-04-26T18:23:31Z</time>
   </trkpt>
   <trkpt lat="47.2573000" lon="11.3760730">
    <ele>577.3</ele>
    <time>2026-04-26T18:23:32Z</time>
   </trkpt>
   <trkpt lat="47.2573130" lon="11.3760880">
    <ele>577.3</ele>
    <time>2026-04-26T18:23:33Z</time>
   </trkpt>
   <trkpt lat="47.2573410" lon="11.3761060">
    <ele>577.3</ele>
    <time>2026-04-26T18:23:34Z</time>
   </trkpt>
   <trkpt lat="47.2573670" lon="11.3761290">
    <ele>577.4</ele>
    <time>2026-04-26T18:23:35Z</time>
   </trkpt>
   <trkpt lat="47.2573790" lon="11.3761320">
    <ele>577.4</ele>
    <time>2026-04-26T18:23:36Z</time>
   </trkpt>
   <trkpt lat="47.2573920" lon="11.3761500">
    <ele>577.4</ele>
    <time>2026-04-26T18:23:37Z</time>
   </trkpt>
   <trkpt lat="47.2574130" lon="11.3761890">
    <ele>577.4</ele>
    <time>2026-04-26T18:23:38Z</time>
   </trkpt>
   <trkpt lat="47.2574220" lon="11.3762050">
    <ele>577.4</ele>
    <time>2026-04-26T18:23:39Z</time>
   </trkpt>
   <trkpt lat="47.2574360" lon="11.3762390">
    <ele>577.4</ele>
    <time>2026-04-26T18:23:40Z</time>
   </trkpt>
   <trkpt lat="47.2574410" lon="11.3762510">
    <ele>577.4</ele>
    <time>2026-04-26T18:23:41Z</time>
   </trkpt>
   <trkpt lat="47.2574120" lon="11.3762630">
    <ele>577.4</ele>
    <time>2026-04-26T18:23:42Z</time>
   </trkpt>
   <trkpt lat="47.2574040" lon="11.3762580">
    <ele>577.4</ele>
    <time>2026-04-26T18:23:43Z</time>
   </trkpt>
   <trkpt lat="47.2573820" lon="11.3762780">
    <ele>577.4</ele>
    <time>2026-04-26T18:23:44Z</time>
   </trkpt>
   <trkpt lat="47.2573820" lon="11.3762840">
    <ele>577.4</ele>
    <time>2026-04-26T18:23:45Z</time>
   </trkpt>
   <trkpt lat="47.2573700" lon="11.3763080">
    <ele>577.5</ele>
    <time>2026-04-26T18:23:46Z</time>
   </trkpt>
   <trkpt lat="47.2573620" lon="11.3763280">
    <ele>577.5</ele>
    <time>2026-04-26T18:23:47Z</time>
   </trkpt>
   <trkpt lat="47.2573520" lon="11.3763680">
    <ele>577.5</ele>
    <time>2026-04-26T18:23:48Z</time>
   </trkpt>
   <trkpt lat="47.2573490" lon="11.3763890">
    <ele>577.5</ele>
    <time>2026-04-26T18:23:49Z</time>
   </trkpt>
   <trkpt lat="47.2573370" lon="11.3764100">
    <ele>577.5</ele>
    <time>2026-04-26T18:23:50Z</time>
   </trkpt>
   <trkpt lat="47.2573280" lon="11.3764330">
    <ele>577.5</ele>
    <time>2026-04-26T18:23:51Z</time>
   </trkpt>
   <trkpt lat="47.2572970" lon="11.3764560">
    <ele>577.5</ele>
    <time>2026-04-26T18:23:52Z</time>
   </trkpt>
   <trkpt lat="47.2572850" lon="11.3765020">
    <ele>577.5</ele>
    <time>2026-04-26T18:23:53Z</time>
   </trkpt>
   <trkpt lat="47.2572710" lon="11.3765430">
    <ele>577.5</ele>
    <time>2026-04-26T18:23:54Z</time>
   </trkpt>
   <trkpt lat="47.2572500" lon="11.3765690">
    <ele>577.5</ele>
    <time>2026-04-26T18:23:55Z</time>
   </trkpt>
   <trkpt lat="47.2572300" lon="11.3766090">
    <ele>577.5</ele>
    <time>2026-04-26T18:23:56Z</time>
   </trkpt>
   <trkpt lat="47.2572230" lon="11.3766270">
    <ele>577.5</ele>
    <time>2026-04-26T18:23:57Z</time>
   </trkpt>
   <trkpt lat="47.2572080" lon="11.3766520">
    <ele>577.5</ele>
    <time>2026-04-26T18:23:58Z</time>
   </trkpt>
   <trkpt lat="47.2571990" lon="11.3766590">
    <ele>577.5</ele>
    <time>2026-04-26T18:23:59Z</time>
   </trkpt>
   <trkpt lat="47.2571790" lon="11.3766820">
    <ele>577.5</ele>
    <time>2026-04-26T18:24:00Z</time>
   </trkpt>
   <trkpt lat="47.2571680" lon="11.3766950">
    <ele>577.5</ele>
    <time>2026-04-26T18:24:01Z</time>
   </trkpt>
   <trkpt lat="47.2571360" lon="11.3766980">
    <ele>577.6</ele>
    <time>2026-04-26T18:24:02Z</time>
   </trkpt>
   <trkpt lat="47.2571380" lon="11.3767210">
    <ele>577.6</ele>
    <time>2026-04-26T18:24:03Z</time>
   </trkpt>
   <trkpt lat="47.2571330" lon="11.3767430">
    <ele>577.6</ele>
    <time>2026-04-26T18:24:04Z</time>
   </trkpt>
   <trkpt lat="47.2571290" lon="11.3767650">
    <ele>577.6</ele>
    <time>2026-04-26T18:24:05Z</time>
   </trkpt>
   <trkpt lat="47.2571330" lon="11.3767970">
    <ele>577.6</ele>
    <time>2026-04-26T18:24:06Z</time>
   </trkpt>
   <trkpt lat="47.2571310" lon="11.3768150">
    <ele>577.6</ele>
    <time>2026-04-26T18:24:07Z</time>
   </trkpt>
   <trkpt lat="47.2571290" lon="11.3768330">
    <ele>577.7</ele>
    <time>2026-04-26T18:24:08Z</time>
   </trkpt>
   <trkpt lat="47.2570970" lon="11.3768190">
    <ele>577.7</ele>
    <time>2026-04-26T18:24:09Z</time>
   </trkpt>
   <trkpt lat="47.2570860" lon="11.3768320">
    <ele>577.7</ele>
    <time>2026-04-26T18:24:10Z</time>
   </trkpt>
   <trkpt lat="47.2570860" lon="11.3768690">
    <ele>577.7</ele>
    <time>2026-04-26T18:24:11Z</time>
   </trkpt>
   <trkpt lat="47.2570680" lon="11.3769290">
    <ele>577.8</ele>
    <time>2026-04-26T18:24:12Z</time>
   </trkpt>
   <trkpt lat="47.2570600" lon="11.3769540">
    <ele>577.8</ele>
    <time>2026-04-26T18:24:13Z</time>
   </trkpt>
   <trkpt lat="47.2570410" lon="11.3769860">
    <ele>577.8</ele>
    <time>2026-04-26T18:24:14Z</time>
   </trkpt>
   <trkpt lat="47.2570410" lon="11.3770670">
    <ele>577.9</ele>
    <time>2026-04-26T18:24:15Z</time>
   </trkpt>
   <trkpt lat="47.2570540" lon="11.3771180">
    <ele>577.9</ele>
    <time>2026-04-26T18:24:16Z</time>
   </trkpt>
   <trkpt lat="47.2570590" lon="11.3771670">
    <ele>577.9</ele>
    <time>2026-04-26T18:24:17Z</time>
   </trkpt>
   <trkpt lat="47.2570590" lon="11.3771810">
    <ele>578.0</ele>
    <time>2026-04-26T18:24:18Z</time>
   </trkpt>
   <trkpt lat="47.2570870" lon="11.3771980">
    <ele>578.0</ele>
    <time>2026-04-26T18:24:19Z</time>
   </trkpt>
   <trkpt lat="47.2570940" lon="11.3772150">
    <ele>578.0</ele>
    <time>2026-04-26T18:24:20Z</time>
   </trkpt>
   <trkpt lat="47.2570850" lon="11.3772720">
    <ele>577.8</ele>
    <time>2026-04-26T18:24:21Z</time>
   </trkpt>
   <trkpt lat="47.2570930" lon="11.3773140">
    <ele>577.8</ele>
    <time>2026-04-26T18:24:22Z</time>
   </trkpt>
   <trkpt lat="47.2570800" lon="11.3773600">
    <ele>577.7</ele>
    <time>2026-04-26T18:24:23Z</time>
   </trkpt>
   <trkpt lat="47.2570880" lon="11.3774050">
    <ele>577.7</ele>
    <time>2026-04-26T18:24:24Z</time>
   </trkpt>
   <trkpt lat="47.2571000" lon="11.3774170">
    <ele>577.7</ele>
    <time>2026-04-26T18:24:25Z</time>
   </trkpt>
   <trkpt lat="47.2571380" lon="11.3774500">
    <ele>577.7</ele>
    <time>2026-04-26T18:24:26Z</time>
   </trkpt>
   <trkpt lat="47.2571530" lon="11.3774620">
    <ele>577.7</ele>
    <time>2026-04-26T18:24:27Z</time>
   </trkpt>
   <trkpt lat="47.2571690" lon="11.3774950">
    <ele>577.7</ele>
    <time>2026-04-26T18:24:28Z</time>
   </trkpt>
   <trkpt lat="47.2571880" lon="11.3775300">
    <ele>577.7</ele>
    <time>2026-04-26T18:24:29Z</time>
   </trkpt>
   <trkpt lat="47.2571940" lon="11.3775450">
    <ele>577.7</ele>
    <time>2026-04-26T18:24:30Z</time>
   </trkpt>
   <trkpt lat="47.2571850" lon="11.3775780">
    <ele>577.7</ele>
    <time>2026-04-26T18:24:31Z</time>
   </trkpt>
   <trkpt lat="47.2571870" lon="11.3775910">
    <ele>577.7</ele>
    <time>2026-04-26T18:24:32Z</time>
   </trkpt>
   <trkpt lat="47.2571900" lon="11.3776040">
    <ele>577.7</ele>
    <time>2026-04-26T18:24:33Z</time>
   </trkpt>
   <trkpt lat="47.2572130" lon="11.3776280">
    <ele>577.7</ele>
    <time>2026-04-26T18:24:34Z</time>
   </trkpt>
   <trkpt lat="47.2572230" lon="11.3776410">
    <ele>577.7</ele>
    <time>2026-04-26T18:24:35Z</time>
   </trkpt>
   <trkpt lat="47.2572490" lon="11.3776680">
    <ele>577.7</ele>
    <time>2026-04-26T18:24:36Z</time>
   </trkpt>
   <trkpt lat="47.2572570" lon="11.3776790">
    <ele>577.7</ele>
    <time>2026-04-26T18:24:37Z</time>
   </trkpt>
   <trkpt lat="47.2572780" lon="11.3777200">
    <ele>577.7</ele>
    <time>2026-04-26T18:24:38Z</time>
   </trkpt>
   <trkpt lat="47.2572900" lon="11.3777320">
    <ele>577.7</ele>
    <time>2026-04-26T18:24:39Z</time>
   </trkpt>
   <trkpt lat="47.2573120" lon="11.3777610">
    <ele>577.7</ele>
    <time>2026-04-26T18:24:40Z</time>
   </trkpt>
   <trkpt lat="47.2573180" lon="11.3777720">
    <ele>577.7</ele>
    <time>2026-04-26T18:24:41Z</time>
   </trkpt>
   <trkpt lat="47.2573410" lon="11.3778020">
    <ele>577.7</ele>
    <time>2026-04-26T18:24:42Z</time>
   </trkpt>
   <trkpt lat="47.2573780" lon="11.3778210">
    <ele>577.7</ele>
    <time>2026-04-26T18:24:43Z</time>
   </trkpt>
   <trkpt lat="47.2573970" lon="11.3778670">
    <ele>577.7</ele>
    <time>2026-04-26T18:24:44Z</time>
   </trkpt>
   <trkpt lat="47.2574050" lon="11.3778810">
    <ele>577.7</ele>
    <time>2026-04-26T18:24:45Z</time>
   </trkpt>
   <trkpt lat="47.2574380" lon="11.3778780">
    <ele>577.7</ele>
    <time>2026-04-26T18:24:46Z</time>
   </trkpt>
   <trkpt lat="47.2574680" lon="11.3778880">
    <ele>577.7</ele>
    <time>2026-04-26T18:24:47Z</time>
   </trkpt>
   <trkpt lat="47.2574930" lon="11.3779230">
    <ele>577.7</ele>
    <time>2026-04-26T18:24:48Z</time>
   </trkpt>
   <trkpt lat="47.2575200" lon="11.3779390">
    <ele>577.7</ele>
    <time>2026-04-26T18:24:49Z</time>
   </trkpt>
   <trkpt lat="47.2575350" lon="11.3779510">
    <ele>577.7</ele>
    <time>2026-04-26T18:24:50Z</time>
   </trkpt>
   <trkpt lat="47.2575650" lon="11.3779780">
    <ele>577.7</ele>
    <time>2026-04-26T18:24:51Z</time>
   </trkpt>
   <trkpt lat="47.2575800" lon="11.3779830">
    <ele>577.7</ele>
    <time>2026-04-26T18:24:52Z</time>
   </trkpt>
   <trkpt lat="47.2576050" lon="11.3780140">
    <ele>577.7</ele>
    <time>2026-04-26T18:24:53Z</time>
   </trkpt>
   <trkpt lat="47.2576320" lon="11.3780470">
    <ele>577.7</ele>
    <time>2026-04-26T18:24:55Z</time>
   </trkpt>
   <trkpt lat="47.2576360" lon="11.3780700">
    <ele>577.7</ele>
    <time>2026-04-26T18:24:56Z</time>
   </trkpt>
   <trkpt lat="47.2576640" lon="11.3781080">
    <ele>577.7</ele>
    <time>2026-04-26T18:24:57Z</time>
   </trkpt>
   <trkpt lat="47.2576820" lon="11.3781160">
    <ele>577.7</ele>
    <time>2026-04-26T18:24:58Z</time>
   </trkpt>
   <trkpt lat="47.2577160" lon="11.3781460">
    <ele>577.7</ele>
    <time>2026-04-26T18:24:59Z</time>
   </trkpt>
   <trkpt lat="47.2577310" lon="11.3781580">
    <ele>577.7</ele>
    <time>2026-04-26T18:25:00Z</time>
   </trkpt>
   <trkpt lat="47.2577530" lon="11.3781830">
    <ele>577.7</ele>
    <time>2026-04-26T18:25:01Z</time>
   </trkpt>
   <trkpt lat="47.2577690" lon="11.3782220">
    <ele>577.7</ele>
    <time>2026-04-26T18:25:02Z</time>
   </trkpt>
   <trkpt lat="47.2577720" lon="11.3782340">
    <ele>577.7</ele>
    <time>2026-04-26T18:25:03Z</time>
   </trkpt>
   <trkpt lat="47.2577890" lon="11.3782790">
    <ele>577.7</ele>
    <time>2026-04-26T18:25:04Z</time>
   </trkpt>
   <trkpt lat="47.2577950" lon="11.3782900">
    <ele>577.7</ele>
    <time>2026-04-26T18:25:05Z</time>
   </trkpt>
   <trkpt lat="47.2578040" lon="11.3783110">
    <ele>577.7</ele>
    <time>2026-04-26T18:25:06Z</time>
   </trkpt>
   <trkpt lat="47.2578320" lon="11.3783300">
    <ele>577.7</ele>
    <time>2026-04-26T18:25:07Z</time>
   </trkpt>
   <trkpt lat="47.2578590" lon="11.3783490">
    <ele>577.7</ele>
    <time>2026-04-26T18:25:08Z</time>
   </trkpt>
   <trkpt lat="47.2578570" lon="11.3783790">
    <ele>577.7</ele>
    <time>2026-04-26T18:25:09Z</time>
   </trkpt>
   <trkpt lat="47.2578960" lon="11.3784050">
    <ele>577.7</ele>
    <time>2026-04-26T18:25:10Z</time>
   </trkpt>
   <trkpt lat="47.2579260" lon="11.3784250">
    <ele>577.7</ele>
    <time>2026-04-26T18:25:11Z</time>
   </trkpt>
   <trkpt lat="47.2579530" lon="11.3784510">
    <ele>577.7</ele>
    <time>2026-04-26T18:25:12Z</time>
   </trkpt>
   <trkpt lat="47.2579920" lon="11.3784760">
    <ele>577.7</ele>
    <time>2026-04-26T18:25:13Z</time>
   </trkpt>
   <trkpt lat="47.2580120" lon="11.3784880">
    <ele>577.7</ele>
    <time>2026-04-26T18:25:14Z</time>
   </trkpt>
   <trkpt lat="47.2580300" lon="11.3785290">
    <ele>577.6</ele>
    <time>2026-04-26T18:25:15Z</time>
   </trkpt>
   <trkpt lat="47.2580560" lon="11.3785440">
    <ele>577.6</ele>
    <time>2026-04-26T18:25:16Z</time>
   </trkpt>
   <trkpt lat="47.2580560" lon="11.3785900">
    <ele>577.6</ele>
    <time>2026-04-26T18:25:17Z</time>
   </trkpt>
   <trkpt lat="47.2580860" lon="11.3786130">
    <ele>577.6</ele>
    <time>2026-04-26T18:25:18Z</time>
   </trkpt>
   <trkpt lat="47.2580980" lon="11.3786170">
    <ele>577.6</ele>
    <time>2026-04-26T18:25:19Z</time>
   </trkpt>
   <trkpt lat="47.2581210" lon="11.3786520">
    <ele>577.6</ele>
    <time>2026-04-26T18:25:20Z</time>
   </trkpt>
   <trkpt lat="47.2581300" lon="11.3786650">
    <ele>577.6</ele>
    <time>2026-04-26T18:25:21Z</time>
   </trkpt>
   <trkpt lat="47.2581470" lon="11.3787090">
    <ele>577.6</ele>
    <time>2026-04-26T18:25:22Z</time>
   </trkpt>
   <trkpt lat="47.2581540" lon="11.3787230">
    <ele>577.6</ele>
    <time>2026-04-26T18:25:23Z</time>
   </trkpt>
   <trkpt lat="47.2581820" lon="11.3787510">
    <ele>577.6</ele>
    <time>2026-04-26T18:25:24Z</time>
   </trkpt>
   <trkpt lat="47.2582050" lon="11.3787520">
    <ele>577.6</ele>
    <time>2026-04-26T18:25:25Z</time>
   </trkpt>
   <trkpt lat="47.2582350" lon="11.3787830">
    <ele>577.6</ele>
    <time>2026-04-26T18:25:26Z</time>
   </trkpt>
   <trkpt lat="47.2582420" lon="11.3788010">
    <ele>577.6</ele>
    <time>2026-04-26T18:25:27Z</time>
   </trkpt>
   <trkpt lat="47.2582730" lon="11.3788260">
    <ele>577.6</ele>
    <time>2026-04-26T18:25:28Z</time>
   </trkpt>
   <trkpt lat="47.2582920" lon="11.3788540">
    <ele>577.6</ele>
    <time>2026-04-26T18:25:29Z</time>
   </trkpt>
   <trkpt lat="47.2583290" lon="11.3788680">
    <ele>577.5</ele>
    <time>2026-04-26T18:25:30Z</time>
   </trkpt>
   <trkpt lat="47.2583550" lon="11.3788840">
    <ele>577.5</ele>
    <time>2026-04-26T18:25:31Z</time>
   </trkpt>
   <trkpt lat="47.2583930" lon="11.3788920">
    <ele>577.5</ele>
    <time>2026-04-26T18:25:32Z</time>
   </trkpt>
   <trkpt lat="47.2584150" lon="11.3789190">
    <ele>577.5</ele>
    <time>2026-04-26T18:25:33Z</time>
   </trkpt>
   <trkpt lat="47.2584330" lon="11.3789370">
    <ele>577.5</ele>
    <time>2026-04-26T18:25:34Z</time>
   </trkpt>
   <trkpt lat="47.2584730" lon="11.3789580">
    <ele>577.5</ele>
    <time>2026-04-26T18:25:35Z</time>
   </trkpt>
   <trkpt lat="47.2585020" lon="11.3789700">
    <ele>577.5</ele>
    <time>2026-04-26T18:25:36Z</time>
   </trkpt>
   <trkpt lat="47.2585320" lon="11.3789830">
    <ele>577.5</ele>
    <time>2026-04-26T18:25:37Z</time>
   </trkpt>
   <trkpt lat="47.2585600" lon="11.3790050">
    <ele>577.5</ele>
    <time>2026-04-26T18:25:38Z</time>
   </trkpt>
   <trkpt lat="47.2585860" lon="11.3790400">
    <ele>577.5</ele>
    <time>2026-04-26T18:25:39Z</time>
   </trkpt>
   <trkpt lat="47.2585910" lon="11.3790570">
    <ele>577.5</ele>
    <time>2026-04-26T18:25:40Z</time>
   </trkpt>
   <trkpt lat="47.2585950" lon="11.3791050">
    <ele>577.5</ele>
    <time>2026-04-26T18:25:41Z</time>
   </trkpt>
   <trkpt lat="47.2586030" lon="11.3791190">
    <ele>577.5</ele>
    <time>2026-04-26T18:25:42Z</time>
   </trkpt>
   <trkpt lat="47.2586330" lon="11.3791580">
    <ele>577.5</ele>
    <time>2026-04-26T18:25:43Z</time>
   </trkpt>
   <trkpt lat="47.2586520" lon="11.3791660">
    <ele>577.5</ele>
    <time>2026-04-26T18:25:44Z</time>
   </trkpt>
   <trkpt lat="47.2586820" lon="11.3792070">
    <ele>577.4</ele>
    <time>2026-04-26T18:25:45Z</time>
   </trkpt>
   <trkpt lat="47.2586980" lon="11.3792160">
    <ele>577.4</ele>
    <time>2026-04-26T18:25:46Z</time>
   </trkpt>
   <trkpt lat="47.2587240" lon="11.3792330">
    <ele>577.4</ele>
    <time>2026-04-26T18:25:47Z</time>
   </trkpt>
   <trkpt lat="47.2587550" lon="11.3792690">
    <ele>577.3</ele>
    <time>2026-04-26T18:25:48Z</time>
   </trkpt>
   <trkpt lat="47.2587740" lon="11.3792760">
    <ele>577.3</ele>
    <time>2026-04-26T18:25:49Z</time>
   </trkpt>
   <trkpt lat="47.2587780" lon="11.3792960">
    <ele>577.2</ele>
    <time>2026-04-26T18:25:50Z</time>
   </trkpt>
   <trkpt lat="47.2587950" lon="11.3793100">
    <ele>577.2</ele>
    <time>2026-04-26T18:25:51Z</time>
   </trkpt>
   <trkpt lat="47.2588270" lon="11.3793380">
    <ele>577.1</ele>
    <time>2026-04-26T18:25:52Z</time>
   </trkpt>
   <trkpt lat="47.2588560" lon="11.3793470">
    <ele>577.0</ele>
    <time>2026-04-26T18:25:53Z</time>
   </trkpt>
   <trkpt lat="47.2588780" lon="11.3793690">
    <ele>576.9</ele>
    <time>2026-04-26T18:25:54Z</time>
   </trkpt>
   <trkpt lat="47.2588950" lon="11.3793730">
    <ele>576.9</ele>
    <time>2026-04-26T18:25:55Z</time>
   </trkpt>
   <trkpt lat="47.2589230" lon="11.3793700">
    <ele>576.8</ele>
    <time>2026-04-26T18:25:56Z</time>
   </trkpt>
   <trkpt lat="47.2589340" lon="11.3793830">
    <ele>576.8</ele>
    <time>2026-04-26T18:25:57Z</time>
   </trkpt>
   <trkpt lat="47.2589350" lon="11.3794250">
    <ele>576.7</ele>
    <time>2026-04-26T18:25:58Z</time>
   </trkpt>
   <trkpt lat="47.2589460" lon="11.3794390">
    <ele>576.7</ele>
    <time>2026-04-26T18:25:59Z</time>
   </trkpt>
   <trkpt lat="47.2589580" lon="11.3794530">
    <ele>576.7</ele>
    <time>2026-04-26T18:26:00Z</time>
   </trkpt>
   <trkpt lat="47.2589810" lon="11.3794760">
    <ele>576.6</ele>
    <time>2026-04-26T18:26:01Z</time>
   </trkpt>
   <trkpt lat="47.2590090" lon="11.3795110">
    <ele>576.5</ele>
    <time>2026-04-26T18:26:02Z</time>
   </trkpt>
   <trkpt lat="47.2590160" lon="11.3795220">
    <ele>576.5</ele>
    <time>2026-04-26T18:26:03Z</time>
   </trkpt>
   <trkpt lat="47.2590440" lon="11.3795340">
    <ele>576.4</ele>
    <time>2026-04-26T18:26:04Z</time>
   </trkpt>
   <trkpt lat="47.2590580" lon="11.3795370">
    <ele>576.4</ele>
    <time>2026-04-26T18:26:05Z</time>
   </trkpt>
   <trkpt lat="47.2590740" lon="11.3795400">
    <ele>576.4</ele>
    <time>2026-04-26T18:26:06Z</time>
   </trkpt>
   <trkpt lat="47.2591110" lon="11.3795470">
    <ele>576.4</ele>
    <time>2026-04-26T18:26:07Z</time>
   </trkpt>
   <trkpt lat="47.2591250" lon="11.3795500">
    <ele>576.4</ele>
    <time>2026-04-26T18:26:08Z</time>
   </trkpt>
   <trkpt lat="47.2591600" lon="11.3795570">
    <ele>576.4</ele>
    <time>2026-04-26T18:26:09Z</time>
   </trkpt>
   <trkpt lat="47.2591710" lon="11.3795580">
    <ele>576.4</ele>
    <time>2026-04-26T18:26:10Z</time>
   </trkpt>
   <trkpt lat="47.2591990" lon="11.3795660">
    <ele>576.4</ele>
    <time>2026-04-26T18:26:11Z</time>
   </trkpt>
   <trkpt lat="47.2592280" lon="11.3795860">
    <ele>576.4</ele>
    <time>2026-04-26T18:26:12Z</time>
   </trkpt>
   <trkpt lat="47.2592420" lon="11.3796540">
    <ele>576.5</ele>
    <time>2026-04-26T18:26:13Z</time>
   </trkpt>
   <trkpt lat="47.2592470" lon="11.3796870">
    <ele>576.5</ele>
    <time>2026-04-26T18:26:14Z</time>
   </trkpt>
   <trkpt lat="47.2592710" lon="11.3797190">
    <ele>576.6</ele>
    <time>2026-04-26T18:26:15Z</time>
   </trkpt>
   <trkpt lat="47.2593070" lon="11.3797340">
    <ele>576.7</ele>
    <time>2026-04-26T18:26:16Z</time>
   </trkpt>
   <trkpt lat="47.2593190" lon="11.3797420">
    <ele>576.7</ele>
    <time>2026-04-26T18:26:17Z</time>
   </trkpt>
   <trkpt lat="47.2593480" lon="11.3797700">
    <ele>576.8</ele>
    <time>2026-04-26T18:26:18Z</time>
   </trkpt>
   <trkpt lat="47.2593540" lon="11.3797810">
    <ele>576.8</ele>
    <time>2026-04-26T18:26:19Z</time>
   </trkpt>
   <trkpt lat="47.2593680" lon="11.3798040">
    <ele>576.9</ele>
    <time>2026-04-26T18:26:20Z</time>
   </trkpt>
   <trkpt lat="47.2593850" lon="11.3798080">
    <ele>576.9</ele>
    <time>2026-04-26T18:26:21Z</time>
   </trkpt>
   <trkpt lat="47.2594110" lon="11.3798300">
    <ele>577.0</ele>
    <time>2026-04-26T18:26:22Z</time>
   </trkpt>
   <trkpt lat="47.2593990" lon="11.3798770">
    <ele>577.0</ele>
    <time>2026-04-26T18:26:23Z</time>
   </trkpt>
   <trkpt lat="47.2593900" lon="11.3798910">
    <ele>577.0</ele>
    <time>2026-04-26T18:26:24Z</time>
   </trkpt>
   <trkpt lat="47.2594060" lon="11.3799110">
    <ele>577.0</ele>
    <time>2026-04-26T18:26:25Z</time>
   </trkpt>
   <trkpt lat="47.2594140" lon="11.3799140">
    <ele>577.0</ele>
    <time>2026-04-26T18:26:26Z</time>
   </trkpt>
   <trkpt lat="47.2594230" lon="11.3799170">
    <ele>577.0</ele>
    <time>2026-04-26T18:26:27Z</time>
   </trkpt>
   <trkpt lat="47.2594360" lon="11.3799080">
    <ele>577.0</ele>
    <time>2026-04-26T18:26:28Z</time>
   </trkpt>
   <trkpt lat="47.2594570" lon="11.3799260">
    <ele>577.0</ele>
    <time>2026-04-26T18:26:29Z</time>
   </trkpt>
   <trkpt lat="47.2594510" lon="11.3799340">
    <ele>577.0</ele>
    <time>2026-04-26T18:26:30Z</time>
   </trkpt>
   <trkpt lat="47.2594690" lon="11.3799490">
    <ele>577.0</ele>
    <time>2026-04-26T18:26:31Z</time>
   </trkpt>
   <trkpt lat="47.2594870" lon="11.3799530">
    <ele>577.0</ele>
    <time>2026-04-26T18:26:32Z</time>
   </trkpt>
   <trkpt lat="47.2595170" lon="11.3800010">
    <ele>577.0</ele>
    <time>2026-04-26T18:26:33Z</time>
   </trkpt>
   <trkpt lat="47.2595360" lon="11.3800230">
    <ele>577.0</ele>
    <time>2026-04-26T18:26:34Z</time>
   </trkpt>
   <trkpt lat="47.2595800" lon="11.3800300">
    <ele>577.0</ele>
    <time>2026-04-26T18:26:35Z</time>
   </trkpt>
   <trkpt lat="47.2596150" lon="11.3800490">
    <ele>577.0</ele>
    <time>2026-04-26T18:26:36Z</time>
   </trkpt>
   <trkpt lat="47.2596280" lon="11.3800570">
    <ele>577.0</ele>
    <time>2026-04-26T18:26:37Z</time>
   </trkpt>
   <trkpt lat="47.2596560" lon="11.3800850">
    <ele>577.0</ele>
    <time>2026-04-26T18:26:38Z</time>
   </trkpt>
   <trkpt lat="47.2596710" lon="11.3801200">
    <ele>577.0</ele>
    <time>2026-04-26T18:26:39Z</time>
   </trkpt>
   <trkpt lat="47.2596970" lon="11.3801620">
    <ele>577.0</ele>
    <time>2026-04-26T18:26:40Z</time>
   </trkpt>
   <trkpt lat="47.2597060" lon="11.3801790">
    <ele>577.0</ele>
    <time>2026-04-26T18:26:41Z</time>
   </trkpt>
   <trkpt lat="47.2597390" lon="11.3801950">
    <ele>577.0</ele>
    <time>2026-04-26T18:26:42Z</time>
   </trkpt>
   <trkpt lat="47.2597640" lon="11.3802230">
    <ele>576.9</ele>
    <time>2026-04-26T18:26:43Z</time>
   </trkpt>
   <trkpt lat="47.2597870" lon="11.3802480">
    <ele>576.9</ele>
    <time>2026-04-26T18:26:44Z</time>
   </trkpt>
   <trkpt lat="47.2599400" lon="11.3803110">
    <ele>576.9</ele>
    <time>2026-04-26T18:26:45Z</time>
   </trkpt>
   <trkpt lat="47.2599520" lon="11.3803210">
    <ele>576.9</ele>
    <time>2026-04-26T18:26:46Z</time>
   </trkpt>
   <trkpt lat="47.2599740" lon="11.3803450">
    <ele>576.9</ele>
    <time>2026-04-26T18:26:47Z</time>
   </trkpt>
   <trkpt lat="47.2598740" lon="11.3803310">
    <ele>576.8</ele>
    <time>2026-04-26T18:26:48Z</time>
   </trkpt>
   <trkpt lat="47.2599110" lon="11.3803350">
    <ele>576.8</ele>
    <time>2026-04-26T18:26:49Z</time>
   </trkpt>
   <trkpt lat="47.2599420" lon="11.3803600">
    <ele>576.8</ele>
    <time>2026-04-26T18:26:50Z</time>
   </trkpt>
   <trkpt lat="47.2599790" lon="11.3803840">
    <ele>576.8</ele>
    <time>2026-04-26T18:26:51Z</time>
   </trkpt>
   <trkpt lat="47.2600260" lon="11.3804170">
    <ele>576.8</ele>
    <time>2026-04-26T18:26:52Z</time>
   </trkpt>
   <trkpt lat="47.2600640" lon="11.3804310">
    <ele>576.8</ele>
    <time>2026-04-26T18:26:53Z</time>
   </trkpt>
   <trkpt lat="47.2600940" lon="11.3804510">
    <ele>576.8</ele>
    <time>2026-04-26T18:26:54Z</time>
   </trkpt>
   <trkpt lat="47.2601040" lon="11.3804600">
    <ele>576.8</ele>
    <time>2026-04-26T18:26:55Z</time>
   </trkpt>
   <trkpt lat="47.2601390" lon="11.3804710">
    <ele>576.8</ele>
    <time>2026-04-26T18:26:56Z</time>
   </trkpt>
   <trkpt lat="47.2601590" lon="11.3804980">
    <ele>576.8</ele>
    <time>2026-04-26T18:26:57Z</time>
   </trkpt>
   <trkpt lat="47.2601820" lon="11.3805340">
    <ele>576.8</ele>
    <time>2026-04-26T18:26:58Z</time>
   </trkpt>
   <trkpt lat="47.2602060" lon="11.3805690">
    <ele>576.8</ele>
    <time>2026-04-26T18:26:59Z</time>
   </trkpt>
   <trkpt lat="47.2602120" lon="11.3805810">
    <ele>576.8</ele>
    <time>2026-04-26T18:27:00Z</time>
   </trkpt>
   <trkpt lat="47.2602750" lon="11.3806260">
    <ele>576.8</ele>
    <time>2026-04-26T18:27:02Z</time>
   </trkpt>
   <trkpt lat="47.2602820" lon="11.3806640">
    <ele>576.8</ele>
    <time>2026-04-26T18:27:04Z</time>
   </trkpt>
   <trkpt lat="47.2603230" lon="11.3807040">
    <ele>576.8</ele>
    <time>2026-04-26T18:27:05Z</time>
   </trkpt>
   <trkpt lat="47.2603520" lon="11.3807300">
    <ele>576.8</ele>
    <time>2026-04-26T18:27:06Z</time>
   </trkpt>
   <trkpt lat="47.2603790" lon="11.3807520">
    <ele>576.8</ele>
    <time>2026-04-26T18:27:07Z</time>
   </trkpt>
   <trkpt lat="47.2604060" lon="11.3807810">
    <ele>576.8</ele>
    <time>2026-04-26T18:27:08Z</time>
   </trkpt>
   <trkpt lat="47.2604380" lon="11.3808030">
    <ele>576.8</ele>
    <time>2026-04-26T18:27:09Z</time>
   </trkpt>
   <trkpt lat="47.2604460" lon="11.3808120">
    <ele>576.8</ele>
    <time>2026-04-26T18:27:10Z</time>
   </trkpt>
   <trkpt lat="47.2604910" lon="11.3808370">
    <ele>576.8</ele>
    <time>2026-04-26T18:27:11Z</time>
   </trkpt>
   <trkpt lat="47.2605130" lon="11.3808440">
    <ele>576.8</ele>
    <time>2026-04-26T18:27:12Z</time>
   </trkpt>
   <trkpt lat="47.2605320" lon="11.3808790">
    <ele>576.8</ele>
    <time>2026-04-26T18:27:13Z</time>
   </trkpt>
   <trkpt lat="47.2605440" lon="11.3808940">
    <ele>576.8</ele>
    <time>2026-04-26T18:27:14Z</time>
   </trkpt>
   <trkpt lat="47.2605710" lon="11.3809040">
    <ele>576.8</ele>
    <time>2026-04-26T18:27:15Z</time>
   </trkpt>
   <trkpt lat="47.2606080" lon="11.3809300">
    <ele>576.8</ele>
    <time>2026-04-26T18:27:16Z</time>
   </trkpt>
   <trkpt lat="47.2606240" lon="11.3809330">
    <ele>576.8</ele>
    <time>2026-04-26T18:27:17Z</time>
   </trkpt>
   <trkpt lat="47.2606440" lon="11.3809470">
    <ele>576.8</ele>
    <time>2026-04-26T18:27:18Z</time>
   </trkpt>
   <trkpt lat="47.2606440" lon="11.3809690">
    <ele>576.8</ele>
    <time>2026-04-26T18:27:19Z</time>
   </trkpt>
   <trkpt lat="47.2606780" lon="11.3809930">
    <ele>576.8</ele>
    <time>2026-04-26T18:27:20Z</time>
   </trkpt>
   <trkpt lat="47.2606890" lon="11.3810030">
    <ele>576.8</ele>
    <time>2026-04-26T18:27:21Z</time>
   </trkpt>
   <trkpt lat="47.2607140" lon="11.3810340">
    <ele>576.8</ele>
    <time>2026-04-26T18:27:22Z</time>
   </trkpt>
   <trkpt lat="47.2607250" lon="11.3810400">
    <ele>576.8</ele>
    <time>2026-04-26T18:27:23Z</time>
   </trkpt>
   <trkpt lat="47.2607530" lon="11.3810560">
    <ele>576.8</ele>
    <time>2026-04-26T18:27:24Z</time>
   </trkpt>
   <trkpt lat="47.2607760" lon="11.3810880">
    <ele>576.8</ele>
    <time>2026-04-26T18:27:25Z</time>
   </trkpt>
   <trkpt lat="47.2608060" lon="11.3810780">
    <ele>576.8</ele>
    <time>2026-04-26T18:27:26Z</time>
   </trkpt>
   <trkpt lat="47.2608160" lon="11.3810830">
    <ele>576.8</ele>
    <time>2026-04-26T18:27:27Z</time>
   </trkpt>
   <trkpt lat="47.2608420" lon="11.3810980">
    <ele>576.8</ele>
    <time>2026-04-26T18:27:28Z</time>
   </trkpt>
   <trkpt lat="47.2608530" lon="11.3811080">
    <ele>576.8</ele>
    <time>2026-04-26T18:27:29Z</time>
   </trkpt>
   <trkpt lat="47.2608620" lon="11.3811340">
    <ele>576.8</ele>
    <time>2026-04-26T18:27:30Z</time>
   </trkpt>
   <trkpt lat="47.2608730" lon="11.3811470">
    <ele>576.8</ele>
    <time>2026-04-26T18:27:31Z</time>
   </trkpt>
   <trkpt lat="47.2608850" lon="11.3811600">
    <ele>576.8</ele>
    <time>2026-04-26T18:27:32Z</time>
   </trkpt>
   <trkpt lat="47.2609110" lon="11.3811740">
    <ele>576.8</ele>
    <time>2026-04-26T18:27:33Z</time>
   </trkpt>
   <trkpt lat="47.2609180" lon="11.3811810">
    <ele>576.8</ele>
    <time>2026-04-26T18:27:34Z</time>
   </trkpt>
   <trkpt lat="47.2609250" lon="11.3811890">
    <ele>576.8</ele>
    <time>2026-04-26T18:27:35Z</time>
   </trkpt>
   <trkpt lat="47.2609620" lon="11.3812020">
    <ele>576.8</ele>
    <time>2026-04-26T18:27:36Z</time>
   </trkpt>
   <trkpt lat="47.2609850" lon="11.3812370">
    <ele>576.7</ele>
    <time>2026-04-26T18:27:37Z</time>
   </trkpt>
   <trkpt lat="47.2610000" lon="11.3812490">
    <ele>576.7</ele>
    <time>2026-04-26T18:27:38Z</time>
   </trkpt>
   <trkpt lat="47.2610340" lon="11.3812530">
    <ele>576.7</ele>
    <time>2026-04-26T18:27:39Z</time>
   </trkpt>
   <trkpt lat="47.2610620" lon="11.3812660">
    <ele>576.7</ele>
    <time>2026-04-26T18:27:40Z</time>
   </trkpt>
   <trkpt lat="47.2610840" lon="11.3812930">
    <ele>576.7</ele>
    <time>2026-04-26T18:27:41Z</time>
   </trkpt>
   <trkpt lat="47.2611130" lon="11.3813140">
    <ele>576.7</ele>
    <time>2026-04-26T18:27:42Z</time>
   </trkpt>
   <trkpt lat="47.2611460" lon="11.3813490">
    <ele>576.7</ele>
    <time>2026-04-26T18:27:43Z</time>
   </trkpt>
   <trkpt lat="47.2611840" lon="11.3813650">
    <ele>576.7</ele>
    <time>2026-04-26T18:27:44Z</time>
   </trkpt>
   <trkpt lat="47.2612120" lon="11.3813760">
    <ele>576.7</ele>
    <time>2026-04-26T18:27:45Z</time>
   </trkpt>
   <trkpt lat="47.2612340" lon="11.3814240">
    <ele>576.7</ele>
    <time>2026-04-26T18:27:46Z</time>
   </trkpt>
   <trkpt lat="47.2612750" lon="11.3814480">
    <ele>576.7</ele>
    <time>2026-04-26T18:27:47Z</time>
   </trkpt>
   <trkpt lat="47.2613110" lon="11.3814510">
    <ele>576.7</ele>
    <time>2026-04-26T18:27:48Z</time>
   </trkpt>
   <trkpt lat="47.2613220" lon="11.3814540">
    <ele>576.7</ele>
    <time>2026-04-26T18:27:49Z</time>
   </trkpt>
   <trkpt lat="47.2613520" lon="11.3814620">
    <ele>576.7</ele>
    <time>2026-04-26T18:27:50Z</time>
   </trkpt>
   <trkpt lat="47.2613800" lon="11.3814830">
    <ele>576.7</ele>
    <time>2026-04-26T18:27:51Z</time>
   </trkpt>
   <trkpt lat="47.2614010" lon="11.3815260">
    <ele>576.7</ele>
    <time>2026-04-26T18:27:52Z</time>
   </trkpt>
   <trkpt lat="47.2614030" lon="11.3815420">
    <ele>576.7</ele>
    <time>2026-04-26T18:27:53Z</time>
   </trkpt>
   <trkpt lat="47.2614150" lon="11.3815600">
    <ele>576.7</ele>
    <time>2026-04-26T18:27:54Z</time>
   </trkpt>
   <trkpt lat="47.2614240" lon="11.3815820">
    <ele>576.7</ele>
    <time>2026-04-26T18:27:55Z</time>
   </trkpt>
   <trkpt lat="47.2614430" lon="11.3816280">
    <ele>576.7</ele>
    <time>2026-04-26T18:27:56Z</time>
   </trkpt>
   <trkpt lat="47.2614540" lon="11.3816380">
    <ele>576.7</ele>
    <time>2026-04-26T18:27:57Z</time>
   </trkpt>
   <trkpt lat="47.2614900" lon="11.3816610">
    <ele>576.7</ele>
    <time>2026-04-26T18:27:58Z</time>
   </trkpt>
   <trkpt lat="47.2615030" lon="11.3816680">
    <ele>576.7</ele>
    <time>2026-04-26T18:27:59Z</time>
   </trkpt>
   <trkpt lat="47.2615360" lon="11.3816830">
    <ele>576.7</ele>
    <time>2026-04-26T18:28:00Z</time>
   </trkpt>
   <trkpt lat="47.2615630" lon="11.3816910">
    <ele>576.7</ele>
    <time>2026-04-26T18:28:01Z</time>
   </trkpt>
   <trkpt lat="47.2615720" lon="11.3816960">
    <ele>576.7</ele>
    <time>2026-04-26T18:28:02Z</time>
   </trkpt>
   <trkpt lat="47.2615950" lon="11.3817260">
    <ele>576.7</ele>
    <time>2026-04-26T18:28:03Z</time>
   </trkpt>
   <trkpt lat="47.2616050" lon="11.3817390">
    <ele>576.7</ele>
    <time>2026-04-26T18:28:04Z</time>
   </trkpt>
   <trkpt lat="47.2616360" lon="11.3817680">
    <ele>576.7</ele>
    <time>2026-04-26T18:28:05Z</time>
   </trkpt>
   <trkpt lat="47.2616460" lon="11.3817800">
    <ele>576.7</ele>
    <time>2026-04-26T18:28:06Z</time>
   </trkpt>
   <trkpt lat="47.2616760" lon="11.3818030">
    <ele>576.7</ele>
    <time>2026-04-26T18:28:07Z</time>
   </trkpt>
   <trkpt lat="47.2616870" lon="11.3818070">
    <ele>576.7</ele>
    <time>2026-04-26T18:28:08Z</time>
   </trkpt>
   <trkpt lat="47.2617150" lon="11.3818450">
    <ele>576.7</ele>
    <time>2026-04-26T18:28:09Z</time>
   </trkpt>
   <trkpt lat="47.2617300" lon="11.3818590">
    <ele>576.8</ele>
    <time>2026-04-26T18:28:10Z</time>
   </trkpt>
   <trkpt lat="47.2617460" lon="11.3818720">
    <ele>576.8</ele>
    <time>2026-04-26T18:28:11Z</time>
   </trkpt>
   <trkpt lat="47.2617620" lon="11.3818760">
    <ele>576.8</ele>
    <time>2026-04-26T18:28:12Z</time>
   </trkpt>
   <trkpt lat="47.2617700" lon="11.3818930">
    <ele>576.8</ele>
    <time>2026-04-26T18:28:13Z</time>
   </trkpt>
   <trkpt lat="47.2617700" lon="11.3819190">
    <ele>576.8</ele>
    <time>2026-04-26T18:28:14Z</time>
   </trkpt>
   <trkpt lat="47.2618480" lon="11.3819270">
    <ele>576.8</ele>
    <time>2026-04-26T18:28:15Z</time>
   </trkpt>
   <trkpt lat="47.2618910" lon="11.3819460">
    <ele>576.8</ele>
    <time>2026-04-26T18:28:16Z</time>
   </trkpt>
   <trkpt lat="47.2619130" lon="11.3819760">
    <ele>576.8</ele>
    <time>2026-04-26T18:28:17Z</time>
   </trkpt>
   <trkpt lat="47.2619410" lon="11.3819790">
    <ele>576.8</ele>
    <time>2026-04-26T18:28:18Z</time>
   </trkpt>
   <trkpt lat="47.2619640" lon="11.3820110">
    <ele>576.8</ele>
    <time>2026-04-26T18:28:19Z</time>
   </trkpt>
   <trkpt lat="47.2619720" lon="11.3820270">
    <ele>576.8</ele>
    <time>2026-04-26T18:28:20Z</time>
   </trkpt>
   <trkpt lat="47.2619870" lon="11.3820600">
    <ele>576.8</ele>
    <time>2026-04-26T18:28:21Z</time>
   </trkpt>
   <trkpt lat="47.2620090" lon="11.3820910">
    <ele>576.8</ele>
    <time>2026-04-26T18:28:22Z</time>
   </trkpt>
   <trkpt lat="47.2620390" lon="11.3820770">
    <ele>576.8</ele>
    <time>2026-04-26T18:28:23Z</time>
   </trkpt>
   <trkpt lat="47.2620680" lon="11.3820980">
    <ele>576.8</ele>
    <time>2026-04-26T18:28:24Z</time>
   </trkpt>
   <trkpt lat="47.2620790" lon="11.3821410">
    <ele>576.8</ele>
    <time>2026-04-26T18:28:25Z</time>
   </trkpt>
   <trkpt lat="47.2621010" lon="11.3821670">
    <ele>576.8</ele>
    <time>2026-04-26T18:28:26Z</time>
   </trkpt>
   <trkpt lat="47.2621000" lon="11.3822110">
    <ele>576.8</ele>
    <time>2026-04-26T18:28:27Z</time>
   </trkpt>
   <trkpt lat="47.2620990" lon="11.3822230">
    <ele>576.8</ele>
    <time>2026-04-26T18:28:28Z</time>
   </trkpt>
   <trkpt lat="47.2621220" lon="11.3822570">
    <ele>576.8</ele>
    <time>2026-04-26T18:28:29Z</time>
   </trkpt>
   <trkpt lat="47.2621340" lon="11.3822630">
    <ele>576.8</ele>
    <time>2026-04-26T18:28:30Z</time>
   </trkpt>
   <trkpt lat="47.2621600" lon="11.3822840">
    <ele>576.8</ele>
    <time>2026-04-26T18:28:31Z</time>
   </trkpt>
   <trkpt lat="47.2621900" lon="11.3823050">
    <ele>576.8</ele>
    <time>2026-04-26T18:28:32Z</time>
   </trkpt>
   <trkpt lat="47.2622160" lon="11.3823180">
    <ele>576.8</ele>
    <time>2026-04-26T18:28:33Z</time>
   </trkpt>
   <trkpt lat="47.2622250" lon="11.3823220">
    <ele>576.8</ele>
    <time>2026-04-26T18:28:34Z</time>
   </trkpt>
   <trkpt lat="47.2622520" lon="11.3823390">
    <ele>576.8</ele>
    <time>2026-04-26T18:28:35Z</time>
   </trkpt>
   <trkpt lat="47.2622850" lon="11.3823380">
    <ele>576.8</ele>
    <time>2026-04-26T18:28:36Z</time>
   </trkpt>
   <trkpt lat="47.2623320" lon="11.3823590">
    <ele>576.7</ele>
    <time>2026-04-26T18:28:37Z</time>
   </trkpt>
   <trkpt lat="47.2623760" lon="11.3823870">
    <ele>576.6</ele>
    <time>2026-04-26T18:28:38Z</time>
   </trkpt>
   <trkpt lat="47.2624080" lon="11.3823980">
    <ele>576.5</ele>
    <time>2026-04-26T18:28:39Z</time>
   </trkpt>
   <trkpt lat="47.2624240" lon="11.3823960">
    <ele>576.5</ele>
    <time>2026-04-26T18:28:40Z</time>
   </trkpt>
   <trkpt lat="47.2624530" lon="11.3824070">
    <ele>576.4</ele>
    <time>2026-04-26T18:28:41Z</time>
   </trkpt>
   <trkpt lat="47.2624660" lon="11.3824110">
    <ele>576.4</ele>
    <time>2026-04-26T18:28:42Z</time>
   </trkpt>
   <trkpt lat="47.2625020" lon="11.3824260">
    <ele>576.3</ele>
    <time>2026-04-26T18:28:43Z</time>
   </trkpt>
   <trkpt lat="47.2625150" lon="11.3824330">
    <ele>576.3</ele>
    <time>2026-04-26T18:28:44Z</time>
   </trkpt>
   <trkpt lat="47.2625510" lon="11.3824510">
    <ele>576.2</ele>
    <time>2026-04-26T18:28:45Z</time>
   </trkpt>
   <trkpt lat="47.2625810" lon="11.3824660">
    <ele>576.1</ele>
    <time>2026-04-26T18:28:46Z</time>
   </trkpt>
   <trkpt lat="47.2625950" lon="11.3824780">
    <ele>576.1</ele>
    <time>2026-04-26T18:28:47Z</time>
   </trkpt>
   <trkpt lat="47.2626250" lon="11.3824740">
    <ele>576.0</ele>
    <time>2026-04-26T18:28:48Z</time>
   </trkpt>
   <trkpt lat="47.2626590" lon="11.3824850">
    <ele>575.9</ele>
    <time>2026-04-26T18:28:49Z</time>
   </trkpt>
   <trkpt lat="47.2626740" lon="11.3824900">
    <ele>575.9</ele>
    <time>2026-04-26T18:28:50Z</time>
   </trkpt>
   <trkpt lat="47.2627070" lon="11.3824910">
    <ele>575.8</ele>
    <time>2026-04-26T18:28:51Z</time>
   </trkpt>
   <trkpt lat="47.2627130" lon="11.3824820">
    <ele>575.8</ele>
    <time>2026-04-26T18:28:52Z</time>
   </trkpt>
   <trkpt lat="47.2627680" lon="11.3824840">
    <ele>575.7</ele>
    <time>2026-04-26T18:28:53Z</time>
   </trkpt>
   <trkpt lat="47.2627920" lon="11.3825230">
    <ele>575.7</ele>
    <time>2026-04-26T18:28:54Z</time>
   </trkpt>
   <trkpt lat="47.2628000" lon="11.3825330">
    <ele>575.7</ele>
    <time>2026-04-26T18:28:55Z</time>
   </trkpt>
   <trkpt lat="47.2628330" lon="11.3825600">
    <ele>575.6</ele>
    <time>2026-04-26T18:28:56Z</time>
   </trkpt>
   <trkpt lat="47.2628470" lon="11.3825680">
    <ele>575.6</ele>
    <time>2026-04-26T18:28:57Z</time>
   </trkpt>
   <trkpt lat="47.2628710" lon="11.3825890">
    <ele>575.6</ele>
    <time>2026-04-26T18:28:58Z</time>
   </trkpt>
   <trkpt lat="47.2629020" lon="11.3826150">
    <ele>575.5</ele>
    <time>2026-04-26T18:28:59Z</time>
   </trkpt>
   <trkpt lat="47.2629120" lon="11.3826250">
    <ele>575.5</ele>
    <time>2026-04-26T18:29:00Z</time>
   </trkpt>
   <trkpt lat="47.2629380" lon="11.3826440">
    <ele>575.5</ele>
    <time>2026-04-26T18:29:01Z</time>
   </trkpt>
   <trkpt lat="47.2629770" lon="11.3826790">
    <ele>575.5</ele>
    <time>2026-04-26T18:29:02Z</time>
   </trkpt>
   <trkpt lat="47.2629940" lon="11.3826920">
    <ele>575.4</ele>
    <time>2026-04-26T18:29:03Z</time>
   </trkpt>
   <trkpt lat="47.2630260" lon="11.3827200">
    <ele>575.4</ele>
    <time>2026-04-26T18:29:04Z</time>
   </trkpt>
   <trkpt lat="47.2630340" lon="11.3827340">
    <ele>575.4</ele>
    <time>2026-04-26T18:29:05Z</time>
   </trkpt>
   <trkpt lat="47.2630710" lon="11.3827510">
    <ele>575.4</ele>
    <time>2026-04-26T18:29:06Z</time>
   </trkpt>
   <trkpt lat="47.2630840" lon="11.3827580">
    <ele>575.4</ele>
    <time>2026-04-26T18:29:07Z</time>
   </trkpt>
   <trkpt lat="47.2631110" lon="11.3827820">
    <ele>575.4</ele>
    <time>2026-04-26T18:29:08Z</time>
   </trkpt>
   <trkpt lat="47.2631230" lon="11.3827890">
    <ele>575.4</ele>
    <time>2026-04-26T18:29:09Z</time>
   </trkpt>
   <trkpt lat="47.2631490" lon="11.3828230">
    <ele>575.4</ele>
    <time>2026-04-26T18:29:10Z</time>
   </trkpt>
   <trkpt lat="47.2631620" lon="11.3828380">
    <ele>575.4</ele>
    <time>2026-04-26T18:29:11Z</time>
   </trkpt>
   <trkpt lat="47.2631860" lon="11.3828740">
    <ele>575.4</ele>
    <time>2026-04-26T18:29:12Z</time>
   </trkpt>
   <trkpt lat="47.2631950" lon="11.3828830">
    <ele>575.3</ele>
    <time>2026-04-26T18:29:13Z</time>
   </trkpt>
   <trkpt lat="47.2632220" lon="11.3829030">
    <ele>575.3</ele>
    <time>2026-04-26T18:29:14Z</time>
   </trkpt>
   <trkpt lat="47.2632420" lon="11.3829330">
    <ele>575.3</ele>
    <time>2026-04-26T18:29:15Z</time>
   </trkpt>
   <trkpt lat="47.2632560" lon="11.3829460">
    <ele>575.3</ele>
    <time>2026-04-26T18:29:16Z</time>
   </trkpt>
   <trkpt lat="47.2632720" lon="11.3829790">
    <ele>575.3</ele>
    <time>2026-04-26T18:29:17Z</time>
   </trkpt>
   <trkpt lat="47.2633040" lon="11.3829940">
    <ele>575.3</ele>
    <time>2026-04-26T18:29:18Z</time>
   </trkpt>
   <trkpt lat="47.2633140" lon="11.3829890">
    <ele>575.3</ele>
    <time>2026-04-26T18:29:19Z</time>
   </trkpt>
   <trkpt lat="47.2633360" lon="11.3830300">
    <ele>575.4</ele>
    <time>2026-04-26T18:29:20Z</time>
   </trkpt>
   <trkpt lat="47.2633660" lon="11.3830590">
    <ele>575.4</ele>
    <time>2026-04-26T18:29:21Z</time>
   </trkpt>
   <trkpt lat="47.2633910" lon="11.3830760">
    <ele>575.4</ele>
    <time>2026-04-26T18:29:22Z</time>
   </trkpt>
   <trkpt lat="47.2633940" lon="11.3831290">
    <ele>575.4</ele>
    <time>2026-04-26T18:29:23Z</time>
   </trkpt>
   <trkpt lat="47.2634150" lon="11.3831590">
    <ele>575.4</ele>
    <time>2026-04-26T18:29:24Z</time>
   </trkpt>
   <trkpt lat="47.2634210" lon="11.3831690">
    <ele>575.4</ele>
    <time>2026-04-26T18:29:25Z</time>
   </trkpt>
   <trkpt lat="47.2634540" lon="11.3831960">
    <ele>575.4</ele>
    <time>2026-04-26T18:29:26Z</time>
   </trkpt>
   <trkpt lat="47.2634880" lon="11.3832170">
    <ele>575.4</ele>
    <time>2026-04-26T18:29:27Z</time>
   </trkpt>
   <trkpt lat="47.2635260" lon="11.3832330">
    <ele>575.4</ele>
    <time>2026-04-26T18:29:28Z</time>
   </trkpt>
   <trkpt lat="47.2635640" lon="11.3832610">
    <ele>575.4</ele>
    <time>2026-04-26T18:29:29Z</time>
   </trkpt>
   <trkpt lat="47.2635950" lon="11.3832950">
    <ele>575.4</ele>
    <time>2026-04-26T18:29:30Z</time>
   </trkpt>
   <trkpt lat="47.2636070" lon="11.3833100">
    <ele>575.4</ele>
    <time>2026-04-26T18:29:31Z</time>
   </trkpt>
   <trkpt lat="47.2636260" lon="11.3833520">
    <ele>575.4</ele>
    <time>2026-04-26T18:29:32Z</time>
   </trkpt>
   <trkpt lat="47.2636370" lon="11.3833810">
    <ele>575.4</ele>
    <time>2026-04-26T18:29:33Z</time>
   </trkpt>
   <trkpt lat="47.2636700" lon="11.3833880">
    <ele>575.4</ele>
    <time>2026-04-26T18:29:34Z</time>
   </trkpt>
   <trkpt lat="47.2636840" lon="11.3833980">
    <ele>575.4</ele>
    <time>2026-04-26T18:29:35Z</time>
   </trkpt>
   <trkpt lat="47.2637120" lon="11.3834320">
    <ele>575.4</ele>
    <time>2026-04-26T18:29:36Z</time>
   </trkpt>
   <trkpt lat="47.2637310" lon="11.3834400">
    <ele>575.4</ele>
    <time>2026-04-26T18:29:37Z</time>
   </trkpt>
   <trkpt lat="47.2637600" lon="11.3834610">
    <ele>575.4</ele>
    <time>2026-04-26T18:29:38Z</time>
   </trkpt>
   <trkpt lat="47.2637680" lon="11.3834600">
    <ele>575.4</ele>
    <time>2026-04-26T18:29:39Z</time>
   </trkpt>
   <trkpt lat="47.2637820" lon="11.3835070">
    <ele>575.4</ele>
    <time>2026-04-26T18:29:40Z</time>
   </trkpt>
   <trkpt lat="47.2637930" lon="11.3835570">
    <ele>575.3</ele>
    <time>2026-04-26T18:29:41Z</time>
   </trkpt>
   <trkpt lat="47.2637920" lon="11.3835740">
    <ele>575.3</ele>
    <time>2026-04-26T18:29:42Z</time>
   </trkpt>
   <trkpt lat="47.2637920" lon="11.3835970">
    <ele>575.3</ele>
    <time>2026-04-26T18:29:43Z</time>
   </trkpt>
   <trkpt lat="47.2637930" lon="11.3836230">
    <ele>575.3</ele>
    <time>2026-04-26T18:29:44Z</time>
   </trkpt>
   <trkpt lat="47.2638160" lon="11.3836520">
    <ele>575.3</ele>
    <time>2026-04-26T18:29:45Z</time>
   </trkpt>
   <trkpt lat="47.2638430" lon="11.3836900">
    <ele>575.3</ele>
    <time>2026-04-26T18:29:46Z</time>
   </trkpt>
   <trkpt lat="47.2638580" lon="11.3837020">
    <ele>575.3</ele>
    <time>2026-04-26T18:29:47Z</time>
   </trkpt>
   <trkpt lat="47.2638890" lon="11.3837290">
    <ele>575.3</ele>
    <time>2026-04-26T18:29:48Z</time>
   </trkpt>
   <trkpt lat="47.2639020" lon="11.3837370">
    <ele>575.3</ele>
    <time>2026-04-26T18:29:49Z</time>
   </trkpt>
   <trkpt lat="47.2639180" lon="11.3837520">
    <ele>575.3</ele>
    <time>2026-04-26T18:29:50Z</time>
   </trkpt>
   <trkpt lat="47.2639260" lon="11.3837760">
    <ele>575.3</ele>
    <time>2026-04-26T18:29:51Z</time>
   </trkpt>
   <trkpt lat="47.2639390" lon="11.3837950">
    <ele>575.3</ele>
    <time>2026-04-26T18:29:52Z</time>
   </trkpt>
   <trkpt lat="47.2639430" lon="11.3838250">
    <ele>575.3</ele>
    <time>2026-04-26T18:29:53Z</time>
   </trkpt>
   <trkpt lat="47.2639420" lon="11.3838400">
    <ele>575.3</ele>
    <time>2026-04-26T18:29:54Z</time>
   </trkpt>
   <trkpt lat="47.2639670" lon="11.3838860">
    <ele>575.7</ele>
    <time>2026-04-26T18:29:55Z</time>
   </trkpt>
   <trkpt lat="47.2639780" lon="11.3839030">
    <ele>575.9</ele>
    <time>2026-04-26T18:29:56Z</time>
   </trkpt>
   <trkpt lat="47.2640310" lon="11.3839360">
    <ele>575.8</ele>
    <time>2026-04-26T18:29:57Z</time>
   </trkpt>
   <trkpt lat="47.2640850" lon="11.3839680">
    <ele>575.8</ele>
    <time>2026-04-26T18:29:58Z</time>
   </trkpt>
   <trkpt lat="47.2641190" lon="11.3839900">
    <ele>575.8</ele>
    <time>2026-04-26T18:29:59Z</time>
   </trkpt>
   <trkpt lat="47.2641540" lon="11.3840190">
    <ele>575.8</ele>
    <time>2026-04-26T18:30:00Z</time>
   </trkpt>
   <trkpt lat="47.2641910" lon="11.3840520">
    <ele>575.8</ele>
    <time>2026-04-26T18:30:01Z</time>
   </trkpt>
   <trkpt lat="47.2642230" lon="11.3840750">
    <ele>575.8</ele>
    <time>2026-04-26T18:30:02Z</time>
   </trkpt>
   <trkpt lat="47.2642470" lon="11.3841200">
    <ele>575.8</ele>
    <time>2026-04-26T18:30:03Z</time>
   </trkpt>
   <trkpt lat="47.2642560" lon="11.3841360">
    <ele>575.8</ele>
    <time>2026-04-26T18:30:04Z</time>
   </trkpt>
   <trkpt lat="47.2642810" lon="11.3841520">
    <ele>575.7</ele>
    <time>2026-04-26T18:30:05Z</time>
   </trkpt>
   <trkpt lat="47.2643080" lon="11.3841700">
    <ele>575.7</ele>
    <time>2026-04-26T18:30:06Z</time>
   </trkpt>
   <trkpt lat="47.2643340" lon="11.3842080">
    <ele>575.7</ele>
    <time>2026-04-26T18:30:07Z</time>
   </trkpt>
   <trkpt lat="47.2643510" lon="11.3842220">
    <ele>575.7</ele>
    <time>2026-04-26T18:30:08Z</time>
   </trkpt>
   <trkpt lat="47.2643550" lon="11.3842420">
    <ele>575.7</ele>
    <time>2026-04-26T18:30:09Z</time>
   </trkpt>
   <trkpt lat="47.2643580" lon="11.3842620">
    <ele>575.7</ele>
    <time>2026-04-26T18:30:10Z</time>
   </trkpt>
   <trkpt lat="47.2643630" lon="11.3842960">
    <ele>575.7</ele>
    <time>2026-04-26T18:30:11Z</time>
   </trkpt>
   <trkpt lat="47.2643710" lon="11.3843080">
    <ele>575.7</ele>
    <time>2026-04-26T18:30:12Z</time>
   </trkpt>
   <trkpt lat="47.2643800" lon="11.3843190">
    <ele>575.7</ele>
    <time>2026-04-26T18:30:13Z</time>
   </trkpt>
   <trkpt lat="47.2644060" lon="11.3843900">
    <ele>575.6</ele>
    <time>2026-04-26T18:30:14Z</time>
   </trkpt>
   <trkpt lat="47.2644160" lon="11.3844270">
    <ele>575.6</ele>
    <time>2026-04-26T18:30:15Z</time>
   </trkpt>
   <trkpt lat="47.2644260" lon="11.3844400">
    <ele>575.6</ele>
    <time>2026-04-26T18:30:16Z</time>
   </trkpt>
   <trkpt lat="47.2644490" lon="11.3844660">
    <ele>575.6</ele>
    <time>2026-04-26T18:30:17Z</time>
   </trkpt>
   <trkpt lat="47.2644750" lon="11.3844960">
    <ele>575.5</ele>
    <time>2026-04-26T18:30:18Z</time>
   </trkpt>
   <trkpt lat="47.2645000" lon="11.3845620">
    <ele>575.5</ele>
    <time>2026-04-26T18:30:19Z</time>
   </trkpt>
   <trkpt lat="47.2645120" lon="11.3845940">
    <ele>575.5</ele>
    <time>2026-04-26T18:30:20Z</time>
   </trkpt>
   <trkpt lat="47.2645290" lon="11.3846370">
    <ele>575.5</ele>
    <time>2026-04-26T18:30:21Z</time>
   </trkpt>
   <trkpt lat="47.2645510" lon="11.3846620">
    <ele>575.5</ele>
    <time>2026-04-26T18:30:22Z</time>
   </trkpt>
   <trkpt lat="47.2645850" lon="11.3847090">
    <ele>575.5</ele>
    <time>2026-04-26T18:30:23Z</time>
   </trkpt>
   <trkpt lat="47.2646010" lon="11.3847280">
    <ele>575.5</ele>
    <time>2026-04-26T18:30:24Z</time>
   </trkpt>
   <trkpt lat="47.2646440" lon="11.3847280">
    <ele>575.5</ele>
    <time>2026-04-26T18:30:25Z</time>
   </trkpt>
   <trkpt lat="47.2646640" lon="11.3847380">
    <ele>575.5</ele>
    <time>2026-04-26T18:30:26Z</time>
   </trkpt>
   <trkpt lat="47.2646880" lon="11.3847810">
    <ele>575.5</ele>
    <time>2026-04-26T18:30:27Z</time>
   </trkpt>
   <trkpt lat="47.2646960" lon="11.3847950">
    <ele>575.5</ele>
    <time>2026-04-26T18:30:28Z</time>
   </trkpt>
   <trkpt lat="47.2647250" lon="11.3848290">
    <ele>575.5</ele>
    <time>2026-04-26T18:30:29Z</time>
   </trkpt>
   <trkpt lat="47.2647360" lon="11.3848380">
    <ele>575.5</ele>
    <time>2026-04-26T18:30:30Z</time>
   </trkpt>
   <trkpt lat="47.2647620" lon="11.3848720">
    <ele>575.5</ele>
    <time>2026-04-26T18:30:31Z</time>
   </trkpt>
   <trkpt lat="47.2647720" lon="11.3848880">
    <ele>575.5</ele>
    <time>2026-04-26T18:30:32Z</time>
   </trkpt>
   <trkpt lat="47.2647950" lon="11.3849180">
    <ele>575.5</ele>
    <time>2026-04-26T18:30:33Z</time>
   </trkpt>
   <trkpt lat="47.2648010" lon="11.3849620">
    <ele>575.4</ele>
    <time>2026-04-26T18:30:34Z</time>
   </trkpt>
   <trkpt lat="47.2648170" lon="11.3849960">
    <ele>575.4</ele>
    <time>2026-04-26T18:30:35Z</time>
   </trkpt>
   <trkpt lat="47.2648620" lon="11.3850070">
    <ele>575.4</ele>
    <time>2026-04-26T18:30:36Z</time>
   </trkpt>
   <trkpt lat="47.2648860" lon="11.3850270">
    <ele>575.3</ele>
    <time>2026-04-26T18:30:37Z</time>
   </trkpt>
   <trkpt lat="47.2648960" lon="11.3850490">
    <ele>575.3</ele>
    <time>2026-04-26T18:30:38Z</time>
   </trkpt>
   <trkpt lat="47.2649100" lon="11.3850530">
    <ele>575.3</ele>
    <time>2026-04-26T18:30:39Z</time>
   </trkpt>
   <trkpt lat="47.2649380" lon="11.3850800">
    <ele>575.3</ele>
    <time>2026-04-26T18:30:40Z</time>
   </trkpt>
   <trkpt lat="47.2649480" lon="11.3850910">
    <ele>575.3</ele>
    <time>2026-04-26T18:30:41Z</time>
   </trkpt>
   <trkpt lat="47.2649750" lon="11.3851170">
    <ele>575.3</ele>
    <time>2026-04-26T18:30:42Z</time>
   </trkpt>
   <trkpt lat="47.2650060" lon="11.3851460">
    <ele>575.3</ele>
    <time>2026-04-26T18:30:43Z</time>
   </trkpt>
   <trkpt lat="47.2650170" lon="11.3851540">
    <ele>575.3</ele>
    <time>2026-04-26T18:30:44Z</time>
   </trkpt>
   <trkpt lat="47.2650260" lon="11.3851940">
    <ele>575.3</ele>
    <time>2026-04-26T18:30:45Z</time>
   </trkpt>
   <trkpt lat="47.2650610" lon="11.3852250">
    <ele>575.4</ele>
    <time>2026-04-26T18:30:46Z</time>
   </trkpt>
   <trkpt lat="47.2650740" lon="11.3852360">
    <ele>575.4</ele>
    <time>2026-04-26T18:30:47Z</time>
   </trkpt>
   <trkpt lat="47.2650720" lon="11.3852780">
    <ele>575.4</ele>
    <time>2026-04-26T18:30:48Z</time>
   </trkpt>
   <trkpt lat="47.2650730" lon="11.3853440">
    <ele>575.5</ele>
    <time>2026-04-26T18:30:49Z</time>
   </trkpt>
   <trkpt lat="47.2650860" lon="11.3853950">
    <ele>575.6</ele>
    <time>2026-04-26T18:30:50Z</time>
   </trkpt>
   <trkpt lat="47.2650830" lon="11.3854350">
    <ele>575.7</ele>
    <time>2026-04-26T18:30:51Z</time>
   </trkpt>
   <trkpt lat="47.2651090" lon="11.3854630">
    <ele>575.8</ele>
    <time>2026-04-26T18:30:52Z</time>
   </trkpt>
   <trkpt lat="47.2651190" lon="11.3854740">
    <ele>575.8</ele>
    <time>2026-04-26T18:30:53Z</time>
   </trkpt>
   <trkpt lat="47.2651440" lon="11.3855030">
    <ele>575.9</ele>
    <time>2026-04-26T18:30:54Z</time>
   </trkpt>
   <trkpt lat="47.2651550" lon="11.3855130">
    <ele>575.9</ele>
    <time>2026-04-26T18:30:55Z</time>
   </trkpt>
   <trkpt lat="47.2651810" lon="11.3855380">
    <ele>576.0</ele>
    <time>2026-04-26T18:30:56Z</time>
   </trkpt>
   <trkpt lat="47.2652080" lon="11.3855690">
    <ele>576.1</ele>
    <time>2026-04-26T18:30:57Z</time>
   </trkpt>
   <trkpt lat="47.2652180" lon="11.3855770">
    <ele>576.1</ele>
    <time>2026-04-26T18:30:58Z</time>
   </trkpt>
   <trkpt lat="47.2652350" lon="11.3855880">
    <ele>576.2</ele>
    <time>2026-04-26T18:30:59Z</time>
   </trkpt>
   <trkpt lat="47.2652430" lon="11.3856150">
    <ele>576.2</ele>
    <time>2026-04-26T18:31:00Z</time>
   </trkpt>
   <trkpt lat="47.2652670" lon="11.3856540">
    <ele>576.2</ele>
    <time>2026-04-26T18:31:01Z</time>
   </trkpt>
   <trkpt lat="47.2652730" lon="11.3856630">
    <ele>576.2</ele>
    <time>2026-04-26T18:31:02Z</time>
   </trkpt>
   <trkpt lat="47.2652930" lon="11.3856800">
    <ele>576.2</ele>
    <time>2026-04-26T18:31:03Z</time>
   </trkpt>
   <trkpt lat="47.2652960" lon="11.3857020">
    <ele>576.2</ele>
    <time>2026-04-26T18:31:04Z</time>
   </trkpt>
   <trkpt lat="47.2653290" lon="11.3857370">
    <ele>576.2</ele>
    <time>2026-04-26T18:31:05Z</time>
   </trkpt>
   <trkpt lat="47.2653430" lon="11.3857490">
    <ele>576.2</ele>
    <time>2026-04-26T18:31:06Z</time>
   </trkpt>
   <trkpt lat="47.2653820" lon="11.3857400">
    <ele>576.1</ele>
    <time>2026-04-26T18:31:07Z</time>
   </trkpt>
   <trkpt lat="47.2653800" lon="11.3857850">
    <ele>576.1</ele>
    <time>2026-04-26T18:31:08Z</time>
   </trkpt>
   <trkpt lat="47.2653890" lon="11.3857700">
    <ele>576.1</ele>
    <time>2026-04-26T18:31:09Z</time>
   </trkpt>
   <trkpt lat="47.2654050" lon="11.3857670">
    <ele>576.0</ele>
    <time>2026-04-26T18:31:10Z</time>
   </trkpt>
   <trkpt lat="47.2654410" lon="11.3857640">
    <ele>576.0</ele>
    <time>2026-04-26T18:31:11Z</time>
   </trkpt>
   <trkpt lat="47.2654580" lon="11.3857580">
    <ele>576.0</ele>
    <time>2026-04-26T18:31:12Z</time>
   </trkpt>
   <trkpt lat="47.2654910" lon="11.3857730">
    <ele>576.0</ele>
    <time>2026-04-26T18:31:13Z</time>
   </trkpt>
   <trkpt lat="47.2655180" lon="11.3858050">
    <ele>575.9</ele>
    <time>2026-04-26T18:31:14Z</time>
   </trkpt>
   <trkpt lat="47.2655270" lon="11.3858390">
    <ele>575.9</ele>
    <time>2026-04-26T18:31:15Z</time>
   </trkpt>
   <trkpt lat="47.2655350" lon="11.3858530">
    <ele>575.9</ele>
    <time>2026-04-26T18:31:16Z</time>
   </trkpt>
   <trkpt lat="47.2655590" lon="11.3858930">
    <ele>575.9</ele>
    <time>2026-04-26T18:31:17Z</time>
   </trkpt>
   <trkpt lat="47.2655630" lon="11.3859080">
    <ele>575.9</ele>
    <time>2026-04-26T18:31:18Z</time>
   </trkpt>
   <trkpt lat="47.2655920" lon="11.3859430">
    <ele>575.9</ele>
    <time>2026-04-26T18:31:19Z</time>
   </trkpt>
   <trkpt lat="47.2656000" lon="11.3859660">
    <ele>575.9</ele>
    <time>2026-04-26T18:31:20Z</time>
   </trkpt>
   <trkpt lat="47.2656240" lon="11.3860070">
    <ele>575.8</ele>
    <time>2026-04-26T18:31:21Z</time>
   </trkpt>
   <trkpt lat="47.2656530" lon="11.3860490">
    <ele>575.8</ele>
    <time>2026-04-26T18:31:22Z</time>
   </trkpt>
   <trkpt lat="47.2656620" lon="11.3860690">
    <ele>575.8</ele>
    <time>2026-04-26T18:31:23Z</time>
   </trkpt>
   <trkpt lat="47.2656820" lon="11.3861050">
    <ele>575.7</ele>
    <time>2026-04-26T18:31:24Z</time>
   </trkpt>
   <trkpt lat="47.2657120" lon="11.3861280">
    <ele>575.7</ele>
    <time>2026-04-26T18:31:25Z</time>
   </trkpt>
   <trkpt lat="47.2657310" lon="11.3861760">
    <ele>575.7</ele>
    <time>2026-04-26T18:31:26Z</time>
   </trkpt>
   <trkpt lat="47.2657370" lon="11.3861970">
    <ele>575.7</ele>
    <time>2026-04-26T18:31:27Z</time>
   </trkpt>
   <trkpt lat="47.2657560" lon="11.3862380">
    <ele>575.6</ele>
    <time>2026-04-26T18:31:28Z</time>
   </trkpt>
   <trkpt lat="47.2657610" lon="11.3862520">
    <ele>575.6</ele>
    <time>2026-04-26T18:31:29Z</time>
   </trkpt>
   <trkpt lat="47.2657730" lon="11.3862970">
    <ele>575.6</ele>
    <time>2026-04-26T18:31:30Z</time>
   </trkpt>
   <trkpt lat="47.2657770" lon="11.3863490">
    <ele>575.6</ele>
    <time>2026-04-26T18:31:31Z</time>
   </trkpt>
   <trkpt lat="47.2658100" lon="11.3863830">
    <ele>575.5</ele>
    <time>2026-04-26T18:31:32Z</time>
   </trkpt>
   <trkpt lat="47.2658200" lon="11.3863970">
    <ele>575.5</ele>
    <time>2026-04-26T18:31:33Z</time>
   </trkpt>
   <trkpt lat="47.2658340" lon="11.3864240">
    <ele>575.5</ele>
    <time>2026-04-26T18:31:34Z</time>
   </trkpt>
   <trkpt lat="47.2658380" lon="11.3864290">
    <ele>575.5</ele>
    <time>2026-04-26T18:31:35Z</time>
   </trkpt>
   <trkpt lat="47.2658390" lon="11.3864800">
    <ele>575.5</ele>
    <time>2026-04-26T18:31:36Z</time>
   </trkpt>
   <trkpt lat="47.2658480" lon="11.3865000">
    <ele>575.5</ele>
    <time>2026-04-26T18:31:37Z</time>
   </trkpt>
   <trkpt lat="47.2658660" lon="11.3865420">
    <ele>575.5</ele>
    <time>2026-04-26T18:31:38Z</time>
   </trkpt>
   <trkpt lat="47.2658840" lon="11.3865820">
    <ele>575.4</ele>
    <time>2026-04-26T18:31:39Z</time>
   </trkpt>
   <trkpt lat="47.2659080" lon="11.3866240">
    <ele>575.4</ele>
    <time>2026-04-26T18:31:40Z</time>
   </trkpt>
   <trkpt lat="47.2659130" lon="11.3866370">
    <ele>575.4</ele>
    <time>2026-04-26T18:31:41Z</time>
   </trkpt>
   <trkpt lat="47.2659380" lon="11.3866780">
    <ele>575.4</ele>
    <time>2026-04-26T18:31:42Z</time>
   </trkpt>
   <trkpt lat="47.2659440" lon="11.3867000">
    <ele>575.4</ele>
    <time>2026-04-26T18:31:43Z</time>
   </trkpt>
   <trkpt lat="47.2659610" lon="11.3867330">
    <ele>575.4</ele>
    <time>2026-04-26T18:31:44Z</time>
   </trkpt>
   <trkpt lat="47.2659860" lon="11.3867680">
    <ele>575.4</ele>
    <time>2026-04-26T18:31:45Z</time>
   </trkpt>
   <trkpt lat="47.2659900" lon="11.3867830">
    <ele>575.4</ele>
    <time>2026-04-26T18:31:46Z</time>
   </trkpt>
   <trkpt lat="47.2660090" lon="11.3868280">
    <ele>575.3</ele>
    <time>2026-04-26T18:31:47Z</time>
   </trkpt>
   <trkpt lat="47.2660330" lon="11.3868560">
    <ele>575.3</ele>
    <time>2026-04-26T18:31:48Z</time>
   </trkpt>
   <trkpt lat="47.2660470" lon="11.3868900">
    <ele>575.3</ele>
    <time>2026-04-26T18:31:49Z</time>
   </trkpt>
   <trkpt lat="47.2660860" lon="11.3869070">
    <ele>575.2</ele>
    <time>2026-04-26T18:31:50Z</time>
   </trkpt>
   <trkpt lat="47.2661000" lon="11.3869040">
    <ele>575.2</ele>
    <time>2026-04-26T18:31:51Z</time>
   </trkpt>
   <trkpt lat="47.2661220" lon="11.3869290">
    <ele>575.2</ele>
    <time>2026-04-26T18:31:52Z</time>
   </trkpt>
   <trkpt lat="47.2661150" lon="11.3869750">
    <ele>575.1</ele>
    <time>2026-04-26T18:31:53Z</time>
   </trkpt>
   <trkpt lat="47.2661210" lon="11.3870190">
    <ele>575.1</ele>
    <time>2026-04-26T18:31:54Z</time>
   </trkpt>
   <trkpt lat="47.2661300" lon="11.3870310">
    <ele>575.1</ele>
    <time>2026-04-26T18:31:55Z</time>
   </trkpt>
   <trkpt lat="47.2661420" lon="11.3870610">
    <ele>575.1</ele>
    <time>2026-04-26T18:31:56Z</time>
   </trkpt>
   <trkpt lat="47.2661600" lon="11.3870940">
    <ele>575.1</ele>
    <time>2026-04-26T18:31:57Z</time>
   </trkpt>
   <trkpt lat="47.2661870" lon="11.3871230">
    <ele>575.1</ele>
    <time>2026-04-26T18:31:58Z</time>
   </trkpt>
   <trkpt lat="47.2662090" lon="11.3871490">
    <ele>575.1</ele>
    <time>2026-04-26T18:31:59Z</time>
   </trkpt>
   <trkpt lat="47.2662150" lon="11.3871690">
    <ele>575.1</ele>
    <time>2026-04-26T18:32:00Z</time>
   </trkpt>
   <trkpt lat="47.2662360" lon="11.3872140">
    <ele>575.1</ele>
    <time>2026-04-26T18:32:01Z</time>
   </trkpt>
   <trkpt lat="47.2662450" lon="11.3872330">
    <ele>575.1</ele>
    <time>2026-04-26T18:32:02Z</time>
   </trkpt>
   <trkpt lat="47.2662690" lon="11.3872640">
    <ele>575.1</ele>
    <time>2026-04-26T18:32:03Z</time>
   </trkpt>
   <trkpt lat="47.2662980" lon="11.3873050">
    <ele>575.1</ele>
    <time>2026-04-26T18:32:04Z</time>
   </trkpt>
   <trkpt lat="47.2663060" lon="11.3873230">
    <ele>575.1</ele>
    <time>2026-04-26T18:32:05Z</time>
   </trkpt>
   <trkpt lat="47.2663270" lon="11.3873610">
    <ele>575.0</ele>
    <time>2026-04-26T18:32:06Z</time>
   </trkpt>
   <trkpt lat="47.2663570" lon="11.3873970">
    <ele>575.0</ele>
    <time>2026-04-26T18:32:07Z</time>
   </trkpt>
   <trkpt lat="47.2663650" lon="11.3874400">
    <ele>575.0</ele>
    <time>2026-04-26T18:32:08Z</time>
   </trkpt>
   <trkpt lat="47.2663620" lon="11.3874550">
    <ele>575.0</ele>
    <time>2026-04-26T18:32:09Z</time>
   </trkpt>
   <trkpt lat="47.2663790" lon="11.3874920">
    <ele>575.0</ele>
    <time>2026-04-26T18:32:10Z</time>
   </trkpt>
   <trkpt lat="47.2664040" lon="11.3875290">
    <ele>575.0</ele>
    <time>2026-04-26T18:32:11Z</time>
   </trkpt>
   <trkpt lat="47.2664100" lon="11.3875400">
    <ele>575.0</ele>
    <time>2026-04-26T18:32:12Z</time>
   </trkpt>
   <trkpt lat="47.2664300" lon="11.3875830">
    <ele>575.0</ele>
    <time>2026-04-26T18:32:13Z</time>
   </trkpt>
   <trkpt lat="47.2664340" lon="11.3876000">
    <ele>575.0</ele>
    <time>2026-04-26T18:32:14Z</time>
   </trkpt>
   <trkpt lat="47.2664650" lon="11.3876270">
    <ele>575.0</ele>
    <time>2026-04-26T18:32:15Z</time>
   </trkpt>
   <trkpt lat="47.2664730" lon="11.3876470">
    <ele>575.0</ele>
    <time>2026-04-26T18:32:16Z</time>
   </trkpt>
   <trkpt lat="47.2664900" lon="11.3876770">
    <ele>575.0</ele>
    <time>2026-04-26T18:32:17Z</time>
   </trkpt>
   <trkpt lat="47.2665180" lon="11.3876970">
    <ele>575.0</ele>
    <time>2026-04-26T18:32:18Z</time>
   </trkpt>
   <trkpt lat="47.2665240" lon="11.3877100">
    <ele>575.0</ele>
    <time>2026-04-26T18:32:19Z</time>
   </trkpt>
   <trkpt lat="47.2665360" lon="11.3877580">
    <ele>575.0</ele>
    <time>2026-04-26T18:32:20Z</time>
   </trkpt>
   <trkpt lat="47.2665390" lon="11.3877780">
    <ele>575.0</ele>
    <time>2026-04-26T18:32:21Z</time>
   </trkpt>
   <trkpt lat="47.2665650" lon="11.3878140">
    <ele>574.9</ele>
    <time>2026-04-26T18:32:22Z</time>
   </trkpt>
   <trkpt lat="47.2665730" lon="11.3878290">
    <ele>574.9</ele>
    <time>2026-04-26T18:32:23Z</time>
   </trkpt>
   <trkpt lat="47.2665930" lon="11.3878780">
    <ele>574.9</ele>
    <time>2026-04-26T18:32:24Z</time>
   </trkpt>
   <trkpt lat="47.2666000" lon="11.3879060">
    <ele>574.9</ele>
    <time>2026-04-26T18:32:25Z</time>
   </trkpt>
   <trkpt lat="47.2666260" lon="11.3879380">
    <ele>574.9</ele>
    <time>2026-04-26T18:32:26Z</time>
   </trkpt>
   <trkpt lat="47.2666320" lon="11.3879550">
    <ele>574.9</ele>
    <time>2026-04-26T18:32:27Z</time>
   </trkpt>
   <trkpt lat="47.2666500" lon="11.3879970">
    <ele>574.9</ele>
    <time>2026-04-26T18:32:28Z</time>
   </trkpt>
   <trkpt lat="47.2666610" lon="11.3880140">
    <ele>574.9</ele>
    <time>2026-04-26T18:32:29Z</time>
   </trkpt>
   <trkpt lat="47.2666860" lon="11.3880390">
    <ele>574.9</ele>
    <time>2026-04-26T18:32:30Z</time>
   </trkpt>
   <trkpt lat="47.2667050" lon="11.3880840">
    <ele>574.9</ele>
    <time>2026-04-26T18:32:31Z</time>
   </trkpt>
   <trkpt lat="47.2667150" lon="11.3881130">
    <ele>574.9</ele>
    <time>2026-04-26T18:32:32Z</time>
   </trkpt>
   <trkpt lat="47.2667430" lon="11.3881450">
    <ele>574.9</ele>
    <time>2026-04-26T18:32:33Z</time>
   </trkpt>
   <trkpt lat="47.2667490" lon="11.3881530">
    <ele>574.9</ele>
    <time>2026-04-26T18:32:34Z</time>
   </trkpt>
   <trkpt lat="47.2667660" lon="11.3881850">
    <ele>574.9</ele>
    <time>2026-04-26T18:32:35Z</time>
   </trkpt>
   <trkpt lat="47.2667700" lon="11.3881980">
    <ele>574.9</ele>
    <time>2026-04-26T18:32:36Z</time>
   </trkpt>
   <trkpt lat="47.2667850" lon="11.3882500">
    <ele>574.9</ele>
    <time>2026-04-26T18:32:37Z</time>
   </trkpt>
   <trkpt lat="47.2667890" lon="11.3882730">
    <ele>574.9</ele>
    <time>2026-04-26T18:32:38Z</time>
   </trkpt>
   <trkpt lat="47.2668040" lon="11.3883080">
    <ele>574.9</ele>
    <time>2026-04-26T18:32:39Z</time>
   </trkpt>
   <trkpt lat="47.2668030" lon="11.3883240">
    <ele>574.9</ele>
    <time>2026-04-26T18:32:40Z</time>
   </trkpt>
   <trkpt lat="47.2668190" lon="11.3883680">
    <ele>574.9</ele>
    <time>2026-04-26T18:32:41Z</time>
   </trkpt>
   <trkpt lat="47.2668400" lon="11.3884050">
    <ele>574.9</ele>
    <time>2026-04-26T18:32:42Z</time>
   </trkpt>
   <trkpt lat="47.2668640" lon="11.3884350">
    <ele>574.8</ele>
    <time>2026-04-26T18:32:43Z</time>
   </trkpt>
   <trkpt lat="47.2668730" lon="11.3884430">
    <ele>574.8</ele>
    <time>2026-04-26T18:32:44Z</time>
   </trkpt>
   <trkpt lat="47.2668900" lon="11.3884790">
    <ele>574.8</ele>
    <time>2026-04-26T18:32:45Z</time>
   </trkpt>
   <trkpt lat="47.2669220" lon="11.3884990">
    <ele>574.8</ele>
    <time>2026-04-26T18:32:46Z</time>
   </trkpt>
   <trkpt lat="47.2669430" lon="11.3885570">
    <ele>574.8</ele>
    <time>2026-04-26T18:32:47Z</time>
   </trkpt>
   <trkpt lat="47.2669530" lon="11.3885800">
    <ele>574.8</ele>
    <time>2026-04-26T18:32:48Z</time>
   </trkpt>
   <trkpt lat="47.2669680" lon="11.3886200">
    <ele>574.8</ele>
    <time>2026-04-26T18:32:49Z</time>
   </trkpt>
   <trkpt lat="47.2669740" lon="11.3886330">
    <ele>574.8</ele>
    <time>2026-04-26T18:32:50Z</time>
   </trkpt>
   <trkpt lat="47.2669960" lon="11.3886680">
    <ele>574.8</ele>
    <time>2026-04-26T18:32:51Z</time>
   </trkpt>
   <trkpt lat="47.2670250" lon="11.3887150">
    <ele>574.8</ele>
    <time>2026-04-26T18:32:52Z</time>
   </trkpt>
   <trkpt lat="47.2670380" lon="11.3887330">
    <ele>574.8</ele>
    <time>2026-04-26T18:32:53Z</time>
   </trkpt>
   <trkpt lat="47.2670590" lon="11.3887650">
    <ele>574.8</ele>
    <time>2026-04-26T18:32:54Z</time>
   </trkpt>
   <trkpt lat="47.2670740" lon="11.3888040">
    <ele>574.8</ele>
    <time>2026-04-26T18:32:55Z</time>
   </trkpt>
   <trkpt lat="47.2671000" lon="11.3888490">
    <ele>574.9</ele>
    <time>2026-04-26T18:32:56Z</time>
   </trkpt>
   <trkpt lat="47.2671100" lon="11.3888700">
    <ele>574.9</ele>
    <time>2026-04-26T18:32:57Z</time>
   </trkpt>
   <trkpt lat="47.2671230" lon="11.3889090">
    <ele>574.9</ele>
    <time>2026-04-26T18:32:58Z</time>
   </trkpt>
   <trkpt lat="47.2671240" lon="11.3889220">
    <ele>574.9</ele>
    <time>2026-04-26T18:32:59Z</time>
   </trkpt>
   <trkpt lat="47.2671400" lon="11.3889550">
    <ele>574.9</ele>
    <time>2026-04-26T18:33:00Z</time>
   </trkpt>
   <trkpt lat="47.2671670" lon="11.3889840">
    <ele>574.9</ele>
    <time>2026-04-26T18:33:01Z</time>
   </trkpt>
   <trkpt lat="47.2671760" lon="11.3890230">
    <ele>574.9</ele>
    <time>2026-04-26T18:33:02Z</time>
   </trkpt>
   <trkpt lat="47.2671840" lon="11.3890380">
    <ele>574.9</ele>
    <time>2026-04-26T18:33:03Z</time>
   </trkpt>
   <trkpt lat="47.2672040" lon="11.3890680">
    <ele>574.9</ele>
    <time>2026-04-26T18:33:04Z</time>
   </trkpt>
   <trkpt lat="47.2672220" lon="11.3891080">
    <ele>574.9</ele>
    <time>2026-04-26T18:33:05Z</time>
   </trkpt>
   <trkpt lat="47.2672280" lon="11.3891230">
    <ele>574.9</ele>
    <time>2026-04-26T18:33:06Z</time>
   </trkpt>
   <trkpt lat="47.2672380" lon="11.3891730">
    <ele>574.9</ele>
    <time>2026-04-26T18:33:07Z</time>
   </trkpt>
   <trkpt lat="47.2672480" lon="11.3891890">
    <ele>574.9</ele>
    <time>2026-04-26T18:33:08Z</time>
   </trkpt>
   <trkpt lat="47.2672740" lon="11.3892240">
    <ele>574.9</ele>
    <time>2026-04-26T18:33:09Z</time>
   </trkpt>
   <trkpt lat="47.2673050" lon="11.3892570">
    <ele>574.9</ele>
    <time>2026-04-26T18:33:10Z</time>
   </trkpt>
   <trkpt lat="47.2673120" lon="11.3893000">
    <ele>574.9</ele>
    <time>2026-04-26T18:33:11Z</time>
   </trkpt>
   <trkpt lat="47.2673220" lon="11.3893210">
    <ele>574.9</ele>
    <time>2026-04-26T18:33:12Z</time>
   </trkpt>
   <trkpt lat="47.2673310" lon="11.3893670">
    <ele>574.9</ele>
    <time>2026-04-26T18:33:13Z</time>
   </trkpt>
   <trkpt lat="47.2673370" lon="11.3893790">
    <ele>574.9</ele>
    <time>2026-04-26T18:33:14Z</time>
   </trkpt>
   <trkpt lat="47.2673600" lon="11.3894250">
    <ele>574.9</ele>
    <time>2026-04-26T18:33:15Z</time>
   </trkpt>
   <trkpt lat="47.2673690" lon="11.3894400">
    <ele>574.9</ele>
    <time>2026-04-26T18:33:16Z</time>
   </trkpt>
   <trkpt lat="47.2673810" lon="11.3894530">
    <ele>574.9</ele>
    <time>2026-04-26T18:33:17Z</time>
   </trkpt>
   <trkpt lat="47.2674020" lon="11.3894800">
    <ele>574.9</ele>
    <time>2026-04-26T18:33:19Z</time>
   </trkpt>
   <trkpt lat="47.2674190" lon="11.3895150">
    <ele>574.9</ele>
    <time>2026-04-26T18:33:20Z</time>
   </trkpt>
   <trkpt lat="47.2674330" lon="11.3895700">
    <ele>574.9</ele>
    <time>2026-04-26T18:33:21Z</time>
   </trkpt>
   <trkpt lat="47.2674450" lon="11.3895940">
    <ele>574.9</ele>
    <time>2026-04-26T18:33:22Z</time>
   </trkpt>
   <trkpt lat="47.2674600" lon="11.3896340">
    <ele>574.9</ele>
    <time>2026-04-26T18:33:23Z</time>
   </trkpt>
   <trkpt lat="47.2674880" lon="11.3896600">
    <ele>574.9</ele>
    <time>2026-04-26T18:33:24Z</time>
   </trkpt>
   <trkpt lat="47.2674930" lon="11.3896700">
    <ele>574.9</ele>
    <time>2026-04-26T18:33:25Z</time>
   </trkpt>
   <trkpt lat="47.2675020" lon="11.3896820">
    <ele>574.9</ele>
    <time>2026-04-26T18:33:26Z</time>
   </trkpt>
   <trkpt lat="47.2675130" lon="11.3897000">
    <ele>574.9</ele>
    <time>2026-04-26T18:33:27Z</time>
   </trkpt>
   <trkpt lat="47.2675160" lon="11.3897420">
    <ele>574.9</ele>
    <time>2026-04-26T18:33:28Z</time>
   </trkpt>
   <trkpt lat="47.2675390" lon="11.3897790">
    <ele>574.9</ele>
    <time>2026-04-26T18:33:29Z</time>
   </trkpt>
   <trkpt lat="47.2675510" lon="11.3898260">
    <ele>574.9</ele>
    <time>2026-04-26T18:33:30Z</time>
   </trkpt>
   <trkpt lat="47.2675720" lon="11.3898480">
    <ele>574.9</ele>
    <time>2026-04-26T18:33:31Z</time>
   </trkpt>
   <trkpt lat="47.2676000" lon="11.3898750">
    <ele>574.9</ele>
    <time>2026-04-26T18:33:32Z</time>
   </trkpt>
   <trkpt lat="47.2676060" lon="11.3898840">
    <ele>574.9</ele>
    <time>2026-04-26T18:33:33Z</time>
   </trkpt>
  </trkseg>
 </trk>
</gpx>
